design_id,B_Ramp_Angle,B_Diffusor_Angle,B_Trunklid_Angle,C_Side_Mirrors_Rotation,D_Rear_Window_Inclination,D_Winscreen_Inclination,C_Side_Mirrors_Translate_X,C_Side_Mirrors_Translate_Z,D_Winscreen_Length,D_Rear_Window_Length,E_A_B_C_Pillar_Thickness,G_Trunklid_Curvature,G_Trunklid_Length,H_Front_Bumper_Curvature,H_Front_Bumper_Length,F_Door_Handles_Thickness,F_Door_Handles_Z_Position,E_Fenders_Arch_Offset,A_Car_Length,F_Door_Handles_X_Position,A_Car_Width,A_Car_Roof_Height,A_Car_Green_House_Angle,fam_F_S,fam_N_S,cd
E_S_WWC_WM_005,12.9715,10.6198,-6.48716,6.18597,2.25,-0.01,9.68012,5.09923,-12.3244,63.8911,-14.6804,-0.1,11.6543,-0.1,40.39,12.1007,10.4434,39.8728,81.2466,8.66135,130.822,-36.2487,88.6815,0.0,0.0,0.2962596001096345
E_S_WWC_WM_006,9.34228,-3.16809,3.62362,-0.40938,-0.32,-1.08,18.4869,-4.89229,-21.1429,-51.4419,4.65238,0.4,9.2175,0.5,21.1696,-11.0906,-6.39725,7.58401,-37.6371,-45.9744,127.369,70.7942,-17.8464,0.0,0.0,0.2234880593023255
E_S_WWC_WM_007,-0.324772,5.57163,10.0661,19.1134,-1.11,1.97,8.57573,4.18703,11.4337,128.574,-3.17983,0.0,-18.0778,0.1,36.0917,22.9391,-4.14031,23.1288,125.336,5.53025,128.399,-56.5256,-23.5455,0.0,0.0,0.2778243377475083
E_S_WWC_WM_008,11.2471,-7.30354,18.5968,1.43838,-1.25,0.54,-3.48386,2.24477,7.1409,31.4745,-7.33866,0.6,-8.49659,0.7,6.74988,9.57108,-4.24254,-16.4713,25.4095,-40.3024,107.968,-52.5836,57.4909,0.0,0.0,0.2389313833953488
E_S_WWC_WM_009,-1.63974,-7.91724,16.4215,-13.942,0.29,1.26,-7.90374,5.13453,24.627,-28.3226,-3.71092,-0.2,17.2261,0.0,-7.32919,18.7647,-12.1105,43.2354,42.3561,-43.6618,89.0359,26.8087,117.017,0.0,0.0,0.258389442475083
E_S_WWC_WM_010,7.5353,-4.33703,8.61681,-19.4537,-0.44,-0.39,-9.27498,8.43238,27.9209,17.598,-14.9975,-0.2,3.34073,-0.2,31.5132,1.31296,-17.6415,27.7268,24.6156,37.1007,18.3839,69.6224,2.59549,0.0,0.0,0.2711289901096345
E_S_WWC_WM_011,1.45564,1.22362,12.0954,7.09802,-0.7,2.3,0.596081,-0.450606,-33.1165,29.2328,1.26841,-0.2,12.2478,0.0,-0.695343,24.2013,-22.1975,38.4497,-38.8848,-47.553,-45.1738,11.9651,-175.733,0.0,0.0,0.2737035066943521
E_S_WWC_WM_012,7.94051,-5.21013,3.19505,-4.76296,-1.1,-0.29,3.72183,-4.85159,26.9704,109.582,0.993291,0.7,-10.5897,0.9,26.1141,-2.12336,-21.7019,0.783284,4.89163,-36.421,-1.21948,43.4288,-198.922,0.0,0.0,0.2430741285415282
E_S_WWC_WM_013,0.352927,4.68227,19.1044,-16.4886,-1.64,0.23,-8.74561,2.76618,-2.75982,-76.9116,-14.4971,0.2,2.74215,0.8,46.7225,1.81866,0.981035,24.6691,72.3818,-7.29189,137.84,-9.11047,-37.9416,0.0,0.0,0.2693035567009967
E_S_WWC_WM_014,6.103,-6.27523,13.1765,0.899354,2.19,-0.72,-6.95945,7.79617,-44.7464,-65.8647,-11.4571,-0.2,15.3916,0.3,33.7089,-1.57356,5.29959,24.7258,-32.4726,8.87441,129.119,-38.9676,-70.2568,0.0,0.0,0.2576205281096345
E_S_WWC_WM_015,13.725,13.8181,18.0805,-8.53467,-1.39,1.47,18.6772,-2.96069,44.9859,76.8757,-6.19086,0.2,-18.6255,-0.3,11.8111,5.39458,-15.1906,-4.49989,74.1891,21.0976,122.545,36.772,-0.491471,0.0,0.0,0.2767532053156146
E_S_WWC_WM_016,0.223555,13.7781,-5.46415,14.5567,-1.16,0.16,6.27646,-4.20453,-21.1336,51.713,-9.19082,-0.2,-5.64184,-0.2,7.79045,25.3704,24.9272,-8.79346,-8.57969,7.06585,-14.8453,-16.5856,-88.3032,0.0,0.0,0.2915354272657807
E_S_WWC_WM_017,5.2301,0.303838,10.7587,8.29903,-0.92,-1.19,1.34318,-2.29422,-36.9208,-43.1497,4.50102,0.6,23.8279,0.5,16.7638,5.64683,6.37938,-1.60506,116.222,45.9524,147.656,1.03778,-158.546,0.0,0.0,0.2311960185880398
E_S_WWC_WM_018,-3.30674,14.4599,6.37581,-14.8876,0.9,-0.04,-3.08273,-0.640042,-38.1293,-31.1449,-9.76115,0.0,4.56399,-0.3,18.493,22.6033,-29.6222,30.0554,31.3474,-33.4415,-1.58575,-54.8688,-103.728,0.0,0.0,0.2937057613488372
E_S_WWC_WM_019,-7.86397,1.10941,2.33321,2.76096,0.28,0.7,0.409288,-0.474428,17.7035,-83.6888,-2.67495,0.0,9.58987,-0.3,47.4944,-0.567055,-0.660401,26.1387,109.125,0.769931,-55.9908,-29.1427,94.766,0.0,0.0,0.2638325519069767
E_S_WWC_WM_020,5.87987,-1.956,4.31193,-2.00787,0.03,1.31,12.3594,5.71535,-48.9644,55.8636,-2.763,0.7,-24.3493,1.0,24.6246,26.8822,-11.3817,50.6538,-21.3935,37.6009,-2.42089,-18.9778,-153.417,0.0,0.0,0.2713102941760797
E_S_WWC_WM_021,-7.62291,5.48396,-5.63015,-15.2921,-0.01,-0.5,9.84571,3.54719,-31.7686,-21.7386,-1.46429,-0.3,-3.6687,0.3,-12.4483,-1.37854,-1.08802,14.0502,-13.2919,49.411,36.7026,-52.1665,87.1995,0.0,0.0,0.2839462320697674
E_S_WWC_WM_022,-0.0121556,-4.68785,16.284,-18.8349,1.45,-0.53,13.7383,3.64302,25.2465,-82.5548,2.45827,0.5,-6.6515,-0.1,32.3662,-17.7849,-28.4745,0.994433,5.32761,-8.09683,96.1223,-55.1658,-70.6681,0.0,0.0,0.2511054624584717
E_S_WWC_WM_023,-2.25394,3.95079,-2.5473,-15.1478,-0.81,-1.45,-0.376644,8.06763,-14.0135,126.624,-7.482,-0.3,18.8171,1.0,36.6968,-18.8859,-7.88261,-11.2833,-22.3522,7.56822,77.0161,3.44595,24.6809,0.0,0.0,0.2836359096511628
E_S_WWC_WM_024,12.275,3.03627,0.166011,-1.80484,-1.65,-0.94,7.29332,8.50611,10.6522,81.4043,4.53588,-0.4,-18.4,0.6,21.9543,0.336808,14.1323,51.9544,53.6096,-36.2265,-9.03726,53.6408,-117.961,0.0,0.0,0.2730119556644518
E_S_WWC_WM_025,-4.39241,10.7379,15.7931,13.4324,-0.73,1.29,11.4561,-1.05309,7.96589,-4.42535,1.13868,-0.3,-14.9419,0.5,24.7564,-8.51155,-26.1628,51.7605,31.6866,-34.8844,148.312,64.0531,-46.0773,0.0,0.0,0.2824939752059801
E_S_WWC_WM_026,-0.548153,13.3011,6.23093,1.38921,1.28,1.8,19.3819,-1.926,-29.1622,-81.4516,1.98087,0.3,-9.94397,0.6,-4.79101,-1.93688,15.9841,-22.4271,76.799,-18.7457,3.51334,63.7636,-10.4763,0.0,0.0,0.2340060281229235
E_S_WWC_WM_027,-5.09464,4.50221,15.8236,-7.43203,1.43,1.05,7.91727,5.67173,21.7038,129.07,-10.0355,0.1,-7.75284,-0.4,0.147791,25.9192,-0.932244,38.3834,97.8507,-42.1468,45.4243,-14.8737,-174.869,0.0,0.0,0.2917362730398671
E_S_WWC_WM_028,-5.56375,5.34724,13.4826,19.3909,-1.62,-0.17,7.06062,4.91627,-5.71133,-73.1301,-8.20529,-0.2,2.88077,0.3,41.0484,22.2204,28.6893,2.19385,54.47,35.7001,102.422,31.9074,-141.711,0.0,0.0,0.2554975734385382
E_S_WWC_WM_029,12.9335,8.96239,5.49599,17.6739,0.15,2.45,3.92436,2.1444,43.0641,142.531,4.43019,0.2,12.7643,0.4,-14.3892,-6.82119,-13.0547,46.9327,13.244,-19.0137,18.919,15.1001,41.3324,0.0,0.0,0.2867010565913621
E_S_WWC_WM_030,-1.57663,-2.75033,11.7988,10.1903,-1.53,1.81,-2.58923,-3.94171,-41.4857,-86.1915,-1.31163,0.3,-18.4758,0.0,43.6951,-0.32454,0.11858,41.5112,-31.6822,31.8473,33.2896,65.6668,-73.3159,0.0,0.0,0.2510808400830565
E_S_WWC_WM_031,3.81305,-1.79022,8.72984,11.2146,1.77,-1.0,-4.26541,-3.63749,-29.0722,79.7044,1.89421,0.3,-21.1367,-0.1,-13.3246,-8.22371,19.9466,-22.0445,129.134,41.853,55.4154,-10.7594,-24.089,0.0,0.0,0.2508027695880399
E_S_WWC_WM_032,11.1432,6.26811,7.28715,5.32752,0.58,1.68,-1.5856,-1.60328,-38.5537,85.767,-13.5788,0.2,-18.8025,0.7,-12.8077,-7.88592,13.2515,33.7888,26.3825,36.3101,-50.379,-47.325,-69.2458,0.0,0.0,0.2901886910299003
E_S_WWC_WM_033,1.8435,10.6631,-2.94028,16.3777,0.41,1.33,8.10745,4.16714,4.18956,144.769,-7.92863,0.7,6.88863,-0.3,39.8712,11.6582,-19.5982,-1.13637,67.9503,43.2338,85.6384,17.8351,-191.452,0.0,0.0,0.2906880126478405
E_S_WWC_WM_034,1.36342,-7.61369,11.5818,16.8202,-1.15,2.17,15.6385,2.42196,-25.7963,-28.8691,-5.94068,0.4,17.1042,0.1,-7.21598,22.4881,24.3591,-11.6597,116.992,20.3957,-18.7895,-41.9721,33.2938,0.0,0.0,0.2519676293222591
E_S_WWC_WM_035,2.95889,13.4543,19.5827,-0.305176,-0.68,-0.63,-1.52171,7.36683,-24.6629,-11.2609,-4.90479,0.3,-24.0775,0.0,22.2016,-6.99006,-3.55027,17.6741,126.329,43.8277,39.1891,57.9219,121.918,0.0,0.0,0.2753409111893687
E_S_WWC_WM_036,4.04673,-1.2177,-6.75451,-2.77402,0.35,-0.13,-7.45434,0.219354,7.84573,109.751,-4.2957,-0.4,-7.20645,0.4,7.98313,18.2027,-10.41,-2.7223,37.5586,11.6634,94.173,67.1766,143.872,0.0,0.0,0.2762152280930232
E_S_WWC_WM_037,2.6654,10.373,1.41006,16.9873,0.99,-1.44,-9.34656,-3.08404,16.6036,-80.1042,0.421409,0.0,1.58647,0.5,33.4087,-13.8866,-16.3239,10.445,56.3836,-6.3394,116.304,88.1792,-179.803,0.0,0.0,0.265496949654485
E_S_WWC_WM_038,14.3719,3.99311,7.06808,-4.03165,0.01,1.47,-7.18599,0.754837,41.0307,-84.3797,-14.4357,0.2,-15.3478,-0.2,-0.0869685,-16.7486,-13.3455,-17.6351,89.1562,-22.4399,41.0008,63.0411,53.4,0.0,0.0,0.2647685547873754
E_S_WWC_WM_039,2.72894,2.04421,-0.724237,1.3463,-1.22,-0.69,0.903987,2.71796,-26.5129,30.1667,2.94954,0.8,9.36839,0.1,42.3273,29.7907,24.2171,-3.17335,109.759,28.4732,-1.97849,68.9509,92.6275,0.0,0.0,0.2480935349667773
E_S_WWC_WM_040,11.3192,-3.5626,5.08488,-18.6151,-1.77,1.5,-2.86282,3.92401,-8.10225,73.4475,-8.03779,0.5,-1.6228,0.9,28.13,-19.9608,-5.11105,36.2583,114.399,-4.92039,83.4428,39.1905,136.714,0.0,0.0,0.2608057206046512
E_S_WWC_WM_041,3.94595,6.08096,14.1943,3.51466,2.0,-0.89,-9.96959,-0.812788,19.5231,-13.5135,-13.6464,0.2,13.0695,0.1,47.3756,-5.64847,27.2336,23.0463,106.746,22.6932,95.8385,31.1652,118.253,0.0,0.0,0.2800253694019933
E_S_WWC_WM_042,10.5997,-6.76392,11.9785,6.48823,1.95,-1.69,11.8859,7.93556,33.1547,22.9067,1.82854,0.5,0.529597,0.4,-17.1111,23.9532,-6.66621,-6.51723,65.5835,36.9325,34.3398,-1.10282,95.0328,0.0,0.0,0.248011900461794
E_S_WWC_WM_043,0.663193,7.45066,11.4032,2.03442,-1.49,-0.11,-2.50209,4.55267,-35.3988,59.2556,4.97848,0.1,-6.01359,1.0,24.3726,-11.657,10.4637,-15.046,32.8735,3.96813,149.036,73.8565,5.89736,0.0,0.0,0.2578649961594684
E_S_WWC_WM_044,14.9612,7.9281,11.9546,9.06811,1.79,1.03,13.9392,4.29414,-28.5944,9.11563,-10.9403,-0.4,-1.09465,-0.1,34.8682,21.0826,-2.06747,-8.5401,-59.2583,-41.8928,87.9634,72.913,111.681,0.0,0.0,0.2823859182990033
E_S_WWC_WM_045,-1.54275,8.26849,18.2613,-12.4759,-1.19,-0.61,7.41279,-4.74297,-35.9328,10.2517,-12.7692,-0.3,-13.7375,-0.1,31.9796,-6.21809,-27.3962,49.9202,-28.0778,-1.04761,-23.4102,6.48645,-1.24425,0.0,0.0,0.307436829654485
E_S_WWC_WM_046,0.0703992,-1.65459,7.3471,5.6013,0.92,-1.59,-8.94106,7.38831,-38.2635,44.7179,-2.49146,0.8,3.00708,0.8,49.3001,16.154,24.2956,10.1017,-37.1721,-20.753,112.593,19.1285,76.8045,0.0,0.0,0.2498812300598006
E_S_WWC_WM_047,10.586,-3.06863,6.85358,-18.4379,-1.18,-1.54,0.172799,7.72743,-9.71761,-89.8343,-5.13467,0.4,6.1631,0.1,-12.6768,21.9867,18.1287,14.9076,18.866,21.4672,98.16,-17.9835,-151.397,0.0,0.0,0.2447062613654485
E_S_WWC_WM_048,13.1353,-3.17759,-3.62932,-10.8834,-1.4,0.53,-1.05702,0.906423,-8.4606,99.4931,2.9379,0.0,4.65805,0.9,59.0362,20.1422,23.6412,-10.129,-26.6007,1.80785,68.4703,28.1708,-110.053,0.0,0.0,0.2565005138305647
E_S_WWC_WM_049,-6.47263,-2.27331,-4.8019,9.51063,0.02,1.31,-4.53625,2.92604,-11.8498,46.1676,1.74299,0.0,-22.2846,-0.4,9.76643,2.4151,26.1902,-4.40516,103.569,-12.8859,143.377,35.5504,81.3644,0.0,0.0,0.2594336351760797
E_S_WWC_WM_050,13.1866,6.86028,-7.15801,-15.4808,-0.03,0.27,8.00245,-1.61839,-45.7607,-28.51,-12.5634,0.1,-2.53864,0.4,32.711,-1.30711,-10.7582,-24.9415,-9.08559,-27.62,142.257,25.6693,126.022,0.0,0.0,0.263022041807309
E_S_WWC_WM_051,4.01519,-5.17871,9.9764,14.6998,0.75,-1.12,-7.25578,6.66055,14.937,56.5993,-3.55548,-0.4,-14.0758,0.8,23.2965,11.1949,-26.2913,-17.0343,55.5281,28.2908,39.3032,-48.7666,-75.2615,0.0,0.0,0.237771978578073
E_S_WWC_WM_052,-7.3255,13.7218,-0.10001,12.7009,-0.36,-1.73,11.9752,-2.93264,-39.5568,-62.4354,-5.47794,0.2,1.67228,0.4,22.2709,23.3945,-9.44041,36.2512,42.9624,-32.4435,99.9447,33.379,40.6988,0.0,0.0,0.2927586332358804
E_S_WWC_WM_053,-3.64647,12.2774,17.5403,-10.1617,-0.27,1.76,0.0795703,5.46766,-46.3118,-20.174,-10.4429,-0.1,7.02043,1.0,14.9939,0.220742,-9.06121,-0.262679,-25.0496,-45.638,90.2659,23.4909,-123.175,0.0,0.0,0.2685628702657808
E_S_WWC_WM_054,7.23519,5.00815,5.29618,15.6346,2.35,-1.2,9.60067,-1.66975,45.725,130.283,-6.03981,0.5,21.5184,0.8,0.114685,-6.0692,-5.34398,4.68908,46.7184,1.38409,-16.0296,-6.36975,-183.844,0.0,0.0,0.2773807704518272
E_S_WWC_WM_055,12.4013,-0.50122,12.74,-13.594,0.63,-1.79,-2.78322,-4.89761,16.9014,-46.6596,-6.16182,-0.1,18.6064,-0.2,18.3195,-8.04703,-29.8139,30.1461,94.8608,-13.2493,37.9308,13.4241,58.1358,0.0,0.0,0.2508668959269103
E_S_WWC_WM_056,-6.24734,7.41232,12.3098,16.6153,1.87,2.26,-9.07096,6.85233,1.71822,37.4139,-13.1425,0.0,17.5322,0.0,12.3103,10.3053,18.2868,9.87419,-46.2112,-21.0715,86.0909,-10.1085,99.8328,0.0,0.0,0.2871836939568106
E_S_WWC_WM_057,-6.59056,4.15602,19.7971,7.56929,1.23,-1.27,2.69672,1.44711,46.2466,-35.3888,-9.27697,0.0,-11.2729,0.3,42.0806,-13.5381,-22.835,0.364613,-8.95169,14.6786,47.1837,9.03106,31.1657,0.0,0.0,0.26449682720598
E_S_WWC_WM_058,-6.11757,6.30253,17.3038,-0.378287,0.7,-1.36,18.1307,4.59013,-10.1092,-94.2002,0.642532,0.4,13.7363,0.0,6.3967,-12.4803,1.98219,50.8957,59.1773,-24.3542,149.105,25.7586,62.9305,0.0,0.0,0.2751272268803987
E_S_WWC_WM_059,-0.357469,14.6727,5.76662,-3.63019,-0.81,-0.01,9.15566,4.4852,-43.0258,76.493,2.64218,0.2,-5.88143,0.0,-15.3336,7.1754,19.3879,31.6547,44.44,-47.0876,82.6484,-41.0648,115.332,0.0,0.0,0.2967765699401993
E_S_WWC_WM_060,-6.56367,2.10049,5.86238,15.3968,-0.98,-0.45,14.6135,-1.01507,16.5428,-12.7665,-8.88751,0.6,21.9739,0.2,53.4411,0.465897,25.9499,30.68,101.178,-44.4566,10.3986,60.6053,-81.1225,0.0,0.0,0.2589470263920266
E_S_WWC_WM_061,-2.52446,6.54768,-6.79629,-8.21326,0.72,2.29,7.12814,5.32154,-5.2707,43.7109,-0.158323,0.7,-20.8346,0.9,-5.0717,7.33804,26.2357,38.2728,94.062,-14.486,41.3639,-13.7097,-131.571,0.0,0.0,0.2959573201495017
E_S_WWC_WM_062,14.8888,4.22421,-6.35709,-9.32652,-1.33,0.56,16.0711,5.42122,-17.0587,58.3152,-7.85074,0.3,-2.58788,-0.3,-21.4003,13.2993,-25.3382,27.0356,43.3021,44.6226,44.9152,1.65151,-18.2927,0.0,0.0,0.2746050384717607
E_S_WWC_WM_063,12.6839,13.3778,3.06457,0.627791,1.36,1.95,-0.733007,2.59004,27.5606,-73.321,-8.51475,0.0,-24.464,-0.4,-19.6094,15.4381,-1.78252,32.4885,20.4083,23.5325,98.627,72.8517,-23.0121,0.0,0.0,0.2810328731395349
E_S_WWC_WM_064,11.485,8.1871,-0.156867,-11.5463,-0.93,1.87,14.0106,-0.66019,49.5735,97.251,-13.8515,0.7,-6.80451,0.0,38.2047,-11.2895,23.0647,-21.2877,44.8577,-19.1987,79.9161,42.4568,-77.8813,0.0,0.0,0.2791554347009967
E_S_WWC_WM_065,-2.21213,6.16382,4.15309,-7.50774,-0.8,-0.48,-4.76959,6.99778,2.80278,-89.0215,1.07315,-0.3,-24.929,0.8,2.24076,18.1055,-18.5878,43.1085,40.7519,18.2405,50.4784,21.5445,-193.562,0.0,0.0,0.2793140789966777
E_S_WWC_WM_066,4.51894,10.9343,-7.47713,-9.2503,0.19,2.22,11.2614,-0.698839,-45.3066,-49.1283,2.97433,0.7,-19.5915,0.1,35.9741,24.5449,20.2293,1.68866,-11.5411,0.604939,58.5519,21.3611,-11.5565,0.0,0.0,0.2492428705182724
E_S_WWC_WM_067,3.13035,13.9033,8.97893,2.56593,0.45,-1.06,-5.37821,3.33305,5.65822,133.231,-2.16327,0.7,15.4891,0.7,-1.2304,26.9475,3.11821,22.3623,123.199,36.0278,112.34,-46.073,-84.0097,0.0,0.0,0.2866743251295681
E_S_WWC_WM_068,9.87846,8.05626,2.21081,0.639528,1.62,-0.03,-1.48428,-0.877639,-49.193,-50.1428,-5.32869,0.2,14.2774,0.3,59.3543,27.3883,-3.12102,-1.9036,-45.6924,-49.9954,55.6087,19.2952,-118.633,0.0,0.0,0.2538420667441861
E_S_WWC_WM_069,2.03537,-1.27814,5.07765,3.97372,-0.08,1.27,10.1716,-0.242565,38.0219,-38.8581,4.37208,0.0,-11.5868,0.3,50.8495,27.7962,14.584,10.2101,-57.7769,32.5931,126.936,-17.4389,147.641,0.0,0.0,0.235950241398671
E_S_WWC_WM_070,8.72771,0.386117,-4.72255,3.60531,-0.35,-0.82,7.66716,-2.91352,33.0237,-19.3397,-7.65598,0.8,22.8683,-0.2,-24.9286,26.8499,-13.5425,37.8178,96.3386,24.4549,-7.63838,2.94371,-152.187,0.0,0.0,0.2676940249036544
E_S_WWC_WM_071,4.25003,-7.55522,7.46641,-4.67531,1.72,-0.06,10.0909,9.02932,-4.0351,-77.7737,-1.01156,0.6,15.1071,0.5,46.9526,14.8579,19.365,-19.0879,107.733,-3.15975,-31.7377,-44.6455,-109.202,0.0,0.0,0.2545477250498338
E_S_WWC_WM_072,13.6084,-7.41645,0.0805201,-11.3502,-0.42,-1.51,11.9995,7.67686,17.8542,66.1305,-11.68,0.8,3.67481,0.4,22.7503,-15.413,9.21934,51.0981,-1.62809,4.7092,123.629,75.5029,54.7768,0.0,0.0,0.2744665737674419
E_S_WWC_WM_073,2.01438,-7.32506,5.55751,-13.2253,0.3,-1.47,4.87846,-2.87182,-35.1851,28.5261,-6.08725,0.5,-23.229,-0.4,-19.9655,15.7432,1.18185,-1.78316,96.9013,15.2236,81.848,54.518,-195.349,0.0,0.0,0.2547008270398671
E_S_WWC_WM_074,-3.46887,6.25249,-1.94452,8.47689,1.3,0.99,14.5273,2.53469,10.4233,113.506,-3.05542,0.0,5.73974,0.2,-24.3128,28.2051,6.51221,42.2534,83.2855,-11.7011,121.367,88.5682,135.814,0.0,0.0,0.2996303316212624
E_S_WWC_WM_075,13.364,11.8674,14.343,15.5196,-0.78,1.33,9.54025,6.6148,31.6496,113.997,-8.91446,-0.3,-5.66098,0.9,19.0981,0.144484,29.7656,1.83801,0.4319,19.8305,-0.329092,82.4501,-13.5497,0.0,0.0,0.2844993250531561
E_S_WWC_WM_076,6.98398,8.41772,-6.37973,-7.61462,0.39,0.44,16.9043,7.85563,-42.583,74.4945,-6.50598,0.6,-10.5228,-0.3,38.5593,-17.8447,-8.36349,-14.9002,120.504,-39.6603,125.481,-19.9316,-111.395,0.0,0.0,0.2802942426611295
E_S_WWC_WM_077,-1.52524,-6.94967,14.4003,-12.0162,-1.09,1.52,17.1326,1.49856,29.6766,-19.5455,-8.68466,-0.1,-17.9867,0.0,-15.1129,4.5303,3.07641,24.2571,90.3981,-8.20921,146.432,82.0547,-156.493,0.0,0.0,0.2591714770099668
E_S_WWC_WM_078,10.5341,4.73333,-6.98621,-0.651179,-0.18,2.24,15.0838,-3.42787,-32.0541,141.069,-3.91464,0.1,-24.9264,0.1,24.8546,-14.3121,-2.88566,20.7781,48.8926,-34.4377,31.5284,-10.9906,83.5642,0.0,0.0,0.2783637292724252
E_S_WWC_WM_079,9.44002,2.70905,-6.56008,3.07793,0.21,2.21,-6.01023,-1.90773,-22.051,61.5226,-5.79173,0.6,-0.218052,-0.4,-3.91867,23.1629,-12.4623,4.92562,-46.7934,4.74663,-58.1035,80.0676,-48.5334,0.0,0.0,0.2741237974850499
E_S_WWC_WM_080,-0.730784,-6.06324,13.098,-15.7196,1.7,-0.49,-3.71549,8.54309,44.4495,-56.6598,-7.52675,0.2,-19.1725,0.0,-4.85982,-10.6672,3.72991,43.8311,85.4465,24.6815,10.597,-40.1516,61.6875,0.0,0.0,0.2655434930398671
E_S_WWC_WM_081,-5.58072,11.2912,0.876975,-2.68092,2.38,1.56,7.9656,7.19071,-20.7554,-52.8942,4.87345,-0.4,-6.96454,0.7,2.37074,5.81572,-22.79,16.16,115.754,15.0011,-18.2984,-1.63761,63.1587,0.0,0.0,0.2741347129634551
E_S_WWC_WM_082,5.02169,3.47633,11.484,-8.35168,-1.03,-1.8,-5.9384,6.55532,27.6449,-42.4613,-12.4612,0.7,12.0938,1.0,-0.410378,5.62955,-12.038,13.4251,17.954,38.3217,62.6375,-58.4115,145.119,0.0,0.0,0.2653890009568106
E_S_WWC_WM_083,2.56111,-4.42296,-3.91754,13.4195,-0.33,-0.69,15.7949,-2.68854,-34.5179,-37.628,-0.51302,-0.2,7.49976,0.6,-5.61959,-17.4621,19.6548,28.1542,101.609,41.238,103.623,40.5237,42.1215,0.0,0.0,0.2409425143820598
E_S_WWC_WM_084,5.54365,-6.93043,3.20399,6.58543,-0.76,0.79,13.6346,5.85594,-9.24869,32.2258,-10.7593,0.0,20.677,0.5,58.9702,25.4316,2.33707,-0.545885,-3.76732,45.8004,132.781,-31.5236,-197.095,0.0,0.0,0.2392362799933554
E_S_WWC_WM_085,8.65745,-5.90353,18.2017,-13.4166,-0.86,1.83,-7.86963,-4.5334,14.8353,-27.3067,-3.65836,0.0,3.96711,0.7,31.4591,-6.91544,23.1783,32.2828,3.79462,40.3401,109.008,24.2438,101.381,0.0,0.0,0.2498667735149501
E_S_WWC_WM_086,-0.527802,-2.36482,13.2854,-19.9174,2.07,1.08,-7.14646,-2.63363,17.2811,-25.1838,-11.1355,0.7,-11.3876,-0.3,-2.02852,-5.04874,27.3481,-2.34256,36.1635,-13.8963,47.8546,32.5952,-53.2464,0.0,0.0,0.2574251432558139
E_S_WWC_WM_087,0.609382,6.42728,-6.42705,11.1239,2.06,-0.06,16.7411,-4.79008,34.4282,-66.9677,-1.5811,0.6,13.2393,0.6,-13.785,2.79919,-14.3899,-1.44597,90.9818,-32.8365,84.7291,33.1235,104.271,0.0,0.0,0.2448991922990033
E_S_WWC_WM_088,12.4639,2.20918,19.663,11.7301,1.29,0.03,1.56286,-0.678109,18.5933,75.5718,1.95288,0.2,20.786,0.2,-0.329476,-2.50247,25.304,-23.2979,4.79,-1.99856,13.2233,76.5761,6.22801,0.0,0.0,0.2427145391096345
E_S_WWC_WM_089,0.485376,-5.72543,-4.35052,-3.69877,-0.09,1.67,-8.97293,6.28443,-42.2904,-6.90594,3.70839,0.4,-11.0783,0.8,59.709,-13.4056,-11.9337,-7.09992,-9.33593,46.9032,43.3257,38.8595,-50.0596,0.0,0.0,0.2369379094817276
E_S_WWC_WM_090,6.81563,-7.25178,13.033,2.27114,-1.06,0.78,9.55295,6.64293,-15.7586,121.699,0.201602,-0.2,-20.6905,0.0,56.4072,-14.1531,-19.8568,42.9495,-52.3788,-13.0713,4.87865,66.9162,68.603,0.0,0.0,0.2603607150830565
E_S_WWC_WM_091,13.9988,12.0024,7.43494,-8.76359,2.4,-0.34,-7.25845,5.826,-22.2054,-26.4604,-12.3302,0.1,13.872,0.7,-12.3638,20.8215,-0.0952003,35.2396,7.59335,4.50615,-56.6694,41.6892,125.105,0.0,0.0,0.3079620387275747
E_S_WWC_WM_092,2.2952,-4.10419,1.47352,11.8945,-1.05,1.37,-3.65586,-0.338092,15.788,12.2363,-7.21616,0.6,-13.2043,0.4,50.502,19.2643,-20.6482,54.7295,-50.9923,-33.8419,-57.509,-56.188,-44.2832,0.0,0.0,0.2723260066212625
E_S_WWC_WM_093,9.67147,4.20175,10.6615,-13.6233,-0.6,-1.11,5.89468,-4.69645,-16.2415,93.7819,1.64748,0.7,4.1482,-0.3,20.3743,18.612,13.4196,-16.1725,53.0947,-34.6912,95.3716,-35.6353,-97.6897,0.0,0.0,0.246648821192691
E_S_WWC_WM_094,9.72236,7.62352,14.7328,19.4537,2.43,1.33,5.01704,-1.39111,-40.27,11.0512,-6.89894,0.3,10.7775,0.9,-21.5014,11.8696,26.3288,10.9229,57.8887,-7.15741,71.9866,22.398,67.9496,0.0,0.0,0.2627828096046511
E_S_WWC_WM_095,-0.0916211,9.72755,10.2295,11.5417,-1.43,0.15,-3.6691,3.27062,6.61181,-0.424535,-12.3034,0.2,22.3688,0.9,42.8141,-15.4442,-19.1516,11.6669,95.5656,-8.63785,-41.6793,78.3138,112.462,0.0,0.0,0.2727111574518272
E_S_WWC_WM_096,13.2092,-7.82788,11.7464,-8.82177,0.38,0.84,5.43654,7.12278,39.5244,115.842,2.42086,0.8,16.9815,0.6,31.0421,19.2037,-1.21648,2.28813,-53.2342,26.9625,-8.55409,45.6949,-83.7977,0.0,0.0,0.2566108840033222
E_S_WWC_WM_097,1.20711,5.31814,7.36034,-13.7719,2.17,0.38,15.8699,3.19969,-29.7252,19.0177,-10.2319,0.1,20.9035,-0.4,49.5118,2.47609,26.9692,27.8621,106.395,25.7735,10.1537,-49.7657,-150.058,0.0,0.0,0.2794008954318936
E_S_WWC_WM_098,12.8486,10.3602,-5.00505,4.44085,0.51,0.82,1.16697,-2.39352,-34.6977,-16.8432,-13.2002,0.7,24.1467,0.3,-18.9716,-17.5313,-3.95085,-8.92706,-10.7403,-15.8874,-46.2898,9.86148,-135.821,0.0,0.0,0.2716143499534884
E_S_WWC_WM_099,6.17557,13.2456,-3.85085,2.89339,-0.79,-0.39,-9.48085,-2.78134,40.1886,-71.2809,-6.76182,0.4,5.05348,0.2,28.5689,7.56756,25.4095,14.6393,-15.6898,-38.582,130.506,-25.2242,109.13,0.0,0.0,0.2716295054152824
E_S_WWC_WM_100,5.67397,-4.22356,5.4515,15.0988,-0.95,-0.94,17.389,-1.15468,-35.7098,91.3046,-11.6486,0.4,5.20527,-0.3,37.5055,-1.6476,-9.7842,-15.2615,121.107,1.94394,-27.8243,0.0145039,-144.972,0.0,0.0,0.2411230724883721
E_S_WWC_WM_101,9.48387,-2.04782,13.1367,7.19619,-1.62,-0.4,19.7925,-0.157038,38.9943,89.8049,-0.195517,-0.1,-3.42247,0.0,-23.9011,25.8368,8.31832,40.8262,-15.9314,-30.9543,-13.8043,73.5296,-40.904,0.0,0.0,0.2734470870166113
E_S_WWC_WM_102,-3.26263,9.67803,15.1255,9.78241,-0.24,-0.08,8.85235,-4.61343,-12.647,-58.1932,-9.98544,0.0,20.533,0.7,-14.7988,-3.09164,22.9206,29.2151,27.4252,-8.55942,-48.2837,-2.52697,-171.92,0.0,0.0,0.2800579430631229
E_S_WWC_WM_103,13.4044,13.862,6.56576,10.6622,0.43,0.02,12.4824,0.249939,28.8219,87.8047,-10.3502,0.5,-17.0124,0.3,2.02057,25.0571,-24.8888,-9.09088,-34.019,-37.0613,109.437,-20.6588,140.564,0.0,0.0,0.2776966235215947
E_S_WWC_WM_104,13.2434,-7.73654,-0.87376,-4.98482,0.69,-1.3,-0.215358,-0.26357,49.5104,-45.0964,-11.4976,0.0,4.40412,0.8,-5.93147,18.9705,-23.9132,8.33893,100.114,12.8001,75.5302,51.196,-36.7533,0.0,0.0,0.2515230755083056
E_S_WWC_WM_105,-4.72684,-1.47881,18.8735,-2.17317,2.46,-0.81,6.61746,3.61512,-39.061,113.641,4.14493,0.5,-0.782969,-0.2,-4.01857,-1.80526,5.20351,45.3637,-12.1255,-14.8761,-26.425,-25.9364,-11.1424,0.0,0.0,0.2825469525083056
E_S_WWC_WM_106,10.4494,-0.810618,18.6836,-4.50748,1.25,-1.62,1.94861,-4.77133,8.70673,-14.4551,-3.60287,0.6,2.10565,0.0,-20.2772,-11.61,-12.5585,-5.1635,-37.4661,8.79912,-23.1748,-40.0155,-64.9391,0.0,0.0,0.2459397691893687
E_S_WWC_WM_107,10.2158,10.6489,2.73007,7.0577,-0.46,0.99,-1.47128,-3.06516,42.0621,112.879,-0.980042,0.1,0.848678,-0.3,51.9195,-16.0775,20.5174,19.6784,95.0554,35.2674,103.199,-42.7442,-0.732174,0.0,0.0,0.2823190796677741
E_S_WWC_WM_108,1.71507,-4.93146,12.5561,9.62379,-1.74,-1.4,2.10719,9.66029,13.9352,-7.424,-8.14007,0.7,4.5983,0.0,7.19865,26.5512,-16.5735,5.9175,-35.2645,16.8692,-31.488,68.1095,-25.5712,0.0,0.0,0.2786241491960133
E_S_WWC_WM_109,6.14936,11.5408,5.21182,-13.7415,2.3,-1.73,3.22681,6.14556,31.3813,110.628,-11.9519,0.1,-0.174609,0.3,10.9374,-4.68787,24.8088,38.1875,-35.8355,-27.2888,19.207,-48.464,-27.4278,0.0,0.0,0.3110161231960133
E_S_WWC_WM_110,-2.7443,0.800555,-4.09792,-10.2072,1.09,0.75,-0.0686506,3.12041,-20.8944,50.5379,-14.089,0.3,-7.2838,-0.3,29.7575,21.44,-26.3806,-24.0637,24.1803,-16.3181,139.677,87.7202,-115.045,0.0,0.0,0.2665460967375415
E_S_WWC_WM_111,13.6842,-6.14775,7.60156,-17.8643,2.45,0.86,3.77169,8.66377,2.98276,-65.3693,-6.22511,0.5,10.1805,0.5,-8.07235,-16.601,-8.23979,-4.27476,65.3761,-9.30651,35.8837,81.7802,-36.3104,0.0,0.0,0.2497656021495016
E_S_WWC_WM_112,0.252634,11.59,18.4322,6.98825,0.16,1.53,19.6459,3.48616,-21.353,-23.977,-6.63254,0.0,22.6218,-0.1,-22.5182,14.4992,-24.8251,9.26996,128.819,-8.83084,52.7448,51.8599,67.1078,0.0,0.0,0.2731144232624585
E_S_WWC_WM_113,1.74024,9.59945,14.4543,8.16114,1.52,1.2,19.0692,-0.56055,-37.0373,90.273,-13.4689,-0.3,-19.3273,-0.1,45.6727,2.92234,-8.5562,18.3368,17.0421,-19.4952,48.0168,-59.9832,-83.2595,0.0,0.0,0.3026161886810631
E_S_WWC_WM_114,-2.32102,-7.16518,-0.564139,3.59965,-0.25,-0.99,-1.10682,-4.943,12.4493,-18.348,-12.3482,-0.4,-2.00393,0.4,25.5269,-16.3199,-8.73536,49.3825,83.4903,8.08094,21.3784,34.0063,-160.305,0.0,0.0,0.2741319583554817
E_S_WWC_WM_115,-4.61875,14.6331,6.17078,-6.65489,-0.77,-0.42,16.573,2.3308,13.1465,133.552,-0.925265,-0.4,16.7162,0.7,50.5629,18.2686,21.5221,16.6766,20.6727,25.1527,46.6894,34.157,51.1106,0.0,0.0,0.2765445142790698
E_S_WWC_WM_116,-1.9263,11.4331,14.5212,6.75159,2.35,-0.26,18.0556,3.21573,43.9096,21.2901,-4.75407,0.0,6.62281,0.9,41.8471,11.2253,-16.4911,37.3579,21.8469,-43.1347,0.943952,29.1739,-159.6,0.0,0.0,0.2942157991428571
E_S_WWC_WM_117,4.65458,-1.57808,4.03537,5.1009,-0.64,2.2,-0.464017,-3.70986,-27.3903,36.6587,-11.2646,0.7,5.30428,0.5,54.6697,-13.6916,-20.0744,-5.85364,8.23756,3.47847,144.037,50.5422,60.7266,0.0,0.0,0.2435452725913621
E_S_WWC_WM_118,2.93651,7.85211,17.4051,16.0316,-0.83,0.62,14.853,8.2065,22.2452,-89.5726,-12.1891,0.3,4.97767,0.4,-18.8932,-5.53382,-28.9743,26.6006,84.1938,45.0572,-32.0389,31.0043,28.8173,0.0,0.0,0.2789771417873755
E_S_WWC_WM_119,-7.02086,4.85202,18.1287,-3.98225,2.03,0.26,-0.236057,8.98432,2.02552,84.2305,-7.79581,0.4,-4.91042,0.8,26.629,29.5282,27.8176,-6.08505,97.2023,9.77373,73.1607,6.6592,32.3426,0.0,0.0,0.2720700401196013
E_S_WWC_WM_120,12.7292,3.04446,11.0998,-17.5664,1.2,0.89,0.563054,9.64745,-21.5282,144.038,-9.96652,0.2,21.6155,0.1,28.5381,14.7486,0.0289985,20.2547,60.5302,-28.9677,47.4296,-3.38397,149.899,0.0,0.0,0.2873291644119601
E_S_WWC_WM_121,-5.78927,7.90004,18.0775,15.0307,-0.48,-1.76,2.9083,5.51706,24.1958,103.552,1.3477,0.5,11.599,0.4,-17.7427,-1.47266,20.9208,6.9113,119.105,-31.0079,11.4878,-30.9924,-50.5797,0.0,0.0,0.2640189060598006
E_S_WWC_WM_122,-4.29811,-0.34494,-3.79118,15.2265,1.76,2.41,1.97327,2.08426,37.1911,21.9394,-4.49386,-0.3,-13.5854,-0.2,50.3094,20.33,-9.28226,-3.88847,-18.4644,-39.097,124.688,-20.9259,4.13438,0.0,0.0,0.2608387323820598
E_S_WWC_WM_123,3.24643,5.83089,-7.92613,13.8782,1.37,-0.59,10.2312,0.678617,47.5777,-3.33358,-2.18488,-0.3,23.2618,-0.4,45.2701,13.8023,-1.95898,22.095,70.8608,-3.04361,50.8536,37.3146,-68.7896,0.0,0.0,0.2772028853554817
E_S_WWC_WM_124,10.0239,-5.5895,2.41098,-18.6714,0.66,-0.52,15.9164,7.87478,-44.2696,33.4018,-8.84782,0.3,-12.3677,-0.4,21.3257,-7.23184,-7.08726,41.1848,12.767,-18.9949,-56.876,14.2271,48.8339,0.0,0.0,0.2694373330033223
E_S_WWC_WM_125,13.5785,-6.83096,17.2089,-3.38945,0.31,0.41,16.9473,5.75744,-13.4742,104.852,1.66209,0.4,-23.6873,0.6,-16.178,-2.26754,25.9741,8.14634,80.7643,-14.1759,27.6519,42.675,-198.146,0.0,0.0,0.2615877897242525
E_S_WWC_WM_126,12.5195,0.895484,10.7985,14.3906,1.96,2.18,16.1335,9.93062,4.58489,74.847,-14.6111,0.4,-16.9767,0.9,6.48456,17.0091,13.4675,18.1888,-17.0164,21.649,67.3743,-11.4725,-119.453,0.0,0.0,0.272215451372093
E_S_WWC_WM_127,4.09642,-4.0526,5.34268,-0.855498,-1.53,2.13,18.7332,1.65931,38.7624,17.7268,3.01195,0.3,-21.2075,0.8,-2.05918,25.2573,15.587,8.7543,100.795,-35.3489,79.5348,-47.77,-33.4671,0.0,0.0,0.2471659353189368
E_S_WWC_WM_128,-2.55144,9.30947,0.429682,14.4129,-0.12,2.39,-6.80241,-0.935731,28.4724,-4.71412,-13.3394,-0.2,21.2659,0.6,36.5503,24.0717,4.45587,-14.5609,51.6223,-38.1549,92.229,56.7341,-90.8983,0.0,0.0,0.2749551938936877
E_S_WWC_WM_129,8.97993,-2.23315,10.5096,-0.974193,1.19,0.05,-1.31205,-2.48433,21.4809,-82.2163,4.67482,-0.3,-22.0567,0.3,12.2701,23.3228,-14.9403,41.9257,59.1047,-26.0759,112.168,-42.3428,56.8716,0.0,0.0,0.243246912910299
E_S_WWC_WM_130,3.92431,9.39904,2.06877,-19.1316,-0.37,-1.24,4.64618,0.0280631,35.5994,39.6959,-10.6008,-0.3,7.24115,0.0,40.7686,9.0142,6.64123,34.9708,72.1543,-48.757,137.331,-37.7172,-172.79,0.0,0.0,0.2958598904385382
E_S_WWC_WM_131,-2.90758,5.30688,5.97024,2.37547,-1.42,-0.23,18.2407,2.78101,14.3115,-69.3381,-9.9309,0.8,-23.6215,-0.2,27.1462,-16.8061,5.05688,9.1218,56.9466,19.2118,126.505,-34.5028,-29.4378,0.0,0.0,0.2656173821694352
E_S_WWC_WM_132,-7.98577,-3.11507,4.83007,7.78061,1.38,-0.41,-4.43365,1.45601,20.2244,99.1247,-14.0781,0.0,2.24832,0.2,18.9732,9.3268,16.7206,-12.4918,-40.0792,31.6445,-20.2238,38.6734,-139.33,0.0,0.0,0.2739580852093023
E_S_WWC_WM_133,5.25286,8.72528,-4.93681,17.5872,-0.13,0.9,-7.01534,8.85415,-41.8221,71.2527,-13.7142,0.1,-1.79199,-0.3,47.1069,21.0126,-6.14367,13.6288,18.4678,-17.2085,8.78044,23.8289,143.065,0.0,0.0,0.2890218299933555
E_S_WWC_WM_134,0.895156,4.41639,19.0643,-7.88473,2.07,0.81,-2.44764,4.20915,-24.4003,-1.84681,-4.39714,-0.2,-14.1874,0.2,-6.6081,-18.1615,11.5319,6.83643,61.2235,26.0964,-59.007,8.56311,-140.634,0.0,0.0,0.2790386525913621
E_S_WWC_WM_135,-4.69316,0.276843,-2.28445,-17.3756,-1.64,-0.98,7.18255,9.23108,33.5015,-87.4172,-10.5757,-0.1,-19.4824,0.1,36.6822,8.29412,-18.9918,31.8127,53.9652,-26.2308,-33.6252,2.00493,78.3736,0.0,0.0,0.2852678330697674
E_S_WWC_WM_136,-2.96256,13.8057,-0.810148,-9.31082,0.0,1.9,10.0466,-2.88544,-31.0989,46.4007,-4.68118,-0.3,15.5439,-0.1,-23.244,-8.4709,27.2864,20.935,63.3007,25.3404,48.7746,86.6918,0.458509,0.0,0.0,0.2945985527873754
E_S_WWC_WM_137,-4.61031,13.5409,-1.65867,-12.9339,0.86,1.12,-6.48748,5.2947,45.1251,60.4742,-12.9195,-0.1,22.1813,0.5,25.3921,-8.89436,-2.77237,27.2045,-0.783167,14.4912,149.714,43.2712,53.9155,0.0,0.0,0.3028974465913621
E_S_WWC_WM_139,-1.2651,-7.11563,14.8941,13.5964,1.15,2.28,19.1558,-2.56972,22.128,50.7281,1.58555,-0.2,2.61229,0.5,27.8351,26.7196,-20.8923,3.49098,-26.0983,-19.3371,44.6433,56.3022,91.8619,0.0,0.0,0.2424287291495016
E_S_WWC_WM_140,9.10558,-1.89559,16.0873,-8.98283,1.11,1.22,-1.73407,1.48268,42.2067,148.342,-5.18845,0.5,-13.9717,-0.1,58.2082,6.77491,13.0099,26.488,5.43624,41.3073,-2.73959,62.3958,119.77,0.0,0.0,0.2887324529966777
E_S_WWC_WM_141,-6.40737,2.12519,1.25661,18.8463,2.2,1.09,10.3564,-0.195699,37.5733,140.482,1.83126,0.5,-7.83796,0.1,-3.30701,-3.93781,25.5535,10.0026,2.44344,-29.9379,100.599,-4.19041,52.1802,0.0,0.0,0.2934889610232558
E_S_WWC_WM_142,13.8783,-4.27259,-5.20168,7.96967,0.26,0.39,3.0695,-4.56139,-5.9037,82.2121,-7.66944,0.6,14.8403,0.2,24.061,-14.3889,-25.4146,49.6223,38.8182,41.5646,-42.0005,56.7958,-22.6824,0.0,0.0,0.2810403670199335
E_S_WWC_WM_143,-6.31272,1.33829,12.2778,14.5061,1.16,0.12,1.46098,9.70427,-30.4038,-32.3172,3.85627,0.0,-23.8785,0.5,-24.5354,7.69291,17.9901,-17.2365,-47.4872,30.8719,82.0061,27.3332,25.9025,0.0,0.0,0.2416250531362126
E_S_WWC_WM_144,3.87471,-0.309216,-2.43144,-1.85356,1.59,-0.11,1.69334,7.72903,-49.7657,-36.4233,3.5865,0.6,-13.4204,0.5,-9.34836,16.7393,16.3292,51.3965,75.5069,-3.70869,-39.5577,26.0758,109.608,0.0,0.0,0.2592711500797342
E_S_WWC_WM_145,-5.04629,-0.619883,-3.16895,-12.1299,1.45,1.3,8.3587,-3.73617,-46.4914,2.99137,-5.06199,0.6,7.34749,0.9,-11.869,-9.94009,4.85756,-24.1021,13.5134,-38.4816,46.111,3.73091,37.8277,0.0,0.0,0.2425094722225914
E_S_WWC_WM_146,-1.0384,2.06691,-0.371285,-9.95208,2.12,1.55,10.4966,3.29448,32.8137,-44.0702,-2.01186,-0.1,-23.7886,0.4,55.5993,-17.122,-21.794,24.9023,88.1854,3.32759,6.70881,80.5256,-161.692,0.0,0.0,0.2564759856511628
E_S_WWC_WM_147,9.76389,-7.85919,16.636,-16.1107,1.41,0.22,6.56771,1.14789,23.0176,23.8944,-5.27786,-0.3,23.0634,0.4,44.0509,-4.33259,-8.85512,-8.35653,-22.549,-6.1887,53.0453,-35.4888,132.809,0.0,0.0,0.2470051143322259
E_S_WWC_WM_148,8.58383,5.09834,-3.14006,13.5171,-1.67,-0.17,19.2022,-4.52843,-11.9331,44.126,-0.817519,0.4,-14.7591,0.5,-15.2223,5.90722,-1.44996,4.0334,94.3988,20.4385,59.6911,-39.7277,-167.254,0.0,0.0,0.2584764509302326
E_S_WWC_WM_149,6.86793,-4.85098,0.156322,-10.46,-1.42,-0.48,-5.6334,-0.402171,-3.37328,-35.8413,-2.47683,-0.3,5.95252,-0.3,-15.4934,-4.41586,-27.104,-6.77694,66.5,-5.79851,3.08829,66.794,-190.472,0.0,0.0,0.2415608348637874
E_S_WWC_WM_150,14.2746,2.76065,11.0398,-0.0358234,-0.35,2.1,8.1353,8.80573,-18.2395,69.475,2.59227,0.7,-2.73454,0.9,10.6465,-4.89548,22.1676,29.7642,-47.0998,-49.2349,-22.4838,9.23363,30.0444,0.0,0.0,0.2677969190531561
E_S_WWC_WM_151,5.60208,-5.96851,4.8529,11.1593,1.31,2.21,-5.89548,-0.327991,4.32712,14.8661,4.96599,-0.2,-20.1284,1.0,43.265,-0.832106,6.51483,-13.0761,12.2811,-44.3376,-17.7737,17.0441,-114.887,0.0,0.0,0.2370143059568106
E_S_WWC_WM_152,10.9888,9.84003,-4.88153,-16.0151,-0.12,0.1,9.32773,-3.96328,27.2601,-58.9711,-4.63234,0.6,-6.09688,1.0,-18.7878,24.4482,20.758,26.2915,63.0152,-0.988351,102.812,-33.4251,-41.5519,0.0,0.0,0.274900746461794
E_S_WWC_WM_153,-6.65975,10.2843,1.64205,-10.7131,-0.84,2.01,-7.68093,0.847138,-18.3253,-47.4233,-8.74129,0.7,5.25728,-0.4,1.80588,-15.6695,5.52002,24.3443,-32.1158,-34.7361,116.999,0.856584,-20.9467,0.0,0.0,0.2897581283488372
E_S_WWC_WM_154,-4.03789,11.6744,0.753637,10.3931,0.17,-0.67,19.6107,4.97435,32.0757,92.0976,-2.34691,0.0,-11.4537,0.8,15.7247,-8.16057,-16.7554,-13.2991,-58.9085,2.79051,75.0177,83.8549,114.208,0.0,0.0,0.27557693430897
E_S_WWC_WM_155,3.75117,4.37333,-4.36653,-15.5512,2.39,1.41,5.15605,5.7924,12.2629,62.1455,-4.2394,0.2,5.43662,-0.4,41.4211,28.5546,24.5642,15.3154,-31.0419,41.0286,-26.2084,50.6445,-42.7554,0.0,0.0,0.288704978166113
E_S_WWC_WM_156,-4.23496,12.0603,12.8723,17.3574,1.15,-0.37,-9.64564,0.677856,-42.9137,136.366,-9.15881,0.5,-16.5683,0.7,7.62867,4.3813,23.4766,37.0708,-24.2997,-25.9856,51.909,-11.8186,-94.9144,0.0,0.0,0.2981198052458472
E_S_WWC_WM_157,-6.5347,-6.4984,-0.602948,5.99832,-1.2,-1.45,16.8222,4.88355,-32.5999,39.877,0.671944,-0.1,-8.38767,0.8,34.6579,14.8317,28.444,38.6906,-5.3357,-6.11133,13.1542,-18.6891,-48.363,0.0,0.0,0.2751407370930233
E_S_WWC_WM_158,-3.35211,-6.05972,-2.68786,2.95786,-1.79,1.22,10.7571,-3.24658,-15.3576,-66.2037,-8.63977,-0.3,8.74115,0.8,55.4126,20.0431,10.2473,25.8353,123.375,-39.4814,73.7231,12.7099,-49.3928,0.0,0.0,0.2458620612192691
E_S_WWC_WM_159,2.07089,5.25679,-6.16839,19.7768,1.66,0.07,-6.88473,0.647419,6.32423,-11.3987,-10.6305,0.5,2.81481,0.3,7.47847,-6.61564,-26.6039,-19.425,27.9977,21.2528,-59.3546,-43.3703,10.3845,0.0,0.0,0.264060974717608
E_S_WWC_WM_160,11.9958,-2.1805,7.27204,-16.5333,1.91,0.43,9.10784,6.84916,-41.6468,128.032,-13.9054,-0.3,-14.2703,0.3,-6.36764,2.70209,-20.4819,35.1974,107.132,0.344664,27.3181,-45.5858,-96.6291,0.0,0.0,0.2842249005415282
E_S_WWC_WM_161,4.79361,13.6292,13.4468,3.86368,-0.29,2.17,2.24947,6.9579,-43.6054,58.9682,-2.93615,-0.3,-6.7844,-0.2,40.021,-3.02737,-16.1636,-21.6806,102.337,-24.6535,-43.6388,16.5057,-6.64424,0.0,0.0,0.2559189203654485
E_S_WWC_WM_162,-5.40066,-6.88576,9.10048,-13.4914,-0.76,1.03,-6.7479,8.707,48.6847,-12.5098,-3.81558,0.3,0.656227,0.7,-18.3424,3.69856,7.00244,0.43422,124.719,-37.9775,53.1141,-18.1536,-165.214,0.0,0.0,0.2371054612757475
E_S_WWC_WM_163,-5.719,1.15381,-2.2383,10.2719,0.64,1.84,-1.84489,0.360836,27.3679,-44.4814,-11.8334,0.2,24.7974,0.9,35.1424,-7.5417,28.3378,44.8749,24.7887,42.1102,-32.4806,49.6234,-10.6985,0.0,0.0,0.2898734447840532
E_S_WWC_WM_164,-4.35376,2.33578,-7.75726,-3.31192,1.13,-0.89,2.56098,-1.22066,-45.1881,-18.3791,-12.5037,0.4,14.5893,-0.3,25.0686,-13.3236,22.4146,53.3761,-17.7229,-17.0359,43.7585,32.0535,34.1077,0.0,0.0,0.2893153401727574
E_S_WWC_WM_165,14.9994,6.79447,8.32477,18.013,-1.03,-0.65,13.5301,4.34346,-28.2529,93.1968,-13.8246,-0.2,20.1784,0.0,-4.25754,5.75139,-6.0545,36.1192,75.3741,-30.2447,81.1154,46.546,-38.6292,0.0,0.0,0.2878488255913621
E_S_WWC_WM_166,-2.39651,8.22246,16.915,13.9859,1.6,-0.29,0.0126929,-4.48384,-16.7225,-8.04368,-6.70934,0.6,-22.3226,-0.1,17.968,26.6472,-26.4205,21.3448,-48.7251,30.5056,63.7422,-27.3318,-61.2226,0.0,0.0,0.2712910048970099
E_S_WWC_WM_167,12.238,4.60242,-3.55224,-9.52161,2.48,-0.7,-7.54053,1.02883,-4.80066,111.729,-4.53901,0.3,13.6827,-0.1,-1.64247,-3.84612,5.92247,2.90814,120.323,-36.6637,129.931,28.7896,-56.1091,0.0,0.0,0.2750100742093023
E_S_WWC_WM_168,-3.38782,-3.71917,-2.00879,18.5492,1.0,2.32,17.9796,2.40991,36.9819,-14.8695,-11.8077,0.4,6.14248,0.9,17.4,11.4385,-20.0274,9.72951,119.36,2.25528,35.2671,-14.6009,-154.907,0.0,0.0,0.2518226904219269
E_S_WWC_WM_169,11.1126,11.1043,8.11738,4.77205,-0.72,-0.12,13.4901,-3.03373,48.4669,-60.3356,0.905203,0.5,-18.2862,0.2,-17.0752,-0.59974,12.6356,50.5181,63.7893,22.3558,-39.2846,45.3258,108.361,0.0,0.0,0.2974764894817275
E_S_WWC_WM_170,-7.34743,4.63143,-5.32359,-5.27558,0.25,-1.01,-9.74551,6.00373,-20.5981,10.7673,-5.20515,0.5,-8.99071,-0.3,28.3864,10.5311,10.7747,25.7061,84.115,12.8771,84.2084,-44.8365,-63.2239,0.0,0.0,0.2818342688172757
E_S_WWC_WM_171,11.7955,11.8105,10.1211,-3.08968,0.42,1.86,2.54527,6.57401,-46.2154,-30.1779,-1.84638,0.2,18.2281,-0.1,27.4638,-9.13248,21.676,-20.9739,-4.38928,10.672,80.7779,-48.0673,134.359,0.0,0.0,0.252344243641196
E_S_WWC_WM_172,0.701956,-2.65602,-2.56484,1.59994,-1.75,-0.77,-2.35988,4.65175,38.1974,45.5871,-14.1424,-0.1,-7.6997,0.8,15.4645,11.6322,22.3418,15.6597,128.285,28.831,114.124,-36.0107,28.4923,0.0,0.0,0.265363789833887
E_S_WWC_WM_173,-7.91976,11.7228,15.2811,-11.2819,2.42,1.46,-1.13579,3.13514,35.9163,-54.3218,-1.97015,0.4,5.41085,0.3,-14.8344,7.75658,-23.6194,-8.57594,21.149,-21.8255,108.615,-24.3362,49.6413,0.0,0.0,0.2695564460066445
E_S_WWC_WM_174,13.6918,1.16874,3.36829,-6.28017,-0.88,-1.7,19.9708,1.71567,-39.3882,50.9723,0.796125,0.0,-21.3478,0.3,26.4148,16.8318,-6.91895,-17.9474,64.8038,-18.0685,64.9416,39.9591,9.46173,0.0,0.0,0.249899115448505
E_S_WWC_WM_175,5.48757,0.953152,7.73208,-18.7413,0.64,0.21,9.37729,2.85356,33.9598,103.148,-14.3513,0.8,16.5971,0.2,14.0916,-8.07595,-21.4135,7.4309,80.2135,-46.6826,-29.6719,37.8414,10.6805,0.0,0.0,0.2735316038172757
E_S_WWC_WM_176,-6.14087,-5.52905,18.0251,-1.30527,-1.2,-0.13,-9.43143,4.86283,14.2589,-63.4925,-11.9864,0.2,-22.491,0.2,8.9231,11.9984,-29.449,-7.45974,126.635,-6.66508,19.9365,34.8968,-18.7048,0.0,0.0,0.2506632406245846
E_S_WWC_WM_177,-6.27783,10.7689,2.48667,2.64876,-1.46,0.85,-3.36421,-2.74531,-28.7895,72.3164,-10.3163,0.7,-19.9947,0.8,6.91594,17.766,15.0287,28.8714,3.71275,42.1983,111.706,29.4227,122.234,0.0,0.0,0.2970350480531561
E_S_WWC_WM_178,1.02742,1.09396,18.3514,-14.7948,1.99,0.98,18.414,5.16144,11.7326,13.3265,-1.60737,0.3,6.54002,0.9,-22.8497,20.2159,-0.0114416,-24.5699,74.884,-3.89354,89.7489,39.7921,-123.595,0.0,0.0,0.2331280545681062
E_S_WWC_WM_179,5.63807,5.88339,7.20428,-7.33107,1.19,1.06,-7.82982,9.11155,-30.7901,80.1932,3.3902,-0.3,-13.3064,-0.1,41.4966,-11.448,-21.6201,23.7555,41.9722,-29.7812,140.828,59.3505,-158.345,0.0,0.0,0.2839659508305648
E_S_WWC_WM_180,10.6488,13.6551,13.7386,11.5578,0.65,-0.93,1.60238,2.60881,-2.1378,129.871,-6.9806,-0.1,10.0107,0.7,17.5066,-18.6203,0.755337,-11.9808,61.4989,-15.2952,-4.61546,-54.0557,131.762,0.0,0.0,0.2890837736345514
E_S_WWC_WM_181,3.15792,11.6903,9.22663,-17.8036,2.3,1.49,7.22347,4.0546,-30.5266,114.335,-6.94604,0.1,-24.7275,-0.1,23.825,28.2259,7.48059,-14.7974,-50.3741,-3.49747,109.725,-17.2048,-106.407,0.0,0.0,0.282836171461794
E_S_WWC_WM_182,4.59633,11.2424,12.7637,-11.4947,0.55,1.14,-8.56091,-1.13419,47.9153,-64.2514,3.14941,0.1,1.99337,-0.4,11.6731,4.22348,11.9657,18.6596,92.9837,-25.1644,-33.3322,15.6029,-192.509,0.0,0.0,0.2737514624784053
E_S_WWC_WM_183,5.20527,7.82559,-3.36748,14.7924,0.97,-0.96,17.3132,7.06984,20.7993,16.6006,-5.0181,0.6,-23.9898,0.8,31.9125,16.5948,17.3063,6.11666,62.9398,49.6372,-16.7591,-15.5761,7.92333,0.0,0.0,0.2674090347973422
E_S_WWC_WM_184,2.37588,6.58033,5.25293,18.6822,-1.69,0.96,9.77937,9.51431,3.60451,-78.9377,-0.63019,0.4,7.41196,0.9,48.5189,-15.8395,-4.99665,25.3551,-20.9021,13.0883,82.4644,65.2299,-138.686,0.0,0.0,0.2454421610697674
E_S_WWC_WM_185,7.61576,4.80003,-2.04842,19.2389,2.11,1.94,13.0341,8.16735,40.1419,69.5444,-4.33851,0.0,16.5459,1.0,45.6052,-5.27623,23.5655,25.8662,-47.5779,21.847,33.5204,-17.0107,113.509,0.0,0.0,0.2764146459667774
E_S_WWC_WM_186,-3.06135,5.92065,-3.83545,-15.652,0.73,-1.39,1.63999,-0.988683,36.0333,52.978,1.70953,-0.1,6.77047,0.8,-3.05084,15.2922,18.8091,40.2331,115.984,46.0408,-19.8127,69.4087,73.9531,0.0,0.0,0.2796647943787376
E_S_WWC_WM_187,6.26519,3.63073,-3.4814,9.26516,1.34,-1.57,-4.55802,-3.92397,28.364,140.652,0.0532965,-0.3,-9.47555,0.5,-3.39338,1.63284,-0.360752,30.3321,-33.1039,-44.2325,139.211,-45.4098,-67.6825,0.0,0.0,0.289106340448505
E_S_WWC_WM_188,10.7738,5.17264,-1.75644,-18.8721,-0.41,2.06,-1.62657,3.40983,0.396249,17.2428,-8.07586,0.4,-21.2796,0.9,20.2346,29.2967,15.8816,8.52823,7.35779,-37.4068,-57.0275,33.6014,-93.502,0.0,0.0,0.2819572042159468
E_S_WWC_WM_189,-0.935673,6.89642,0.625722,1.26512,0.74,-1.6,10.4281,4.42964,-48.2206,108.392,-8.96833,-0.1,-10.3502,0.7,9.98785,7.07684,-5.57883,22.215,121.804,46.5323,-44.2028,3.89962,-199.761,0.0,0.0,0.2989114422325581
E_S_WWC_WM_190,14.7557,-7.57954,0.971945,3.01114,0.52,0.13,-0.108049,-1.09156,-0.86367,6.30452,4.1427,0.8,13.2927,-0.2,3.96411,-10.284,0.440214,25.4256,-48.9373,22.1671,122.338,-3.51956,-168.493,0.0,0.0,0.2470677369335548
E_S_WWC_WM_191,-2.46233,3.4445,12.7023,6.1202,-0.66,0.47,5.97905,-0.785801,-22.6785,133.06,-13.884,0.8,4.82317,1.0,34.2074,-0.222137,28.8369,-18.2463,4.55185,23.7536,15.1338,-21.7949,12.8688,0.0,0.0,0.2587966445448504
E_S_WWC_WM_192,11.8991,6.05572,-7.34453,-14.9855,2.21,1.93,11.107,-0.0671311,-34.0052,50.2228,1.50487,0.0,9.97998,0.8,20.4629,20.7025,7.99157,-21.9137,91.8881,24.2522,-29.0416,-10.2982,-21.1387,0.0,0.0,0.2644679864418604
E_S_WWC_WM_193,11.7152,-2.44012,17.9524,-2.22962,1.32,-1.51,15.4014,-0.353245,-14.9909,38.5029,-2.70066,0.2,-7.14242,1.0,30.5898,-3.1986,5.76755,47.8844,42.623,44.0062,134.316,17.2681,-132.207,0.0,0.0,0.2581557585847177
E_S_WWC_WM_194,10.2562,13.3335,17.7738,-3.47592,1.53,-1.01,9.21375,4.39928,37.9358,-32.6618,-6.54108,-0.3,2.17252,0.0,7.1348,14.0781,26.8318,48.2731,112.976,22.9069,18.7359,7.18355,-89.8418,0.0,0.0,0.2952037307707641
E_S_WWC_WM_195,-4.17696,-3.29338,-2.60367,1.53958,0.68,-0.65,-3.55507,6.92883,-14.4631,49.7894,0.258866,0.7,-3.12932,0.2,37.0012,-16.1673,-13.7991,54.4811,-57.8626,-9.99127,65.148,87.4418,-120.061,0.0,0.0,0.2775158265813953
E_S_WWC_WM_196,8.47163,10.0179,6.6263,4.13989,1.73,-1.46,18.9373,-4.66051,-0.375731,26.1575,-2.37348,0.4,-17.1533,-0.1,45.8102,22.8886,18.547,39.1011,-2.79938,-45.7609,70.0409,-10.0153,21.3972,0.0,0.0,0.2808396734485049
E_S_WWC_WM_197,11.9226,11.6352,15.0674,3.27255,-0.13,0.29,-9.79986,7.5996,-22.4155,-72.7078,1.3357,0.0,8.34464,0.2,49.1517,4.62244,-29.29,17.3548,-42.6974,2.50672,35.4897,49.4705,18.847,0.0,0.0,0.2674390598936877
E_S_WWC_WM_198,13.0228,8.8819,-0.236769,-18.257,1.6,0.23,-1.88508,9.2711,24.8304,6.82413,-3.09142,0.3,-12.7423,-0.3,16.4457,9.58312,-28.667,-3.70989,-55.7087,3.13608,70.2379,14.0802,-60.3991,0.0,0.0,0.2756743411229236
E_S_WWC_WM_199,10.097,-7.66466,1.3033,7.30633,0.53,-0.33,15.1378,3.60404,23.8461,-68.9678,-1.49726,0.2,11.5086,-0.2,5.16006,7.44187,-27.5163,-23.2011,-18.712,29.3918,-58.6187,32.2645,43.3271,0.0,0.0,0.2509368062192691
E_S_WWC_WM_200,8.85139,8.81047,6.97924,14.2213,0.97,2.27,-0.815763,9.55982,-24.2439,105.464,4.34056,0.0,7.11503,0.7,30.4776,8.75794,29.3575,13.263,79.0221,44.1529,104.199,-1.98531,-80.9827,0.0,0.0,0.2715512903953488
E_S_WWC_WM_201,2.84412,-0.664165,3.93348,1.85171,-1.33,1.56,-0.0555584,0.60241,-40.081,108.99,-14.2076,-0.1,2.98125,-0.4,-21.2378,9.97766,14.9701,6.3029,79.9992,-46.8539,-15.5666,87.1624,105.396,0.0,0.0,0.2821916189501661
E_S_WWC_WM_202,8.51229,-3.23396,7.94027,15.8779,-1.47,-1.76,-6.24626,-0.615154,25.7406,-43.8126,-1.18453,0.3,3.59387,-0.2,48.2702,21.6262,2.2374,-16.9719,38.2559,-9.18312,46.96,47.3205,43.8429,0.0,0.0,0.2191974104119601
E_S_WWC_WM_203,12.4362,12.6235,8.02276,-4.52159,0.26,2.25,18.6161,1.59655,-32.4565,-27.0547,-12.2084,0.5,5.52461,0.9,2.08997,2.50125,13.679,42.1837,127.773,39.4878,83.9674,28.4813,-149.626,0.0,0.0,0.2779937097508305
E_S_WWC_WM_204,14.1127,1.78951,-4.55923,10.3035,-1.49,-0.14,14.7149,-3.11099,28.9221,135.903,0.623319,0.1,16.8033,1.0,6.97536,-15.068,15.1984,23.6259,-11.8919,-19.8007,-38.0357,-33.5665,-19.2733,0.0,0.0,0.2786618538438538
E_S_WWC_WM_205,6.22772,4.10775,-5.17005,-14.5404,-1.24,-0.25,-8.41272,-3.59835,44.7212,68.3129,-14.8349,0.6,9.67293,0.6,4.72482,15.5748,-17.3082,-8.19073,-19.1517,32.568,-21.9435,18.4438,-97.416,0.0,0.0,0.280562474026578
E_S_WWC_WM_206,3.02235,-1.52197,16.7964,-12.3967,-0.05,-0.2,1.38038,-3.48872,-49.4909,-75.3777,-14.1889,0.2,13.4651,-0.3,44.1145,19.0453,21.2681,-9.11786,60.8169,31.1653,54.3266,-31.2261,13.9621,0.0,0.0,0.240085759641196
E_S_WWC_WM_207,10.7021,-4.53654,17.1409,-10.0037,1.82,1.41,16.2022,6.05222,8.96469,-59.9644,4.73158,0.0,-16.8717,0.2,52.2213,16.2567,21.7415,44.2848,-23.2928,30.0008,25.7159,51.5428,-109.935,0.0,0.0,0.2552693878338871
E_S_WWC_WM_208,10.6885,1.31931,8.83336,8.35649,0.01,-1.68,4.58587,-2.34034,45.6116,-57.8659,-13.1998,0.6,10.3766,0.6,43.0263,-10.9198,-28.3854,39.2319,49.9998,18.7431,146.763,-26.5734,-145.899,0.0,0.0,0.2566395813787375
E_S_WWC_WM_209,11.7496,6.33684,10.0382,2.11372,2.17,-0.8,-4.35615,6.74524,29.7767,-0.991177,-3.48798,0.7,-9.72866,-0.3,45.0656,-19.4607,-4.46149,32.7556,45.6425,-7.12425,-30.5225,83.4744,30.7055,0.0,0.0,0.2929252520498338
E_S_WWC_WM_210,-5.46888,13.4793,11.3797,10.4805,1.03,1.69,-6.53252,3.84393,26.7287,89.1901,-6.30292,0.2,4.49675,0.3,23.1013,28.4009,-27.2249,7.00691,75.0628,39.071,-11.1553,29.6093,111.056,0.0,0.0,0.2884565912126245
E_S_WWC_WM_211,6.33729,-3.39514,12.2158,-1.11424,1.03,-1.62,12.0608,7.60283,0.0794027,-49.7484,-12.272,0.6,-16.0275,-0.1,15.9694,-6.20428,20.4537,32.9451,69.2763,-40.7772,74.9302,23.1056,-188.105,0.0,0.0,0.2587698790332225
E_S_WWC_WM_212,-3.57802,3.57233,-0.889506,-16.3348,2.1,2.41,12.9959,1.21741,34.0911,-18.8325,1.03461,0.1,-2.48029,0.9,3.75731,21.3648,-11.898,37.5907,38.5373,34.6269,147.512,-36.5304,128.01,0.0,0.0,0.2741138010697674
E_S_WWC_WM_213,7.47952,14.7044,-3.73338,10.5937,-0.98,1.91,3.4795,7.8909,16.1003,-93.5708,-0.40191,0.6,-19.685,0.4,12.1193,1.88041,11.7442,17.2496,91.4767,-48.862,44.2768,78.5295,89.5178,0.0,0.0,0.2680637203754153
E_S_WWC_WM_214,-6.38714,11.4954,14.7906,-7.13771,-0.88,2.04,8.05988,3.75343,-32.9938,-39.294,-3.73485,0.4,-8.1936,-0.1,50.1441,-19.549,26.4823,4.55287,41.0417,-3.82065,19.5392,67.7814,-185.965,0.0,0.0,0.2740651002425249
E_S_WWC_WM_215,7.30043,-4.48591,11.0752,-11.8965,-1.56,1.97,0.505814,-0.765125,-32.8516,-85.021,3.36564,0.1,18.5576,1.0,-11.659,3.2028,9.03141,-4.63858,82.7924,-12.6902,49.0395,-8.79242,115.706,0.0,0.0,0.2268534597109635
E_S_WWC_WM_216,3.63103,-0.905738,-1.6032,8.92607,-1.52,1.64,17.0488,4.80222,4.049,149.3,-8.19869,0.3,14.432,0.3,55.8969,-10.4927,9.78999,43.6733,76.1762,42.8154,-24.7006,-29.3383,75.397,0.0,0.0,0.2877693497740863
E_S_WWC_WM_217,0.997573,6.82613,1.09105,9.15321,1.39,-0.5,16.2663,9.73358,-47.3891,76.6626,-3.08057,0.8,-21.0135,-0.2,5.45043,20.4771,2.92333,40.6286,47.9311,5.14348,115.658,26.6718,-130.157,0.0,0.0,0.2881593798106312
E_S_WWC_WM_218,-0.747814,3.37511,-0.772013,14.0672,0.91,1.82,-8.5976,1.32769,-37.8606,-6.37813,2.62056,-0.4,-17.6181,-0.1,-6.70348,17.1154,-28.9444,44.1254,99.5412,-6.81745,93.2972,-13.1143,-58.9729,0.0,0.0,0.2700717222458471
E_S_WWC_WM_219,-6.32991,13.0059,0.300317,-7.19916,-0.4,1.18,-3.23126,-2.66116,7.63545,-16.3425,-1.98936,0.0,17.5794,0.1,7.7316,9.75036,-0.180289,40.3102,-53.7065,43.0354,-48.8409,59.8905,-165.605,0.0,0.0,0.2985324954651163
E_S_WWC_WM_220,11.8657,1.05902,-5.37,12.3637,0.1,0.83,-1.78541,1.78636,-47.9362,-13.1895,-1.33666,-0.1,-1.65362,0.8,19.6448,-7.68389,-23.0128,14.3318,35.597,40.8201,129.655,-42.6067,-172.043,0.0,0.0,0.2535756832126246
E_S_WWC_WM_221,-2.82922,14.1241,-3.28122,-18.5218,-0.38,-1.1,14.7947,8.35114,-2.17241,70.5622,-2.24455,0.7,-1.92406,0.8,-15.8327,-18.7506,2.22478,16.4663,19.3367,-44.6663,66.5211,46.8354,-27.9658,0.0,0.0,0.2902164625083056
E_S_WWC_WM_222,6.52494,3.80504,-7.97739,15.9959,0.82,-1.27,5.51759,2.36039,25.8901,58.1814,-14.5834,0.0,-3.8849,0.6,-7.47745,29.58,0.813722,53.8305,11.8435,9.93527,-5.96067,10.2255,47.7638,0.0,0.0,0.3056773087209302
E_S_WWC_WM_223,-2.36326,10.9189,-0.954174,19.8848,-0.19,-0.68,18.8502,8.04987,-36.0713,89.5403,-9.65324,0.5,23.6943,0.5,33.6372,-13.7564,9.96939,14.3079,6.68258,29.8563,110.851,-12.9934,-112.91,0.0,0.0,0.2868516849036545
E_S_WWC_WM_224,14.7223,10.8446,14.5994,0.500045,-1.52,0.24,4.96232,-1.68984,21.7173,-34.4437,-10.203,0.0,-13.1107,0.8,39.0337,-19.2361,11.1262,17.4459,-54.3884,-46.2295,54.1034,-22.0096,31.7001,0.0,0.0,0.2754799298239202
E_S_WWC_WM_225,0.0321028,8.5318,17.2538,0.165864,-0.06,0.46,-0.98594,-3.46384,15.5317,-26.3253,-4.13897,0.6,22.7162,1.0,11.1647,8.92369,-4.59733,44.7529,-21.0715,-1.22757,143.825,84.9481,88.175,0.0,0.0,0.2760897567408638
E_S_WWC_WM_226,-2.6128,-7.36357,-3.32532,-0.256689,2.37,0.46,-5.45151,9.84712,-9.93561,-38.6477,-10.4647,0.2,-3.96817,0.7,24.4472,2.29186,-21.9431,14.1319,19.6631,-25.483,77.2617,10.788,106.276,0.0,0.0,0.2647989701229236
E_S_WWC_WM_227,9.81578,5.96096,9.87665,-19.0403,1.92,1.77,3.98753,-1.35035,-17.408,70.4447,-12.015,-0.2,0.0983678,-0.3,26.6068,-19.1587,4.13309,19.1485,-25.9332,-41.8475,-51.1602,31.618,-108.961,0.0,0.0,0.289954100986711
E_S_WWC_WM_228,-5.17724,7.21909,2.54147,2.17476,-1.68,2.2,16.7576,8.87658,42.5343,77.3809,-7.96619,-0.3,5.63226,0.1,-5.80491,-15.2414,-3.6302,5.18021,-37.9832,36.8486,42.7231,55.3214,-34.005,0.0,0.0,0.2952528533488372
E_S_WWC_WM_229,3.40789,9.51522,3.79055,-2.69761,1.92,-1.58,4.81673,-1.32577,-15.2094,71.9003,2.88953,-0.1,9.74122,-0.1,46.0644,16.3642,-20.7815,37.0079,1.92591,26.765,-3.89743,82.1602,-195.616,0.0,0.0,0.2866864037973422
E_S_WWC_WM_230,-2.80775,9.8841,19.5418,10.8997,0.61,0.38,-5.47171,7.56156,-22.9875,66.6108,-1.90909,-0.1,-22.7349,-0.2,14.3133,21.1562,21.445,-14.6882,45.315,-28.2366,25.2348,-49.0755,-193.215,0.0,0.0,0.2754054293953488
E_S_WWC_WM_231,14.3171,-1.24288,-4.98976,-0.615172,0.98,1.89,-1.1788,9.44921,-33.9468,103.811,-8.82492,0.1,-5.37135,-0.3,-8.46242,9.43578,-9.35402,37.9954,-40.2496,-26.3583,95.4318,-27.6029,-185.266,0.0,0.0,0.2861050802591362
E_S_WWC_WM_232,2.21616,0.676918,9.14885,-16.9344,1.1,1.65,16.4961,8.83285,-18.6228,12.6176,0.728531,0.6,12.6548,0.7,55.0132,2.26709,16.9986,-13.8606,-42.1535,20.9243,33.7699,74.0918,108.933,0.0,0.0,0.2403578054086378
E_S_WWC_WM_233,-3.51899,10.5856,17.6955,7.48649,-0.62,-1.66,-2.30362,-3.77643,35.0345,80.5526,-12.8101,0.7,8.90991,0.0,36.9057,16.0552,-5.80817,-10.3105,-53.1378,-15.8553,94.4802,18.1854,-30.3691,0.0,0.0,0.2909794049900333
E_S_WWC_WM_234,11.3461,-2.68446,13.4165,17.7157,-1.5,1.73,16.0067,4.00111,-43.4139,123.026,-5.88646,0.1,-7.00561,0.8,4.49291,-5.36598,-20.2315,39.7762,105.041,31.4584,-10.7236,52.1454,-134.673,0.0,0.0,0.2650372842392026
E_S_WWC_WM_235,1.63491,-1.9992,18.7422,14.1386,0.78,1.99,10.3785,8.96062,-43.1796,-55.5229,0.396017,0.1,-5.98042,0.8,-0.812286,17.6003,7.71762,34.6663,32.6383,-27.0774,117.904,-33.8811,-14.3981,0.0,0.0,0.2504810163521595
E_S_WWC_WM_236,-7.24458,-2.84553,4.4412,5.23763,1.02,-0.53,4.08152,7.46222,40.3959,9.56241,4.19226,-0.3,-15.2624,1.0,0.642986,-7.58902,1.92608,-0.959704,0.0596398,-42.503,130.437,-12.0845,128.7,0.0,0.0,0.2456929230033222
E_S_WWC_WM_237,4.387,-2.12248,3.97158,-5.55156,-0.54,-0.75,16.4747,4.57333,-26.0898,-92.998,-6.94273,0.6,-22.1371,0.8,-20.6237,-0.0874523,-22.3465,17.7448,-4.02362,20.2744,92.4457,55.2295,59.9834,0.0,0.0,0.257474111910299
E_S_WWC_WM_238,6.32029,0.81703,8.48388,-16.2652,-0.46,-1.67,6.77434,1.81397,-47.2688,55.5389,-0.474693,0.5,8.61608,0.0,-9.31917,-15.5052,-1.31774,23.3798,28.6437,46.2768,-27.2831,76.2291,-29.9495,0.0,0.0,0.264451579654485
E_S_WWC_WM_239,10.8002,8.37191,-2.97758,-4.73718,0.84,-0.95,17.7764,-0.605805,30.4141,41.9435,-10.4993,0.5,14.9964,0.3,57.2036,6.8398,-0.990484,-10.9055,125.836,38.6043,126.003,63.3661,-171.459,0.0,0.0,0.2712011788305647
E_S_WWC_WM_240,-4.43033,-4.16083,-6.07244,16.1141,0.79,0.12,16.8488,2.20785,-26.2223,10.6472,3.0374,0.7,-8.73918,0.5,49.6848,25.7022,3.5526,17.9118,85.7022,-36.9079,135.647,42.9522,-31.641,0.0,0.0,0.2493595174252491
E_S_WWC_WM_241,7.15261,-0.173017,-1.71391,6.4,-1.56,0.74,9.65055,-3.65379,0.160939,36.2341,-2.79473,-0.2,-8.86547,0.6,32.4802,-9.54185,-0.85356,-24.3708,-44.2424,44.7741,23.344,17.4182,12.3691,0.0,0.0,0.2515382246843853
E_S_WWC_WM_242,-0.0568439,12.1773,15.102,-13.832,0.08,0.09,-2.16796,9.7487,-36.3385,62.3606,-7.01683,0.4,21.1307,0.9,-10.3374,15.8398,1.46699,-9.25673,33.7812,48.0236,-21.7546,-8.68558,-157.568,0.0,0.0,0.2842887507940199
E_S_WWC_WM_243,2.68419,10.9957,3.45405,5.7979,-0.16,0.37,-7.5057,9.18879,13.6006,82.7019,3.90474,-0.1,11.1668,-0.3,-22.0063,22.3271,7.4116,-4.66281,-4.13193,40.5084,134.059,76.8117,7.44808,0.0,0.0,0.2747298092990033
E_S_WWC_WM_244,-2.24712,-5.38067,3.55271,-3.57234,1.88,0.16,-3.97907,6.53094,-24.4879,35.1791,-6.78225,-0.4,-12.4698,-0.1,52.2886,10.2812,-14.182,36.8033,-53.9249,41.8835,-38.1779,-19.194,-74.2472,0.0,0.0,0.2747656537508306
E_S_WWC_WM_245,11.3972,11.1875,10.549,-9.47998,2.12,-0.36,17.2891,2.4957,-2.64319,116.979,-0.795495,-0.1,10.2674,-0.2,-24.4181,3.51763,-20.5436,52.7176,-48.1817,8.31351,66.0453,-40.3591,42.7355,0.0,0.0,0.2988940921528239
E_S_WWC_WM_246,-4.07887,7.5883,19.0366,-4.26684,0.59,2.42,5.39813,-0.580985,-25.5223,-94.811,-0.585328,-0.2,2.69077,0.3,17.0039,28.6083,26.0829,29.5626,-51.8824,-16.9327,63.0888,77.5939,-58.2181,0.0,0.0,0.2600594758903654
E_S_WWC_WM_247,6.94925,-3.85183,9.8183,12.5056,-1.26,-0.16,-8.29727,2.26483,17.3019,-3.84253,-0.0380798,0.3,-22.9122,0.6,26.883,-14.0563,22.0725,26.796,71.562,35.9741,-27.9599,34.3867,-146.35,0.0,0.0,0.2520417924817276
E_S_WWC_WM_248,-3.70872,0.586839,5.67432,5.3823,1.83,0.9,-3.89937,9.3154,-40.9042,56.2908,-8.29056,-0.3,8.69853,0.0,3.82697,-15.1505,18.6509,44.9548,71.6819,32.3899,132.048,51.8043,85.3475,0.0,0.0,0.283142950358804
E_S_WWC_WM_249,3.49275,-3.60484,14.6127,-19.9964,-1.23,1.35,6.47098,6.08956,-37.5014,-2.02938,-9.71066,-0.2,12.963,-0.2,-24.766,-15.3379,-11.0161,23.3011,113.983,32.9121,17.0757,-28.46,100.016,0.0,0.0,0.2544833607043189
E_S_WWC_WM_250,7.79357,0.1484,17.4801,-2.54332,2.05,2.16,-1.23038,3.79981,-4.98514,114.866,-9.07794,0.7,-22.6973,0.3,-21.6427,23.849,-20.7405,-4.04101,35.2409,0.538401,32.3977,24.1191,-112.455,0.0,0.0,0.2569737893089701
E_S_WWC_WM_251,7.19238,3.73065,10.3576,-3.5264,-0.9,-1.67,-5.01073,-4.62914,6.55767,147.634,-13.3023,0.0,23.2061,-0.2,-7.01129,16.504,17.4925,8.38197,9.1966,34.4452,56.2382,49.2412,65.8474,0.0,0.0,0.2943318254518272
E_S_WWC_WM_252,7.09676,-6.45093,-6.60915,-3.77392,1.12,1.54,2.8031,-0.416002,25.3634,-48.5096,-11.9197,-0.2,7.93404,0.0,0.486038,-14.587,24.127,0.11702,-18.8161,43.5769,96.9151,70.302,-125.835,0.0,0.0,0.2545160266478405
E_S_WWC_WM_253,1.50477,3.83745,17.37,-5.25255,0.88,-0.57,18.2962,-3.16617,29.4197,-39.8002,-6.82612,-0.3,-9.2387,0.7,-18.0358,4.99187,22.2805,8.95728,-32.7952,-39.8944,99.5598,70.9537,54.1384,0.0,0.0,0.2753764898936877
E_S_WWC_WM_254,-5.51067,1.93078,18.1855,-2.38679,0.93,-0.14,-3.85515,9.2934,31.189,74.3345,-5.08793,-0.1,23.4698,0.7,53.7238,-17.2909,1.06723,35.5237,52.2688,6.08968,24.9894,-45.6562,-82.9837,0.0,0.0,0.2861032800398671
E_S_WWC_WM_255,-5.98851,11.3509,4.71091,12.3221,1.44,-0.86,4.66926,8.9153,30.2653,2.28945,-13.7773,0.2,19.1091,-0.3,2.94523,7.05442,-23.4284,14.8459,115.072,40.6658,1.25778,-41.6326,-149.254,0.0,0.0,0.2929180076411959
E_S_WWC_WM_256,4.99589,7.38313,14.8468,11.4187,-1.75,1.28,-2.4755,0.305473,37.7291,66.8465,2.35115,-0.4,-7.39299,0.7,21.4776,4.82363,-2.41841,33.9874,-11.3884,-5.46479,26.2424,-55.3158,127.773,0.0,0.0,0.2897344315182724
E_S_WWC_WM_257,8.5541,5.72028,15.97,16.515,0.47,1.72,-9.13169,-1.45041,-35.8156,-48.2582,3.56084,0.7,-3.61829,0.5,19.3399,-1.56477,-12.8986,-2.00967,-55.6252,32.0324,-42.9489,1.23452,-121.886,0.0,0.0,0.2535369826943522
E_S_WWC_WM_258,-0.656325,2.73056,11.719,11.4807,0.76,2.08,15.5182,-2.60253,47.4764,-2.84335,-1.04122,0.1,-22.5857,-0.1,58.6442,17.1585,16.6171,-21.486,62.2288,7.25828,89.3249,52.6986,-129.029,0.0,0.0,0.2463234705681063
E_S_WWC_WM_259,-4.64991,-5.80348,-1.42886,-5.48761,-1.41,0.42,-2.08385,-1.25088,20.4568,132.798,-9.25189,-0.3,-24.8052,-0.3,41.1008,11.8264,12.2938,-20.3442,44.542,-27.1694,56.507,18.3372,-64.1774,0.0,0.0,0.2579630422491694
E_S_WWC_WM_260,-6.94098,-0.564574,1.91858,2.44136,-1.59,1.74,10.2986,2.46397,3.3539,21.1247,4.81635,-0.3,24.9898,-0.4,12.5053,27.0065,13.7608,8.65484,38.3587,22.123,12.5537,1.40551,-65.5942,0.0,0.0,0.257252016089701
E_S_WWC_WM_261,12.4822,-4.13208,15.0124,-19.5964,2.15,1.97,11.66,-2.83623,-41.0869,86.1804,-3.96946,0.6,-4.15171,0.6,-8.83247,14.5892,11.0007,32.1607,-30.7934,21.977,8.10154,84.6687,-8.75718,0.0,0.0,0.2722340457475083
E_S_WWC_WM_262,5.29664,2.8285,9.61736,-17.1215,1.31,0.42,18.8262,-1.24872,42.3326,-12.0638,-3.46949,0.3,-15.502,0.1,-23.355,11.3565,-27.724,54.9885,73.527,-31.3325,12.0725,-0.397391,-45.9437,0.0,0.0,0.272921306192691
E_S_WWC_WM_263,8.176,-0.764586,-7.59475,-0.462653,0.58,1.1,5.24494,2.82074,49.087,-91.4144,2.49586,0.5,-10.2196,0.8,39.6505,1.99823,7.66551,-12.8179,77.9009,19.0562,111.482,13.0898,-119.57,0.0,0.0,0.2245553890365448
E_S_WWC_WM_264,4.19069,-0.391359,15.6019,19.1819,-0.41,2.39,-3.583,7.30589,42.9476,57.1707,-3.75347,0.3,-21.7572,0.5,-0.856744,6.96623,2.45387,38.7954,-24.7455,-33.9209,-50.0762,77.0716,-131.02,0.0,0.0,0.2749927621827243
E_S_WWC_WM_265,5.10347,9.37736,6.09792,12.6549,2.5,-1.44,-0.147528,8.07166,-8.80952,-35.0817,2.76623,0.6,8.53098,-0.2,9.45075,-12.3992,8.12409,28.4315,28.8622,47.6882,53.5058,-53.8721,20.3829,0.0,0.0,0.2713977691528239
E_S_WWC_WM_266,-6.06116,-7.10514,-2.89468,-6.43839,-1.3,2.19,-6.42852,-0.371956,47.0352,64.0663,-0.0932664,-0.3,8.48234,0.6,17.2705,24.3002,-24.1291,38.5706,-21.9224,26.5475,72.6185,6.26975,-20.1866,0.0,0.0,0.265444202448505
E_S_WWC_WM_267,-2.06414,3.10722,2.61581,18.2491,-1.68,-0.63,1.75878,6.80788,22.3846,139.198,-3.33724,0.4,-11.3447,0.6,19.7746,11.0501,10.5551,-15.6113,3.22246,-35.0221,148.058,-25.9217,-191.549,0.0,0.0,0.2701047421229236
E_S_WWC_WM_268,10.9345,10.1073,15.6414,-9.09353,1.11,2.44,-3.02137,4.02436,3.07468,-33.4297,-14.5685,0.7,24.496,-0.2,18.7559,9.90983,-9.10648,7.18941,86.4707,19.9115,0.165822,64.8065,-82.4127,0.0,0.0,0.2881227083986711
E_S_WWC_WM_270,-7.56836,-4.75871,0.399867,-15.9457,-1.36,-0.31,-6.68081,9.06089,4.44405,37.864,0.145422,0.1,-18.7104,-0.1,2.60224,-16.546,-18.0808,11.1706,-12.8169,31.4011,122.753,-29.444,-101.49,0.0,0.0,0.2625316411096345
E_S_WWC_WM_271,-6.43278,0.191741,12.1608,-18.7735,-0.74,-0.44,15.2614,-0.296016,6.00359,68.7752,-9.82539,-0.1,-15.7511,-0.3,3.39039,10.9705,27.5968,54.3282,39.2943,30.6153,-12.6869,14.8136,-116.689,0.0,0.0,0.3001166918637873
E_S_WWC_WM_272,14.1196,-5.17209,1.22504,-15.675,0.8,-0.61,-3.33563,7.23357,-27.4549,57.3013,3.65584,0.8,7.16152,0.7,15.8686,5.49508,-18.4509,17.5576,127.926,5.92867,11.8839,-12.4171,6.59501,0.0,0.0,0.2477887901694352
E_S_WWC_WM_273,2.1178,-6.5746,-1.97063,17.7853,1.18,1.57,-0.301438,8.78816,34.773,-67.7209,0.452838,0.7,-9.33255,-0.2,44.3144,24.7561,13.1947,-1.53181,-1.27621,13.3047,-56.1541,3.10714,-62.0779,0.0,0.0,0.2393248610863787
E_S_WWC_WM_274,3.63991,12.9883,-2.3958,-13.9493,1.5,-1.31,10.6332,-3.3997,-8.34048,-29.749,-9.46416,0.6,14.6894,0.9,25.2181,-14.8994,23.2846,4.29811,105.533,22.7526,-40.8258,67.5647,-14.8195,0.0,0.0,0.2742985153421927
E_S_WWC_WM_275,7.05372,-1.7724,10.9126,0.0973435,1.82,1.72,4.19496,-0.52494,-45.4573,-75.8094,-7.912,0.7,-10.0089,-0.4,49.5611,-12.0916,-11.6556,1.97604,91.4513,18.3414,37.1844,-20.4731,-167.56,0.0,0.0,0.2334522432724252
E_S_WWC_WM_276,-1.42347,10.9891,13.7672,-15.3467,2.14,-0.92,-2.11525,1.30529,8.21663,137.958,-1.93786,-0.2,-15.1231,0.2,20.6025,10.3922,-27.4453,-0.873207,37.4045,49.1972,131.751,23.3243,-182.521,0.0,0.0,0.294041648385382
E_S_WWC_WM_277,10.1784,8.6935,-3.42238,-10.2335,-1.32,-0.72,-8.13057,0.408796,18.7551,-33.3192,0.477623,0.0,-4.64734,0.6,23.015,20.1812,-16.6661,-9.41808,110.729,-41.1801,-52.6958,-45.8956,-128.437,0.0,0.0,0.2669121653820598
E_S_WWC_WM_278,-1.39565,8.01461,-5.25793,7.70639,-1.04,-1.25,2.6472,-4.09049,-25.4081,47.5294,-13.3591,0.1,-21.9996,0.6,58.425,-4.54103,4.78584,19.5479,23.4292,-41.5564,133.51,6.86803,-92.8308,0.0,0.0,0.2920887095182724
E_S_WWC_WM_279,-0.484406,-3.81831,0.920555,-2.30357,1.25,1.45,-5.212,5.09249,33.7603,41.1993,-8.76062,-0.2,19.3483,0.6,-20.947,-7.83249,16.4618,-13.9736,77.1772,-7.53458,-38.4619,-6.91682,116.633,0.0,0.0,0.25491701020598
E_S_WWC_WM_280,-3.83374,-4.64135,16.039,-12.8253,0.46,-1.34,11.145,-2.52684,23.2228,83.695,3.12307,0.0,8.15495,0.0,-13.0146,28.0982,-2.36888,20.2945,8.01649,35.442,121.706,-4.69452,-105.167,0.0,0.0,0.2599709736112957
E_S_WWC_WM_281,14.5951,14.4037,-1.48758,-15.246,-0.9,-1.09,13.8009,5.2019,5.54013,30.3365,-4.80477,0.2,-17.6754,0.5,56.099,-3.76751,28.7192,26.7613,-16.7711,24.8454,88.4317,-24.6631,-98.4809,0.0,0.0,0.297650547986711
E_S_WWC_WM_282,-5.22331,10.0841,16.8649,-18.2945,0.14,1.59,11.7248,-4.02478,-11.3529,48.1872,-10.0819,0.7,19.5708,0.5,4.04501,26.0436,6.21442,12.191,107.285,17.9518,50.157,-28.1286,51.7307,0.0,0.0,0.2813939047607974
E_S_WWC_WM_283,10.9028,-5.25609,19.3567,0.69824,-0.47,-1.18,-7.57116,5.52991,46.983,116.714,-2.6242,0.1,12.6079,0.4,-9.8215,-14.9851,-7.9263,21.5156,-54.0827,20.8284,60.975,-8.39846,11.3666,0.0,0.0,0.2562972130664451
E_S_WWC_WM_284,-0.429287,12.0886,-4.40903,-0.155666,1.5,-1.01,15.9445,7.3606,30.4841,27.146,4.70196,0.5,11.0845,0.5,-19.4642,8.01022,-8.05447,13.1473,-46.5743,42.4647,147.229,-46.3293,-47.5564,0.0,0.0,0.2890957448405315
E_S_WWC_WM_285,-3.8653,-5.47314,8.44016,3.93312,2.23,-1.41,4.48063,-0.0932522,-23.7038,-76.3152,-0.569034,-0.1,13.1994,0.3,-21.9082,6.07731,-14.7617,-12.9201,57.4535,9.63446,54.8543,-25.0282,-155.339,0.0,0.0,0.2369417140199335
E_S_WWC_WM_286,1.80063,14.9076,-3.21118,-2.06074,0.72,-0.74,1.07035,2.55804,-15.6038,-88.6172,0.336701,0.2,8.94094,0.7,-20.1932,19.5412,28.9555,-15.4979,29.2447,16.0193,114.962,14.4077,72.8665,0.0,0.0,0.2503478156245847
E_S_WWC_WM_287,7.67499,6.63156,18.5251,-18.1709,1.84,0.57,-7.60599,-2.16703,-26.6092,1.3483,2.53205,0.6,-17.3533,0.4,47.8279,12.5734,-8.45925,-5.9574,75.9365,-18.5243,21.2802,86.1164,-78.6138,0.0,0.0,0.2531486906112957
E_S_WWC_WM_288,13.05,-0.0274714,5.58703,-0.870079,-1.57,2.34,12.9047,-4.96718,-16.5115,-56.0578,2.68983,-0.2,-14.0057,-0.1,25.7593,-5.19861,17.6066,15.4139,33.1141,11.9421,141.854,20.7568,-183.169,0.0,0.0,0.240394600847176
E_S_WWC_WM_289,9.61686,2.63817,-7.66054,-11.3892,0.51,-1.07,18.797,6.1938,-7.7568,-43.5462,-0.89665,-0.2,20.0246,-0.4,1.69229,15.3858,16.6304,30.8599,-50.562,2.42851,-35.2866,-19.5614,-103.446,0.0,0.0,0.2704582305548173
E_S_WWC_WM_290,7.87336,14.652,1.96234,4.85906,2.28,-1.32,-4.93985,1.97035,-11.5706,147.198,1.01613,0.8,-17.2661,0.6,1.24733,-5.58234,-10.6542,8.89853,-58.5285,13.2822,14.5495,26.4749,47.4082,0.0,0.0,0.2978673967142857
E_S_WWC_WM_291,1.78754,12.3649,6.46923,-13.0736,-1.65,0.2,3.19128,7.94372,31.4852,103.034,-4.7943,0.1,16.6951,0.2,-20.1374,-2.20998,-5.15436,52.5457,108.891,7.69723,4.577,79.5368,59.2701,0.0,0.0,0.2950228280066445
E_S_WWC_WM_292,7.47206,-1.7482,16.2762,13.6789,0.52,-0.9,10.9997,3.1589,-3.70739,-86.7644,-12.0624,0.7,-11.9814,0.1,56.7133,29.9001,-6.84681,6.49994,6.0343,-15.5757,144.461,-34.2597,5.16425,0.0,0.0,0.2444389279003321
E_S_WWC_WM_293,0.716267,-3.48744,-6.27928,-3.72039,0.89,-0.31,10.7363,5.3507,-19.0952,-87.8173,0.520774,0.3,-2.68366,-0.2,13.6217,23.5811,-4.7306,12.3267,64.9182,44.5355,4.04172,72.0194,-151.535,0.0,0.0,0.2478596581129567
E_S_WWC_WM_294,6.48065,-1.70443,13.6815,-3.07184,0.65,0.17,18.901,0.988306,15.5792,116.172,-7.38477,0.8,6.80587,-0.1,13.3462,22.1957,-11.4415,34.6327,78.2988,49.4905,70.601,-46.5058,146.609,0.0,0.0,0.2647159108936877
E_S_WWC_WM_295,14.2101,11.4684,9.25048,6.05135,-1.79,-1.25,11.1962,0.45914,-2.52196,40.1784,-12.5394,0.4,-10.8355,-0.3,-8.71387,-5.78727,23.9249,-15.1237,48.3756,1.12825,34.5256,-46.7595,34.7559,0.0,0.0,0.2746354171461794
E_S_WWC_WM_296,12.0451,-3.26668,16.3521,-2.95051,-0.06,-0.84,7.57503,3.0795,6.7148,16.2219,-3.89634,0.1,-21.5318,-0.1,39.1773,-18.461,19.6025,-20.4376,-38.3875,21.3981,116.648,79.4331,96.676,0.0,0.0,0.2299606829468438
E_S_WWC_WM_297,11.5836,7.53214,19.8819,12.2256,1.08,0.17,9.49699,4.12307,25.6846,15.1127,-10.8328,0.8,-13.2564,0.8,-6.85351,21.7031,-5.56467,30.4499,121.445,25.6094,108.277,55.803,55.9193,0.0,0.0,0.2693719209136213
E_S_WWC_WM_298,-4.92424,-0.117722,12.4279,6.92844,-1.51,-0.79,-9.92392,-4.4375,-28.0041,12.9036,-8.26742,-0.2,4.04223,0.7,35.3033,25.3365,-14.5641,-5.39217,87.5543,16.7698,67.074,-27.9779,97.4683,0.0,0.0,0.2505890459700997
E_S_WWC_WM_299,8.22373,-0.948227,-4.66255,0.424774,-0.33,0.97,3.36924,-3.98273,-43.5714,139.904,3.60083,0.0,18.4218,0.2,0.563805,13.1763,-21.2684,16.8775,108.355,-4.53353,45.6146,48.6286,-173.595,0.0,0.0,0.2783968333521595
E_S_WWC_WM_300,3.56341,4.97219,-4.29931,0.350041,-0.95,-0.02,11.325,5.94528,11.9609,59.6389,-2.88107,0.7,1.41344,0.8,59.9709,-18.5253,-22.3906,-16.5754,73.2367,-0.709251,48.3969,-39.341,139.751,0.0,0.0,0.2611319949933555
E_S_WWC_WM_301,-1.2433,2.40071,8.69459,3.82373,-1.14,0.72,-8.45119,-3.50066,27.8546,125.647,-4.96107,0.1,-13.8185,0.9,-14.2606,27.084,4.58108,22.0071,-31.7729,6.36251,5.60799,-4.80833,-150.934,0.0,0.0,0.2902857642857143
E_S_WWC_WM_302,13.5116,6.66561,-0.669415,1.99411,0.77,-0.18,-3.22732,4.83162,18.1891,40.8899,-14.9336,-0.3,17.7638,0.5,30.6983,2.95753,-25.0979,15.8399,-3.18943,-23.1804,12.6264,-23.5821,-128.633,0.0,0.0,0.2875694335016611
E_S_WWC_WM_303,12.1194,7.95606,-1.3865,-6.35573,1.85,1.42,19.1176,2.64545,-3.24396,-61.2858,-9.59642,0.4,-17.425,0.5,5.62305,3.03978,-8.61486,32.8625,68.7702,-42.9174,120.358,-59.7181,61.0775,0.0,0.0,0.2796615332392027
E_S_WWC_WM_304,13.2846,3.42508,11.2127,-5.78257,1.95,0.02,7.80453,-4.45535,-1.1386,38.1143,-14.3827,-0.1,-10.8685,0.6,36.3678,17.8084,1.8141,53.413,123.776,-21.8776,-7.08287,57.1647,-61.7087,0.0,0.0,0.2838197210166113
E_S_WWC_WM_305,0.764904,2.92595,-1.1711,-1.20903,-1.61,0.89,-7.98183,5.00104,-49.027,-70.8767,-9.22691,-0.2,8.13684,0.4,-7.64911,18.894,11.6486,36.3853,-23.9172,-35.4444,-4.26026,-44.4408,79.0117,0.0,0.0,0.2711328072980133
E_S_WWC_WM_306,6.82682,-5.4625,16.6656,8.8656,1.09,1.59,-9.37088,9.5339,1.13379,-13.9267,-13.0214,0.8,-16.1146,0.4,22.9419,-1.76706,13.3125,-23.1329,56.1111,10.8697,-5.64189,-12.4669,119.036,0.0,0.0,0.2553422189169435
E_S_WWC_WM_307,-5.35411,1.79902,-2.09734,-1.45477,1.43,0.34,18.6646,1.87136,47.2631,118.225,2.88258,0.1,16.2855,0.1,1.43523,4.11563,-9.5922,-15.8599,125.505,14.1063,-32.228,-0.651336,-38.2299,0.0,0.0,0.2796251720764119
E_S_WWC_WM_308,1.54088,-2.5844,3.71245,12.4018,0.78,1.6,1.88285,8.37785,29.1357,107.348,-11.3214,0.7,23.8773,0.1,0.36407,13.4623,28.0424,7.92492,5.93888,-23.4214,72.1611,71.4388,-194.365,0.0,0.0,0.2830484956212625
E_S_WWC_WM_309,11.419,8.12559,1.38683,5.66608,0.32,1.7,15.4928,-3.88137,-6.92668,-74.8555,-13.0838,-0.1,-5.16825,0.1,8.18429,21.2939,-28.74,19.8868,102.593,14.989,-10.9616,-36.9926,-116.286,0.0,0.0,0.263938151385382
E_S_WWC_WM_310,-1.72994,2.1687,3.84719,-14.9632,-0.71,-1.43,17.1081,0.491693,23.5045,-8.33879,-12.457,0.6,-7.8882,1.0,8.30071,23.6506,-14.858,1.30102,30.7721,-35.8973,146.173,21.0167,-102.171,0.0,0.0,0.2559597843322259
E_S_WWC_WM_311,2.16049,-4.74442,14.3026,-10.8301,-0.56,1.79,0.213405,-4.32706,37.4084,5.50685,-14.9535,0.1,-17.1172,0.4,48.8431,6.07139,-4.09663,-2.49608,104.04,-48.6856,-49.4296,11.4036,-137.917,0.0,0.0,0.2543851478073089
E_S_WWC_WM_312,14.309,4.45433,4.98593,-11.1309,-1.61,-1.47,13.69,6.71762,41.6876,-63.0264,-3.83046,0.7,8.00606,-0.2,42.6311,-0.957591,-1.85329,-7.22275,-34.8687,-14.0738,-24.1402,-5.82487,-99.0218,0.0,0.0,0.2457529063289036
E_S_WWC_WM_313,2.8104,-7.50444,1.03659,-5.69315,-1.28,-1.74,-1.64344,1.09163,-5.56808,131.727,-5.23517,0.6,-12.9475,0.4,13.827,3.97462,17.3806,39.5206,-59.9125,-36.1402,35.0139,15.7301,124.906,0.0,0.0,0.2747008259634551
E_S_WWC_WM_314,-1.67382,-0.783989,17.8458,13.9242,1.63,1.94,3.68875,7.91486,19.7967,-74.3475,-0.535212,0.5,21.2997,-0.1,23.5152,14.9816,18.2327,50.6882,121.02,24.0,76.1914,35.9148,85.6533,0.0,0.0,0.2751741588737542
E_S_WWC_WM_315,-7.39109,-2.50048,8.94136,-12.6024,2.23,-0.85,11.6052,4.26591,22.5832,61.4438,-3.63203,0.4,-12.5558,0.8,38.0374,-13.0701,21.4176,25.6208,-19.4964,-5.63558,-34.0072,37.0564,142.137,0.0,0.0,0.2724134951063123
E_S_WWC_WM_316,7.9238,7.75124,1.32949,18.1257,0.24,-1.34,6.88274,0.178346,-18.0008,-61.0048,-2.58107,-0.4,-20.2554,-0.2,24.237,2.14968,20.1297,-22.7019,113.506,6.8167,17.4941,36.6258,-186.477,0.0,0.0,0.244552279269103
E_S_WWC_WM_317,7.84568,0.22122,-7.23821,-5.0992,1.22,-1.75,-9.17799,1.63973,-31.6763,-70.3878,-8.08929,0.0,-0.939163,0.9,20.1134,1.12416,18.904,-11.512,8.79057,-10.3004,-5.04661,-22.1755,-43.7585,0.0,0.0,0.2436001481561461
E_S_WWC_WM_318,-6.22065,-6.62604,8.31232,-4.85708,0.75,2.26,13.9135,6.43901,-19.8316,141.354,-4.2041,0.2,16.1664,0.2,21.5526,19.6405,22.5224,47.0086,50.8984,39.9454,60.274,27.7288,-166.138,0.0,0.0,0.2733537024318936
E_S_WWC_WM_319,6.88572,-6.73659,0.517518,-5.94266,0.37,2.46,1.11928,4.75031,12.9162,-20.6931,-0.33828,-0.3,-12.2264,0.2,-11.3822,24.216,-1.59406,25.993,2.22519,4.99401,7.74439,-56.0253,-144.421,0.0,0.0,0.2578266824950166
E_S_WWC_WM_320,3.28302,4.07936,14.227,5.49031,-0.18,-0.47,-7.09843,-1.4409,9.82031,-73.9516,-10.7137,0.3,-2.26811,0.9,-4.38629,19.4566,-17.5703,49.4953,67.5769,-42.7199,-53.7334,22.0897,36.9132,0.0,0.0,0.3087977047807309
E_S_WWC_WM_322,9.96875,14.7945,-7.69255,-7.76348,0.91,1.29,17.5276,4.69484,1.22897,138.125,-11.303,0.2,1.8536,0.2,-4.6538,-3.58049,2.63839,-13.582,-1.06874,6.90959,71.0917,-50.9106,-169.842,0.0,0.0,0.2961493641594684
E_S_WWC_WM_323,-4.83583,5.0649,2.1117,-7.96629,1.81,0.31,4.72632,7.44182,-33.2368,-3.21977,-3.98494,0.5,12.0668,0.1,-19.359,28.3408,-25.2059,18.7916,126.183,27.2975,145.939,44.065,-53.5541,0.0,0.0,0.2654654618970099
E_S_WWC_WM_324,-3.14828,0.0588059,-4.20175,6.9087,-0.78,-1.62,12.5627,8.73415,-3.88424,96.1536,-7.81306,-0.3,-12.1662,0.0,-10.5362,23.2405,-17.9567,23.8489,1.62667,-23.0547,95.0458,74.7741,-174.355,0.0,0.0,0.2849605953820598
E_S_WWC_WM_325,-0.772398,-3.76243,17.6653,13.6033,-0.95,-0.09,13.4125,-1.29683,-23.748,92.9042,-1.51735,0.3,-17.9017,0.7,19.542,-9.20828,1.38108,46.6213,-48.5693,-49.6043,-21.4356,-32.319,-169.139,0.0,0.0,0.2766399579468439
E_S_WWC_WM_326,-5.74785,0.613478,-3.26471,13.0724,1.74,0.39,15.0607,-2.07286,-0.2058,126.36,-8.44396,-0.3,18.8759,0.1,49.3888,-12.906,9.41779,-4.96613,-0.540366,-34.2082,-18.5205,56.0198,146.229,0.0,0.0,0.2893354027840532
E_S_WWC_WM_327,0.967892,3.24959,9.94859,-11.6574,2.46,-1.71,10.69,1.96365,10.2509,-23.5649,1.87187,0.5,10.8394,0.2,-5.39029,27.4684,29.4995,25.2039,25.6821,-37.5988,57.0938,65.4928,118.777,0.0,0.0,0.2601865813023256
E_S_WWC_WM_328,0.1613,11.9669,17.7434,0.958303,1.33,0.75,17.6039,7.16953,44.6983,77.5608,0.369002,0.3,-7.29365,0.2,38.8875,-11.2036,17.6737,21.8427,-57.4584,10.7233,63.4463,-30.3505,-184.179,0.0,0.0,0.2903253760033222
E_S_WWC_WM_329,-0.691483,7.97004,15.5506,-8.87454,1.24,1.25,9.18169,0.429876,31.8177,-6.62423,-2.10159,-0.1,-0.384486,-0.2,59.2509,-17.2123,9.62087,43.1894,-5.06857,-31.2785,140.507,-45.1614,93.6969,0.0,0.0,0.2752971387873754
E_S_WWC_WM_330,9.14677,9.5542,19.7403,7.41247,-0.89,-1.04,-5.61405,-0.0774861,-34.4093,142.078,-0.300608,0.4,12.4865,-0.2,13.0789,1.05082,-22.5565,-18.6247,10.2358,11.8037,138.992,30.161,126.947,0.0,0.0,0.2731662372724253
E_S_WWC_WM_331,12.633,-5.86005,17.186,2.72671,-1.17,2.37,8.54318,-1.72269,-29.3732,135.175,-12.9502,0.0,23.1238,-0.3,28.7113,-12.324,-25.4865,34.8248,16.3146,-20.7042,-8.28156,-17.7011,-68.1126,0.0,0.0,0.2724239017607973
E_S_WWC_WM_332,-3.17322,-4.6621,16.3721,4.84134,-1.77,0.86,8.77888,0.948831,7.38669,-36.7446,-1.37703,0.4,-15.0466,-0.3,-16.495,-5.97248,-5.2878,-1.33546,10.6307,38.1732,-41.7293,-5.00073,103.245,0.0,0.0,0.2762389658239203
E_S_WWC_WM_333,10.7475,1.92059,-0.499089,-16.6172,1.74,0.55,-0.491868,9.8686,-28.3721,-30.5641,3.30376,-0.2,16.3593,0.4,-19.8234,5.06062,-16.8929,21.9639,13.777,41.6849,-44.7929,67.4999,-139.882,0.0,0.0,0.2724584679302326
E_S_WWC_WM_334,10.2953,-1.09839,0.642842,19.5628,2.36,0.06,2.37659,5.91881,38.7112,-67.2589,-4.55339,-0.1,24.704,0.5,-9.81795,11.0792,-7.18515,18.9536,17.8193,-11.8129,148.67,-16.1829,35.1907,0.0,0.0,0.2434079801196013
E_S_WWC_WM_335,2.44122,7.65222,-5.51231,16.6888,2.05,0.94,-6.21613,2.45244,-23.3352,102.215,-0.614546,0.7,-6.91031,0.1,-22.7709,24.0664,13.9952,48.1174,6.30713,35.7724,3.74546,-22.3764,-105.964,0.0,0.0,0.3100033716644518
E_S_WWC_WM_336,-0.578123,14.4885,9.16648,11.9434,-1.07,-1.53,4.40229,0.465503,-16.6626,135.305,-10.9032,-0.3,-15.9372,-0.1,-3.24966,1.67658,-22.9689,4.98423,120.104,-47.6385,39.8811,10.6289,130.385,0.0,0.0,0.2935431017541527
E_S_WWC_WM_337,-1.95605,-7.79045,-6.22147,13.7199,0.94,0.77,-5.68636,-0.0200747,26.4843,29.6314,-4.35783,0.8,-17.8165,0.0,51.4735,-11.8715,-21.1578,11.2857,117.914,49.9911,0.495898,26.1701,-76.3287,0.0,0.0,0.2494658213920266
E_S_WWC_WM_339,6.44534,-4.20234,-0.273907,13.3286,1.68,1.8,-1.40314,0.737345,-35.055,73.9865,-10.0082,-0.1,-15.8935,0.2,17.772,-16.6972,-24.0764,-18.4996,-56.2973,-20.3612,59.2459,-3.92932,138.52,0.0,0.0,0.2595073593023256
E_S_WWC_WM_340,-3.08048,12.4585,12.996,-8.49544,0.77,0.51,18.0981,7.10315,-32.3002,-22.3535,-9.14116,0.0,7.64005,0.6,37.1355,-19.2919,-28.3127,-23.7936,102.109,32.1505,5.83501,53.0754,-57.7208,0.0,0.0,0.2494257481694352
E_S_WWC_WM_341,-4.97236,-4.94871,10.5647,4.2518,1.82,-0.87,14.4313,0.62972,-47.0265,-47.2417,-0.0769903,-0.2,-21.4384,0.0,31.2077,25.5614,-17.8279,35.0147,88.8281,7.90215,-10.2436,37.2119,148.89,0.0,0.0,0.2591507398637874
E_S_WWC_WM_342,8.25735,12.7991,11.8847,11.0611,-1.35,1.12,0.772729,0.87735,-48.6467,-78.498,-8.42369,0.4,-16.8396,0.9,48.4333,19.9768,1.66263,6.63292,93.5208,-30.0856,84.4414,59.0999,-163.334,0.0,0.0,0.2608854264252492
E_S_WWC_WM_343,-4.78849,3.0891,12.0419,-1.18113,0.6,0.59,12.8766,3.6922,-23.2156,-33.9988,-13.7654,-0.2,-16.2081,0.6,18.6404,-10.1637,6.03442,-2.98264,129.304,-27.9975,41.9973,-31.7624,142.64,0.0,0.0,0.2688546126245847
E_S_WWC_WM_344,4.47543,4.35156,14.9443,15.9415,1.29,-0.22,-8.33386,6.05978,-48.0158,-10.5869,-11.2049,0.8,0.26355,-0.2,-18.6282,-12.7008,-16.2653,9.48931,-28.5142,27.4636,97.5067,40.3375,84.2819,0.0,0.0,0.2647872057142857
E_S_WWC_WM_345,-0.221488,9.31955,-5.94355,16.6507,1.52,-0.88,-6.10652,-1.27733,23.6581,-90.3368,4.59889,0.0,-16.3686,-0.2,9.52686,14.2903,-9.7603,-4.81778,98.9452,44.9026,29.8651,5.33056,90.2908,0.0,0.0,0.2556670096677741
E_S_WWC_WM_346,-1.4418,14.5288,4.73723,-14.6737,-0.23,-0.91,6.21928,-2.02046,16.2468,-94.3469,-3.39965,0.7,1.73972,0.5,41.5787,-9.26011,-7.2127,1.56144,-30.522,28.1677,67.696,29.0997,132.081,0.0,0.0,0.2687899914551495
E_S_WWC_WM_347,-0.473037,14.3077,12.6565,18.3301,0.25,0.52,14.3121,4.78959,-1.20435,8.37807,-10.8651,0.1,0.999202,0.9,37.8127,23.7151,14.3982,20.6623,-59.1558,8.48769,-55.2232,-35.1545,127.047,0.0,0.0,0.2901898102524917
E_S_WWC_WM_348,-6.81073,-6.21495,11.873,-5.04371,-0.39,0.94,-2.67982,6.029,39.048,-36.1935,-1.86766,0.6,15.2604,0.1,56.1875,-2.49035,-22.2446,12.5853,49.1689,6.61633,131.467,58.755,-73.885,0.0,0.0,0.2519060107109634
E_S_WWC_WM_349,2.77386,6.92739,18.6462,10.7523,-1.34,1.02,-0.638662,7.50636,33.6654,92.4451,-14.9069,0.2,19.7147,-0.3,37.2711,12.4071,22.6441,20.4072,47.7272,26.6183,-37.3922,4.8239,-7.74828,0.0,0.0,0.2868345258073089
E_S_WWC_WM_350,14.6463,-6.79542,15.2639,-7.78832,-0.61,0.59,-4.2173,6.30112,-17.5065,70.9935,4.02518,-0.2,13.1165,-0.3,-5.96309,6.68814,5.58192,-13.6956,15.2655,-17.6554,-19.484,-15.0785,-66.2152,0.0,0.0,0.239383583026578
E_S_WWC_WM_351,4.84757,12.234,1.74703,17.24,-0.58,2.03,0.993177,-4.92366,0.568186,48.618,-0.222949,0.2,-20.4584,-0.3,-16.1026,22.4257,-17.401,3.27375,116.677,0.0909229,77.4226,54.6728,147.043,0.0,0.0,0.2806456350564784
E_S_WWC_WM_352,-1.21586,13.0753,18.8317,9.23348,0.56,1.01,0.82621,-2.17657,-33.4666,-22.6639,-2.42039,0.7,-5.75289,0.0,52.5162,27.6209,11.4024,41.7755,55.8722,-14.6893,-17.4143,7.57855,78.6861,0.0,0.0,0.297266719551495
E_S_WWC_WM_353,6.57949,-5.93881,4.212,-17.4366,1.35,0.48,-5.56534,0.789449,17.1012,82.0919,-10.5645,0.3,-12.9026,0.3,58.3076,29.653,-17.844,12.8457,87.0901,18.5936,135.069,-5.61891,-56.6125,0.0,0.0,0.2570440400830565
E_S_WWC_WM_354,5.78348,-3.86561,11.6737,4.20272,-0.45,-0.92,-6.07674,9.37148,8.39538,130.554,-11.083,-0.4,18.0086,0.2,-6.19504,17.6627,23.0092,33.4947,67.4253,-42.0241,28.0688,-58.6145,-113.417,0.0,0.0,0.2837236699966777
E_S_WWC_WM_355,2.27182,2.4227,2.67267,-2.83808,0.95,0.95,-8.6869,-3.32448,-3.14007,-17.3792,-1.34992,-0.4,-5.26398,0.5,41.2372,24.3715,25.5184,10.687,122.614,45.674,14.3116,-9.70051,-122.695,0.0,0.0,0.2568336226013288
E_S_WWC_WM_356,9.15217,10.4441,14.3895,-4.12416,2.15,0.28,19.7522,1.20952,28.2581,57.6658,3.80147,-0.3,-1.1724,-0.3,30.9092,-8.76952,4.48476,-16.8857,101.374,-16.4974,102.135,49.8403,-62.7159,0.0,0.0,0.2633063365980066
E_S_WWC_WM_357,10.8562,10.4193,15.8978,-3.92246,-0.97,1.66,8.72573,-2.25905,-20.2767,104.738,-1.68298,-0.1,15.8792,0.6,-13.1998,7.40338,0.347212,-17.2237,-43.9378,17.2422,101.413,40.2147,-196.518,0.0,0.0,0.2733838234219269
E_S_WWC_WM_358,8.2911,6.1195,12.3566,-10.4207,1.35,0.64,12.3888,3.71388,-45.9282,49.0069,-1.40184,0.5,-10.162,0.1,-16.3235,8.83803,29.0666,-23.6688,21.5952,43.5382,122.096,-29.7276,-190.702,0.0,0.0,0.253302411372093
E_S_WWC_WM_359,3.46125,-6.38791,12.9271,18.0683,1.8,2.42,18.363,1.25812,10.0366,133.902,-2.52134,0.5,15.2909,0.2,8.59919,-11.2503,2.08518,26.9966,88.3094,-30.5558,32.716,77.3826,-101.955,0.0,0.0,0.2628328960764119
E_S_WWC_WM_360,-3.41426,1.96297,12.4647,-4.35435,2.39,0.3,-5.86515,1.82983,-38.7447,-47.8677,-11.5429,0.2,-10.4833,0.9,11.616,27.2134,-4.37053,33.1993,-7.07266,39.1553,100.947,75.2262,-180.492,0.0,0.0,0.2624057513355481
E_S_WWC_WM_361,6.63981,1.6694,11.6085,15.567,2.32,-0.55,15.2317,-2.81128,16.7818,40.7353,-6.34222,0.3,-20.3228,0.3,21.1242,-9.64584,-24.6107,-17.9121,106.385,6.4821,14.9901,54.3636,136.244,0.0,0.0,0.2483806629767442
E_S_WWC_WM_362,4.12887,2.98436,8.24371,-1.33486,2.29,2.27,6.37069,4.93156,28.5982,120.828,0.178894,-0.4,1.45915,0.4,58.695,10.8949,6.77011,12.6295,61.7582,-19.5903,-9.75925,-30.486,39.8272,0.0,0.0,0.2823799959003322
E_S_WWC_WM_363,8.3489,7.25832,8.52585,-9.41544,2.4,0.87,14.1884,8.75662,14.5829,25.839,1.41757,0.7,2.37516,0.7,28.9058,-19.9227,24.737,52.0318,118.736,-11.0801,120.702,-5.15437,80.5362,0.0,0.0,0.2711697666943521
E_S_WWC_WM_364,5.38701,14.0428,19.6197,-12.7879,1.57,1.95,-4.03107,-3.89387,38.5525,84.5956,-7.1703,0.4,-0.0881481,0.9,29.9026,14.5492,-10.0495,22.7088,29.9363,11.4883,86.6966,38.4013,-170.943,0.0,0.0,0.276876668192691
E_S_WWC_WM_365,-2.69047,14.4162,13.6343,-2.14607,2.24,1.16,-5.77759,-1.01411,2.47067,-68.4063,0.884533,0.0,-9.86233,-0.1,47.6776,-9.7475,-29.3865,42.0238,124.488,35.4192,59.0862,16.1663,-1.72516,0.0,0.0,0.285080198564784
E_S_WWC_WM_366,-3.78489,-1.6187,10.8535,18.8625,0.96,0.18,12.4245,1.35906,1.51725,35.2679,-4.19927,0.7,15.1565,-0.2,-24.6637,18.5075,12.0186,-8.30319,-56.0634,-38.7991,-39.7845,41.0406,19.6924,0.0,0.0,0.2727552800797342
E_S_WWC_WM_367,8.59772,12.4366,9.42833,18.1804,-0.61,0.49,1.48677,5.4101,-13.6614,62.5738,-5.30543,0.7,-14.2943,-0.2,43.9631,-9.03334,-12.189,54.0266,18.3337,4.02767,0.726884,-50.7219,-177.835,0.0,0.0,0.2842675831627906
E_S_WWC_WM_368,6.20808,8.99024,6.0652,-9.62795,0.6,0.18,-7.80238,-3.35797,-12.4536,38.7674,-2.94925,-0.1,10.5453,0.3,-23.6682,-10.1318,-21.5449,-0.384915,116.784,38.9867,96.5049,-54.256,110.946,0.0,0.0,0.2850893228571429
E_S_WWC_WM_369,14.7031,-4.89283,18.4656,-9.16673,0.11,0.69,15.7004,1.74023,-31.5369,-25.3726,-10.4232,-0.2,19.1786,0.1,12.6605,-8.69527,22.5804,16.3105,-5.96286,-15.0586,-35.8993,84.1677,98.5961,0.0,0.0,0.2564744953687707
E_S_WWC_WM_370,1.12961,5.01659,16.1679,-12.6474,1.41,1.37,8.93641,-4.58198,-12.8832,15.9462,1.10453,-0.4,-24.3573,0.5,12.5839,6.42725,5.3187,-18.7872,44.1109,20.0841,138.518,13.7652,112.524,0.0,0.0,0.2651210687242525
E_S_WWC_WM_371,12.1654,3.31576,2.83622,6.36091,-1.39,2.36,-7.71687,8.93804,-4.47754,104.414,-13.0568,0.4,-14.6482,0.3,39.4054,-4.58128,-25.7605,3.83742,92.4183,0.934264,-51.6168,60.8052,-85.2746,0.0,0.0,0.2797102547707641
E_S_WWC_WM_372,-2.73459,0.978148,0.696858,14.2848,-0.14,1.24,11.7567,7.42514,-25.2674,24.2723,2.20959,0.2,-18.8631,0.5,59.5076,-14.5502,13.856,-21.9306,39.8031,-30.3773,-58.2445,3.39124,98.1639,0.0,0.0,0.2433240412225913
E_S_WWC_WM_373,1.16844,-1.35015,6.93562,6.55569,2.26,0.61,19.9271,1.84382,-17.2367,45.2784,-12.7985,0.8,3.49098,0.3,-9.5336,-4.97448,-29.7375,20.5607,9.27478,33.7763,101.901,-25.429,-176.385,0.0,0.0,0.2628127141295681
E_S_WWC_WM_374,-7.80991,12.7479,14.7193,8.06024,1.04,1.66,-2.93004,4.46855,-8.92593,-44.7844,-11.1078,0.7,-1.74773,0.3,-10.5937,0.555643,27.5041,16.9459,70.0449,47.1253,69.0283,-44.1485,-104.253,0.0,0.0,0.2861354066112956
E_S_WWC_WM_375,9.85023,13.511,-6.29713,-1.71248,-0.77,-0.62,10.8871,5.15536,-2.88838,119.764,-13.9971,0.1,8.21901,0.5,33.0101,5.15889,-12.3933,25.1551,-10.091,40.9141,-47.5176,89.7448,102.234,0.0,0.0,0.3164437130564784
E_S_WWC_WM_376,9.5338,-5.61979,9.32299,0.173714,-0.68,2.33,-4.18284,1.28015,-37.2904,65.4931,-13.1436,-0.2,-11.8683,0.8,27.6621,19.7752,-5.73005,41.3319,-22.0515,26.1719,-25.5642,65.0984,139.083,0.0,0.0,0.2712221977508305
E_S_WWC_WM_377,-2.29347,-1.16466,-2.73747,15.6572,-1.03,1.38,4.14508,4.67473,-36.7985,-39.5349,-1.10397,0.5,22.5384,0.4,25.9672,9.64931,-18.1052,-10.4114,1.03962,-32.5867,-33.2747,70.0555,-90.1858,0.0,0.0,0.2266000707973421
E_S_WWC_WM_378,-5.85281,12.3258,6.66028,10.0776,-1.76,1.18,5.78489,9.48621,-47.5101,88.3484,-9.8336,0.1,-22.9484,0.5,22.4554,-2.36095,-11.282,5.05745,-12.7259,2.91642,-15.7481,-30.1989,32.9668,0.0,0.0,0.2966287372890365
E_S_WWC_WM_379,11.6831,-2.71435,2.88421,11.2959,1.52,0.56,3.01814,2.23673,-49.4084,95.5069,-3.21889,-0.4,-1.31421,0.7,-12.0307,27.7251,11.2466,0.841294,41.6967,-23.6833,-48.5761,44.5215,-69.7664,0.0,0.0,0.2673302945847176
E_S_WWC_WM_380,6.97352,13.5628,-4.76194,-1.90935,-1.71,2.05,12.7882,7.27373,-39.7583,146.815,1.53689,0.1,10.4778,0.3,6.66423,10.7241,27.6696,50.3396,-42.5313,7.83182,15.3978,-7.94132,-65.1885,0.0,0.0,0.3018051355880398
E_S_WWC_WM_381,1.40431,11.0894,2.92762,8.7727,1.69,-1.04,8.38636,2.89357,-20.3879,124.931,-10.7227,0.5,17.4526,0.1,4.52622,-19.6366,-27.311,22.4806,68.5683,27.7239,65.8409,82.7745,148.354,0.0,0.0,0.2938199368903654
E_S_WWC_WM_382,1.89212,-7.88364,9.68052,6.07779,-0.44,0.48,19.3383,-0.280635,-46.6874,-15.8704,-9.09356,0.2,11.8939,0.7,34.4277,15.1631,-11.1183,22.5523,39.4812,16.6617,49.4075,89.4154,-71.723,0.0,0.0,0.2577495555282392
E_S_WWC_WM_383,-7.52904,10.8823,-6.69738,-10.7556,2.02,-0.36,-2.2021,7.52365,20.2961,18.6714,1.55275,0.0,17.3696,0.5,-9.12984,7.98449,21.9921,31.2438,45.9269,-41.5928,114.822,35.2459,-164.859,0.0,0.0,0.288526345807309
E_S_WWC_WM_384,-0.279307,14.5624,-0.344584,8.43034,0.46,-0.15,5.50677,-3.13467,34.2574,35.6164,-10.1683,0.5,-18.5414,0.9,-1.46384,-19.8407,-22.6398,36.0183,23.6312,-20.1443,21.6572,77.9713,-98.6488,0.0,0.0,0.2964386358704318
E_S_WWC_WM_385,-5.64637,5.21053,6.2876,16.759,0.87,2.02,16.2891,-1.85339,-39.2776,-40.6129,-4.44865,0.1,2.34506,0.0,5.35008,2.13762,-16.8341,-14.1644,-39.1275,24.3042,100.331,-58.7705,-2.77782,0.0,0.0,0.2550162231827242
E_S_WWC_WM_386,-2.48645,-5.6486,9.3969,1.04384,0.05,2.23,-7.41436,-4.04779,-21.7918,85.0923,-7.1142,0.0,-9.66762,0.0,58.1043,-8.8442,3.21105,-20.789,49.5375,15.3816,-28.6665,-47.118,17.1109,0.0,0.0,0.2457385996478405
E_S_WWC_WM_387,11.4664,-3.9189,-5.10818,-0.171758,-0.27,1.52,13.2762,4.13569,23.3473,-83.2544,-9.53954,0.2,2.53697,0.8,53.8794,-4.73001,11.3413,2.71491,-5.59761,-49.3805,-0.197107,50.2196,116.116,0.0,0.0,0.2560820017009967
E_S_WWC_WM_388,7.57616,-2.33465,3.3483,-19.1839,1.89,1.01,4.38943,-0.958639,-17.9458,96.7235,2.2854,0.3,-1.95096,-0.4,-2.22129,-3.86524,-17.6642,-9.67088,-15.3828,33.0452,111.266,48.2412,75.671,0.0,0.0,0.2580868075249169
E_S_WWC_WM_389,-3.7605,6.46432,17.1183,-12.5462,-0.98,-1.42,15.72,4.94487,-6.519,11.6853,-13.4194,0.3,-3.01254,0.7,-22.1195,-15.6274,1.28191,-23.5018,-43.2089,12.6996,-37.6934,-21.4154,69.1962,0.0,0.0,0.2674454856112957
E_S_WWC_WM_390,-7.29033,0.49401,14.6526,14.8246,-0.53,1.55,10.8037,9.05396,-17.6361,-91.538,-9.50299,-0.1,-11.6435,-0.2,11.1897,8.97038,-26.8854,19.041,-41.476,12.2872,2.94207,23.5726,-147.65,0.0,0.0,0.2647162805913621
E_S_WWC_WM_391,-1.15704,8.82451,-7.38987,-0.954274,1.26,-1.09,15.837,3.81856,11.6854,-52.3539,-10.9575,-0.4,-13.4915,0.9,47.9245,-6.72329,5.44871,47.157,34.5071,39.3492,62.7956,47.5309,96.1793,0.0,0.0,0.3013345134518272
E_S_WWC_WM_392,6.76173,-7.2277,8.87364,-17.3444,-1.12,0.32,14.2918,9.33911,-37.5944,111.287,-1.22459,0.3,-12.0383,0.8,33.8697,-5.10835,9.44947,2.7963,94.6397,16.1785,107.081,-58.1025,20.9443,0.0,0.0,0.2446458556245847
E_S_WWC_WM_393,6.05617,8.63977,5.42343,-4.06097,0.22,1.5,-6.9402,2.70282,-33.7451,127.612,-11.1651,0.1,14.1831,0.5,43.1421,-15.9121,28.1729,-21.1825,67.1369,-28.7793,-37.0024,57.3929,-132.92,0.0,0.0,0.2837808855481728
E_S_WWC_WM_394,-5.30894,9.76767,16.9201,-0.794204,1.18,1.51,1.8379,1.60513,-13.8924,54.0643,-13.9682,-0.3,15.0671,0.8,-15.6561,-12.1794,-25.6061,40.014,-29.2206,-9.58714,7.87287,-53.4186,70.4325,0.0,0.0,0.3090189903222591
E_S_WWC_WM_395,-7.161,6.02578,10.0879,-11.9741,0.08,-0.4,19.5277,-2.82949,49.8153,59.7656,-13.2416,0.3,7.66966,0.5,-13.6907,1.1944,-23.5298,37.95,-1.97348,27.2799,38.964,37.5974,122.871,0.0,0.0,0.303586641820598
E_S_WWC_WM_396,-7.13859,-1.01507,1.19552,12.588,-0.92,0.36,0.434415,9.5718,7.14904,79.1923,-12.3884,0.2,-9.64211,0.9,6.12495,-10.4183,20.8958,52.865,66.2325,-43.5174,14.0236,-6.74932,60.0568,0.0,0.0,0.2947553933089701
E_S_WWC_WM_397,7.55305,4.27399,4.27007,-3.87111,0.49,1.21,0.343692,-4.17042,-46.884,131.088,-3.16577,-0.2,18.1866,0.9,15.628,-11.3595,15.6456,36.8671,-51.1018,-10.7627,62.1503,46.3363,133.222,0.0,0.0,0.2857503726910299
E_S_WWC_WM_398,13.829,12.1323,1.14319,13.0931,1.46,-0.78,9.92338,7.48259,-27.8662,-45.6788,1.73022,0.2,17.1775,0.6,55.2538,-19.0824,-7.39884,-7.03706,104.28,-8.94796,107.342,48.1612,68.4255,0.0,0.0,0.240669982219269
E_S_WWC_WM_399,7.72664,13.6947,-4.04946,-16.6971,-0.48,2.0,4.32482,-2.50124,45.4339,31.1158,3.22638,-0.2,-22.532,0.2,8.74272,6.89176,3.26379,3.01426,63.7381,42.9073,7.13734,-51.3397,41.9228,0.0,0.0,0.2815369783056478
E_S_WWC_WM_400,6.0752,9.45609,0.253089,11.8465,-1.36,2.43,-0.417599,1.17269,-8.60109,-1.40711,-0.115303,-0.1,17.8582,0.0,53.2284,5.94821,8.92921,29.4526,17.3291,25.4514,124.918,79.922,137.382,0.0,0.0,0.270141829730897
E_S_WWC_WM_401,-5.48116,8.49075,-0.306051,0.999843,1.09,2.48,-3.41463,9.28748,9.70142,19.7039,-4.99508,0.2,24.3434,0.6,-2.84197,20.756,-15.9961,53.8965,114.066,-17.4333,64.0143,-37.9899,15.2008,0.0,0.0,0.2898453171760797
E_S_WWC_WM_402,4.97512,14.5905,3.29697,12.5388,1.64,1.25,6.82224,9.42964,-13.1651,-24.8423,-12.1215,0.7,-11.5512,0.2,-21.758,17.9151,-26.9378,26.3912,15.8297,9.18631,34.1199,-49.2869,123.512,0.0,0.0,0.2875517935083056
E_S_WWC_WM_403,4.7714,-7.68803,7.56793,5.15762,-0.02,-1.64,6.92097,-1.10668,15.0696,121.273,1.62517,0.4,16.0123,1.0,52.3716,14.028,-14.095,51.3145,31.9697,33.1532,22.7867,-35.9679,57.8101,0.0,0.0,0.2651052813953488
E_S_WWC_WM_404,3.72014,12.7153,10.4146,-16.6812,0.1,0.58,6.40887,-4.30345,38.3744,106.685,1.43015,-0.1,6.2822,0.7,21.6736,17.3775,-28.5853,-2.08886,102.004,-40.1087,53.7001,1.78431,86.9726,0.0,0.0,0.2785360402624584
E_S_WWC_WM_405,3.30602,-3.93421,-4.63488,-12.2034,0.33,-1.1,6.73566,3.86315,36.3251,32.9451,-7.42486,0.5,20.389,-0.1,2.74293,-11.0378,21.0387,-22.8289,-20.2762,-1.60361,145.416,-38.4328,-21.5835,0.0,0.0,0.248789187847176
E_S_WWC_WM_406,0.21306,14.8068,7.6418,-1.07127,0.94,-1.29,11.8357,9.88094,-36.1622,51.5344,-0.694316,-0.1,-0.65844,0.2,54.4999,21.862,-18.8998,3.17062,90.0618,12.1756,87.7792,-36.7484,-47.4626,0.0,0.0,0.2731419802657808
E_S_WWC_WM_407,1.93658,-5.32645,1.55884,3.45222,-1.71,-1.04,2.02646,8.27648,-46.7905,-72.4825,-1.64281,0.0,-20.5184,0.1,45.4035,6.26847,4.70346,-15.3872,14.061,40.1373,73.4172,-29.936,110.437,0.0,0.0,0.2306651647641196
E_S_WWC_WM_408,13.4515,-1.68879,0.529818,-7.69095,0.2,-0.28,16.6414,-1.46593,48.4036,31.9314,-11.5263,0.5,9.90737,0.6,50.7174,24.9172,11.7259,9.79953,66.8221,-39.3786,-34.539,-53.6718,-78.379,0.0,0.0,0.264549122807309
E_S_WWC_WM_409,2.59026,8.61282,-3.0883,-11.6002,-0.17,1.58,-6.14544,-0.838345,8.10467,68.8934,4.24351,0.4,-18.0368,0.4,11.4054,-3.45519,-5.83504,-20.162,-45.0068,-22.8981,135.577,12.3265,-156.544,0.0,0.0,0.2687481390598006
E_S_WWC_WM_410,-4.47151,9.19522,14.1433,-6.86644,1.75,2.4,9.27999,-4.01332,-12.1366,126.067,-9.01439,0.1,19.2582,-0.1,17.623,0.0750084,-24.3739,-2.38861,32.4454,-29.6801,106.451,75.1326,-35.403,0.0,0.0,0.2867159981295681
E_S_WWC_WM_411,5.63189,-1.04231,3.8054,14.3066,0.5,-0.8,11.7995,8.49113,-27.7507,138.513,-13.5527,-0.3,4.10954,-0.1,-23.9161,1.50769,24.6285,-5.77591,-8.12081,46.6781,49.9737,-32.6558,24.0573,0.0,0.0,0.2858817339734219
E_S_WWC_WM_412,2.62663,-3.01917,7.00028,-8.03838,-0.85,-1.53,16.9628,3.66717,-1.7452,64.3248,-10.1891,0.0,-0.794772,1.0,56.3069,-10.8076,4.24824,22.8113,81.5343,-29.4493,-26.7921,83.1189,-187.533,0.0,0.0,0.2708823868637874
E_S_WWC_WM_413,10.1099,1.00995,8.07505,19.9386,-1.7,0.44,5.72979,7.64278,11.3486,-45.5067,-2.8508,0.7,-1.5154,0.8,-23.4437,4.03055,3.4496,44.4371,125.062,-0.225372,-6.43272,-27.8196,-25.4477,0.0,0.0,0.2608913948604651
E_S_WWC_WM_414,8.78978,-5.40904,5.13693,-15.9347,-0.96,0.67,15.3545,-0.736289,24.3209,-70.65,-0.010091,0.1,24.6292,0.4,4.24551,-10.9339,3.42281,40.9572,110.544,46.3765,9.51692,-16.9058,-107.237,0.0,0.0,0.2513755819036545
E_S_WWC_WM_415,-7.46355,8.1573,4.42385,12.9717,1.62,0.19,8.96836,4.22641,-16.0728,-69.6234,-13.622,0.4,6.94958,0.7,-19.214,-2.90313,8.48357,1.06402,-23.6493,-12.7937,143.438,76.2989,-32.6806,0.0,0.0,0.2716947385116278
E_S_WWC_WM_416,8.87437,12.5763,-0.685933,16.2405,1.51,0.84,7.5682,5.05903,17.948,27.3129,-12.8845,0.2,22.2992,-0.3,57.8685,0.922133,7.87314,-22.7606,-41.8124,6.19894,-17.3021,75.7774,-154.038,0.0,0.0,0.2912188084318937
E_S_WWC_WM_417,-4.2838,-6.99089,9.76116,1.91896,0.71,-0.26,15.1783,-3.85437,-27.6149,-49.2291,-14.8608,0.6,12.3418,-0.3,-10.0766,3.21889,-15.5023,51.4872,40.1414,17.5118,-13.2865,-43.8154,29.1317,0.0,0.0,0.301873823372093
E_S_WWC_WM_418,-3.21032,1.43308,9.00653,-14.2673,0.04,-1.63,2.31325,0.00704819,-27.1042,-46.3457,-14.8213,-0.2,-19.748,0.7,54.5683,12.5555,-10.518,-7.78533,40.278,49.7478,-13.1113,28.0341,-54.6862,0.0,0.0,0.2590729079169435
E_S_WWC_WM_419,13.545,-0.233712,6.81819,5.84961,0.16,-1.39,1.82426,-1.52546,-10.471,-0.80509,-12.2506,-0.2,-24.2687,-0.2,-17.5656,22.7164,-16.9724,-8.00881,-7.36983,-13.5993,-50.7183,44.2919,105.553,0.0,0.0,0.2645549098538206
E_S_WWC_WM_420,-4.09069,-4.84255,7.19624,2.51025,2.09,1.4,19.2499,5.89764,19.5862,-85.3367,-14.5269,-0.1,-8.26522,0.4,-6.4922,8.6003,15.6972,52.9781,46.9778,-4.15952,57.6133,8.77489,-16.2072,0.0,0.0,0.2788913080830565
E_S_WWC_WM_421,-5.79868,-4.3554,15.4863,17.1042,0.85,-1.77,-6.28889,-2.03617,-11.2404,0.581666,-14.6558,0.1,-9.53906,0.6,-0.544273,-9.6151,9.5965,31.7121,62.4915,14.74,119.175,-52.4882,3.85971,0.0,0.0,0.2708621293554817
E_S_WWC_WM_422,-3.01301,12.558,10.8289,-2.40014,0.13,-1.13,-2.91008,9.09608,49.879,102.681,-14.7014,-0.2,0.906802,-0.4,38.7349,-13.1497,8.157,3.63845,87.1372,-19.9662,76.7355,-6.20915,71.3119,0.0,0.0,0.303606621295681
E_S_WWC_WM_423,11.6489,7.35284,-5.55715,12.1262,-0.66,-1.03,3.30627,5.26305,27.0728,118.117,2.72893,0.3,-20.6224,0.1,-2.48605,25.1581,-23.2451,-19.3252,11.3461,34.0184,17.3783,11.2807,-181.799,0.0,0.0,0.2826238424916943
E_S_WWC_WM_424,-1.34732,11.8244,-2.65771,-14.1443,2.0,1.35,-0.908618,8.32206,-6.77908,-56.3825,0.489951,0.6,-22.1866,0.4,29.1265,12.1821,-8.18059,44.6946,-10.4265,47.2429,131.323,62.695,29.8824,0.0,0.0,0.2782752360199335
E_S_WWC_WM_425,-0.9414,-1.31148,3.00788,19.019,2.27,-1.35,7.78386,3.46428,-1.86547,1.06261,-8.31891,0.0,-0.634506,0.9,51.2385,1.4249,29.99,54.2891,119.482,-20.9176,138.117,2.15251,-4.25558,0.0,0.0,0.2653916873255814
E_S_WWC_WM_426,-6.78225,-3.58513,14.0155,17.4545,2.49,0.79,12.1503,6.51122,15.4103,45.7585,3.49757,-0.3,9.2021,-0.3,1.05815,6.19208,-13.6652,33.1592,78.8963,4.26239,99.0032,-51.973,69.6894,0.0,0.0,0.27762517010299
E_S_WWC_WM_427,0.407562,0.840446,7.12164,-14.1893,-1.55,-0.61,9.74008,6.21938,-42.4619,-74.5279,3.10296,0.5,-6.43233,0.6,49.9798,7.61263,-18.8282,45.9545,-54.8985,-44.772,57.4138,-15.3953,-52.8713,0.0,0.0,0.2595400575116279
E_S_WWC_WM_428,13.4581,10.3208,17.4755,-4.61217,0.18,0.66,15.6157,5.74279,15.1586,-28.0307,3.42379,-0.2,-14.4708,0.8,-3.72343,11.5283,-12.6555,-20.6443,-33.5674,23.2261,36.3244,-44.0992,22.6623,0.0,0.0,0.2592170188139535
E_S_WWC_WM_429,4.4463,-3.68599,-4.71363,13.2818,1.85,2.08,0.740756,-4.39533,46.0644,78.704,-2.04119,0.2,-5.45559,0.7,42.6883,-18.354,18.9791,15.1146,27.2829,-9.00923,61.8086,84.5899,-19.8532,0.0,0.0,0.2656519457043189
E_S_WWC_WM_430,0.555189,-5.07882,7.99781,-13.6993,1.66,-1.33,-7.06534,8.46845,-18.4549,16.9091,-10.9848,0.7,-6.21478,0.8,2.88088,-16.889,-7.3497,-16.7673,84.8078,45.2412,132.994,8.33861,-130.722,0.0,0.0,0.2418591312425249
E_S_WWC_WM_431,9.22757,2.65808,-1.0615,-18.067,1.05,0.61,-5.33695,-4.4013,-36.4542,79.4957,-1.75331,0.1,24.5297,-0.1,-7.94541,26.1689,22.7259,32.3817,57.7261,12.0658,9.07389,-57.8694,-7.45913,0.0,0.0,0.277766546641196
E_S_WWC_WM_432,4.64433,11.7786,0.0211153,-1.74459,0.44,0.63,8.88303,1.76257,4.80683,-21.2464,-8.79569,0.7,-4.83413,-0.3,-23.5549,18.0305,25.8356,0.196185,113.215,-31.5429,29.1056,85.8489,-115.612,0.0,0.0,0.277670416923588
E_S_WWC_WM_433,4.93033,5.67241,18.5067,9.38687,0.81,1.74,11.3869,8.23073,0.706734,28.1675,3.97785,0.3,6.28716,0.1,57.6249,26.5953,-11.7164,29.3338,106.086,-2.36745,20.3003,35.6355,-197.504,0.0,0.0,0.2570073375681063
E_S_WWC_WM_434,9.60013,2.90433,11.8155,11.7828,-1.44,-0.66,-6.35203,0.102146,34.6547,-41.9598,-7.99107,-0.2,-20.1483,-0.2,-21.1481,6.48348,-23.7288,36.6956,-28.8321,-11.5578,107.566,-23.0017,-177.049,0.0,0.0,0.2689778643887043
E_S_WWC_WM_435,-0.210201,11.5791,-5.79647,-1.63701,-1.58,0.55,17.5953,5.70146,-2.38142,115.141,-0.961029,-0.2,23.9481,1.0,13.5794,-0.914121,-26.0957,33.883,58.4153,-11.1429,87.5471,40.8695,-148.474,0.0,0.0,0.2950681526146179
E_S_WWC_WM_436,0.847271,14.9648,-7.02597,-6.20011,-1.79,-1.02,-4.86326,2.95354,-19.921,-58.4171,-7.24065,0.2,-4.73098,0.3,32.9192,-9.46788,-21.8855,34.4793,-6.98644,-43.8282,-7.3669,63.6225,-182.001,0.0,0.0,0.3053230310099667
E_S_WWC_WM_437,-3.67123,14.0997,1.8372,-19.5256,0.55,1.22,13.165,0.0451047,-42.7358,121.626,-14.7701,0.3,-4.01684,0.8,55.7593,9.11898,-18.3488,4.44398,117.672,-15.2432,36.2868,16.7249,-22.2441,0.0,0.0,0.2979780447109634
E_S_WWC_WM_438,4.34403,14.3183,7.11488,-17.3092,-1.57,0.77,-2.65709,4.74947,1.68521,-81.0808,-13.3842,0.3,-8.54899,-0.2,3.64164,27.6731,9.1674,45.0915,60.3413,-21.58,52.48,34.6818,129.617,0.0,0.0,0.2937386513355482
E_S_WWC_WM_439,-7.2086,0.555752,1.62385,8.53537,1.47,-0.26,-9.55242,7.79115,5.10994,-90.6736,-4.93634,-0.2,18.2948,0.1,10.9926,-18.3907,-24.4784,-16.0845,11.5018,-12.431,4.21809,78.9662,-12.4749,0.0,0.0,0.2551894490764119
E_S_WWC_WM_440,7.76582,-3.07673,5.16037,-14.0748,-1.41,0.22,14.657,-1.84039,-22.5406,69.8798,-13.5015,0.1,-19.0579,0.0,5.94671,27.9779,9.92662,20.9863,-56.9881,-21.5572,37.215,-43.6017,22.4051,0.0,0.0,0.2785237171860465
E_S_WWC_WM_441,9.19503,-1.13045,2.47944,-5.61567,1.9,0.88,2.97206,5.44685,4.98349,142.665,0.759119,0.7,-20.0031,-0.1,28.9147,-11.8167,23.701,-19.7039,-36.5061,-14.8187,-35.079,-4.37738,-133.558,0.0,0.0,0.2708715178338871
E_S_WWC_WM_442,11.617,-6.24441,12.1517,2.13926,-1.01,0.5,19.8958,6.48621,21.9391,63.1371,-1.23183,-0.1,1.07657,-0.1,40.2053,8.17577,27.9652,52.2595,95.4085,-22.7958,127.691,-31.4131,-118.418,0.0,0.0,0.2509731127043189
E_S_WWC_WM_443,-3.43939,13.1896,-7.53334,13.1608,-0.92,0.65,3.25755,7.01077,24.0747,-62.0949,-11.6971,0.2,-3.14687,0.0,-7.60229,-2.30139,-15.2673,-12.3409,93.7792,-10.8921,127.814,-54.4601,72.0461,0.0,0.0,0.2828226973089701
E_S_WWC_WM_444,3.3496,6.21425,-6.91182,-17.5269,2.48,1.63,4.77101,5.80511,-25.8747,-61.6196,-7.12025,0.7,0.741789,-0.3,35.9352,0.683829,-3.22646,49.1617,129.475,-17.869,8.52555,11.767,38.0441,0.0,0.0,0.2760054793521594
E_S_WWC_WM_445,-0.826919,0.743232,-5.41271,-3.21044,-0.3,-0.8,5.37748,8.09691,12.7911,101.955,-13.7329,0.5,1.01224,0.0,-23.1533,13.3578,-0.275121,-15.7141,59.9544,-18.612,-53.3333,-18.6048,-72.2595,0.0,0.0,0.2864979029833887
E_S_WWC_WM_446,6.37871,9.05816,7.91095,12.2498,-1.02,-1.66,2.07114,2.73699,-33.3987,4.22485,-6.12789,-0.3,-22.4188,0.8,-5.51463,16.6501,20.6478,13.926,-56.6559,29.9635,118.418,73.2415,-113.612,0.0,0.0,0.2717774650996677
E_S_WWC_WM_447,5.73214,3.98771,-3.45133,-9.94093,1.48,0.11,13.8596,3.34184,-47.7511,-85.8349,-4.07047,0.1,-8.01995,-0.1,43.7722,29.362,-21.077,50.8296,-28.7469,29.6604,105.439,-23.1996,80.0057,0.0,0.0,0.2610362159634551
E_S_WWC_WM_448,0.927547,-2.92043,15.8467,-6.1504,-1.38,2.35,11.495,2.87678,12.0321,65.2471,-6.34429,0.1,-1.28219,0.3,-11.9928,-12.9642,19.1499,-18.4117,-2.22323,-46.3008,26.7566,2.51209,-126.79,0.0,0.0,0.2427457361528239
E_S_WWC_WM_449,4.07337,3.67897,9.07404,19.7659,0.12,-0.88,13.4844,8.77261,-24.9142,24.7032,1.79762,-0.1,-20.9775,0.2,-2.75811,-0.365825,-22.1116,48.5099,36.3962,28.6939,-52.2842,-21.0844,17.571,0.0,0.0,0.2775323236146179
E_S_WWC_WM_450,-7.08536,6.36022,10.9269,-8.14613,-0.6,0.25,3.54988,9.62433,-7.69552,-88.1711,2.09383,0.6,-5.05194,0.0,35.0653,18.4819,7.16593,-5.50572,4.24155,-28.7107,103.322,86.9035,117.88,0.0,0.0,0.2596375690830565
E_S_WWC_WM_451,6.69669,-7.46145,0.908839,4.08502,-1.73,1.58,10.4821,6.89243,9.4161,83.4885,-5.51504,0.3,20.4597,-0.3,-2.31034,12.2602,-9.88517,-23.0304,96.8637,5.63858,118.609,64.2809,-37.229,0.0,0.0,0.2397109264252491
E_S_WWC_WM_452,-7.72726,3.7762,4.35773,-14.8537,-1.6,1.0,16.053,-2.55329,-36.6226,146.33,0.544804,0.3,-2.84483,0.5,19.8762,10.8048,14.4955,9.29156,-16.3424,-11.9349,78.6205,80.9828,-106.507,0.0,0.0,0.2698247789036544
E_S_WWC_WM_453,-1.72328,9.2751,4.18916,-9.83662,0.33,1.12,13.3778,8.30006,-11.1197,98.4883,3.77963,0.5,18.7399,0.1,6.28872,28.8627,-13.9057,1.895,-34.2784,-43.3116,10.9543,-14.5143,-8.04637,0.0,0.0,0.2797393700132891
E_S_WWC_WM_454,-6.74543,6.96881,8.23361,-15.383,-1.72,-0.77,5.27698,-0.900963,-23.5679,43.4032,-6.73751,-0.3,11.41,0.2,5.069,6.33989,8.90053,-16.2127,48.0667,-22.2807,-49.0516,32.523,77.0761,0.0,0.0,0.2742953836179402
E_S_WWC_WM_455,0.302009,5.56472,13.5213,-19.2828,2.16,-1.78,-4.60726,7.81767,-40.295,106.244,-1.14567,0.3,-2.95311,-0.3,-23.0138,25.9918,-10.2885,13.5878,22.4127,-0.0409913,123.189,-13.8513,103.999,0.0,0.0,0.2788428426312292
E_S_WWC_WM_456,10.4231,12.6457,8.91708,16.9296,0.09,1.85,1.05186,6.36584,21.3213,-63.6515,-6.61017,0.2,-8.65583,0.0,-17.6654,-2.60646,28.2167,-17.4027,-41.883,-43.8802,113.809,50.7866,-188.554,0.0,0.0,0.266873334192691
E_S_WWC_WM_457,-2.09493,1.49643,2.28885,15.4852,0.0,-0.97,-8.23621,-1.81284,-4.20289,101.391,-9.65864,-0.2,10.5945,0.3,-3.53813,4.19707,-25.1647,50.2406,-55.1424,47.4212,106.073,18.6581,23.6534,0.0,0.0,0.2911410606112957
E_S_WWC_WM_458,7.12951,10.1715,15.1837,-18.9723,-1.3,-0.49,13.9769,7.70076,-34.8121,138.836,-8.1582,-0.1,16.3011,0.4,54.3971,3.10447,-24.2851,-10.1461,29.4715,-42.6197,24.0031,-1.76436,-107.926,0.0,0.0,0.2816522897342193
E_S_WWC_WM_459,5.06481,8.67421,13.0451,-15.1062,-1.66,1.19,3.12244,-1.79265,-9.32336,-10.0574,-9.90453,-0.3,5.8036,-0.3,11.9368,26.3098,-13.8843,11.7774,-13.4148,46.79,96.7248,80.1462,-17.0629,0.0,0.0,0.2762967577807309
E_S_WWC_WM_460,6.00715,2.57958,4.36947,14.0516,1.4,2.47,-3.92593,3.47031,-44.1067,-58.8338,-10.2686,0.2,-23.1767,0.1,33.2672,15.8925,27.0913,19.242,69.8037,-48.5251,39.919,-16.0539,44.0016,0.0,0.0,0.2613688166744186
E_S_WWC_WM_461,8.12596,9.85984,-7.51176,10.5563,2.08,-0.04,19.712,8.34568,-21.9135,-15.3577,-9.41067,-0.3,-18.932,0.3,-8.85254,8.69174,-6.27271,-12.5742,25.8801,25.1012,20.9089,58.1781,-55.8265,0.0,0.0,0.2773152676478405
E_S_WWC_WM_462,12.2,-1.42296,19.251,-8.72595,0.23,1.89,6.99469,-3.15517,1.89103,122.147,-1.78618,0.2,-6.21134,-0.1,10.3682,25.7427,6.87263,-22.3355,100.212,-17.7841,-44.6991,66.4116,-157.19,0.0,0.0,0.2563133845847176
E_S_WWC_WM_463,5.82777,1.72096,16.4494,-10.3708,-0.32,1.36,-8.09814,-1.77806,7.4973,117.531,-10.6622,0.4,-16.7289,0.2,55.3732,-6.6733,23.3555,51.1757,36.7198,-32.4228,94.6877,-28.7612,-175.039,0.0,0.0,0.2859590114019933
E_S_WWC_WM_464,-2.85381,1.55394,18.955,-17.9644,-0.09,-0.83,10.2134,8.69263,30.7436,-5.67779,-8.70262,0.6,14.722,0.6,18.3665,0.60785,25.0691,45.6681,-14.1449,47.7322,92.9973,7.80634,-87.947,0.0,0.0,0.2838906896644518
E_S_WWC_WM_465,6.39585,7.6859,17.05,-16.4125,0.44,-0.54,12.0998,0.342698,5.85069,-78.7228,-12.1652,0.3,-6.35346,0.4,34.3541,2.58285,7.29631,24.9802,-54.6857,22.4668,-30.0556,71.3469,-179.392,0.0,0.0,0.2811244291328903
E_S_WWC_WM_466,-4.33683,-6.02601,16.2315,12.08,-0.22,1.1,-6.48285,9.80196,-48.3127,78.4531,3.33563,0.6,5.92669,0.4,-6.11444,15.9456,-5.97266,28.6874,-10.9733,13.7289,59.7039,43.7361,-170.221,0.0,0.0,0.26020083310299
E_S_WWC_WM_467,2.14762,-2.83567,-7.871,1.71387,0.31,-1.59,15.3148,-1.06147,-19.1625,-19.8315,-3.58177,0.3,-24.5137,0.1,-1.3985,8.1428,26.5742,14.5184,115.443,-40.8828,-46.0676,-2.96883,-28.0429,0.0,0.0,0.2488884809136212
E_S_WWC_WM_468,11.8366,-0.727486,-3.9235,-5.39317,-1.28,-0.45,5.64358,3.36028,-9.5333,136.853,-8.24217,0.4,24.4186,0.8,-17.8994,-5.72467,14.1683,-17.5478,79.393,31.1315,18.1284,52.4174,26.0451,0.0,0.0,0.2688597273289037
E_S_WWC_WM_469,7.43103,-6.7143,6.49443,15.7486,1.95,0.68,-0.752536,4.10143,48.0564,63.5105,-7.73273,0.1,-0.915097,0.0,7.30739,14.1902,-15.5874,12.3721,103.254,-48.3422,-45.6162,-51.0257,-99.8148,0.0,0.0,0.2569431460365449
E_S_WWC_WM_470,8.08445,1.41274,7.54547,-8.62491,-1.29,1.13,19.5626,-2.36271,34.9474,113.011,-9.72453,0.3,22.6676,0.4,34.7805,11.7736,-19.6913,34.2112,-26.6365,-0.852069,79.1765,-49.6676,-178.088,0.0,0.0,0.2809381009734219
E_S_WWC_WM_471,1.31979,-2.88655,10.2434,12.9125,-0.05,-0.1,4.94164,7.20081,15.8581,26.6677,-12.6938,0.0,14.2922,-0.3,52.9037,28.9669,-4.81156,47.5399,-49.7578,-36.7633,105.055,45.4771,-95.6567,0.0,0.0,0.2782236601495016
E_S_WWC_WM_472,7.37789,2.27971,18.2957,-9.73043,-1.7,-1.19,0.64675,6.95339,-43.9785,65.6677,-11.878,0.1,1.17156,0.4,-0.151568,29.2464,4.94047,17.0968,108.796,-1.45945,15.9015,57.7055,-86.2632,0.0,0.0,0.260468777013289
E_S_WWC_WM_473,0.437422,12.3742,-6.09542,9.36038,0.29,-0.51,14.4762,-3.58009,3.88655,98.7461,2.32905,0.8,-14.9096,0.3,45.495,-2.01732,-20.1551,54.7826,-42.9548,37.9459,55.0293,-19.795,-43.0811,0.0,0.0,0.3038578364418604
E_S_WWC_WM_474,8.92915,-4.58863,7.50694,6.7236,0.92,2.31,-6.36673,-4.98489,37.1317,99.9412,-9.56481,0.7,-18.7318,0.3,-14.9242,-2.72914,2.87109,40.8965,54.9976,-29.1653,75.8858,51.4262,114.527,0.0,0.0,0.264789017475083
E_S_WWC_WM_475,10.4941,-2.08584,17.3522,8.68468,-0.04,-0.03,15.0154,0.273084,49.2893,96.9481,-6.66131,-0.1,21.8015,0.1,-17.3467,1.72951,16.9421,-6.33228,122.315,30.1583,72.5323,-41.191,-192.02,0.0,0.0,0.2568913682026578
E_S_WWC_WM_476,7.27606,-3.42358,-0.445845,-4.96924,1.27,0.73,6.1674,-4.80803,-16.9389,-87.0297,-10.7967,0.5,22.45,0.2,18.0641,22.0625,3.61427,-10.0019,127.109,-16.1393,134.9,25.3102,58.7152,0.0,0.0,0.2306134578039867
E_S_WWC_WM_477,-4.98776,9.22232,-2.82065,7.64628,1.94,-1.78,5.58457,4.42041,-1.6859,-84.114,-5.37978,0.8,-9.18979,0.4,13.4191,-15.9701,-3.45668,-10.6527,119.717,-21.1801,45.0383,7.31932,-104.661,0.0,0.0,0.2550545587043189
E_S_WWC_WM_478,-4.55556,4.58184,-2.48595,10.9353,-0.86,1.32,7.62675,-2.45441,-19.3663,-10.7007,-14.2378,0.4,-10.3923,0.6,29.4216,-5.47783,-28.2753,43.3811,108.124,48.9616,65.4327,-18.2738,46.79,0.0,0.0,0.277747245475083
E_S_WWC_WM_479,-6.98766,4.89431,-5.75477,10.7134,1.68,-0.73,-4.67783,-3.67903,44.2323,94.9647,-5.66616,0.1,-4.53517,0.8,34.506,17.2403,-12.9698,3.95206,-20.4865,-13.3279,-43.3371,-57.457,124.137,0.0,0.0,0.2930534824584717
E_S_WWC_WM_480,8.13704,10.702,-5.90472,-13.1506,-0.69,-0.01,1.43783,2.66639,48.9089,52.1912,-2.22682,-0.2,-13.8777,-0.4,32.1416,3.30694,16.253,48.8496,3.46825,-26.6786,68.2794,87.9912,65.2239,0.0,0.0,0.3008269252491694
E_S_WWC_WM_481,-4.00355,12.9478,1.70528,-6.93841,0.07,-1.23,-9.84809,-4.6494,26.3574,-4.0376,0.00211947,-0.4,11.4843,1.0,9.11199,-14.1388,12.9352,16.4904,-2.69987,-23.8446,31.3063,-9.64204,3.42872,0.0,0.0,0.2803982704285714
E_S_WWC_WM_482,9.02383,4.02723,6.4372,8.1917,1.8,1.39,0.698215,4.31784,-5.04534,-9.14081,4.61054,0.5,-13.5,0.9,-20.7657,0.371146,3.94085,48.4513,-44.3192,10.5701,40.3494,81.4034,-176.855,0.0,0.0,0.2599972047674418
E_S_WWC_WM_483,9.36503,14.7661,15.9204,-16.3554,0.57,0.82,14.2488,4.60214,-27.1686,-31.8395,4.93685,0.6,6.40179,0.3,-19.6951,-16.4597,-0.586023,5.80449,82.7455,16.4151,51.6959,10.4492,144.146,0.0,0.0,0.2548736950930232
E_S_WWC_WM_484,-7.76337,11.3824,-2.47309,17.6166,2.41,1.48,9.98959,-0.208327,-33.602,-46.7676,1.24588,0.1,5.13632,0.1,39.7832,-13.8512,12.8251,46.0608,21.3104,37.7717,113.675,41.8437,-147.121,0.0,0.0,0.2848873772657807
E_S_WWC_WM_485,-5.87982,-1.88573,-5.30186,-19.4096,2.27,-0.43,-2.56101,-1.17144,13.3546,37.2739,-5.8395,0.6,-11.7336,0.1,11.5188,17.9963,-14.2297,34.4141,16.198,-46.0632,-41.3256,60.2739,0.854219,0.0,0.0,0.2945842246112957
E_S_WWC_WM_486,-7.89774,-0.334294,6.15034,-14.6219,-0.07,1.41,3.10555,6.45353,-26.3305,87.476,-3.40064,0.2,-19.8882,0.6,-24.0964,29.43,-4.91649,35.6022,11.0536,-20.4744,20.6852,48.9029,79.5103,0.0,0.0,0.2810694130963455
E_S_WWC_WM_487,-1.00282,9.09375,19.7099,5.75115,-0.2,0.25,10.8492,2.00937,34.4601,-22.0784,3.92818,0.8,13.4022,0.2,48.6114,0.943999,12.2312,-16.3738,34.927,37.3062,-40.0668,21.7126,-152.546,0.0,0.0,0.2544784741594684
E_S_WWC_WM_488,-1.90626,2.49074,6.88821,-17.6349,-0.99,1.07,-1.28752,-3.19546,36.6154,-59.3641,-0.245702,-0.2,-21.6934,0.6,-9.6818,0.73718,-19.3991,7.7442,22.6206,-42.3998,-57.6126,75.974,123.352,0.0,0.0,0.2697397024717608
E_S_WWC_WM_489,7.33329,-0.0541968,13.5815,-6.10936,0.66,1.84,5.07045,4.63519,-9.60977,33.9258,-14.4183,0.3,20.2349,-0.1,-15.9886,3.72529,15.3994,45.4376,128.433,-25.1029,115.488,-56.5993,-34.7023,0.0,0.0,0.2700314152890365
E_S_WWC_WM_490,10.5297,3.21829,19.2246,16.1221,-0.51,1.75,0.854275,8.02222,-21.6769,54.9436,-12.6832,-0.3,1.50173,0.4,-3.00514,15.0771,-19.756,-0.0188411,59.5509,23.6697,128.971,-8.29024,102.735,0.0,0.0,0.2683329988903654
E_S_WWC_WM_491,-2.9735,14.1689,-1.1388,15.1689,-1.43,0.4,-7.34102,7.13064,22.7839,106.344,-2.08017,0.6,18.9865,0.7,58.0526,9.38984,-13.6066,42.8098,-17.2526,-10.6132,38.1134,-11.3015,13.2679,0.0,0.0,0.2990338349202657
E_S_WWC_WM_492,0.578123,12.7748,13.33,-6.74857,-0.21,-0.34,-1.72091,3.52759,47.7597,83.9049,-7.55754,-0.3,-24.197,0.8,2.48682,27.2607,-14.4471,-20.2987,-4.87615,-18.2581,-23.0147,71.7715,-59.6409,0.0,0.0,0.2882385820199335
E_S_WWC_WM_493,8.05856,8.4468,9.91159,-16.8075,1.64,1.63,2.1693,5.58716,26.2574,14.1337,-12.8885,0.3,-21.909,0.4,44.4888,-7.7178,18.4457,8.11013,50.493,-35.208,133.31,88.7513,84.6768,0.0,0.0,0.2800958530631229
E_S_WWC_WM_494,10.0046,-0.00682322,16.7514,-13.2836,0.42,0.04,19.4856,-2.3783,-15.4403,88.815,3.8811,0.1,23.6192,0.3,46.3037,22.8491,-17.1686,47.3845,45.08,-10.5352,-29.1789,35.0962,93.265,0.0,0.0,0.2633071562458471
E_S_WWC_WM_495,7.37577,-2.62006,14.9861,9.6809,1.86,0.26,1.20192,2.05664,-4.71235,143.578,-2.11612,0.3,4.22228,0.1,40.8748,-4.81509,-26.7538,46.4631,33.9264,-46.5115,136.283,-19.4294,19.3706,0.0,0.0,0.2693010458006644
E_S_WWC_WM_496,0.100708,-0.976126,-2.25059,-12.9914,-0.38,2.37,11.3657,0.549449,-38.326,55.406,-12.8437,-0.4,2.45642,-0.2,3.47669,15.5079,-3.31884,-5.05854,68.2423,36.6636,110.582,-42.9486,-160.809,0.0,0.0,0.2706228029568106
E_S_WWC_WM_497,11.0325,2.79293,16.5636,19.4906,-1.13,-0.05,14.0934,-2.71706,-29.8766,13.7681,1.18043,0.1,-6.40017,-0.2,56.9796,-17.2335,-2.62035,13.0156,70.759,-32.2753,42.0532,73.4766,-120.596,0.0,0.0,0.2490782098837209
E_S_WWC_WM_498,-5.90288,3.34317,12.6337,-7.93298,-0.28,-1.57,8.3388,5.95522,1.3804,78.1785,-7.58671,0.6,8.37843,0.7,51.332,21.2803,-27.909,15.9959,-6.21026,13.9231,-42.7588,-51.6693,-143.672,0.0,0.0,0.2807618648604651
E_S_WWC_WM_499,-6.48858,-5.69137,3.57313,-11.813,1.46,1.51,18.5846,-1.99733,-0.851894,8.64786,-11.0279,0.2,-12.6596,-0.3,42.1771,8.25393,-24.9713,2.48649,64.3523,27.8993,-34.4428,56.449,-3.46932,0.0,0.0,0.2600719920299003
E_S_WWC_WM_500,7.03106,5.65423,2.98236,17.0545,1.21,1.98,-3.79186,7.03939,42.5855,-51.7996,-10.5382,0.5,-0.349976,1.0,22.6845,-12.5678,1.58493,51.6505,24.0143,-34.3143,113.009,-1.33481,-71.3932,0.0,0.0,0.2775807121528239
E_S_WWC_WM_501,11.5596,12.1565,-5.57345,18.9555,-0.02,-0.56,17.1947,-4.06031,-1.31035,22.3813,-4.60972,0.1,10.9548,-0.1,16.3332,7.84816,-26.5341,-13.1739,-6.61818,-44.8697,80.246,33.7133,-162.86,0.0,0.0,0.2723908778737541
E_S_WWC_WM_502,11.1563,4.44226,19.9334,-2.47286,-1.46,-0.84,12.8039,-0.499579,-41.2796,145.554,-8.47613,0.4,-19.2249,0.0,39.4957,17.4287,3.99588,42.6832,99.2403,30.3175,-54.0833,12.9676,56.2542,0.0,0.0,0.2908913734485049
E_S_WWC_WM_503,14.0354,0.517883,-3.00006,-14.3915,0.62,-1.56,9.81705,2.04071,46.6988,100.728,1.92105,-0.2,-2.37928,0.0,40.5454,18.6451,-27.6812,9.62728,-9.88547,11.1016,-11.7773,-42.1739,14.8278,0.0,0.0,0.2651835822059801
E_S_WWC_WM_504,-3.95586,7.33671,-2.86887,-9.66101,1.55,0.92,2.87412,-2.42611,39.9716,90.519,-6.57657,0.0,-18.2296,-0.1,-20.4407,-10.5186,-15.7912,-24.5308,23.1184,48.3562,-12.0689,62.0319,-140.269,0.0,0.0,0.2950635466910299
E_S_WWC_WM_505,-1.18239,8.07338,6.74231,-12.4133,0.7,-1.56,-9.89439,0.331546,-13.4179,91.7723,-1.43833,0.3,-17.785,0.5,47.1461,-17.0134,-13.9924,33.6361,72.8536,-22.4024,5.36799,-22.7807,74.0766,0.0,0.0,0.2900281351129568
E_S_WWC_WM_506,9.01404,-5.79706,-0.439375,15.7932,0.67,-0.21,4.29921,7.96489,-19.5952,3.91285,-14.3227,-0.2,11.7725,0.8,46.2559,-18.9656,13.929,24.5074,52.6882,9.3598,-53.4803,24.474,25.1124,0.0,0.0,0.2677452338504983
E_S_WWC_WM_507,12.6404,10.0552,1.59285,12.7945,-0.25,-0.58,-5.84264,3.99054,-37.2644,-41.1733,-1.0577,-0.3,-23.368,0.4,14.9324,-12.7816,12.358,38.8872,12.1133,-30.8091,108.595,5.73284,99.2559,0.0,0.0,0.2796800190730896
E_S_WWC_WM_508,-1.08891,1.24426,15.5957,4.55399,-0.21,-1.24,7.88908,9.21937,30.8985,109.348,-0.353306,0.2,-13.0673,0.9,-13.4537,-13.1263,-11.7586,-0.731802,41.2649,17.6989,-55.7472,61.7457,-146.552,0.0,0.0,0.2726970892225913
E_S_WWC_WM_509,9.47041,7.00355,-0.97753,6.2545,1.61,2.12,8.22972,-2.98412,32.6311,134.539,-9.62279,-0.2,-14.3612,0.6,-5.22627,14.219,17.1321,-11.9691,124.059,-1.78125,88.5985,-0.927132,2.38855,0.0,0.0,0.2913644173887044
E_S_WWC_WM_510,14.5584,-0.865469,5.01404,-8.28457,-1.78,0.0,3.44704,-1.56345,43.2239,97.6255,-9.30434,-0.4,4.32352,0.2,-10.6831,-6.54749,28.4938,29.0986,22.8602,-5.0426,121.16,10.9339,-5.8394,0.0,0.0,0.2817658908172757
E_S_WWC_WM_511,-5.2993,5.73816,-6.00009,18.4984,1.16,0.43,-9.72498,1.36552,18.5061,11.9388,2.14181,0.4,0.411744,0.9,35.6554,-1.10552,0.206553,18.5805,-39.7778,34.3663,104.5,41.3316,145.963,0.0,0.0,0.2692997293488371
E_S_WWC_WM_512,13.9597,5.85407,-7.42478,19.6864,-0.63,-1.37,-0.669129,-1.49466,-14.1848,-29.2698,-2.28827,0.4,-12.3251,0.5,58.8145,13.8959,-14.7032,30.5582,-24.6616,15.7335,41.5985,85.2275,-81.6357,0.0,0.0,0.2675104681993356
E_S_WWC_WM_513,4.83321,13.2024,-6.4664,19.2681,-1.55,-0.55,-0.541188,6.39564,-10.9234,-15.9987,3.48116,0.1,0.143139,0.0,41.6691,16.4999,1.35449,47.7791,109.545,-26.47,106.687,-0.132119,-138.19,0.0,0.0,0.2935410341196013
E_S_WWC_WM_514,12.7905,3.29367,14.0472,-19.7322,0.28,-1.49,-4.06937,4.51195,25.1006,47.119,-7.19333,0.2,-15.4334,0.2,38.3261,11.379,14.4443,-19.9695,97.9841,-0.497491,-6.21867,-32.0126,-180.892,0.0,0.0,0.2523668573388704
E_S_WWC_WM_515,5.4187,4.54897,-2.15114,14.6848,-0.59,1.86,18.4382,-1.87984,5.1957,29.5847,-3.88322,0.2,-2.07807,0.9,34.0607,16.3541,29.7005,39.2196,50.211,-44.0773,125.788,36.4283,-181.206,0.0,0.0,0.2715243922425249
E_S_WWC_WM_516,4.18754,-6.16834,-4.16627,4.73164,2.35,1.17,8.49563,6.78635,-30.6323,0.359371,-1.13751,0.0,-10.7744,0.3,10.1477,13.6122,18.3606,-6.21194,-29.3629,-25.4121,129.561,74.5018,-186.6,0.0,0.0,0.2376773963687707
E_S_WWC_WM_517,14.1591,14.1989,0.0592328,-14.3321,0.54,1.78,13.0948,9.39902,43.7524,123.579,-7.36818,0.6,-15.5716,0.7,-8.57257,10.4971,-19.5293,17.9752,-14.9876,33.5842,22.0911,61.3787,37.2866,0.0,0.0,0.3001554423455149
E_S_WWC_WM_518,12.0801,2.28841,15.2358,0.805103,1.58,0.05,17.3687,7.24479,-6.57517,129.463,-5.40356,0.2,-12.0767,0.3,23.765,29.9729,-14.5817,29.9492,-50.1924,9.43234,144.85,84.2729,-31.0973,0.0,0.0,0.2786265655116278
E_S_WWC_WM_519,10.3885,5.1253,9.75021,0.0486168,-1.69,-0.32,17.4485,9.89428,43.3045,27.6753,-7.70345,0.2,-3.24095,0.2,22.065,-15.1186,-27.9599,15.7063,28.3285,-29.0975,128.407,31.4914,-189.558,0.0,0.0,0.2780530949568106
E_S_WWC_WM_520,1.97793,9.13463,-5.81386,1.64216,-1.17,0.68,-9.66225,4.85197,-13.729,145.242,-7.30406,0.1,-16.482,-0.1,1.5525,-13.9675,25.6356,31.4924,29.7169,19.2904,-9.35381,70.6553,36.4189,0.0,0.0,0.3097981748305648
E_S_WWC_WM_521,3.5788,10.2037,15.3919,-10.6458,-1.54,-1.12,12.6331,4.37412,-7.34777,-23.8102,4.04274,0.3,19.0275,0.9,37.7456,-5.90544,24.0058,-3.54409,74.5498,-24.2103,83.3592,-53.2994,-159.25,0.0,0.0,0.2525153181528239
E_S_WWC_WM_522,14.8494,3.70282,8.12782,-5.16344,-1.44,1.81,11.0778,8.24795,23.9847,8.16151,3.17253,0.0,23.5666,0.4,23.9763,-16.4161,-11.5174,-2.86714,35.3315,12.5402,-31.1444,41.548,86.1186,0.0,0.0,0.2428501263920265
E_S_WWC_WM_523,14.0784,13.116,16.8205,-13.3196,0.35,-1.32,-2.84249,1.38658,39.3246,52.3717,0.0757825,-0.1,-21.8494,0.6,24.9108,-16.2434,-26.0361,30.212,-27.7673,-39.7325,61.5868,48.6987,-155.603,0.0,0.0,0.2831576921495016
E_S_WWC_WM_524,-2.65062,0.738763,-7.62668,1.71706,2.27,2.47,6.42536,-1.41401,-18.9902,20.7969,-7.03858,-0.2,23.7387,0.5,13.2322,-4.24152,10.9086,29.0546,-14.5115,-2.26014,86.2692,-47.4218,-133.3,0.0,0.0,0.2713033793754152
E_S_WWC_WM_525,12.7505,-5.01963,8.79453,14.9996,0.84,-1.22,7.47271,6.4806,-39.6617,-53.0807,-13.9148,0.5,-0.561207,0.9,10.5327,-7.35808,-17.0776,-6.41052,-30.1256,-48.2403,28.2571,0.33236,26.6613,0.0,0.0,0.2453593497973422
E_S_WWC_WM_526,3.00487,-7.03516,8.57515,11.3701,-0.31,0.78,-0.843218,6.60787,-31.9646,42.5079,-5.82149,0.4,19.5822,-0.4,9.89929,-0.0712194,-26.6877,21.1602,-52.4354,-5.24025,40.6694,-59.2143,35.9781,0.0,0.0,0.2552232039302325
E_S_WWC_WM_527,5.97188,8.24602,18.7853,1.1699,-0.07,-0.22,6.93124,2.39164,-5.77822,-80.3318,-3.25527,0.1,-7.5774,0.7,30.8026,-17.6361,-24.2065,46.2599,126.797,-12.1467,43.046,-40.7498,-187.497,0.0,0.0,0.2792122960863787
E_S_WWC_WM_528,9.40968,-4.79609,2.79728,18.7311,1.32,1.62,12.9629,0.550374,-12.2671,34.3945,1.29387,-0.2,-11.1486,0.4,8.14908,-0.455877,24.5038,37.2613,111.342,-31.9442,-14.4892,-54.8254,134.885,0.0,0.0,0.2592036456877076
E_S_WWC_WM_529,9.07108,5.45388,3.12827,-16.8797,1.37,-0.19,-8.77331,5.27781,46.7191,-52.2153,3.06029,0.1,4.76878,0.6,-4.22358,-0.14394,8.75904,-20.0291,-34.5863,-45.2636,46.3447,37.9884,73.3081,0.0,0.0,0.2450146050564784
E_S_WWC_WM_530,5.84775,-7.73847,2.87842,-11.4558,-0.75,1.11,12.1657,0.931802,40.8481,43.1274,-0.725153,-0.4,10.3286,0.7,3.07575,-18.2612,0.620405,-14.0347,66.0353,-37.4747,86.7482,88.3009,62.1126,0.0,0.0,0.2373576122757475
E_S_WWC_WM_531,-1.80006,10.8228,0.224627,-2.89642,-0.16,1.43,19.0052,-0.122375,-24.7714,67.6668,-11.1921,0.6,11.9404,0.0,52.6086,-4.18289,-28.8417,42.5928,-14.759,-20.1331,-50.6772,38.2076,-124.93,0.0,0.0,0.3107883544219269
E_S_WWC_WM_532,4.40908,-7.39272,4.55541,3.15368,2.1,1.88,14.1384,3.72304,-14.7673,30.9418,-5.9827,0.6,-16.6619,0.9,27.2264,20.3696,-5.43766,-4.19263,71.2083,-33.7104,-21.0328,87.2278,90.7903,0.0,0.0,0.2474259368073089
E_S_WWC_WM_533,1.68991,3.88237,-4.49123,6.81424,-1.23,2.22,11.5265,-3.02449,46.5686,9.89722,-13.1089,0.4,5.67259,-0.3,-11.5129,24.5908,12.5548,28.7964,9.83359,-32.8962,56.0321,16.3814,27.5881,0.0,0.0,0.2788218008704319
E_S_WWC_WM_534,-3.61504,10.2655,-7.19903,3.67604,0.34,1.14,0.298866,3.42341,-28.8902,147.489,-5.49294,-0.3,9.05815,0.7,38.8672,13.5394,-13.1767,48.9472,54.2156,-47.9867,-32.8444,42.2978,82.8182,0.0,0.0,0.3094575784584717
E_S_WWC_WM_535,13.8159,0.34647,10.6385,17.9469,1.61,0.35,8.63848,7.64298,-15.9054,-9.68008,4.83236,0.4,-10.6546,-0.3,35.8074,12.7802,8.62141,10.3278,-44.7912,-36.497,29.4231,-57.6878,-94.0099,0.0,0.0,0.2507181781129568
E_S_WWC_WM_536,11.9733,-4.3914,18.9722,17.2916,0.43,-1.29,10.5353,2.19943,-14.6686,-62.6804,0.10988,0.6,18.1274,0.4,-13.4696,20.975,-21.4751,24.4114,92.7637,-15.466,-47.1534,58.4512,-51.5957,0.0,0.0,0.2727035347707641
E_S_WWC_WM_537,12.3142,8.93755,13.9097,-6.02572,-1.28,-1.48,17.8211,1.93187,19.2962,139.572,-2.42858,0.7,3.2321,0.4,-8.34413,8.53328,29.8431,27.4418,77.0487,11.2777,91.3247,81.4733,-51.4571,0.0,0.0,0.285911219744186
E_S_WWC_WM_538,5.16265,13.9566,-1.20408,-11.8799,-1.06,2.09,14.3976,-4.35544,-6.16984,-27.4609,2.66687,-0.3,3.55847,0.5,-11.1022,-14.7607,-8.09008,35.8807,12.5542,-35.7358,-13.6062,15.3524,-136.784,0.0,0.0,0.2892352370598007
E_S_WWC_WM_539,-1.32028,5.51033,15.335,-6.55448,-1.48,-0.24,-4.82116,1.24,-10.4077,143.336,-2.89352,0.6,17.9993,0.3,18.1899,23.4294,25.1944,15.5143,31.1844,-49.0891,-30.8071,14.7766,-194.508,0.0,0.0,0.281788027461794
E_S_WWC_WM_540,7.66194,-4.31862,-6.65047,1.10384,1.98,-1.55,6.0469,3.96676,-44.4561,94.4304,-2.27495,0.4,14.0852,-0.3,55.681,18.3489,0.530137,5.29214,69.5631,-32.0346,-49.6834,9.83525,87.5564,0.0,0.0,0.2709629241860465
E_S_WWC_WM_541,1.60259,2.94791,9.57447,10.048,0.22,0.73,16.5415,-4.14535,3.22664,36.4613,4.35607,0.5,1.2461,-0.4,10.2606,3.49829,-2.6999,48.144,112.035,29.5448,125.235,65.8777,-5.42799,0.0,0.0,0.2531418826877076
E_S_WWC_WM_542,5.36709,-3.65874,-5.99119,-6.48143,2.16,2.15,17.0063,7.28698,48.7436,-5.30879,-3.13219,0.4,-11.0677,0.5,-1.09996,-13.6355,-18.2926,-9.46379,30.6317,39.5858,-11.5449,-26.5439,-9.4962,0.0,0.0,0.251027963744186
E_S_WWC_WM_543,2.7798,-7.52126,12.3707,-9.58829,0.05,-1.13,-6.63036,7.98638,-9.06565,132.246,-5.03799,-0.1,6.71283,0.5,51.5371,3.60969,25.0159,-5.23918,90.8391,49.0135,-16.2278,13.6728,89.4922,0.0,0.0,0.2453369589136212
E_S_WWC_WM_544,-6.97501,-6.1157,9.64618,-0.739422,0.06,0.33,6.08786,9.77056,44.3523,-24.4732,-12.1129,-0.1,-8.60469,0.1,29.2518,-6.31918,12.6884,-11.5905,42.2961,48.6499,117.698,-55.6394,-153.697,0.0,0.0,0.2460057219634551
E_S_WWC_WM_545,1.36967,9.64976,12.5852,-4.33536,2.37,1.93,0.148148,-3.34877,12.3684,-82.9623,-9.43109,-0.1,-2.87648,0.7,50.9937,-11.7401,29.2287,-14.309,-27.6356,2.71386,119.48,6.13296,-91.073,0.0,0.0,0.2627336604983388
E_S_WWC_WM_546,1.03776,9.16835,-1.28114,-17.2308,0.47,-1.55,-1.97592,-2.13589,35.4583,-6.09754,1.3975,0.6,-9.36371,0.4,27.0889,-7.94585,23.8169,54.601,19.1961,15.8736,-36.5606,-51.4902,-178.513,0.0,0.0,0.2997961744883721
E_S_WWC_WM_547,7.81568,-1.93819,14.4931,18.3652,0.04,-0.64,-6.83014,6.26651,29.2445,87.3078,4.06274,0.2,20.6006,0.9,57.5234,12.0606,-2.22478,13.7899,64.2025,-24.9085,93.7837,85.3683,-126.333,0.0,0.0,0.2503070063754153
E_S_WWC_WM_548,4.71812,7.56294,-4.13792,5.90266,2.44,1.28,-4.10263,-3.73546,3.7399,141.855,0.235262,0.4,6.45565,-0.1,21.0157,28.7176,-9.61105,-24.2034,43.9449,-22.6828,31.9609,-7.17131,50.2399,0.0,0.0,0.2704870309534883
E_S_WWC_WM_549,11.3568,-1.37923,13.3874,-5.76237,-1.27,0.29,19.0385,-4.2911,-38.9001,-71.8895,-4.68689,-0.2,-3.48093,0.6,44.8676,-6.4317,10.0473,36.5672,51.4293,-11.3883,-40.511,-57.3813,-41.0291,0.0,0.0,0.2592242146179401
E_S_WWC_WM_550,8.38386,2.53435,5.68266,4.30775,-0.43,0.81,17.8607,3.16646,-40.5443,-91.8862,-6.28567,-0.4,19.8384,0.1,20.8245,-18.0893,-1.46832,49.7805,-29.7137,-2.51593,68.8717,7.93756,-162.31,0.0,0.0,0.2700312481694352
E_S_WWC_WM_551,3.22923,8.77802,-5.70982,-19.7845,1.03,-0.24,-3.78131,6.3212,35.2706,134.648,2.22963,0.3,10.6614,0.1,35.4487,-8.97862,-29.1429,42.5289,81.0894,48.4429,90.8275,-13.9458,-40.2284,0.0,0.0,0.2999540581760797
E_S_WWC_WM_552,0.799976,9.41738,11.143,-14.0463,-0.43,1.07,3.83212,2.00545,37.4293,7.67427,-11.906,0.5,-17.4867,0.8,53.5309,29.0044,-1.68627,45.2122,6.81047,34.83,38.6138,-41.4987,21.7907,0.0,0.0,0.2847468447142857
E_S_WWC_WM_553,8.70444,-0.458843,-3.67587,12.0063,0.32,0.58,13.6039,8.41012,30.7141,34.7772,-6.45991,0.0,-19.8152,0.7,-21.0316,-14.2347,21.2375,2.61047,26.8025,-23.9572,101.384,-59.1351,-108.319,0.0,0.0,0.2673878479800664
E_S_WWC_WM_554,-6.06268,6.70392,-7.3186,-18.0204,-1.01,1.71,5.70517,-3.29662,24.5197,46.9333,-0.743109,0.3,14.9134,-0.2,26.2153,-10.0433,-15.1465,11.8439,-45.1315,3.84176,22.2615,-39.0517,11.8894,0.0,0.0,0.2882160894186046
E_S_WWC_WM_555,11.0838,-5.05559,-1.77143,4.46638,-0.49,0.64,18.28,5.37716,-31.4208,127.009,0.690414,0.7,19.9802,0.5,0.894393,24.939,17.7967,11.4857,34.3661,-4.60111,90.9158,-14.2313,95.6528,0.0,0.0,0.2624966646710964
E_S_WWC_WM_556,-0.248724,-0.602776,13.9459,-5.96281,-1.26,-1.7,19.2781,6.40842,26.6708,82.9066,-4.71554,-0.1,-5.83536,0.7,-14.0855,-3.24623,-25.8855,23.989,83.587,-25.622,69.8634,-50.0044,66.1779,0.0,0.0,0.2703748360299003
E_S_WWC_WM_557,5.5215,10.4698,3.27384,17.8712,0.18,-1.72,14.9553,8.18437,41.4572,-8.85926,-11.5907,-0.1,-4.2874,-0.3,19.9708,14.3738,-4.68135,-19.2389,-33.8118,3.2606,138.831,-23.3727,-77.0602,0.0,0.0,0.2749897282425249
E_S_WWC_WM_558,0.806445,11.0414,0.354838,-12.1133,2.46,0.3,1.23852,8.1145,14.0097,144.477,-9.78265,0.3,-5.10588,0.1,57.3284,-11.5165,-7.73174,-13.5171,46.4662,19.4551,-26.0368,29.8537,97.7686,0.0,0.0,0.3089502771362126
E_S_WWC_WM_559,-6.0247,2.46668,0.807548,12.9687,2.08,0.93,-4.14919,-3.55434,-30.938,-34.7824,-8.56909,0.8,11.2809,-0.2,46.5296,13.2654,19.0824,-19.8109,14.3101,-4.85603,114.366,-24.5309,-135.208,0.0,0.0,0.2537370769401993
E_S_WWC_WM_560,-0.167774,1.48148,-7.27312,19.9607,-0.87,-0.1,14.8651,1.89152,31.0002,124.084,4.46698,0.4,-19.3851,0.2,50.2388,-15.7502,14.8883,-3.32784,-40.5175,1.44293,32.5243,69.7365,-161.346,0.0,0.0,0.2724080061395349
E_S_WWC_WM_561,1.23307,12.5129,9.5308,-17.0844,0.98,-1.15,-8.04017,-4.11547,9.9787,23.0432,-11.3552,0.4,22.9498,-0.3,8.46223,-8.64281,-23.3503,10.8624,-41.1385,36.1476,115.919,4.10828,-127.21,0.0,0.0,0.2928180525614618
E_S_WWC_WM_562,0.139506,-5.75465,-5.67642,-12.6899,-0.94,2.03,9.42337,-3.43828,-7.09834,120.461,-7.0831,0.6,-10.9721,0.2,29.5285,13.6692,26.6937,21.6595,103.785,28.0109,119.823,57.4883,63.7962,0.0,0.0,0.2678848836279069
E_S_WWC_WM_563,-7.65277,7.7218,3.42508,-5.45173,-0.4,-0.74,15.4196,-1.37427,-19.5561,120.117,1.15648,0.4,-9.82055,0.6,14.4584,27.9127,-23.1253,-8.66586,49.6705,29.2313,103.843,-56.8255,138.361,0.0,0.0,0.2817574766478405
E_S_WWC_WM_564,5.92184,-2.38872,19.4955,-12.2633,1.86,-1.16,7.24799,-1.5833,-0.48562,115.69,-12.5747,-0.3,3.40382,0.8,12.7885,-12.0222,-2.26839,-19.0408,25.0402,25.8742,30.5561,78.0195,-59.4077,0.0,0.0,0.2714209648637874
E_S_WWC_WM_565,3.52084,14.0608,2.17828,13.2481,1.07,-0.38,-3.2747,5.5701,18.3298,-79.4199,3.68451,-0.1,21.4965,0.9,-13.83,-9.89498,-20.3884,37.7312,-33.3707,32.801,-36.6219,5.92892,-9.60573,0.0,0.0,0.2758970831162791
E_S_WWC_WM_566,11.2647,14.2414,-0.0500485,2.82385,-1.16,1.91,2.60556,0.127388,8.47876,-64.0702,-6.25479,0.7,7.80994,0.4,-2.61646,13.0317,10.8679,-21.4439,-43.5876,35.0857,2.44929,-50.4913,-39.6955,0.0,0.0,0.2543541211395348
E_S_WWC_WM_567,3.98138,4.69168,18.6277,3.39793,0.13,-0.68,-4.7983,6.90909,39.7109,144.16,-11.4101,0.6,-21.5898,0.8,49.916,-2.65733,10.173,-3.76045,19.944,-49.4812,6.28414,22.5237,-3.82555,0.0,0.0,0.2752798667940199
E_S_WWC_WM_568,1.0805,7.17771,4.51134,-10.5229,0.73,0.03,-9.50749,3.02557,-42.2052,-64.9562,-4.16834,0.8,-3.82474,0.2,25.4817,19.0752,-28.0959,-23.6021,89.6997,4.37627,26.6962,2.62575,144.523,0.0,0.0,0.2409557411395349
E_S_WWC_WM_569,0.332503,1.58141,-1.91957,-17.1611,0.49,1.17,7.70847,-3.23673,20.5853,-67.3735,-10.3025,-0.4,12.5081,0.0,-3.82904,15.7077,-23.1821,-22.2471,-36.1534,-35.6411,27.2912,24.772,-74.6984,0.0,0.0,0.2534392058737541
E_S_WWC_WM_570,13.9331,-5.87381,12.8849,8.59173,1.91,1.06,-6.73768,-0.160129,-32.2176,107.725,-5.4467,0.4,23.3826,0.5,-5.1535,26.2319,-25.7048,0.679624,100.558,-40.4925,84.9804,62.1508,106.988,0.0,0.0,0.2446207853023255
E_S_WWC_WM_571,-2.88024,-7.983,10.6834,0.299608,2.43,0.34,3.52777,-4.72144,2.34503,119.041,2.42915,0.1,-20.8824,0.4,17.0342,13.0,15.8531,51.8572,10.3125,10.1514,42.4128,62.8302,48.4067,0.0,0.0,0.2787488937375415
E_S_WWC_WM_572,-7.42602,-4.57939,14.8062,-15.5004,1.97,2.48,7.02122,3.38913,-11.6622,25.5345,-10.1392,0.7,9.82795,0.2,43.536,-12.6308,-18.1975,47.672,9.58088,38.0502,24.5613,4.63293,71.9545,0.0,0.0,0.2789226410431893
E_S_WWC_WM_573,13.0709,-2.55852,18.8817,9.47049,-0.34,0.65,5.6076,-1.64504,47.3836,5.39139,4.29155,-0.1,-8.08946,-0.2,16.2301,9.1898,-19.9425,27.2823,26.9653,48.2634,-7.87102,17.73,-80.0455,0.0,0.0,0.2506118720498339
E_S_WWC_WM_574,3.84474,-7.05529,-6.8122,-6.32098,1.57,1.04,-9.22453,4.06437,2.22937,110.989,2.07094,0.3,12.3973,1.0,-14.025,-7.09639,18.0311,42.3504,-19.8139,-25.7842,85.285,-24.1495,-6.17395,0.0,0.0,0.2744800210199336
E_S_WWC_WM_575,-7.22523,-3.99629,16.1569,4.61736,-0.82,0.76,-3.00575,0.19474,-20.5492,93.6162,2.03825,-0.3,21.8622,0.7,6.03349,-0.671307,-12.2597,46.8448,103.026,47.4491,11.2745,42.0122,66.8057,0.0,0.0,0.2694025927674419
E_S_WWC_WM_576,-3.90617,-6.85375,16.4925,-12.2887,0.4,0.07,-8.52558,0.521936,9.22828,1.65602,-6.39124,0.4,7.88471,-0.1,35.5202,26.4923,20.6737,41.6186,117.328,23.333,-53.0151,59.5482,-44.9067,0.0,0.0,0.2933075504983389
E_S_WWC_WM_577,10.0401,6.75439,12.0259,8.01674,-0.6,1.45,17.2196,-2.67401,-10.2844,-69.9979,-1.81477,-0.1,24.2705,0.8,53.9478,10.6845,-19.3145,0.487496,32.1409,-31.6174,118.997,-20.2421,38.9798,0.0,0.0,0.2384538193056478
E_S_WWC_WM_578,14.82,2.59603,-2.78645,3.72538,2.34,2.49,-2.72728,-3.38919,-4.30148,-80.9151,-3.36425,0.0,-3.50401,0.2,-14.4984,-5.34954,8.69396,4.15964,33.4603,1.70069,-2.12396,22.7945,120.975,0.0,0.0,0.2492855102990033
E_S_WWC_WM_579,9.2592,7.27947,19.4458,3.08647,-0.79,-0.31,-2.04962,0.970734,-49.6033,2.55163,2.18541,0.1,-14.5598,0.2,26.7872,20.8719,28.573,53.5322,2.83157,17.3887,56.7094,-34.8363,-67.4281,0.0,0.0,0.2853292705880398
E_S_WWC_WM_580,2.88578,7.10137,3.91689,-1.96293,-0.49,-1.4,14.7322,-3.79826,18.9938,95.1981,-11.7221,0.1,-19.556,0.0,-16.9315,-9.78815,-19.2109,52.4091,110.033,14.1695,136.613,-13.3508,-125.202,0.0,0.0,0.3005564885913621
E_S_WWC_WM_581,13.6247,0.168285,17.6344,-18.3682,-0.91,-0.07,-0.578024,8.15162,-3.44286,86.5938,-5.63448,0.5,-4.24132,0.7,43.4663,-1.86093,-18.6787,-9.87203,0.580288,29.0767,120.126,68.7317,-168.699,0.0,0.0,0.2477248080066445
E_S_WWC_WM_582,12.2492,1.8634,-1.44176,11.6422,1.42,1.25,4.84072,-1.97843,-16.4054,19.2116,2.15239,0.6,16.4728,0.6,37.9798,28.6935,-29.1147,32.6107,-59.4953,20.6621,23.5452,-2.73694,91.0721,0.0,0.0,0.2610714425813953
E_S_WWC_WM_583,14.4085,-1.44458,19.4247,-7.01823,-0.17,2.05,-3.14621,3.94572,-12.8377,-66.3368,-9.32394,-0.2,-14.6268,-0.1,44.9977,12.7976,5.70773,52.243,-51.8421,-13.4829,109.961,-3.6792,40.0421,0.0,0.0,0.2608197389966777
E_S_WWC_WM_584,4.56304,7.19271,17.9064,13.7902,1.78,-0.78,-7.37007,2.16372,40.6232,-2.5097,-3.44487,0.5,-0.466273,0.3,1.84827,29.7443,20.3771,1.24957,-18.1159,-17.3449,137.073,49.991,-134.24,0.0,0.0,0.2559682507142857
E_S_WWC_WM_585,14.7942,-6.47213,-1.09279,17.8863,1.89,-0.08,19.6887,0.39777,2.67085,111.926,-4.03375,0.5,1.90727,0.7,56.746,-4.00774,-10.007,-7.34826,-8.36711,14.3807,90.5598,20.5198,-35.5266,0.0,0.0,0.255084646744186
E_S_WWC_WM_586,9.79815,14.2762,3.49369,-18.1868,-0.26,0.15,-4.49331,1.01573,11.0413,25.2267,-14.0546,-0.2,-8.32868,0.6,-16.8598,2.73213,19.841,-3.49731,51.24,19.5859,49.7118,46.0407,-143.21,0.0,0.0,0.2829318469568107
E_S_WWC_WM_587,-2.01592,7.77924,10.4507,-12.884,1.56,-1.48,7.38657,-0.854262,-34.992,-76.7586,-14.1623,-0.2,21.4282,-0.2,-9.98477,20.64,-13.2105,48.746,84.5339,-3.33942,117.044,80.6637,83.0912,0.0,0.0,0.2956083826877076
E_S_WWC_WM_588,2.32805,11.9385,16.5391,18.4005,-0.11,-1.21,12.694,-2.44776,-7.87191,125.311,4.78586,0.5,24.7812,0.8,4.75773,23.0518,7.62489,-9.78623,30.2894,-24.0397,60.7175,59.7062,27.4284,0.0,0.0,0.281985182627907
E_S_WWC_WM_589,-7.06221,-5.34889,10.9803,-5.34354,-1.15,1.99,6.01954,4.71037,-20.041,21.7297,-11.7692,0.3,1.32379,0.9,-22.6081,19.9064,-15.7505,12.746,-48.0185,48.738,82.9657,-38.2566,-15.8021,0.0,0.0,0.2583068545315615
E_S_WWC_WM_590,1.49218,12.8963,-6.53278,1.20524,0.4,1.92,3.40647,4.24606,-10.5889,-14.6191,-11.0434,0.3,-2.33142,0.0,56.8862,12.4459,-29.5358,-18.0836,-57.0766,-49.8203,-14.3906,-26.3131,64.7028,0.0,0.0,0.2765480587541528
E_S_WWC_WM_591,14.4162,-0.899217,11.3016,9.83528,-0.15,0.95,-9.05438,6.13164,-39.8811,-60.5136,-0.873988,0.0,-14.8422,0.3,-16.606,22.5396,-10.2644,-0.498527,114.539,38.5471,-22.5075,20.0571,14.4442,0.0,0.0,0.2312277545249169
E_S_WWC_WM_592,-0.615806,-2.99821,0.570191,19.6272,0.25,-1.73,7.5255,5.65478,22.9152,95.8915,-2.99011,-0.3,6.00344,-0.1,22.5247,-18.0053,2.72946,43.4589,-13.8392,-12.314,22.9983,-15.7797,107.81,0.0,0.0,0.2919909351196013
E_S_WWC_WM_593,12.8188,-2.51612,-1.80295,-8.32174,1.07,-0.19,-5.74791,5.03655,20.8713,-57.1084,-1.7173,0.4,11.8393,0.4,51.7211,-7.45628,27.0799,34.1731,-51.5318,37.5699,-24.3031,-32.812,70.6911,0.0,0.0,0.2455598565116279
E_S_WWC_WM_594,14.5334,-6.34605,5.9484,19.0663,1.77,1.7,2.40887,7.55469,-28.5626,136.337,-13.2614,0.7,-7.97674,-0.1,20.744,27.3137,-8.75506,28.5819,107.976,15.4316,-20.8976,20.2403,39.0198,0.0,0.0,0.2807238140398671
E_S_WWC_WM_595,-5.67476,7.4964,-2.33954,-18.4652,-0.68,-1.36,-2.25807,2.29189,-44.3993,75.4375,-8.37552,-0.1,-23.0213,0.1,-1.07422,-9.30925,-24.5383,-14.385,78.5063,-28.2993,81.5825,-10.6512,-196.151,0.0,0.0,0.2833882720299003
E_S_WWC_WM_596,0.527561,-5.5525,3.08507,-10.5732,-0.56,0.67,10.9461,3.89664,-17.7311,7.09599,-3.2731,-0.2,13.5867,0.5,29.3806,29.1099,-27.8259,52.7046,98.3182,18.5468,-43.9415,-50.2549,45.6537,0.0,0.0,0.264727889923588
E_S_WWC_WM_597,6.59004,-3.51848,6.55712,-14.6896,1.71,0.92,-6.57662,-4.50356,-34.2085,-78.0554,-5.76663,0.3,18.7015,0.7,37.6053,7.90228,-22.4699,5.63605,-38.223,-7.72288,-47.0149,60.9193,92.1014,0.0,0.0,0.2460829345980066
E_S_WWC_WM_598,9.70899,-3.96128,-1.34658,17.4173,1.49,-0.37,2.26838,5.55613,26.0856,107.224,-11.6008,0.2,-22.7905,0.0,-15.5479,-9.36673,-17.3213,27.5635,-52.7742,-4.40546,-20.5518,81.1945,-45.2431,0.0,0.0,0.2988603719568106
E_S_WWC_WM_599,12.8844,9.98111,6.78325,2.62713,2.25,-1.61,0.930061,8.6347,-3.75876,42.6054,-7.43789,-0.1,-4.13559,0.8,-10.2056,-12.2769,-20.9554,53.1882,56.6608,-39.162,76.3067,25.2022,8.69341,0.0,0.0,0.3016894606245847
E_S_WWC_WM_600,-7.47791,14.8996,8.67513,-0.544374,-1.35,-0.28,8.73696,-1.95351,16.3957,4.88408,2.37814,0.6,17.7102,0.2,-20.635,-6.35841,-28.1605,45.8151,46.1293,-2.69544,58.2851,-28.5512,-110.571,0.0,0.0,0.3053299558903654
E_S_WWC_WM_601,8.29876,-0.68509,-4.27878,-11.0433,1.79,-0.91,12.7145,2.12208,-47.6531,60.943,-5.95721,-0.3,-16.6062,0.6,46.8148,-14.8047,-1.11511,31.9278,-38.7778,-24.8314,113.389,66.6381,-32.3928,0.0,0.0,0.2799195785813953
E_S_WWC_WM_602,14.225,9.63668,-3.97651,7.46483,0.83,0.7,-5.18334,9.42012,6.15086,20.4572,3.53338,0.4,21.7181,0.0,16.5981,-13.2455,21.1606,41.6862,73.843,-21.4186,-27.3362,5.48121,-49.9506,0.0,0.0,0.2742807146478405
E_S_WWC_WM_603,-3.29506,-0.525139,4.10576,-11.2134,-1.07,-1.15,-8.49639,3.07084,41.3734,132.149,2.29397,0.2,7.52891,0.2,25.7193,6.56457,-4.4238,19.9494,110.282,-13.8272,149.538,12.0141,141.343,0.0,0.0,0.2722142974152823
E_S_WWC_WM_604,-2.12652,5.19093,-6.86849,-15.0382,2.31,-0.2,0.248699,-2.09392,-48.4737,128.917,-0.85004,0.0,20.1032,0.7,45.9834,14.6708,-19.0778,20.029,43.5731,-8.42526,142.873,-33.7808,18.0395,0.0,0.0,0.2914675408770764
E_S_WWC_WM_605,-1.48067,11.8823,16.9969,-6.71047,-0.52,-0.86,0.47146,6.34085,45.1514,-68.366,-0.450964,-0.1,10.9011,0.4,-12.2334,-17.3981,7.04017,-10.9791,112.801,-2.83929,140.34,52.8865,-148.771,0.0,0.0,0.2521967135780731
E_S_WWC_WM_606,3.04517,0.344745,-3.71871,10.4067,0.37,2.12,-3.52195,5.49087,-23.9486,86.7495,-5.15837,0.4,-1.04156,1.0,-7.14909,4.91595,-0.704175,3.45189,96.3636,47.9533,6.31215,-59.4618,129.067,0.0,0.0,0.2668960253986711
E_S_WWC_WM_607,4.69164,5.97576,8.42473,-7.08534,0.21,-0.18,16.359,1.67151,17.4565,23.3161,3.7247,0.3,21.691,1.0,16.7989,9.82516,-29.9826,10.6563,90.2586,43.9944,-55.0908,74.9937,-129.837,0.0,0.0,0.2469186503189368
E_S_WWC_WM_608,-2.17589,6.75126,-6.15302,-19.6241,-1.49,2.25,11.0396,7.32167,-29.468,3.11396,-8.49431,0.4,-5.29181,0.6,40.6825,26.387,-23.981,11.9173,1.11919,17.005,74.591,66.1798,121.333,0.0,0.0,0.2679505874950166
E_S_WWC_WM_609,6.65609,12.8381,-4.5816,-4.90108,-0.5,1.67,12.6016,7.05882,19.0942,-32.9422,-14.7962,-0.1,-24.6343,0.2,19.2931,-10.7396,-24.7169,40.5623,-36.8096,-6.85966,60.4216,19.5177,4.62645,0.0,0.0,0.3038718796710963
E_S_WWC_WM_610,-2.04933,-0.0894318,7.82808,-17.9221,0.8,0.09,3.85522,7.76872,19.2036,100.271,1.20937,0.1,-20.7465,0.0,29.8585,-0.756505,29.1905,5.54563,118.594,31.8706,64.6186,78.7151,-137.044,0.0,0.0,0.2655854475980067
E_S_WWC_WM_611,5.44555,-7.20446,8.3926,-1.55766,1.38,-1.17,-7.73161,-3.2007,48.1842,127.433,-6.45312,0.4,2.03635,-0.4,51.8538,4.66907,9.69321,7.2693,-25.6334,-5.38091,64.442,-55.7661,-121.484,0.0,0.0,0.2546720628571429
E_S_WWC_WM_612,13.3402,-3.32696,13.2362,-3.17428,0.62,1.48,14.9213,9.59469,29.5708,-92.5715,0.587417,0.7,-6.50959,0.2,39.2812,5.34397,-13.3777,40.447,80.43,-30.6781,-51.3009,-16.4157,55.444,0.0,0.0,0.2776537642823921
E_S_WWC_WM_613,-5.03014,3.63529,-4.8503,16.4241,-0.71,-0.41,-2.40291,-2.20158,-5.34677,-92.2399,-2.62906,-0.1,15.5874,0.9,1.12328,2.03339,26.8253,5.4409,79.7296,-27.8561,141.403,-52.7742,-95.1769,0.0,0.0,0.2492167481893688
E_S_WWC_WM_614,2.49977,-4.05757,16.6952,17.4998,2.33,-1.65,10.6014,3.77551,-26.9623,-50.3603,-7.62494,0.5,-9.03664,0.1,34.0031,3.87277,29.0557,-21.0421,-22.8674,42.62,1.60328,18.9376,-15.096,0.0,0.0,0.2468307184551494
E_S_WWC_WM_615,11.5401,1.84053,14.263,-11.7484,2.44,-0.59,17.7241,-0.0491714,20.0433,-75.6599,-12.055,0.6,17.0425,0.6,-17.4558,-2.84901,15.4496,16.741,97.6481,9.11821,2.26356,-37.1463,82.1942,0.0,0.0,0.2715564373488372
E_S_WWC_WM_616,-4.13834,11.2804,4.90908,-6.61939,-1.63,0.21,-9.58623,-2.1215,43.458,112.236,-10.8118,0.5,-6.58382,0.8,-11.5755,-2.96076,-10.1609,-12.1932,114.915,-34.0716,80.607,44.9356,1.03757,0.0,0.0,0.2943151181893688
E_S_WWC_WM_617,-1.85554,-1.17721,1.48267,-16.7611,-0.1,0.52,-3.1281,-3.83319,22.4358,85.5621,-4.26678,0.4,14.5567,0.7,23.3975,-16.9495,10.633,-18.2874,85.1278,23.1208,91.7901,-53.1279,-199.063,0.0,0.0,0.2584477078372093
E_S_WWC_WM_618,-5.60722,1.2949,7.68768,-6.80876,1.58,-0.34,5.1749,9.15599,39.8559,7.25564,-14.0078,-0.4,9.48079,0.8,9.30188,23.5265,-6.96152,19.7012,70.4007,-29.3607,37.765,89.1595,49.3522,0.0,0.0,0.2762853228671096
E_S_WWC_WM_620,3.1989,-3.43814,17.0092,0.746453,-1.32,0.14,-8.25619,8.57802,32.3345,-41.7799,4.22312,0.6,9.30174,0.7,32.5963,25.1178,16.8631,30.973,-27.2674,-28.044,7.39161,-35.1178,-92.4595,0.0,0.0,0.2825637466212624
E_S_WWC_WM_621,4.48924,13.1459,13.653,-4.44108,-0.65,-1.3,15.5814,1.16413,41.8146,146.008,-5.60811,0.0,24.0065,-0.2,4.37704,8.37078,-3.40121,18.2301,14.8005,-33.3417,-59.486,-34.3746,-28.8651,0.0,0.0,0.2938182100697674
E_S_WWC_WM_622,-6.83696,14.3562,-0.0237125,5.06396,1.22,2.31,5.11886,5.62344,-0.620434,123.084,-5.58687,0.7,-11.839,-0.2,48.0994,-4.11835,-3.79551,35.4333,-1.80468,-33.007,67.8185,64.4413,94.305,0.0,0.0,0.3089624481196013
E_S_WWC_WM_623,-6.86378,-3.35733,-5.05328,-10.0991,1.06,0.08,10.1255,1.41637,0.784581,137.129,-13.6805,0.0,-12.6013,0.9,-11.2182,-18.6849,12.5042,22.9602,111.719,13.642,99.6222,36.0543,-117.451,0.0,0.0,0.2776863914086379
E_S_WWC_WM_624,2.53704,4.18995,15.4382,7.83779,1.93,-0.3,-8.92369,4.34223,-43.7666,110.128,2.78916,0.2,11.0601,0.6,48.1418,12.7063,-6.74542,-24.7427,-19.8305,5.72965,2.08694,-57.1347,-60.7902,0.0,0.0,0.2691259898604651
E_S_WWC_WM_625,2.23695,-6.59348,4.92569,-17.7318,0.48,2.34,-8.02077,0.710599,36.7545,-79.6718,-2.56468,0.7,21.1608,-0.1,14.528,3.37309,0.91996,-7.69945,-7.7495,43.2878,26.0093,-3.11164,81.7505,0.0,0.0,0.2518888233853821
E_S_WWC_WM_627,-7.68514,4.91857,-3.05127,10.1364,-1.6,1.15,0.0478577,0.15979,43.6365,-40.9603,-5.87663,0.5,-15.7887,0.1,15.2789,29.2069,-6.45637,-22.559,93.1151,7.38511,-9.98026,-7.59267,-100.992,0.0,0.0,0.2555465587641196
E_S_WWC_WM_628,3.10536,-4.99318,18.3826,-17.7123,0.06,0.36,-4.71688,2.31578,-14.3908,148.793,-9.05113,0.2,0.0262474,-0.4,-16.6717,19.8097,13.0466,32.0645,-17.5864,-24.4808,110.319,72.3531,-66.6255,0.0,0.0,0.2746674620299003
E_S_WWC_WM_629,-7.60222,-6.53659,6.71093,-7.2322,0.83,1.88,-4.321,0.0644063,-35.5371,-25.9797,-3.78206,-0.1,-5.56502,0.4,42.4271,-3.50536,6.79044,49.6942,98.6354,-28.5554,104.759,74.2109,16.8754,0.0,0.0,0.2569673282392026
E_S_WWC_WM_631,4.88157,5.62857,15.7313,9.12016,1.49,1.63,11.5991,5.99262,35.2915,19.9748,2.02304,-0.1,-9.09129,-0.3,-7.77825,-16.0472,20.2116,14.7459,54.7002,38.8238,58.016,82.6033,131.183,0.0,0.0,0.2643973517541528
E_S_WWC_WM_632,9.93163,0.646894,-1.01117,8.71621,2.19,2.1,-9.25067,-1.19796,-30.0122,108.195,-10.0951,0.0,-1.37929,-0.2,55.0952,8.45809,14.731,39.6174,105.616,24.9924,28.8918,53.811,-93.2021,0.0,0.0,0.2842765325116279
E_S_WWC_WM_633,5.75453,13.5985,13.8075,14.8911,1.28,1.79,12.5249,-1.71998,30.0161,-84.5359,-3.02358,0.2,19.4053,0.4,9.1439,19.2907,-6.25036,50.0853,-49.1799,-4.07798,30.9112,-25.5579,-85.5948,0.0,0.0,0.2838394375647841
E_S_WWC_WM_634,13.7712,9.80279,0.457716,-2.58153,2.01,-1.52,3.66169,-2.76557,-38.6187,0.163785,1.46013,-0.4,19.9263,0.1,0.769032,15.2444,-27.073,1.40378,22.2001,-16.7664,77.8287,5.12939,137.721,0.0,0.0,0.2750971287641196
E_S_WWC_WM_635,-4.86201,10.5604,2.59573,8.98058,2.03,0.11,-6.02653,1.06309,-26.7376,94.3083,3.28345,0.6,15.6958,0.9,15.1732,-13.448,22.8524,-1.01412,87.699,-38.9952,16.6164,46.0755,113.353,0.0,0.0,0.272201197
E_S_WWC_WM_636,2.46309,-5.1143,-4.45141,0.535213,1.55,-1.77,6.50637,-4.12848,13.5263,5.97437,-8.98883,0.5,7.74973,0.5,37.4068,26.1394,17.4076,37.4338,-45.9869,27.7021,123.55,45.055,-72.964,0.0,0.0,0.2749570437475083
E_S_WWC_WM_637,3.38561,7.02784,19.3937,-14.473,-0.53,2.29,18.524,9.01102,42.8236,-91.1366,-8.59508,0.5,-2.19005,0.1,8.85438,22.1166,4.06417,2.35485,37.0924,-0.314495,15.6596,4.38192,-30.6928,0.0,0.0,0.2630113556976744
E_S_WWC_WM_638,14.4782,3.14297,10.3661,7.73074,0.38,0.97,3.9566,9.4788,40.9023,-72.1825,-0.668011,0.1,12.1925,0.9,-10.869,16.9072,17.1937,28.2997,65.8209,-46.9154,13.6081,58.5213,-173.263,0.0,0.0,0.2474622980631229
E_S_WWC_WM_639,5.9458,1.75572,-2.16443,-2.9783,1.88,-1.5,4.04963,9.16987,41.9505,117.447,-2.34028,-0.3,13.7918,0.6,14.5889,21.7619,17.8755,7.46256,-0.150447,42.2998,66.679,0.438993,-189.353,0.0,0.0,0.2888369550598006
E_S_WWC_WM_641,-5.14978,12.4724,4.63623,-11.1758,1.65,-1.69,-2.02714,8.62648,-1.45206,73.2503,0.842821,-0.2,15.7624,0.0,38.4377,9.24327,25.7246,-20.7425,-16.2919,13.4874,-51.9827,-12.7598,-33.5897,0.0,0.0,0.2720577697906977
E_S_WWC_WM_642,-3.10985,2.86378,11.2655,16.2913,-0.74,-0.97,-8.17002,8.59228,36.2046,3.68666,-8.62212,0.1,-15.1985,0.4,-12.5838,22.6683,29.4178,-12.7016,40.4591,-26.7271,-25.1621,30.5423,100.86,0.0,0.0,0.2653113360332226
E_S_WWC_WM_643,2.4146,6.60838,12.5088,15.2918,2.22,2.14,4.54058,2.566,18.0234,-17.9342,3.23229,0.8,12.887,0.7,-18.1788,-17.7099,16.4299,-19.5934,-21.487,5.31486,-12.486,-40.6231,101.642,0.0,0.0,0.2425611303455149
E_S_WWC_WM_644,0.473862,5.43781,7.77849,-13.4538,-0.53,-1.05,19.4381,5.87275,13.8096,119.238,-8.37114,0.2,-3.71611,-0.2,59.8252,13.1191,19.736,-11.338,111.2,-41.2978,141.99,54.1213,9.76996,0.0,0.0,0.2775005823621262
E_S_WWC_WM_645,12.0169,9.4999,5.73731,8.83625,-1.31,-0.43,13.7501,5.34369,-45.6278,67.9762,4.54363,0.6,20.3003,0.7,51.9943,5.28446,12.1077,54.138,57.099,39.7311,17.9362,83.3368,-24.8767,0.0,0.0,0.2667157313554817
E_S_WWC_WM_646,3.68679,-2.30408,11.479,-19.2081,2.04,-1.27,2.49968,3.05666,-44.9908,54.7081,-6.86976,0.5,0.60182,0.4,5.7541,-17.8902,18.7686,6.00291,122.9,-47.811,61.3216,-33.1988,76.2592,0.0,0.0,0.2556493005282392
E_S_WWC_WM_647,-0.869616,2.0005,13.2719,15.3269,-1.14,0.45,-8.63355,1.57323,13.0642,72.0605,-6.41938,0.0,15.9291,-0.1,53.0762,-8.39301,-29.8534,-15.7516,123.682,-26.9409,93.3799,-5.52699,-91.7151,0.0,0.0,0.2515436928837209
E_S_WWC_WM_648,-4.51607,3.895,11.5353,7.9076,-0.22,1.19,2.74223,3.88061,39.1704,-30.9248,-4.85442,-0.3,22.0729,0.5,31.7787,16.0878,10.352,-23.9465,-40.8077,17.8059,-8.94963,85.7089,135.488,0.0,0.0,0.2502038835149501
E_S_WWC_WM_649,12.3417,10.144,-4.00809,14.6215,2.21,0.8,9.35298,3.58033,40.5595,-40.165,-4.08795,0.8,-19.1286,0.3,26.2982,28.0587,-15.8715,46.3782,1.52027,-23.5425,-3.91409,39.244,-26.1092,0.0,0.0,0.2905508669036545
E_S_WWC_WM_650,-6.70991,-6.67286,-7.83262,7.23696,-0.14,1.75,17.9182,-4.25102,10.4614,49.2607,-9.37488,0.6,13.5383,0.3,31.6455,4.42878,21.8699,-2.24489,14.5019,18.0511,-54.8365,-47.8591,-102.555,0.0,0.0,0.2496935268172757
E_S_WWC_WM_651,10.33,12.9197,9.30914,-8.09272,0.82,-1.28,2.2018,1.55338,-45.0098,18.3303,-9.34419,0.8,0.355295,0.2,14.8051,15.0459,-18.7559,43.9546,-30.4024,-16.1978,89.4294,86.4245,-13.0334,0.0,0.0,0.2768071328837209
E_S_WWC_WM_652,-1.77687,-0.205503,16.0419,10.8444,1.4,-1.5,7.33434,-4.83628,11.2098,-57.2714,3.43432,0.3,-21.3828,0.8,47.3475,4.73153,-2.97597,18.5333,82.2922,1.26988,-3.56137,-9.38895,-89.1844,0.0,0.0,0.2557281761827242
E_S_WWC_WM_653,8.42412,1.61822,1.85258,-7.37605,-0.85,1.77,-0.314952,9.98946,32.1572,-31.3437,-5.57075,0.5,8.78733,0.4,36.297,27.5146,-25.9193,-17.7765,77.3889,-47.1879,74.281,20.9754,23.0567,0.0,0.0,0.2365194200232558
E_S_WWC_WM_654,13.3154,-7.94283,12.8085,-3.32001,-1.09,0.1,18.0014,-3.8185,32.4818,-20.9868,-14.2658,0.6,-4.61223,0.0,28.0148,10.0591,-2.55646,-3.0717,-23.6252,10.0595,23.9732,28.6578,130.706,0.0,0.0,0.2763442323820598
E_S_WWC_WM_655,-6.16259,9.96602,8.18432,4.91664,1.14,-1.38,7.85351,5.64465,-40.6043,-37.3915,3.95709,-0.3,13.9737,-0.2,33.3036,-3.42303,15.3211,31.4098,81.92,-45.0522,-3.22803,-7.85264,-142.31,0.0,0.0,0.2920325523887043
E_S_WWC_WM_656,-4.87858,-6.31613,9.46763,-7.54517,1.34,-0.46,1.71146,8.89138,-13.0257,-38.142,-7.86969,0.4,23.353,0.8,-1.89964,4.30935,5.13796,40.0625,-49.6694,-48.0429,-38.7619,53.4796,-122.32,0.0,0.0,0.285827994192691
E_S_WWC_WM_657,-6.62923,13.0337,10.28,-8.45043,1.14,2.07,6.67948,1.53289,25.4557,149.635,-3.28942,0.4,3.16188,0.3,14.2119,-18.8328,19.2095,50.1461,99.7152,3.57326,-46.5623,-37.446,-57.0252,0.0,0.0,0.3088826705581395
E_S_WWC_WM_658,-0.405066,0.0283161,11.3489,-8.67436,2.13,-0.46,13.2299,-2.22128,-41.41,137.495,-12.7254,0.6,16.877,0.6,-14.6239,16.9562,-8.93864,41.1256,61.8747,-45.3203,71.2524,27.1138,-142.749,0.0,0.0,0.2898063119767441
E_S_WWC_WM_659,4.26423,-2.08332,10.17,-19.3203,-1.21,-1.64,6.12711,2.97371,33.3304,-51.195,0.944067,-0.2,19.4427,0.9,3.28324,5.13668,-7.66716,19.4553,-45.501,-16.6665,105.635,43.5469,-84.5713,0.0,0.0,0.2470226602657807
E_S_WWC_WM_660,-5.43353,-0.415405,-0.182915,-0.0671004,-0.23,1.39,13.1116,6.7307,-25.018,-64.8447,-13.4429,-0.2,14.3841,-0.3,44.3628,-4.4384,-9.20327,-10.7539,-3.54104,33.477,97.2759,89.9986,74.7253,0.0,0.0,0.2630796933056478
E_S_WWC_WM_661,-6.8927,8.91185,2.36779,7.34209,1.69,1.61,2.44185,2.5134,-15.1298,54.3632,-1.69803,0.5,22.2675,1.0,57.4185,0.0454157,-7.50245,28.043,129.84,34.9304,24.6439,8.83583,-127.547,0.0,0.0,0.2812001437242525
E_S_WWC_WM_662,-3.54572,0.439101,5.60229,4.6315,2.32,1.36,-5.53895,-4.35918,46.4132,53.2789,-5.71221,0.3,12.8418,0.3,17.2074,20.5667,21.849,44.1818,127.392,-40.2137,97.8469,22.0074,-136.079,0.0,0.0,0.2786161385215946
E_S_WWC_WM_663,14.4602,3.19469,2.02037,-19.842,-0.83,0.91,12.216,-4.72003,9.43991,-36.9674,-4.87226,0.0,-24.0508,0.0,48.7277,19.415,26.5054,31.0868,16.7348,-2.05553,-15.0242,54.9323,104.946,0.0,0.0,0.2751547312292359
E_S_WWC_WM_664,-7.79268,11.1302,-5.13615,4.35183,-0.37,0.35,2.81542,3.29237,-42.1001,148.181,-14.3125,-0.4,14.0015,0.2,-1.68981,-10.6109,15.1054,4.7929,-58.2276,-33.2626,51.4212,-0.641698,-54.3615,0.0,0.0,0.3123745033222591
E_S_WWC_WM_665,-3.7972,6.14824,6.3333,14.9643,2.04,2.19,12.2925,-3.5352,-10.7417,-86.4654,-9.86611,0.5,3.13654,-0.2,30.3474,5.51846,20.0225,31.1969,-9.55203,10.2992,-47.8863,60.1368,149.291,0.0,0.0,0.2875864846910299
E_S_WWC_WM_666,-5.26863,0.0916819,19.1802,11.6635,-0.57,2.38,14.3466,0.0918085,28.022,131.241,-10.3974,-0.1,-8.80572,0.3,18.9543,-17.9923,0.32124,35.7931,92.2248,15.6381,79.2354,30.386,120.244,0.0,0.0,0.2846477634950166
E_S_WWC_WM_667,1.29557,8.31584,1.76388,5.54949,0.11,0.5,-1.9296,5.19427,36.4446,-81.972,-4.42262,0.4,-23.7533,0.1,-4.58096,-19.0507,-3.93899,6.68629,-39.4115,-41.0702,-29.7325,-43.251,-4.84133,0.0,0.0,0.2695069881362126
E_S_WWC_WM_668,4.30293,8.51474,6.26527,-18.9561,-0.57,1.44,8.19858,-1.5399,-30.1757,-54.6837,0.120779,0.5,9.10846,0.2,54.1627,-19.4157,-7.54908,-13.3873,112.408,-37.7165,-25.4546,-38.7234,-12.8479,0.0,0.0,0.2443099103621262
E_S_WWC_WM_669,12.9212,-2.96881,4.66415,17.1536,-0.51,0.01,-4.9674,2.83711,-6.28835,-89.1915,-11.386,-0.3,17.2954,0.0,31.3333,13.7672,2.79894,-0.136251,20.3336,33.4251,-35.4958,-48.3214,141.981,0.0,0.0,0.2525781325415282
E_S_WWC_WM_670,-3.97892,2.35977,9.51802,19.3653,1.72,0.72,8.4556,5.22996,31.8933,101.068,-14.4793,0.3,-16.3439,0.6,54.8762,-3.34723,-12.7634,46.7063,35.8308,28.8659,136.193,55.6363,-96.1021,0.0,0.0,0.2921895986478405
E_S_WWC_WM_671,3.78578,11.4064,7.85474,9.75977,2.2,0.71,-8.83108,-2.58163,29.8873,44.3813,-6.83131,0.0,-7.44847,-0.2,42.0216,12.352,25.2839,-12.2594,7.27882,-43.2823,-40.4637,79.2109,33.9347,0.0,0.0,0.2829862499601329
E_S_WWC_WM_672,-7.95396,4.82081,-7.88709,-14.4221,-0.64,1.0,-5.05428,4.51472,21.0104,122.637,4.09454,-0.1,-4.39754,0.6,9.64635,-14.4595,-6.59796,13.3628,82.09,-6.54833,-42.5025,47.6844,-75.9987,0.0,0.0,0.2811633459800664
E_S_WWC_WM_673,7.98791,3.51997,-1.59471,4.02426,2.29,1.23,-5.27774,1.12328,6.89549,24.6649,-12.987,0.3,-4.98041,0.5,-22.3219,-19.6513,-16.0847,27.6521,88.6777,44.3613,142.527,83.6234,-55.1418,0.0,0.0,0.2826066007973422
E_S_WWC_WM_674,-4.76577,5.40258,5.88542,16.2164,1.67,-0.71,3.59959,2.94968,-23.1197,118.676,-7.48999,0.2,-24.6636,-0.3,53.1205,21.5205,5.91065,-7.54443,58.8346,11.295,28.5533,77.1592,64.4904,0.0,0.0,0.292435486192691
E_S_WWC_WM_675,-0.12966,-3.75004,3.66799,-16.182,-0.3,2.07,-5.08257,-0.718048,-25.6027,-53.719,-13.5189,0.7,9.53466,0.6,13.9644,13.9426,11.2274,39.4137,52.5334,2.011,-36.0182,-26.9094,-163.514,0.0,0.0,0.2713351111893687
E_S_WWC_WM_676,-0.877437,13.9445,15.4493,-4.17366,-1.37,2.15,-8.88564,9.12958,32.9506,-55.4329,0.807063,-0.2,-16.2341,0.1,54.269,19.656,16.1799,11.4068,27.8576,37.2096,69.4386,68.4052,-39.1505,0.0,0.0,0.260352603614618
E_S_WWC_WM_677,-1.85799,13.3958,19.8605,3.36547,1.7,0.6,8.29195,0.866853,0.889515,39.1053,0.937835,-0.2,3.8553,0.5,-24.2463,21.8057,-1.9729,33.613,47.3921,45.2873,-45.5281,-39.611,-26.7505,0.0,0.0,0.3055294423754153
E_S_WWC_WM_678,12.5445,4.3197,2.2564,-16.1494,0.96,2.36,4.52132,-2.31166,21.2435,28.5999,-1.28116,-0.3,10.1159,0.3,21.8623,-1.23495,-15.019,53.0906,73.7437,16.5088,117.52,47.7861,-114.222,0.0,0.0,0.2755791117043189
E_S_WWC_WM_679,6.7342,10.5244,0.783355,-9.7897,0.15,-0.6,5.91374,9.95368,-7.53291,32.6501,-8.8746,0.1,-23.1181,1.0,30.0094,10.1165,-15.6008,21.4199,118.286,-2.87503,137.682,71.8829,-79.0637,0.0,0.0,0.2807130017740864
E_S_WWC_WM_680,-1.1241,-2.20172,-3.58403,16.4632,-0.04,-1.18,-4.38741,1.90335,-49.9646,67.1858,-6.01564,0.3,16.093,0.9,27.727,23.8644,3.83635,43.6892,104.803,-40.6529,-0.687429,-30.7289,-88.8425,0.0,0.0,0.2795054153122924
E_S_WWC_WM_681,-4.21357,5.77852,2.14109,9.98018,0.19,1.84,16.439,6.16749,-44.6483,98.1723,-12.4167,-0.3,11.3142,-0.1,12.9486,18.8088,27.7582,27.9334,104.721,-12.125,-54.5029,-23.9256,45.151,0.0,0.0,0.2951602753554817
E_S_WWC_WM_682,1.86703,-0.247541,19.9859,6.32041,2.47,-0.99,12.2676,2.99789,12.6702,72.9825,-6.06572,0.7,19.6719,-0.2,48.9547,-11.9521,-10.9001,-6.93095,-25.4774,-7.68247,71.4622,64.5279,-166.923,0.0,0.0,0.2678409217109634
E_S_WWC_WM_683,5.3344,14.9672,17.9732,3.21728,-1.11,1.09,11.2558,-4.22263,24.8792,-53.3626,-14.7152,-0.3,17.8094,0.3,5.51448,3.85122,19.4933,-21.7035,77.7317,5.05007,78.5386,15.8643,50.8333,0.0,0.0,0.2695003301096345
E_S_WWC_WM_684,8.4575,7.11873,4.79741,16.8942,-1.73,1.69,5.32439,1.70202,-29.71,64.7429,-0.27493,0.7,-23.3269,0.3,-19.1538,-14.6453,29.607,-6.61567,15.0914,-9.7414,-1.03522,53.2325,-42.0874,0.0,0.0,0.2527422028671097
E_S_WWC_WM_685,-5.13496,0.925159,13.9702,-5.83018,-1.21,2.45,14.0645,6.67938,-0.0745922,-17.2091,3.75571,0.5,-15.6445,0.5,16.1551,-19.719,6.1639,23.5688,-31.3631,34.2759,144.935,25.053,52.7462,0.0,0.0,0.2498473573255814
E_S_WWC_WM_686,14.9117,8.3514,11.1683,-10.9935,0.88,1.61,-1.35672,-3.62132,14.5341,90.8984,2.81582,0.3,-1.46966,0.1,-18.5408,17.538,13.5795,33.3519,-26.9337,-1.40313,139.896,-11.6082,140.186,0.0,0.0,0.2787710104352159
E_S_WWC_WM_687,-5.93534,6.41443,-0.557074,-10.3081,1.01,-1.14,13.3327,-3.00413,5.40305,33.6585,4.88698,0.5,-23.5645,-0.3,-9.03067,10.2089,9.34171,-18.8832,-14.0231,8.2157,-5.39398,-6.43075,46.3054,0.0,0.0,0.2707207088770764
E_S_WWC_WM_688,8.92026,-1.84284,-1.54967,-9.03637,-1.1,0.62,5.81735,1.06589,35.7446,-42.7217,-11.4772,0.0,-18.1634,-0.2,46.4939,-12.8155,-3.01264,46.1433,122.109,36.4558,145.534,32.867,77.5709,0.0,0.0,0.2598055651328904
E_S_WWC_WM_689,-2.42027,-5.27693,2.69182,5.30754,0.86,-1.37,18.1897,0.576225,45.3263,60.3158,-11.793,-0.4,-15.3783,-0.2,-12.8697,28.4966,8.48957,3.79363,89.3351,-7.888,16.2842,-32.5081,-87.1701,0.0,0.0,0.2670346613887043
E_S_WWC_WM_690,1.15433,7.0698,17.8141,2.34248,1.54,-0.76,19.8599,6.12042,-40.7466,47.9322,-4.00347,0.7,3.86857,0.5,27.3363,-7.02795,16.0299,11.0479,37.7564,-38.0643,-59.8167,72.5043,-46.5373,0.0,0.0,0.2877373089302326
E_S_WWC_WM_691,10.881,2.2491,1.94322,18.7679,-0.28,-0.57,-1.00204,-0.924998,44.0123,41.6157,-7.26933,0.8,-20.3672,0.1,15.3162,0.833722,8.28864,-2.68353,-12.2591,45.4762,98.7231,44.5948,-16.7113,0.0,0.0,0.2725752090465116
E_S_WWC_WM_692,-0.984406,8.56897,13.845,-1.53862,-1.25,2.33,6.29084,9.96033,-31.1671,4.7164,-5.72514,0.5,-17.547,-0.4,-22.4316,-8.32451,-11.1888,47.3148,76.5191,-31.738,91.8386,39.4602,-76.5285,0.0,0.0,0.2711424014285714
E_S_WWC_WM_693,9.31104,-6.40049,-1.24568,-13.1055,1.21,-1.23,1.27978,8.43806,9.0838,15.3194,4.2836,0.1,-0.00392713,0.1,57.7151,-6.11222,-3.76446,-7.95544,55.1332,-45.5227,87.0861,-27.0193,-124.397,0.0,0.0,0.2411094765714285
E_S_WWC_WM_694,5.11771,11.199,15.7105,6.66824,1.01,2.14,13.2143,0.820297,-24.0492,88.4825,-0.388454,0.8,4.92839,0.7,-10.9235,1.23099,-16.3899,-5.65076,95.8695,-47.2908,132.599,-37.7017,-63.8137,0.0,0.0,0.2608087558305648
E_S_WWC_WM_695,1.58885,1.64675,14.0974,-15.7722,1.24,-0.82,4.12493,3.56231,-7.26715,-93.7667,-2.80782,-0.4,21.0662,0.6,32.2072,-3.67179,27.9298,47.9609,53.412,0.272774,-6.83368,86.2322,1.79322,0.0,0.0,0.2680436072458472
E_S_WWC_WM_696,-2.60186,3.56234,19.1444,18.6016,0.68,2.0,6.6357,-3.27975,5.92969,14.2002,-11.2561,-0.3,18.4898,-0.4,44.8196,18.4153,-10.5777,-10.5057,85.7814,24.0643,-28.3519,-21.6042,-111.911,0.0,0.0,0.2668772898039867
E_S_WWC_WM_697,11.2161,-2.79856,3.7594,0.275609,2.0,0.88,14.5749,-4.23628,45.866,124.189,-7.76669,-0.2,20.7609,-0.1,30.1805,24.7076,-12.855,-11.1652,8.43573,40.1925,51.0343,69.1681,-52.4367,0.0,0.0,0.2767087716877076
E_S_WWC_WM_698,10.1618,-1.55787,4.57014,9.92113,-1.47,2.04,9.06128,3.24038,41.1775,-77.3445,0.292545,0.5,24.11,0.9,56.5419,24.8158,-21.1987,44.5543,52.0434,-5.94168,-18.9194,-2.16728,-145.471,0.0,0.0,0.247216630564784
E_S_WWC_WM_699,8.02721,-4.459,-7.11964,8.24463,-0.66,-0.66,8.671,-1.74344,-46.0045,75.9177,-12.6005,0.6,0.436253,0.7,-8.13199,1.44728,23.8732,15.099,-35.5609,-14.3701,73.9349,61.5793,-141.018,0.0,0.0,0.2720573933122923
E_S_WWC_WM_700,-1.60505,13.9885,1.06836,-19.7136,-0.7,-1.16,11.929,0.780783,10.8414,149.948,4.74417,-0.1,-10.1159,0.3,4.98828,12.9191,-23.8274,48.6872,-35.9059,-18.369,9.72493,70.1269,8.04395,0.0,0.0,0.3042023070996677
E_S_WW_WM_001,10.1099,11.4064,-5.46415,-12.0162,2.26,-0.84,-5.53895,0.988306,-23.748,88.4825,-12.8101,0.7,-9.66762,-0.3,-9.34836,23.849,1.58493,21.2484,95.5656,-25.4121,-14.3906,28.4813,16.4525,0.0,0.0,0.2968251143388704
E_S_WW_WM_002,1.03776,-2.50048,7.12164,-15.8479,0.52,2.0,-2.40291,2.64545,-14.3908,105.888,4.40581,0.7,-3.96817,-0.4,1.43523,-16.9495,10.8679,8.14634,38.8182,-36.497,-16.9201,47.0299,125.643,0.0,0.0,0.2614968091561462
E_S_WW_WM_003,10.6885,7.9281,1.25661,-11.5463,-0.55,1.27,-5.84264,7.94372,49.2193,-33.3192,-5.88646,0.4,7.34749,0.6,41.8471,17.3775,1.7845,-14.6882,127.773,35.0857,3.74546,64.5279,-56.1091,0.0,0.0,0.2652348012325581
E_S_WW_WM_004,14.5334,-1.17721,4.83007,-9.7897,1.19,2.33,12.9959,6.12042,-40.6043,-11.8186,-5.66616,-0.2,19.5822,0.3,9.76643,26.8499,5.58192,40.9572,30.6317,-37.2593,96.1223,21.3611,15.7273,0.0,0.0,0.2606601271229236
E_S_WW_WM_005,12.4013,13.5985,-7.42478,1.53958,1.61,1.65,9.68012,1.93187,-42.2052,-80.3318,1.01613,-0.3,13.5867,0.0,26.2982,-13.4056,-1.46832,35.4333,77.3889,-10.7627,134.9,-23.1996,94.305,0.0,0.0,0.2743675665614618
E_S_WW_WM_006,-1.18239,-4.10419,-4.09792,-12.5462,-0.02,-0.16,15.3545,-4.85159,-15.7586,-77.3445,-8.19869,0.4,15.7624,0.3,13.9644,-13.1263,-28.0959,0.11702,52.5334,-6.3394,145.416,68.9509,-82.9837,0.0,0.0,0.237875191385382
E_S_WW_WM_007,-4.83583,4.63143,7.85474,10.4805,-1.11,2.45,10.4281,3.52759,10.0366,139.572,-3.17983,0.6,-21.8494,0.8,36.0917,24.216,-3.12102,10.687,109.759,4.99401,126.003,-48.7666,-23.5455,0.0,0.0,0.2742854791362126
E_S_WW_WM_008,12.633,-6.93043,17.1409,5.99832,-0.13,-0.49,-9.25067,-1.46593,13.8096,54.7081,-7.33866,0.6,-5.29181,1.0,-14.025,-5.04874,-12.8986,-2.24489,20.6727,-30.2447,107.968,-30.7289,38.0441,0.0,0.0,0.2459559355880398
E_S_WW_WM_009,-3.21032,-5.6486,19.5418,-13.942,0.32,1.14,-9.58623,-1.39111,-32.8516,74.847,-8.03779,-0.1,20.389,0.0,-17.4558,17.9963,-12.1105,37.9954,47.7272,-34.6912,90.9158,29.8537,146.229,0.0,0.0,0.2648596838405315
E_S_WW_WM_010,6.97352,-2.88655,9.75021,-11.8799,0.19,-0.01,-6.24626,8.85415,27.9209,-25.1838,-14.9975,-0.3,6.80587,-0.3,1.80588,-2.36095,-24.5383,15.6597,24.6156,37.1007,0.165822,61.3787,9.76996,0.0,0.0,0.2804401426777409
E_S_WW_WM_011,6.57949,7.00355,18.5067,5.45106,-1.03,1.7,-2.58923,3.07084,35.2706,36.4613,2.9379,-0.1,12.2478,-0.3,-12.0307,22.9391,-9.10648,23.3011,-38.8848,-32.4435,-58.1035,11.9651,-194.508,0.0,0.0,0.280194211820598
E_S_WW_WM_012,6.44534,13.862,-1.1711,1.38921,-0.46,0.75,-9.72498,-1.09156,13.6006,113.506,-4.48472,0.7,-5.88143,1.0,45.4035,-19.9608,8.75904,-1.53181,17.8193,29.3918,39.919,-12.4171,-174.869,0.0,0.0,0.2984676793222591
E_S_WW_WM_013,1.12961,5.62857,10.2434,-16.5333,-1.64,0.02,-8.74561,2.76618,9.70142,-82.2163,-13.9682,0.2,11.8939,0.8,44.8196,24.3715,-3.40121,22.7088,65.5835,-3.82065,137.84,-9.11047,-151.535,0.0,0.0,0.2710038494518272
E_S_WW_WM_014,-4.69316,-7.55522,0.399867,7.48649,1.81,-0.72,-3.48386,9.98946,-46.6874,-59.3641,-11.6008,-0.2,13.0695,0.0,30.1805,4.22348,18.6509,28.5819,-14.1449,12.8771,94.6877,-38.9676,-26.1092,0.0,0.0,0.2663802150166113
E_S_WW_WM_015,13.8832,12.4585,17.0092,-18.8349,-1.74,1.29,16.2663,3.56231,44.9859,114.335,-1.04122,0.2,-7.2838,-0.3,3.07575,6.19208,-6.84681,-0.873207,45.6425,5.72965,120.126,32.523,53.4,0.0,0.0,0.2798835914285714
E_S_WW_WM_016,-0.405066,13.7781,-6.93812,15.3269,-0.85,0.07,6.27646,-4.20453,-20.2767,56.2908,-8.37114,-0.3,-11.3876,0.0,8.74272,25.3704,18.2868,12.8457,-3.18943,12.1756,-14.8453,-16.5856,-88.3032,0.0,0.0,0.2994847455880399
E_S_WW_WM_017,1.97793,-6.34605,6.55712,-4.85708,-0.86,-0.36,7.38657,-3.73617,-45.6278,-43.1497,1.79762,0.7,-2.33142,0.4,1.69229,1.99823,19.2095,25.4256,-26.6365,45.9524,-37.3922,-28.46,-184.179,0.0,0.0,0.2685008664152823
E_S_WW_WM_018,8.42412,13.4793,3.00788,2.44136,-0.36,-0.29,-7.37007,1.82983,-36.1622,19.0177,-11.878,0.3,4.56399,-0.2,23.015,18.6451,-28.74,40.5623,77.7317,-32.8365,40.3494,-56.188,-188.105,0.0,0.0,0.2981715009435216
E_S_WW_WM_019,-7.3255,2.8285,4.73723,12.9687,-0.32,0.38,1.71146,-0.474428,16.3957,-39.5349,-4.42262,-0.2,9.36839,-0.3,48.6114,-15.9121,3.99588,44.8749,106.746,4.74663,-46.5623,-15.0785,94.766,0.0,0.0,0.2790562172126246
E_S_WW_WM_020,8.58383,-1.956,5.39829,-7.96629,0.36,1.39,14.2488,6.78635,25.8901,55.8636,-3.91464,0.3,-24.3493,1.0,28.3864,26.8822,-11.3817,53.1882,-15.9314,37.6009,35.4897,17.73,-172.043,0.0,0.0,0.2726696416611295
E_S_WW_WM_021,-7.62291,5.51033,-0.685933,-0.0358234,-0.26,-0.1,9.60067,5.42122,29.6766,-11.3987,-0.010091,-0.3,-0.915097,0.3,-23.0138,-0.756505,-1.08802,14.7459,-9.08559,19.8305,46.111,-57.1347,142.137,0.0,0.0,0.2776503983588039
E_S_WW_WM_022,3.63103,-2.83567,18.3826,-19.5256,1.46,-0.28,11.3657,2.66639,22.7839,-53.719,-11.7221,0.2,23.5666,-0.1,39.8712,-17.7849,-25.9193,3.79363,6.0343,-27.9975,95.4318,-57.6878,-132.92,0.0,0.0,0.2492107968604651
E_S_WW_WM_023,-4.87858,5.45388,-3.42238,-14.6896,-1.46,-1.34,-2.91008,8.07166,-22.051,113.641,1.92105,-0.3,8.37843,0.9,34.6579,-18.8859,-11.9337,-10.1461,-22.3522,15.2236,64.442,6.6592,24.6809,0.0,0.0,0.284529048744186
E_S_WW_WM_024,4.4463,-3.93421,2.54147,-10.6458,1.69,-0.94,5.6076,7.44182,16.9014,136.853,4.53588,-0.3,-20.4584,0.8,-3.39338,-2.50247,9.96939,54.9885,66.2325,-30.3773,87.0861,53.6408,-152.546,0.0,0.0,0.2913926040631229
E_S_WW_WM_025,-4.39241,10.7379,10.3576,3.39793,-0.71,1.63,10.4966,-0.353245,1.13379,-29.2698,0.587417,-0.2,-13.7375,1.0,18.493,10.6845,-3.76446,51.7605,31.6866,-48.862,148.312,75.2262,-49.3928,0.0,0.0,0.2626917857541528
E_S_WW_WM_026,-6.31272,13.3011,5.34268,15.9415,0.85,1.51,12.4824,-1.926,-28.7895,149.3,3.28345,0.1,-9.94397,0.8,6.3967,-8.4709,-12.189,-15.6113,66.0353,5.92867,-24.7006,68.7317,19.6924,0.0,0.0,0.2961066591063123
E_S_WW_WM_027,-3.10985,5.92065,16.4925,-11.2134,1.43,1.63,10.69,3.86315,22.9152,137.495,-11.303,-0.1,-7.53809,0.2,-20.4407,25.9192,-0.932244,31.1969,-10.4265,-40.3024,48.7746,-48.0673,-148.771,0.0,0.0,0.3081742759401993
E_S_WW_WM_028,-5.56375,11.3824,17.3038,7.41247,-1.62,1.91,13.4901,6.24127,7.1409,-47.2417,-10.2319,-0.3,-3.35699,-0.1,41.0484,24.7076,28.9555,-4.40516,39.4812,-1.99856,71.2524,35.5504,-182.001,0.0,0.0,0.2757268359667774
E_S_WW_WM_029,12.9335,-4.85098,6.26527,13.7199,0.94,2.45,0.772729,8.98432,-14.0135,147.634,3.3902,0.2,10.5453,0.7,-8.13199,-0.32454,4.94047,53.5322,30.7721,-4.53353,22.2615,13.7652,46.79,0.0,0.0,0.2784032515083056
E_S_WW_WM_030,-4.61031,-3.5626,7.19624,12.2256,-1.53,2.47,0.596081,-1.61839,31.3813,-67.2589,-3.39965,0.0,-18.4758,0.1,46.8148,-7.35808,-4.09663,17.2496,-38.7778,31.1653,55.6087,62.8302,-154.038,0.0,0.0,0.254416165730897
E_S_WW_WM_031,7.43103,5.77852,8.72984,2.56593,1.77,-1.09,-6.68081,-3.63749,32.9506,76.493,3.01195,0.5,-17.785,0.2,-6.6081,-8.22371,-13.1767,-17.9121,121.107,45.674,91.8386,-13.3508,-2.20381,0.0,0.0,0.263643949641196
E_S_WW_WM_032,9.01404,6.63156,6.23093,-14.1893,0.58,2.18,5.72979,-1.60328,-38.5537,37.864,-14.2378,0.2,-17.2661,0.7,-12.8077,-14.2347,13.7608,44.4371,26.3825,18.933,-43.3371,-41.191,40.0421,0.0,0.0,0.3022300652524917
E_S_WW_WM_033,-4.76577,5.21053,-2.28445,16.3777,0.72,1.35,7.85351,4.10143,-30.938,105.464,-1.69803,0.8,-1.79199,0.1,27.1462,11.6582,-28.8417,-2.08886,67.9503,46.6781,85.6384,17.8351,-134.24,0.0,0.0,0.2754709619800664
E_S_WW_WM_034,1.78754,-7.61369,14.263,9.98018,0.83,1.52,-0.108049,-2.78134,-27.6149,-57.2714,-6.16182,0.4,6.28716,-0.1,-18.2871,17.3151,29.7656,-12.3409,-26.0983,-13.4829,-33.2747,7.93756,33.2938,0.0,0.0,0.261082940936877
E_S_WW_WM_035,6.69669,10.2843,19.2933,5.84961,0.89,1.68,1.07035,5.37716,-21.5282,-73.9516,-4.96107,0.2,-24.0775,0.1,16.7989,-14.587,-9.35402,17.6741,-20.4865,43.8277,28.2571,40.5237,123.512,0.0,0.0,0.259680123654485
E_S_WW_WM_036,5.20527,-7.05529,-6.98621,-0.739422,0.16,0.26,0.698215,0.219354,15.1586,142.078,-4.2957,-0.4,-7.44847,0.4,14.4584,17.8084,-0.85356,-5.65076,17.954,11.6634,77.0161,41.3316,143.872,0.0,0.0,0.2636085576644518
E_S_WW_WM_037,6.05617,9.80279,1.41006,7.70639,0.55,-1.71,-9.34656,-2.24316,19.7967,-80.1042,-0.725153,0.3,1.58647,0.5,27.2264,17.9151,-29.3865,10.445,69.2763,-25.483,144.935,83.6234,-151.397,0.0,0.0,0.2592839209069767
E_S_WW_WM_038,14.3719,3.37511,-3.45133,-8.35168,0.01,1.87,-9.66225,0.754837,41.0307,-66.2037,1.13868,0.1,-19.8152,0.2,6.91594,-19.719,-14.5817,-18.4117,95.0554,-20.3612,58.5519,73.5296,-88.8425,0.0,0.0,0.2497749329401993
E_S_WW_WM_039,0.352927,4.27399,-3.73338,17.2916,0.1,-1.64,4.04963,0.789449,-7.53291,30.1667,4.96599,0.6,11.0845,0.1,40.021,29.7907,27.0799,7.4309,82.09,20.0841,45.6146,72.3531,66.1779,0.0,0.0,0.255463726013289
E_S_WW_WM_040,11.3192,3.03627,-2.04842,-18.6151,-1.77,2.3,0.505814,4.46855,-2.52196,104.738,-1.14567,0.4,-1.74773,0.9,38.5593,24.5908,2.33707,38.2728,-33.1039,-4.92039,83.4428,25.2022,136.714,0.0,0.0,0.273562254578073
E_S_WW_WM_041,4.09642,7.97004,14.1943,9.78241,2.0,-0.66,-9.79986,0.15979,29.4197,-21.7386,-12.015,0.6,16.8033,0.0,50.5629,5.81572,27.2336,22.3623,98.6354,11.9421,96.7248,27.6344,77.0761,0.0,0.0,0.2735600450232558
E_S_WW_WM_042,6.39585,6.92739,0.457716,10.9882,-1.37,-1.69,14.7947,7.52365,-39.3882,-28.3226,-0.585328,0.5,1.73972,0.8,-23.4437,23.9532,-6.27271,0.994433,125.836,31.8473,19.5392,-1.10282,109.13,0.0,0.0,0.2510347547342192
E_S_WW_WM_043,1.31979,13.6947,9.42833,2.03442,0.89,-0.4,-2.50209,4.55267,-49.7657,74.3345,2.66687,0.1,16.877,0.7,20.3743,-11.657,18.3606,-16.1725,32.8735,20.4385,139.896,73.8565,-173.595,0.0,0.0,0.2753718701196013
E_S_WW_WM_044,4.40908,-3.07673,15.8467,7.78061,2.14,0.83,12.6016,6.95339,-42.4619,-6.37813,-9.76115,0.3,-12.2264,-0.2,29.7575,23.3228,-6.74542,-8.5401,-59.1558,-31.9442,109.725,78.0195,84.2819,0.0,0.0,0.2432974008538205
E_S_WW_WM_045,-1.54275,8.26849,8.02276,-14.3321,0.04,-0.61,10.3785,3.60404,-20.7554,-55.5229,-14.7152,-0.2,-18.0778,-0.3,31.9796,22.4257,-27.3962,52.865,-4.13193,1.80785,0.943952,45.055,-136.784,0.0,0.0,0.2984832070232558
E_S_WW_WM_046,0.0703992,-0.233712,6.56576,3.67604,-1.28,-1.16,-8.94106,7.38831,-40.27,33.4018,-0.795495,0.7,5.92669,0.8,49.3001,13.2654,21.2681,9.87419,-46.2112,-23.9572,112.593,11.4036,76.8045,0.0,0.0,0.2488195599933554
E_S_WW_WM_047,10.586,-2.27331,6.85358,1.20524,-1.07,-0.91,11.66,8.09691,-7.7568,-92.998,-5.76663,0.0,4.76878,0.1,-6.36764,24.0717,18.0311,0.43422,5.93888,15.3816,122.096,-35.1178,-194.365,0.0,0.0,0.2408301942192691
E_S_WW_WM_048,8.87437,9.5542,19.8196,-11.3892,-1.03,-0.38,-1.78541,5.51706,-29.468,146.33,-6.22511,0.5,-14.9096,0.6,59.0362,-4.00774,13.679,-10.129,70.0449,7.06585,-3.22803,49.6234,-110.053,0.0,0.0,0.2773454938837209
E_S_WW_WM_049,-3.78489,-5.5895,-6.35709,9.59035,0.79,0.84,-4.67783,3.96676,-21.1336,95.5069,1.53689,0.0,-24.3573,-0.3,18.1899,5.75139,27.8176,-10.5057,95.8695,-7.12425,143.377,17.0441,87.1995,0.0,0.0,0.2554747986710963
E_S_WW_WM_050,12.7292,7.82559,-7.15801,6.1202,0.45,1.66,12.6331,-2.81128,-38.326,2.99137,-11.9864,0.7,-3.8849,0.4,32.711,-1.30711,-7.2127,52.7046,-17.5864,-27.62,114.124,44.9356,142.64,0.0,0.0,0.284741999461794
E_S_WW_WM_051,4.01519,1.78951,3.97158,8.68468,0.75,-1.12,-8.04017,4.31784,-2.88838,37.4139,-11.4571,-0.3,-11.7336,0.8,19.542,13.1763,-26.2913,-12.9201,-42.1535,-15.2952,147.512,-48.9059,-59.4077,0.0,0.0,0.2657277111528239
E_S_WW_WM_052,-6.06268,4.02723,0.876975,-18.9561,0.51,-1.73,16.5415,-1.56345,-43.1796,-49.2291,-4.35783,0.2,1.67228,0.3,24.4472,20.1422,-5.43766,35.1974,-37.9832,-35.8973,99.9447,76.8117,-1.24425,0.0,0.0,0.2684300493986711
E_S_WW_WM_053,-3.64647,11.6744,19.2246,-13.3196,-0.29,1.76,0.0795703,2.29189,-46.3118,3.68666,-9.25189,-0.2,2.24832,1.0,14.5889,1.05082,11.2466,-19.7039,57.099,-8.83084,112.34,-0.641698,-65.1885,0.0,0.0,0.2604615211661129
E_S_WW_WM_054,4.26423,4.82081,-0.0237125,12.9125,2.33,-0.77,-0.638662,-0.0671311,36.9819,16.2219,-6.03981,0.5,16.6951,0.8,-3.00514,15.5079,-11.4415,-19.0879,63.7381,-47.553,-13.1113,36.772,-183.844,0.0,0.0,0.2646385521096345
E_S_WW_WM_055,13.5116,1.93078,9.32299,-12.2034,0.59,-1.24,-1.64344,-4.92366,14.5829,-61.2858,-7.48999,0.3,5.20527,-0.1,9.89929,-7.68389,-26.8854,23.6259,104.28,-45.9744,16.2842,-57.8694,85.6533,0.0,0.0,0.254442675847176
E_S_WW_WM_056,-0.0388756,7.41232,12.3098,16.6153,1.09,0.95,-9.55242,6.90909,10.2509,46.4007,-12.5634,0.2,16.1664,0.6,-24.9286,12.1821,18.2327,0.679624,-55.6252,-12.8859,86.0909,12.9676,126.022,0.0,0.0,0.2760346072757475
E_S_WW_WM_057,-5.98851,4.07936,19.7971,18.6016,0.9,-1.23,1.48677,1.84382,43.7524,4.22485,-8.37552,0.0,-13.5,0.4,38.3261,-15.4442,-21.8855,4.0334,-4.87615,8.66135,90.8275,-14.2313,59.9834,0.0,0.0,0.2748058179169435
E_S_WW_WM_058,-6.8927,0.191741,5.08488,2.95786,0.44,-1.36,-2.30362,5.09923,-33.9468,-86.4654,-2.27495,0.6,18.2281,0.5,8.59919,-12.4803,-3.45668,48.9472,59.1773,1.12825,149.105,26.0758,137.382,0.0,0.0,0.2679391559734219
E_S_WW_WM_059,2.46309,8.81047,7.91095,-3.98225,-0.61,-0.13,9.98959,3.75343,-43.0258,70.4447,-5.71221,0.2,-7.75284,-0.1,-24.4181,8.45809,25.1944,-13.1739,43.9449,-47.0876,80.607,-29.3383,113.353,0.0,0.0,0.2820875678305647
E_S_WW_WM_060,-6.70991,-6.24441,5.86238,1.3463,-1.16,-1.5,13.4125,2.1444,16.5428,-8.04368,-2.28827,0.5,24.11,-0.1,40.6825,1.12416,9.69321,23.7555,113.983,-46.3008,96.9151,45.4771,-81.1225,0.0,0.0,0.2593869911428572
E_S_WW_WM_061,-3.95586,3.57233,-2.00879,-12.4759,0.66,2.29,-1.84489,4.78959,2.02552,-50.1428,-8.07586,0.7,-14.5598,0.9,-17.8994,3.72529,20.2116,39.4137,99.5412,-14.486,42.0532,-7.94132,-138.19,0.0,0.0,0.2709003573887043
E_S_WW_WM_062,14.309,5.67241,-5.57345,-9.66101,-1.33,1.18,13.6039,-1.22066,-26.9623,71.2527,-7.85074,0.2,-2.73454,0.6,-1.64247,28.2051,-13.8843,18.3368,43.3021,44.6226,51.4212,3.73091,-18.2927,0.0,0.0,0.2714517269966777
E_S_WW_WM_063,12.6839,12.234,-5.32359,6.92844,1.16,-1.4,-1.9296,-2.04512,26.2574,-48.2582,-10.3974,-0.1,-21.7572,-0.4,-9.81795,15.4381,1.28191,29.7391,8.79057,23.333,75.0177,70.1269,-25.4477,0.0,0.0,0.2965656786345514
E_S_WW_WM_064,11.485,3.0891,-0.156867,-10.4207,-1.34,0.88,5.11886,-2.25905,47.2631,140.652,-12.6005,0.7,0.60182,0.4,47.9245,-11.2895,20.3771,-20.9739,26.8025,-16.3181,72.6185,77.9713,-98.6488,0.0,0.0,0.2983504357209302
E_S_WW_WM_065,3.68679,2.76065,-5.85023,-10.9935,-0.8,0.21,-6.36673,6.64293,-41.2796,-79.4199,1.07315,-0.2,-12.1662,0.9,0.36407,18.8088,-13.2105,46.3782,51.6223,19.2904,37.765,60.6053,-115.612,0.0,0.0,0.2661084660930232
E_S_WW_WM_066,5.2301,1.38006,-7.47713,-12.9914,-1.55,2.22,11.2614,2.00545,-42.2904,-49.1283,-2.42039,0.6,-15.4334,0.0,27.8351,22.8886,12.1077,1.83801,-11.5411,17.6989,71.4622,-50.0044,14.8278,0.0,0.0,0.2532352449269103
E_S_WW_WM_067,1.49218,8.4468,2.79728,0.958303,2.03,-0.78,-5.37821,3.33305,0.784581,143.336,-1.86766,0.7,21.8015,0.7,-2.02852,26.9475,-8.05447,33.613,103.785,42.4647,124.918,30.161,-84.0097,0.0,0.0,0.2919672262026578
E_S_WW_WM_068,8.65745,8.99024,8.79453,5.66608,1.03,0.58,1.82426,-0.52494,-47.5101,-76.7586,-3.02358,0.1,20.533,0.4,45.495,25.0571,-16.1636,-3.88847,-30.522,-48.5251,40.6694,15.8643,-113.417,0.0,0.0,0.2514922414916943
E_S_WW_WM_069,9.10558,-0.0274714,10.5647,0.424774,-0.09,1.61,11.5991,4.59013,49.5104,-30.1779,1.29387,0.1,-16.7289,0.3,52.2213,27.7962,16.6171,31.6547,-22.0515,4.02767,141.99,-17.4389,147.641,0.0,0.0,0.2485308554485049
E_S_WW_WM_070,6.81563,0.386117,-6.56008,3.60531,-0.1,-0.82,8.96836,-2.91352,32.3345,17.598,-6.61017,0.5,6.45565,-0.1,-21.4003,27.084,-2.6999,47.5399,81.92,37.2096,-8.55409,-3.92932,-195.616,0.0,0.0,0.2849559547475083
E_S_WW_WM_071,5.16265,-6.99089,9.14885,-7.37605,1.48,-0.61,11.8357,8.37785,2.67085,-82.9623,1.50487,0.7,-13.8185,0.4,21.5526,19.2907,24.5038,-21.4439,-10.7403,-6.54833,-20.5518,63.0411,-109.202,0.0,0.0,0.2518225228272425
E_S_WW_WM_072,-7.08536,-7.41645,1.70528,-13.4914,-0.31,-1.27,11.4561,8.06763,10.9957,-17.2091,-12.8885,0.7,-12.0383,0.6,35.0653,5.39458,8.69396,51.0981,-6.44178,5.14348,72.1611,80.6637,54.7768,0.0,0.0,0.2893692792126245
E_S_WW_WM_073,2.01438,-2.96881,5.55751,-18.067,0.56,-0.64,-8.02077,0.550374,43.3045,32.9451,-0.158323,0.5,24.3434,-0.3,15.1732,18.1055,1.18185,-2.38861,78.2988,11.1016,74.281,63.3661,-195.349,0.0,0.0,0.2366439385747508
E_S_WW_WM_074,11.9733,4.37333,-1.94452,8.98058,2.25,0.98,12.3888,4.26591,12.7911,79.7044,-0.614546,0.0,-13.3064,0.0,-18.5408,21.9867,7.71762,41.6186,83.4903,-43.6618,121.367,85.3683,-83.7977,0.0,0.0,0.2857580543588039
E_S_WW_WM_075,13.9331,-1.16466,14.343,19.3653,-0.78,1.1,4.48063,7.32167,31.6496,144.769,-8.91446,-0.2,-5.66098,0.9,16.5981,0.144484,4.85756,-16.2127,-17.7229,20.8284,12.0725,66.6381,0.458509,0.0,0.0,0.2885656219501661
E_S_WW_WM_076,8.47163,1.92059,-6.37973,-7.61462,0.15,0.44,14.657,6.57401,-42.583,9.89722,4.78586,0.6,-5.26398,-0.1,24.7564,-15.6695,-2.88566,-7.45974,119.717,-39.6603,122.338,-9.38895,-111.395,0.0,0.0,0.2604955337242524
E_S_WW_WM_077,-1.52524,2.35977,13.6815,-12.2887,-0.89,2.1,17.1326,-2.56972,35.7446,-73.1301,-7.65598,0.1,-15.9372,0.4,57.8685,7.98449,12.6356,26.7613,107.132,-34.2082,132.781,27.1138,-185.266,0.0,0.0,0.253765264269103
E_S_WW_WM_078,6.0752,3.63529,1.03659,-3.17428,-0.18,2.08,18.0556,4.34223,-12.2671,148.793,-7.482,-0.1,-24.9264,0.0,27.6621,-18.8328,17.7967,23.1288,60.3413,-8.55942,27.2912,-59.2143,8.69341,0.0,0.0,0.2920726826511627
E_S_WW_WM_079,11.1432,3.24959,-5.30186,15.2918,1.09,2.48,-1.05702,0.780783,-18.8297,54.3632,-0.115303,0.5,-0.218052,-0.2,35.8074,25.1178,-14.7617,11.4857,-41.883,5.53025,-51.6168,80.0676,-33.5897,0.0,0.0,0.2882845895315614
E_S_WW_WM_080,3.81305,-2.08332,15.3919,-6.86644,1.66,0.06,4.66926,8.96062,37.9358,-83.2544,-12.3034,0.3,-19.1725,-0.1,-1.89964,-13.7564,3.5526,50.6538,78.5063,21.847,-2.42089,-47.77,104.271,0.0,0.0,0.2738541625116279
E_S_WW_WM_081,-6.43278,-3.23396,3.62362,5.6013,1.55,1.75,7.88908,6.53094,-0.48562,-39.8002,4.87345,-0.3,21.6155,0.7,2.37074,4.30935,-25.1647,16.16,103.569,35.2674,-12.6869,28.6578,60.0568,0.0,0.0,0.2497701656877076
E_S_WW_WM_082,-4.21357,-0.0894318,7.11488,-8.87454,-1.4,-1.62,-3.1281,6.55532,24.3209,-43.8126,-12.6938,0.7,10.5945,0.9,12.3103,9.58312,-17.8279,16.741,31.9697,27.2799,22.9983,-54.4601,115.332,0.0,0.0,0.265086902358804
E_S_WW_WM_083,0.847271,12.4724,4.15309,12.9717,-0.62,0.64,13.1116,-2.31166,-47.2688,-10.7007,-1.78618,0.0,8.00606,0.8,-9.6818,-18.461,19.6548,24.2571,-44.7912,40.6658,84.4414,17.4182,92.1014,0.0,0.0,0.2636299002093023
E_S_WW_WM_084,12.1194,-5.72543,8.67513,5.90266,-0.76,0.73,5.39813,-0.0200747,-12.4536,40.1784,-9.46416,-0.2,22.0729,0.4,56.1875,20.5667,-1.59406,44.2848,59.9544,45.2873,107.081,-44.8365,-153.417,0.0,0.0,0.2580901892990033
E_S_WW_WM_085,10.1618,-5.90353,19.9859,-16.182,-0.88,0.43,-2.65709,-4.02478,29.5708,83.4885,-5.30543,-0.1,4.92839,0.8,25.0686,-5.64847,13.0466,45.8151,45.9269,32.1505,109.008,24.2438,117.017,0.0,0.0,0.2646100259435215
E_S_WW_WM_086,-0.527802,-4.3554,13.2854,-16.9344,2.07,1.22,-7.14646,-1.25088,3.7399,-26.3253,-5.15837,0.6,-11.6435,-0.3,25.3921,-1.47266,16.9421,-0.0188411,61.7582,-22.4399,65.4327,-59.7181,-37.9416,0.0,0.0,0.2465691449335547
E_S_WW_WM_087,-5.67476,8.51474,-5.75477,8.8656,1.97,-0.72,18.6646,-3.50066,22.5832,-69.6234,-1.98936,0.5,12.887,0.8,-13.785,7.75658,-16.3899,2.35485,29.7169,13.2822,75.8858,23.5726,130.706,0.0,0.0,0.2601550029435217
E_S_WW_WM_088,11.3461,7.75124,19.663,11.7301,2.44,-0.9,0.993177,2.71796,7.84573,127.433,1.89421,-0.2,16.2855,0.2,-5.80491,-1.93688,20.6478,-23.2979,4.79,-7.15741,28.5533,63.7636,6.22801,0.0,0.0,0.282106851936877
E_S_WW_WM_089,-0.0568439,-6.40049,-1.54967,-2.38679,0.44,2.36,-8.97293,5.3507,-43.4139,18.6714,3.70839,0.3,-14.2703,0.4,34.3541,1.23099,-12.6555,-10.4114,-9.33593,26.6183,46.96,38.8595,-50.0596,0.0,0.0,0.2364834149302325
E_S_WW_WM_090,6.17557,13.0753,4.35773,18.7679,-0.9,0.78,1.88285,6.30112,-41.9653,115.69,-3.78206,0.1,-0.939163,0.0,-13.3246,-15.068,-25.8855,35.0147,-30.4024,-20.1443,8.52555,66.9162,37.8277,0.0,0.0,0.2992841303986711
E_S_WW_WM_091,13.9988,12.5763,14.7906,-3.38945,1.94,0.67,2.6472,5.826,-3.44286,-10.5869,-12.457,0.0,13.872,-0.2,-12.3638,29.2967,13.0099,32.6107,-24.7455,9.43234,-59.486,41.6892,125.105,0.0,0.0,0.2997355640465116
E_S_WW_WM_092,4.19069,-4.13208,8.91708,8.71621,-1.41,1.52,-3.65586,0.62972,-13.729,-6.90594,-8.76062,0.5,-4.39754,0.5,47.1069,23.7151,-20.0274,54.7295,-49.6694,-38.582,-32.0389,-54.8688,12.3691,0.0,0.0,0.2685478936179402
E_S_WW_WM_093,5.06481,2.49074,11.8847,16.759,-0.79,-1.03,3.4795,-4.69645,-16.4054,93.7819,-13.5788,0.5,-19.685,-0.4,7.7316,23.5265,-7.88261,0.487496,53.0947,-35.4444,109.961,-32.319,-66.6255,0.0,0.0,0.2830769074252491
E_S_WW_WM_094,12.0801,9.59945,12.5088,19.4906,1.75,0.72,4.72632,-3.42787,-35.7098,-15.3577,-1.0577,0.3,16.3593,-0.2,-2.48605,3.30694,25.5184,47.9609,40.7519,-32.8962,105.055,38.6734,-21.1387,0.0,0.0,0.2721913956810631
E_S_WW_WM_095,2.14762,9.96602,2.87842,16.6507,-1.68,0.15,-3.6691,4.20915,0.160939,-0.424535,-9.8336,0.2,22.3688,0.8,42.8141,-11.5165,-25.4865,-17.4027,37.4045,-8.63785,-9.03726,88.5682,135.488,0.0,0.0,0.2582909512425249
E_S_WW_WM_096,2.32805,-7.82788,-2.47309,18.1804,-0.03,0.88,10.4821,6.45353,39.5244,78.704,2.42086,0.8,18.0086,1.0,31.0421,10.4971,9.78999,-0.136251,-54.0827,35.9741,-7.3669,45.6949,-29.9495,0.0,0.0,0.2495635145415282
E_S_WW_WM_097,0.997573,5.31814,7.99781,-16.7611,2.08,0.22,12.3594,3.19969,-22.7576,38.7674,-10.3502,0.1,20.786,-0.4,45.9834,-3.09164,28.1729,40.6286,99.2403,33.1532,-5.96067,-44.4408,76.2592,0.0,0.0,0.2910816730830565
E_S_WW_WM_098,6.49807,9.02438,-5.00505,5.54949,1.24,0.37,1.16697,-2.39352,-24.9142,-18.8325,-13.5189,0.7,19.0275,0.6,-18.9716,-18.6849,0.0289985,5.9175,14.061,-5.0426,-40.511,78.9662,-89.1844,0.0,0.0,0.2935181396378737
E_S_WW_WM_099,7.55305,0.439101,-3.85085,0.0973435,-1.25,-1.01,-9.96959,-4.39533,40.1886,-87.0297,-6.76182,0.1,-4.83413,0.0,21.8623,8.29412,-9.61105,28.6874,-15.6898,37.3062,111.482,-32.812,84.6768,0.0,0.0,0.2485754658737541
E_S_WW_WM_100,12.8486,13.2456,-4.49123,8.24463,-0.2,0.28,14.8651,-2.07286,-31.7686,96.1536,-11.9197,0.4,-23.7886,0.3,38.2047,0.465897,-1.9729,-14.9002,128.433,3.96813,-27.8243,-35.9679,-140.634,0.0,0.0,0.3063540050598006
E_S_WW_WM_101,2.84412,-1.35015,13.7672,-9.41544,-0.64,1.93,18.4869,0.45914,46.5686,92.4451,-0.195517,0.1,-1.04156,0.7,-18.7878,28.4009,21.676,-2.34256,-26.6007,-42.1468,10.597,75.5029,-26.7505,0.0,0.0,0.2522964685880398
E_S_WW_WM_102,-3.26263,10.1715,3.45405,-11.4947,-0.84,0.43,10.8037,-3.83319,22.4358,-9.14081,-9.98544,0.0,19.6719,0.8,-16.9315,-11.3595,22.9206,43.4589,82.7924,-26.3583,-56.6694,56.7958,-171.92,0.0,0.0,0.2994347813421927
E_S_WW_WM_103,13.829,14.8996,4.212,15.5196,0.21,0.21,-9.07096,0.19474,35.5994,-19.5455,-11.9519,0.7,-23.368,0.3,25.2181,19.2037,-17.401,18.6596,41.2649,-18.612,131.323,-26.3131,100.86,0.0,0.0,0.2920287519568106
E_S_WW_WM_104,12.2,-4.89283,-2.09734,-4.98482,-0.6,2.28,0.64675,0.360836,37.4293,-28.8691,-11.4976,0.7,4.40412,0.7,-10.3374,22.4881,-17.1686,45.3637,89.3351,6.90959,128.399,46.3363,-36.7533,0.0,0.0,0.2614817104318937
E_S_WW_WM_105,-4.72684,-1.7724,16.2315,-1.63701,2.46,0.81,-7.57116,2.26483,45.4339,120.461,0.178894,0.4,-0.349976,-0.2,-9.8215,-2.20998,4.48476,46.7063,-20.9021,-12.7937,-26.425,-11.3015,-41.5519,0.0,0.0,0.2790042391993355
E_S_WW_WM_106,11.9958,-1.89559,0.253089,-17.5269,1.74,-1.49,1.94861,-2.36271,-30.5266,6.82413,-3.33724,0.3,2.10565,-0.1,-20.2772,-10.5186,-9.88517,2.90814,-46.5743,33.4251,-28.6665,-45.5858,-54.6862,0.0,0.0,0.2612592647674419
E_S_WW_WM_107,10.4941,11.0894,-0.557074,7.0577,-1.71,0.89,1.75878,-3.32448,42.5855,118.676,-3.60287,0.5,-0.561207,-0.3,51.9195,20.756,12.0186,35.5237,89.1562,22.7526,117.698,-51.6693,49.3522,0.0,0.0,0.2780370607109634
E_S_WW_WM_108,3.04517,-5.69137,-7.06383,14.0516,0.29,-1.32,-0.0555584,8.83285,-12.3244,-89.8343,-10.7227,0.6,3.2321,0.2,57.6249,9.57108,-18.8282,-5.77591,-6.21026,16.8692,-8.28156,68.1095,22.6623,0.0,0.0,0.2768262501395348
E_S_WW_WM_109,-5.26863,7.4964,5.29618,-13.7415,-1.41,-1.73,-1.88508,4.88355,-4.30148,-41.1733,-6.50598,-0.1,5.13632,0.3,49.5118,-4.68787,29.2287,47.3148,-54.6857,-21.0715,15.9015,-30.3505,-164.859,0.0,0.0,0.2950648389900332
E_S_WW_WM_110,0.302009,-2.33465,-1.01117,11.8945,1.09,0.75,8.10745,3.12041,-22.5406,49.0069,-14.6111,0.2,23.8279,0.0,52.3716,-14.5502,5.70773,-14.385,-13.2919,-19.1987,125.481,80.1462,-155.603,0.0,0.0,0.2706878882126246
E_S_WW_WM_111,10.8562,-7.32506,11.9785,10.3035,2.45,0.62,3.9566,9.5718,10.6522,-65.3693,-5.60811,0.5,10.3766,0.5,11.1647,-16.601,2.63839,4.55287,47.3921,8.2157,43.7585,83.4744,-34.005,0.0,0.0,0.2588068276843853
E_S_WW_WM_112,4.04673,13.6292,9.8183,6.98825,2.46,1.33,0.298866,1.12328,-32.0541,19.2116,-6.63254,-0.3,23.353,0.0,24.9108,22.1166,-27.724,4.92562,87.5543,38.1732,61.8086,60.8052,67.1078,0.0,0.0,0.2846288349734219
E_S_WW_WM_113,2.1178,9.51522,6.6263,0.69824,1.79,1.2,17.8607,-0.195699,-33.2368,79.1923,-13.4689,-0.3,-18.4,-0.2,53.5309,-1.76706,-10.9001,15.9959,12.1133,-28.7107,109.437,-56.5256,-157.568,0.0,0.0,0.2794327540099668
E_S_WW_WM_114,-6.98766,-5.5525,11.484,3.27255,-0.37,-0.55,-3.2747,-4.943,2.98276,-18.348,-12.3482,-0.4,3.59387,0.4,28.9147,-7.30691,-8.73536,-19.9695,75.9365,-18.0685,67.696,38.4013,-159.6,0.0,0.0,0.2480312747342192
E_S_WW_WM_115,-2.52446,14.6331,-0.344584,-10.3081,-0.79,0.53,16.573,6.16749,18.1891,138.513,0.642532,0.4,19.4427,0.8,56.746,18.0305,15.0287,8.95728,33.4603,-3.70869,46.6894,57.1647,72.0461,0.0,0.0,0.2800239997176079
E_S_WW_WM_116,-6.22065,12.6457,12.996,6.05135,2.24,-1.55,14.9213,1.90335,30.0161,-16.8432,-9.27697,0.0,6.62281,0.5,46.9526,5.64683,-25.3382,37.4338,25.6821,-25.1029,0.726884,28.7896,-176.385,0.0,0.0,0.2961999497275747
E_S_WW_WM_117,4.65458,0.1484,4.36947,8.1917,-1.04,1.48,-0.464017,-2.68854,-48.9644,43.4032,-7.912,0.6,5.30428,0.7,54.6697,-14.8994,-20.6482,2.19385,8.23756,30.0008,148.67,50.5422,20.9443,0.0,0.0,0.2598726033222591
E_S_WW_WM_118,1.40431,7.85211,-0.602948,16.0316,-1.07,0.46,14.853,6.05978,12.6702,47.9322,-14.4971,0.1,4.5983,0.1,-18.8932,-3.1986,16.7206,26.6006,120.323,43.2338,-49.6834,19.5177,28.8173,0.0,0.0,0.2957650275083056
E_S_WW_WM_119,-4.29811,-1.24288,12.5852,-3.87111,1.68,0.24,-0.843218,6.39564,-28.3721,142.531,-8.14007,0.6,-1.1724,0.3,37.2711,29.58,28.3378,-1.01412,126.329,6.8167,72.5323,3.44595,32.3426,0.0,0.0,0.2664082234451827
E_S_WW_WM_120,14.82,1.96297,12.0954,-17.5664,1.2,0.54,4.29921,9.64745,-8.10225,124.931,-9.96652,0.1,-18.6255,-0.2,23.5152,14.7486,-3.22646,11.6669,64.3523,-36.7633,45.0383,-3.38397,149.899,0.0,0.0,0.2863966297541528
E_S_WW_WM_121,-5.78927,8.01461,17.3522,17.7157,-0.45,-1.66,4.38943,5.94528,18.5933,103.552,4.04274,0.3,-4.61223,0.3,-6.85351,-1.01756,20.9208,11.7774,123.375,-35.7358,34.3398,-25.5579,-50.5797,0.0,0.0,0.2863373589700997
E_S_WW_WM_122,-6.38714,-6.83096,12.6565,5.75115,1.23,2.41,5.01704,2.73699,28.4724,104.852,-6.06572,-0.3,-15.0466,-0.2,50.7174,16.3642,-11.7586,-15.4979,-35.2645,-39.097,37.1844,0.0145039,7.44808,0.0,0.0,0.2572345654584717
E_S_WW_WM_123,3.24643,4.22421,-7.62668,0.899354,1.58,-0.73,10.2312,1.53289,47.5777,-12.7665,-3.05542,-0.4,-16.2341,-0.4,54.269,11.9984,15.6456,7.92492,70.8608,-3.04361,50.8536,0.856584,31.7001,0.0,0.0,0.2588452355481727
E_S_WW_WM_124,14.4782,-5.47314,9.3969,-19.9964,0.66,-0.67,16.9473,4.37412,-45.4573,35.1791,-0.474693,0.3,-11.0783,-0.4,16.2301,-12.7816,-21.4135,46.9327,36.1635,-24.6535,-16.7591,-3.6792,21.3972,0.0,0.0,0.2574018641196013
E_S_WW_WM_125,13.7712,-7.66466,13.4468,-11.3502,0.08,0.7,15.72,3.99054,-45.1881,46.1676,2.72893,0.4,24.9898,0.6,-1.09996,-2.26754,-10.2644,-0.498527,-21.3935,-7.68247,23.5452,67.4999,-124.397,0.0,0.0,0.2544448124318937
E_S_WW_WM_126,13.9597,-0.00682322,9.91159,12.3221,1.96,2.04,16.1335,2.23673,6.89549,87.476,-12.1891,0.4,-16.9767,0.9,0.769032,17.766,13.4675,-17.0343,-6.61818,-25.1644,93.3799,-11.4725,25.1124,0.0,0.0,0.2741825777209302
E_S_WW_WM_127,6.32029,-6.4984,2.06877,-1.85356,-1.46,2.39,-7.34102,1.78636,42.5343,17.7268,2.35115,0.1,-21.2075,0.8,-6.4922,25.2573,-2.97597,-15.046,21.5952,-21.1801,-41.7293,-41.0648,13.9621,0.0,0.0,0.2498637142624585
E_S_WW_WM_128,-3.83374,4.85202,2.67267,14.4129,-1.19,2.15,10.9461,0.647419,-0.375731,43.1274,-13.6464,-0.3,21.2659,0.6,1.12328,18.894,-28.2753,-15.7516,57.8887,-38.1549,79.1765,34.8968,-76.3287,0.0,0.0,0.2679278598538206
E_S_WW_WM_129,9.81578,-5.17871,16.039,3.36547,0.68,0.57,-3.08273,-2.98412,17.1012,-94.2002,-8.96833,-0.3,-22.0567,0.4,12.2701,19.9064,-19.0778,43.9546,53.412,-42.3998,136.613,62.695,56.8716,0.0,0.0,0.2559710935614618
E_S_WW_WM_130,-0.0121556,12.2774,6.09792,-19.4537,0.74,-1.56,4.64618,3.61512,34.4601,83.9049,-8.70262,-0.4,-10.4833,0.0,37.4068,2.73213,4.70346,39.2319,115.984,-48.757,7.39161,-13.8513,-14.8195,0.0,0.0,0.3150785605481727
E_S_WW_WM_131,-2.69047,5.30688,5.97024,5.7979,1.47,-0.63,19.8958,7.81767,-13.8924,-88.1711,-9.9309,0.6,-22.1371,0.0,38.8875,-10.9339,4.58108,-15.3872,37.7564,14.1695,125.235,-33.4251,-43.7585,0.0,0.0,0.2543544317142857
E_S_WW_WM_132,-2.96256,-2.99821,3.8054,-4.06097,1.42,-0.76,-3.33563,2.31578,7.63545,114.866,-14.0781,-0.1,0.355295,0.2,21.1696,18.9705,22.2805,-13.9736,-57.8626,-29.7812,-48.8409,47.3205,-137.044,0.0,0.0,0.2895137719933555
E_S_WW_WM_133,5.25286,11.8674,-1.20408,10.5937,-0.23,0.86,-7.01534,8.77261,-27.1042,73.9865,-14.4183,0.0,-1.5154,-0.3,55.2538,26.7196,-6.25036,13.6288,70.759,-2.51593,18.1284,57.4883,124.906,0.0,0.0,0.2911011574119601
E_S_WW_WM_134,-1.95605,5.00815,18.6836,-3.21044,2.44,0.87,12.2925,6.92883,-24.4003,-4.42535,-4.2394,0.3,-14.0758,0.3,-8.71387,-16.1673,19.0824,6.83643,69.8037,-23.1804,-59.007,6.48645,-109.935,0.0,0.0,0.2673234772990033
E_S_WW_WM_135,3.78578,-0.50122,-3.14006,-16.3554,-0.81,1.08,9.18169,8.32206,12.0321,-27.4609,-5.51504,0.4,-19.4824,0.0,36.6822,7.61263,-26.1628,31.8127,68.7702,47.9533,-53.4803,2.00493,57.4909,0.0,0.0,0.2661740455315615
E_S_WW_WM_136,9.22757,12.0024,-2.60367,-12.7879,-0.35,1.9,7.9656,-2.88544,-31.0989,41.1993,-2.93615,-0.3,24.5297,-0.1,-5.93147,-14.3889,27.2864,8.38197,68.2423,14.989,32.3977,86.6918,19.3706,0.0,0.0,0.2771731274053156
E_S_WW_WM_137,-5.13496,9.76767,-2.68786,-14.0748,0.81,1.44,11.929,6.7307,45.1251,80.1932,-13.9148,0.3,23.6943,0.8,-5.39029,-7.7178,5.20351,30.973,-19.8139,14.4912,116.304,-0.132119,68.4255,0.0,0.0,0.3019081646445182
E_S_WW_WM_138,3.00487,-5.01963,18.2613,9.51063,-1.05,0.52,16.6414,9.69717,11.6854,137.958,1.3357,-0.3,21.0662,0.0,28.2374,1.31296,2.92333,12.191,17.3711,18.7431,139.211,7.31932,-12.4749,0.0,0.0,0.2551807673754153
E_S_WW_WM_139,-4.43033,-7.11563,17.5403,-5.76237,0.61,1.29,16.359,-1.85339,27.6449,72.9825,1.58555,-0.3,2.61229,0.5,-13.1998,-17.2335,-24.8251,36.1192,64.2025,11.8037,17.4941,2.62575,-169.139,0.0,0.0,0.2742417197607973
E_S_WW_WM_140,10.9028,2.98436,14.3026,-8.03838,1.5,1.22,15.9445,1.06589,48.1842,109.751,-8.08929,0.4,-19.2249,-0.2,58.1043,6.77491,9.21934,32.4885,3.71275,49.411,-19.484,56.7341,87.5564,0.0,0.0,0.2898404042425249
E_S_WW_WM_141,-3.08048,3.14297,1.06836,18.8463,2.17,1.09,0.903987,2.00937,37.5733,4.7164,3.0374,0.8,-10.3502,0.1,-3.30701,-4.54103,25.5535,8.33893,2.44344,-48.6856,100.599,1.78431,50.8333,0.0,0.0,0.2546205497707641
E_S_WW_WM_142,13.8783,-7.88364,5.13693,7.34209,-0.21,-1.16,4.54058,-3.02449,-5.9037,71.9003,-9.05113,0.6,-11.8683,0.0,24.061,-13.6916,-1.21648,-10.7539,73.843,42.1102,-57.0275,26.4749,59.2701,0.0,0.0,0.2675386570199335
E_S_WW_WM_143,-6.94098,2.46668,10.6615,19.6272,1.4,0.12,10.8871,7.3606,-48.6467,101.391,0.623319,0.0,-16.3686,0.1,2.74293,-2.96076,11.3413,-17.2365,-47.4872,30.8719,95.3716,25.6693,1.79322,0.0,0.0,0.2790145376179402
E_S_WW_WM_144,3.87471,-6.05972,-3.58403,0.535213,1.58,0.18,-6.48285,7.72903,-35.3988,-27.0547,4.09454,0.5,-6.6515,0.4,-17.1111,12.7976,-4.37053,51.3965,85.7814,-19.9662,-31.488,-12.7598,95.0328,0.0,0.0,0.2600893840431893
E_S_WW_WM_145,-2.39651,1.10941,-3.16895,-13.9493,1.7,0.18,9.92338,-4.22263,-34.4093,3.91285,-6.34222,0.7,5.43662,1.0,-5.0717,-9.94009,8.90053,-23.7936,13.5134,-40.8828,60.4216,-16.9058,1.03757,0.0,0.0,0.2542665623222591
E_S_WW_WM_146,-2.55144,2.06691,-5.99119,-7.19916,2.32,1.55,13.9392,3.29237,32.8137,-79.6718,-2.01186,0.4,17.4526,0.1,55.5993,-17.122,-17.6642,20.029,88.1854,3.32759,6.70881,6.86803,-61.7087,0.0,0.0,0.2520942077109634
E_S_WW_WM_147,10.3885,-7.85919,16.3721,-9.58829,1.45,-0.19,6.93124,-2.60253,42.8236,21.1247,0.120779,-0.4,19.8384,-0.3,32.3662,-4.33259,-8.85512,-7.34826,70.4007,-16.1393,33.5204,-49.2869,102.234,0.0,0.0,0.2549744173455149
E_S_WW_WM_148,5.87987,7.10137,9.68052,4.85906,-1.67,-0.68,19.2022,-4.52843,-11.1197,41.9435,0.993291,0.7,-14.7591,0.6,-13.83,5.90722,-25.4146,3.49098,73.7437,17.005,59.6911,-41.6326,-180.892,0.0,0.0,0.2566914154152824
E_S_WW_WM_149,5.48757,-4.27259,-4.04946,-11.2819,-1.42,-0.41,-0.376644,1.45601,-3.37328,12.6176,1.73022,-0.3,-2.53864,-0.2,-22.5182,-16.7486,-27.8259,-14.1644,72.8536,-2.05553,33.7699,-39.7277,-190.472,0.0,0.0,0.240443778833887
E_S_WW_WM_150,14.7031,5.83089,8.97893,1.64216,0.25,1.33,7.66716,8.80573,-9.60977,69.475,2.37814,0.7,-8.1936,0.9,10.6465,-7.88592,29.8431,18.2301,-47.0998,-49.2349,-27.3362,18.4438,-2.77782,0.0,0.0,0.2706523842026578
E_S_WW_WM_151,-0.167774,14.5905,3.84719,16.1221,1.36,2.05,-0.491868,-0.854262,11.9609,-36.4233,4.81635,-0.1,-22.3226,0.8,46.7225,3.87277,8.48957,-12.4918,20.3336,-43.8802,-36.6219,21.7126,-114.887,0.0,0.0,0.2543958951960133
E_S_WW_WM_152,9.19503,8.05626,4.71091,8.83625,0.1,0.1,-0.541188,-3.96328,-34.2085,-68.9678,3.56084,0.6,-4.64734,1.0,-2.31034,14.8579,23.0092,19.4553,66.5,12.0658,138.831,-38.2566,143.065,0.0,0.0,0.2507811373687708
E_S_WW_WM_153,9.14677,12.9197,15.1255,-10.7131,-1.11,-0.03,-4.76959,0.847138,8.10467,-66.9677,-6.83131,0.8,11.8393,0.4,-3.91867,-13.8512,9.1674,-3.54409,-34.5863,-12.6902,130.822,86.1164,39.8272,0.0,0.0,0.2656553395215946
E_S_WW_WM_154,-0.877437,9.2751,11.873,7.09802,0.98,-0.43,19.6107,9.33911,38.1974,99.1247,-2.34691,-0.2,-11.4537,0.8,40.7686,23.4294,-19.3991,-4.04101,-41.476,2.79051,67.3743,83.8549,101.381,0.0,0.0,0.2884794255780731
E_S_WW_WM_155,3.75117,8.07338,14.3895,-16.1107,2.07,1.41,3.19128,5.7924,-29.0722,144.477,-6.57657,0.2,5.67259,-0.4,41.4211,28.5546,-18.5878,15.3154,-6.98644,27.8993,-28.3519,23.3243,-135.821,0.0,0.0,0.3036637361395348
E_S_WW_WM_156,-1.9263,12.0603,15.5506,17.3574,0.64,-0.1,-9.64564,-3.43828,-35.8156,97.6255,-9.43109,0.4,1.90727,0.5,7.19865,4.3813,29.4178,38.3834,117.914,8.31351,-11.5449,65.6668,-91.073,0.0,0.0,0.3005781950564784
E_S_WW_WM_157,-6.16259,-6.47213,19.0643,3.72538,-0.42,1.64,15.6157,4.63519,-16.2415,63.1371,3.8811,-0.4,-2.26811,0.9,35.9741,11.4385,25.6356,38.6906,-33.5674,-17.2085,13.1542,-18.6891,-48.363,0.0,0.0,0.257911249358804
E_S_WW_WM_158,-1.85799,7.38313,-1.97063,2.82385,1.0,-0.01,17.389,0.820297,-19.5952,-94.811,-8.63977,-0.3,9.97998,0.8,55.7593,23.2405,10.2473,29.5626,108.796,-45.3203,30.9112,36.6258,-0.732174,0.0,0.0,0.2752764396744186
E_S_WW_WM_159,8.2911,4.35156,-4.98976,11.5417,2.1,-0.14,-8.49639,4.22641,14.0097,-24.4732,-14.8608,0.5,-5.37135,0.1,5.069,-10.7396,-23.981,-19.425,27.9977,4.50615,-59.3546,-43.3703,30.0444,0.0,0.0,0.27967189610299
E_S_WW_WM_160,10.7738,-6.1157,11.6085,-15.383,0.94,0.31,7.62675,8.66377,-45.7607,64.0663,-14.9069,-0.2,-1.95096,0.3,-5.1535,2.70209,-23.4284,37.0708,106.086,10.1514,-35.8993,-53.8721,-139.882,0.0,0.0,0.2783262003521595
E_S_WW_WM_161,7.72664,9.98111,17.6955,3.86368,0.21,1.58,14.3121,4.69484,-43.6054,58.9682,-2.49146,-0.3,-22.491,0.5,38.4377,0.0750084,-20.8923,15.8399,88.3094,-36.9079,-43.6388,82.7745,2.38855,0.0,0.0,0.2807356789368771
E_S_WW_WM_162,9.15217,-5.21013,9.10048,-6.02572,0.33,1.03,6.12711,-3.94171,47.0352,0.163785,-5.06199,0.2,7.52891,0.5,-22.7709,0.73718,15.8531,-5.23918,127.926,-40.6529,89.0359,-26.5734,-163.334,0.0,0.0,0.2435169070664452
E_S_WW_WM_163,-5.719,0.344745,-3.4814,6.81424,0.83,1.84,-4.43365,-0.26357,25.4557,-33.4297,-14.0546,0.2,24.704,0.6,30.6983,-6.21809,21.7415,26.1387,61.4989,49.6372,-24.1402,61.0919,46.3054,0.0,0.0,0.2876871150099668
E_S_WW_WM_164,-4.35376,5.96096,-4.76194,-5.94266,0.98,-0.12,7.29332,0.0280631,-40.081,-84.3797,-12.5037,0.2,8.34464,-0.3,11.9368,-18.0053,19.4933,54.138,-10.091,-15.5757,10.1537,32.0535,34.1077,0.0,0.0,0.3081823294451827
E_S_WW_WM_165,14.9994,6.79447,8.32477,10.9353,-0.81,-0.65,16.9043,5.05903,-36.7985,97.251,-14.7014,-0.2,13.7363,-0.1,-6.70348,4.91595,-10.007,32.9451,75.3741,-47.9867,69.8634,49.4705,-56.6125,0.0,0.0,0.2887926349534883
E_S_WW_WM_166,-3.30674,8.22246,19.1444,11.4807,1.82,-1.04,6.67948,-2.50124,-12.647,-61.0048,-7.1703,0.6,-13.1107,-0.2,15.9694,27.3883,-24.4784,21.3448,97.9841,40.3401,-18.5205,-27.3318,-45.2431,0.0,0.0,0.2726812621196013
E_S_WW_WM_167,11.2161,4.60242,-1.84785,2.89339,2.48,-0.25,-6.53252,0.00704819,-4.80066,135.305,-2.52134,0.2,13.6827,0.2,43.9631,-2.30139,7.66551,-1.60506,115.754,-36.6637,127.369,-22.0096,-122.32,0.0,0.0,0.3011123581760797
E_S_WW_WM_168,-5.22331,6.16382,16.9201,15.0307,1.89,2.32,19.0385,1.63973,-33.1165,33.9258,-12.6495,0.2,3.16188,0.7,17.4,16.4999,-14.095,9.72951,119.482,25.1527,29.1056,-12.4669,-181.206,0.0,0.0,0.2783708498504983
E_S_WW_WM_169,14.8888,10.7689,12.7637,7.23696,-1.51,-0.33,14.5749,0.948831,48.4669,-46.6596,-11.3214,0.7,-21.2796,0.2,-7.60229,-1.86093,25.9499,44.9548,33.9264,14.74,-26.2084,24.1191,115.706,0.0,0.0,0.2924612899368771
E_S_WW_WM_170,-6.86378,11.1875,-5.55715,-2.89642,0.35,-0.91,-7.80238,1.48268,-20.5981,-7.56337,-6.94273,0.5,-8.99071,-0.3,31.3333,-3.93781,27.0913,31.4098,107.733,36.4558,78.6205,-27.9779,-92.4595,0.0,0.0,0.2943843514983388
E_S_WW_WM_171,9.2592,13.2024,11.719,-17.2308,0.4,1.04,3.92436,9.11155,-39.2776,-36.7446,0.0757825,0.0,15.6958,-0.2,17.2705,-2.72914,20.4537,-21.1825,-4.38928,24.9924,80.7779,-46.5058,134.359,0.0,0.0,0.250975804641196
E_S_WW_WM_172,-5.2993,-2.65602,16.2762,-0.544374,0.48,-1.64,-2.78322,3.89664,36.7545,63.8911,-14.1424,0.4,-7.6997,0.8,-19.1538,13.2993,21.1606,3.27375,71.6819,23.6697,117.904,-19.5614,-178.088,0.0,0.0,0.2590171988770764
E_S_WW_WM_173,-7.91976,10.6489,6.71093,-16.8797,2.42,1.67,2.60556,3.13514,16.2468,-58.8338,0.235262,0.2,3.8553,0.2,2.60224,2.79919,-24.8888,-8.57594,78.8963,-23.4214,129.655,-26.5439,105.396,0.0,0.0,0.2596580327674418
E_S_WW_WM_174,14.3171,0.800555,3.36829,-5.83018,-1.79,-1.51,18.901,5.02336,-29.1622,-78.0554,2.49586,-0.1,-12.5558,0.3,16.3332,4.11563,6.64123,-13.0761,77.1772,-9.7414,41.9973,39.9591,-10.4763,0.0,0.0,0.2369571398538205
E_S_WW_WM_175,5.75453,0.953152,7.73208,-13.1055,0.73,1.12,8.99763,2.46397,40.3959,102.681,-14.9336,0.2,10.1805,0.2,15.2789,-3.02737,-29.1147,-24.5308,80.2135,-46.6826,-39.2846,29.6093,-44.9067,0.0,0.0,0.2775291962392027
E_S_WW_WM_176,-5.17724,-7.52126,16.4215,-1.30527,2.34,-0.88,-5.77759,4.42041,39.8559,-67.7209,-11.1355,0.2,-16.2081,0.2,14.3133,12.5734,-22.5565,-6.08505,102.004,-6.66508,21.2802,54.6728,-12.8479,0.0,0.0,0.2688197646112957
E_S_WW_WM_177,-4.13834,12.3258,2.02037,0.165864,-0.86,2.01,-7.09843,5.22996,-45.9282,76.6626,-10.3163,0.7,-16.8717,0.8,11.8111,14.5492,22.0725,26.3912,1.03962,44.5355,87.7792,-42.7442,122.234,0.0,0.0,0.2897875076245846
E_S_WW_WM_178,2.77386,-0.664165,18.3514,-8.67436,0.49,2.21,18.8262,4.94487,23.2228,-23.977,-4.07047,0.3,6.54002,0.9,-16.178,-10.4183,-2.41841,17.3548,126.183,-4.40546,67.8185,50.2196,73.9531,0.0,0.0,0.2482169373156146
E_S_WW_WM_179,2.72894,5.88339,4.63623,-5.34354,2.05,0.67,-7.54053,7.56156,-33.3987,67.6668,3.36564,-0.3,-1.6228,-0.2,29.5285,-6.6733,-13.9057,29.3338,54.7002,-33.4415,113.675,74.7741,72.8665,0.0,0.0,0.2681705469534883
E_S_WW_WM_180,9.40968,14.3077,15.2811,16.9873,-0.59,-0.8,7.06062,2.566,-1.7452,129.871,-3.63203,-0.2,8.69853,0.9,12.7885,0.943999,0.755337,39.2196,79.9992,-14.8761,-18.9194,-53.2994,110.437,0.0,0.0,0.2895043021063123
E_S_WW_WM_181,3.52084,11.3509,8.12782,2.37547,2.43,1.14,3.98753,3.66717,-29.71,14.2002,-5.63448,0.1,-24.7275,0.7,22.6845,29.0044,24.9272,38.7954,-59.2583,-3.49747,82.4644,-23.0017,-63.2239,0.0,0.0,0.2914451622425248
E_S_WW_WM_182,4.59633,14.9648,13.653,-12.3967,0.55,0.42,3.44704,-1.97843,-13.4179,-47.4233,3.14941,0.1,4.22228,-0.4,11.6731,1.4249,6.21442,11.1706,96.3636,-28.044,-21.4356,-10.6512,-192.02,0.0,0.0,0.2590951625980067
E_S_WW_WM_183,-0.772398,8.41772,-4.63488,14.9643,1.25,1.01,18.363,5.87275,41.6876,6.30452,-6.70934,0.6,-15.3478,0.8,35.1424,16.5948,26.0829,6.11666,91.4767,35.7724,-17.4143,-24.3362,112.524,0.0,0.0,0.2599074968372093
E_S_WW_WM_184,3.46125,8.93755,5.25293,17.4998,-1.17,0.99,9.77937,8.1145,-33.7451,-78.9377,-0.63019,0.7,-11.839,0.9,37.7456,-15.8395,-4.99665,25.3551,-12.1255,4.7092,73.7231,76.5761,-196.151,0.0,0.0,0.2442415491096345
E_S_WW_WM_185,9.61686,4.50221,-5.70982,-13.832,1.8,1.93,2.97206,8.16735,26.4843,138.125,-5.9827,-0.1,10.0107,-0.3,44.8676,-5.36598,25.7246,25.8662,-36.5061,-10.5352,115.919,-3.11164,108.361,0.0,0.0,0.2971705698139535
E_S_WW_WM_186,-5.64637,5.57163,-7.59475,18.9555,0.82,-0.08,1.63999,8.9153,28.9221,59.6389,2.85187,-0.1,2.74215,0.8,14.9939,15.2922,20.5174,53.8305,105.533,41.238,15.1338,60.1368,-22.6824,0.0,0.0,0.3007535916877076
E_S_WW_WM_187,2.59026,1.58141,-3.05127,11.6422,1.38,-1.56,12.9047,-4.35544,32.6311,-88.6172,3.43432,-0.2,-23.4823,0.5,2.94523,11.2253,-2.06747,33.1993,9.83359,-44.2325,129.931,-18.1536,-74.6984,0.0,0.0,0.2568927440232558
E_S_WW_WM_188,10.5341,5.17264,-2.56484,-1.71248,-0.41,1.92,-1.62657,-3.62132,-38.9001,63.5105,-8.84782,0.6,-22.5857,0.8,27.727,17.1154,21.9921,8.52823,7.35779,-38.0643,-54.8365,32.2645,-149.626,0.0,0.0,0.2949342424418604
E_S_WW_WM_189,0.927547,5.01659,-3.9235,1.26512,0.62,-1.78,7.78386,3.92401,-45.3066,16.9091,-10.1891,0.0,-9.03664,0.8,7.79045,2.47609,-0.360752,16.9459,104.721,48.9616,-58.2445,1.23452,-197.504,0.0,0.0,0.2827475621129567
E_S_WW_WM_190,11.004,-6.76392,0.224627,8.06024,0.7,0.13,15.2317,1.70202,-25.018,-5.67779,-13.9054,0.6,-9.53906,-0.2,-21.9082,0.336808,0.91996,24.5074,21.3104,15.6381,144.461,13.6728,-160.809,0.0,0.0,0.2575355681528239
E_S_WW_WM_191,5.11771,2.4227,11.0998,1.71387,-0.3,0.66,16.9628,0.0644063,-34.5179,143.578,-7.43789,0.7,8.78733,0.2,28.9058,-0.222137,25.304,-18.2463,-58.5285,23.7536,-30.5225,39.244,-13.0334,0.0,0.0,0.2718041900365449
E_S_WW_WM_192,9.07108,-7.57954,-1.0615,-14.9855,2.21,1.49,8.29195,1.55338,-40.9042,25.5345,1.10453,0.1,7.16152,0.6,22.9419,19.6405,3.07641,-22.7019,90.0618,38.9867,-29.0416,-4.19041,-20.1866,0.0,0.0,0.2478716900631229
E_S_WW_WM_193,8.80929,-4.459,17.9524,12.08,1.32,-1.28,16.3192,0.677856,-19.1625,74.4945,4.2836,0.2,-7.14242,1.0,29.3806,-3.24623,5.76755,47.8844,41.0417,44.0062,131.751,34.157,-118.633,0.0,0.0,0.2617918323754153
E_S_WW_WM_194,7.67499,10.6631,19.1044,-3.08968,1.34,-0.66,11.2558,5.03655,46.6988,-50.8239,-5.13467,-0.1,7.66966,0.0,7.1348,11.379,26.8318,51.8572,118.594,15.4316,9.72493,10.4492,-124.93,0.0,0.0,0.2837136296877076
E_S_WW_WM_195,-7.29033,-3.9189,8.57515,-1.38529,0.68,-0.65,-3.55507,4.42964,-23.7038,68.7752,-2.42858,0.8,2.34506,-0.1,37.0012,-18.6203,23.8732,54.4811,-24.6616,-9.99127,47.4296,87.4418,-136.079,0.0,0.0,0.2823602534318937
E_S_WW_WM_196,7.81568,14.4599,6.3333,14.1386,1.73,-0.17,19.2781,-4.23628,5.92969,-4.71412,-2.99011,0.4,-17.1533,-0.1,45.2701,16.154,-5.34398,28.1542,-14.9876,-46.9154,53.1141,10.6289,141.981,0.0,0.0,0.2787893001960133
E_S_WW_WM_197,10.9345,14.2762,13.4165,-0.855498,0.78,1.13,12.216,8.87658,-32.2176,-22.3535,0.292545,0.7,9.58987,-0.1,56.9796,8.97038,-25.2059,27.7268,-48.1817,-3.33942,57.0938,41.548,18.847,0.0,0.0,0.2672685714518272
E_S_WW_WM_198,13.2434,8.8819,-0.564139,-18.257,1.6,0.44,1.97327,9.2711,20.0433,62.1455,-3.75347,0.3,-12.7423,0.3,21.4776,-0.671307,-28.667,-18.7872,-55.1424,2.91642,59.2459,23.4909,-86.5653,0.0,0.0,0.2922598085847176
E_S_WW_WM_199,11.7496,-4.94871,0.625722,5.23763,0.17,-0.34,11.5265,2.55804,20.2961,-20.174,-1.18453,0.1,14.1831,-0.2,6.12495,13.1191,0.32124,-23.6021,-34.019,-43.8282,-58.6187,44.2919,80.0057,0.0,0.0,0.2309485997076412
E_S_WW_WM_200,8.25735,7.95606,6.97924,-18.0204,-0.01,2.16,1.38038,9.55982,-23.9486,-34.4437,4.74417,-0.1,-7.20645,0.7,50.9937,19.9768,26.5742,10.9229,80.43,-26.7271,64.0143,10.9339,-20.9467,0.0,0.0,0.2611654522458472
E_S_WW_WM_201,7.12951,1.43308,3.93348,-6.80876,-1.49,1.41,1.20192,-4.45535,-22.9875,108.99,-13.0214,0.0,9.74122,0.4,-24.0964,13.6122,12.5042,6.3029,88.6777,-49.4812,2.44929,87.1624,49.6413,0.0,0.0,0.2768127995415282
E_S_WW_WM_202,9.02383,-5.07882,18.5968,15.8779,-1.7,-1.76,-5.27774,-0.718048,25.7406,-75.3777,-7.03858,0.3,-7.83796,-0.2,29.4216,24.7561,3.42281,-19.0408,38.2559,-1.78125,-2.12396,50.6445,43.8429,0.0,0.0,0.2553571683820598
E_S_WW_WM_203,12.4362,12.7479,8.11738,4.2518,0.26,2.36,14.9553,7.5996,-32.4565,124.189,-12.9502,0.5,-22.4188,0.5,2.08997,6.07139,19.6025,42.1837,77.9009,39.4878,78.2033,31.1652,-154.907,0.0,0.0,0.294122552730897
E_S_WW_WM_204,14.5584,-5.79706,-1.65867,10.8444,-1.61,0.03,14.7149,-4.79008,34.0911,91.7723,0.258866,-0.2,-18.1634,0.2,-2.05918,-6.91544,18.547,30.68,-42.6974,-15.466,-3.91409,-8.68558,34.7559,0.0,0.0,0.2609303807475083
E_S_WW_WM_205,6.82682,2.90433,3.42508,-15.5512,-0.77,-1.22,-8.41272,-3.59835,44.7212,25.2267,4.97848,0.7,6.88863,0.5,4.24551,6.42725,-20.5436,-11.6597,-28.0778,-2.87503,-21.9435,-5.82487,-97.416,0.0,0.0,0.2540747795348836
E_S_WW_WM_206,3.02235,3.10722,11.143,-3.5264,-0.56,-0.2,-2.72728,-2.48433,-42.7358,-72.4825,-14.7962,0.1,-0.466273,-0.4,56.099,22.6683,23.2846,1.68866,29.4715,44.9026,76.1914,-31.2261,5.89736,0.0,0.0,0.2558147220033223
E_S_WW_WM_207,1.36967,-3.16809,17.7738,-2.54332,1.87,1.88,18.9373,5.15536,-3.88424,-59.9644,-6.08725,0.0,-7.29365,0.2,50.8495,24.9172,18.7686,46.0608,-29.2206,27.2975,-55.7472,59.8905,-162.31,0.0,0.0,0.2655828676179401
E_S_WW_WM_208,10.0046,0.22122,11.3797,8.35649,0.01,-1.42,-1.73407,-1.41401,49.087,-49.7484,-13.8246,0.6,8.15495,0.2,51.332,-8.89436,-25.7605,45.6681,49.9998,22.3558,146.763,-16.0539,-145.899,0.0,0.0,0.2659857930398671
E_S_WW_WM_209,12.7905,7.17771,12.6337,2.11372,0.11,-0.42,-4.35615,7.30589,23.0176,8.16151,-3.48798,0.8,-8.80572,-0.3,45.0656,-7.02795,-4.46149,32.7556,27.2829,-17.3449,-19.8127,78.7151,132.081,0.0,0.0,0.2786098233820598
E_S_WW_WM_210,-6.24734,14.9672,3.91689,-0.954274,0.75,-0.02,-7.68093,3.77551,-10.471,111.729,2.15239,0.1,10.6614,0.3,17.0342,29.2069,-29.5358,13.263,-47.5779,9.93527,-5.39398,37.8414,73.3081,0.0,0.0,0.294873220461794
E_S_WW_WM_211,6.33729,-3.39514,7.43494,3.01114,1.07,-1.7,0.213405,8.43238,-2.64319,-19.3397,-12.272,0.7,9.82795,0.1,-1.2304,-7.5417,26.3288,30.8599,73.2367,-44.6663,-21.7546,18.6581,-166.138,0.0,0.0,0.2561371649833887
E_S_WW_WM_212,0.806445,14.5624,-1.3865,-11.9741,1.52,2.49,12.4245,0.737345,35.9163,-16.3425,4.22312,0.1,-8.60469,0.9,7.62867,6.68814,-18.1975,38.1875,40.4591,21.649,4.577,-36.5304,23.0567,0.0,0.0,0.2890137251196013
E_S_WW_WM_213,1.20711,10.702,-3.0883,10.7134,-0.98,1.77,5.89468,6.85233,24.5197,-93.5708,0.00211947,0.6,-9.64211,0.5,-19.4642,0.220742,11.7442,38.8872,62.9398,-41.8928,-5.64189,78.5295,116.116,0.0,0.0,0.2735066319069767
E_S_WW_WM_214,-2.25394,13.7218,11.479,-6.35573,-0.95,2.34,8.05988,3.48616,-32.9938,-57.8659,-3.40064,0.3,0.906802,0.0,50.1441,-19.549,12.6884,3.63845,23.1184,-46.0632,25.2348,67.7814,-42.0874,0.0,0.0,0.2557396830797342
E_S_WW_WM_215,8.05856,-4.48591,11.0752,-19.5964,-1.56,1.3,2.56098,0.127388,-27.7507,1.06261,-0.694316,0.7,22.1813,0.7,-12.5838,8.53328,4.31735,6.00291,34.927,-14.3701,60.274,-51.0257,140.564,0.0,0.0,0.2331908890166112
E_S_WW_WM_216,-2.88024,-2.68446,13.1367,11.4187,-0.63,-1.5,18.4382,2.82074,1.71822,140.482,-9.34419,0.2,14.5567,0.3,47.3756,17.4287,7.04017,13.926,114.066,33.0452,-43.9415,-24.5309,101.642,0.0,0.0,0.2699317616744186
E_S_WW_WM_217,0.473862,6.1195,10.4507,-6.43839,0.62,-0.44,19.4381,9.73358,-24.2439,-39.294,-3.65836,0.8,17.9993,-0.2,2.02057,15.7432,-5.73005,43.1085,104.04,-21.8255,103.623,-17.0107,-175.039,0.0,0.0,0.2669630947574751
E_S_WW_WM_218,-2.65062,6.82613,16.7514,14.0672,1.62,1.22,-8.5976,1.32769,-31.9646,-2.5097,-6.45312,-0.4,-17.0124,0.5,-4.85982,12.9191,-28.9444,48.5099,29.9363,-6.81745,-42.9489,20.5198,-58.9729,0.0,0.0,0.2865893397541528
E_S_WW_WM_219,-7.68514,10.373,2.48667,-8.53467,0.28,0.56,-3.41463,7.79617,26.6708,1.65602,-3.46949,0.3,18.7399,-0.2,4.75773,9.75036,1.92608,40.3102,-58.2276,39.1553,-20.2238,55.3214,-165.605,0.0,0.0,0.30487111020598
E_S_WW_WM_220,4.47543,-2.38872,-6.75451,15.0988,0.13,-0.18,-2.2021,-0.0491714,-41.41,9.56241,-1.33666,0.0,-18.8025,0.7,42.9248,-4.58128,-28.1605,27.0356,40.278,40.8201,108.277,-51.3397,-185.965,0.0,0.0,0.2634235292358804
E_S_WW_WM_221,-2.82922,0.303838,-2.15114,4.44085,-0.38,-0.97,17.9796,8.35114,-2.17241,82.0919,-1.75331,0.6,20.1032,0.8,-8.57257,-18.7506,1.06723,22.8113,-28.7469,-39.3786,73.1607,88.7513,-27.9658,0.0,0.0,0.2795948741960133
E_S_WW_WM_222,6.52494,6.42728,-7.88709,17.8712,1.24,-1.29,8.22972,2.53469,26.7287,37.2739,-14.7701,-0.1,3.40382,0.8,-15.1129,29.9729,0.11858,-22.8289,2.22519,11.4883,33.2896,9.44326,47.7638,0.0,0.0,0.2941826600963455
E_S_WW_WM_223,3.3496,11.2912,-6.07244,19.8848,0.0,-0.31,18.8502,8.04987,-29.7252,77.3809,-5.40356,0.5,14.5893,0.3,49.3888,-8.07595,14.1323,17.9118,3.79462,39.9454,118.418,-2.96883,-106.507,0.0,0.0,0.2995644255016611
E_S_WW_WM_224,14.2101,10.8446,-2.86887,-9.09353,1.07,-0.58,13.3778,-2.67401,28.364,66.1305,-9.82539,0.0,6.71283,0.8,39.2812,-1.23495,11.1262,10.1017,-59.4953,-42.7199,43.3257,-19.795,54.1384,0.0,0.0,0.3037224839335548
E_S_WW_WM_225,-2.6128,8.77802,17.2538,-7.93298,0.25,-0.57,0.434415,-4.61343,15.5317,43.7109,-10.8651,0.5,22.7162,1.0,23.825,11.0501,-6.91895,45.0915,-21.0715,-13.2493,-6.43272,74.0918,121.333,0.0,0.0,0.2864643753089702
E_S_WW_WM_226,14.4162,-6.88576,-3.32532,-1.55766,2.12,0.47,-5.45151,0.249939,-18.2395,-74.8555,-10.7967,0.4,-2.58788,0.7,47.4944,-9.6151,-26.6877,38.5706,19.6631,-20.4744,85.285,-5.52699,-29.4378,0.0,0.0,0.2515545591096345
E_S_WW_WM_227,9.60013,6.54768,11.5818,-19.0403,1.92,1.37,12.1657,-1.68984,7.96589,103.148,1.66209,-0.4,8.53098,-0.1,36.9057,-12.0916,0.206553,36.0183,-2.79938,-42.6197,-51.1602,33.1235,-74.2472,0.0,0.0,0.304642412013289
E_S_WW_WM_228,-5.51067,6.60838,7.6418,6.07779,-1.68,2.23,19.1558,9.95368,44.4495,99.4931,-6.66131,-0.2,5.63226,0.1,-3.53813,-13.8866,-3.6302,5.18021,-8.57969,31.6445,-12.0689,42.2978,-101.955,0.0,0.0,0.2933910697940199
E_S_WW_WM_229,5.82777,9.64976,2.69182,-4.76296,0.4,-1.0,3.30627,0.0918085,-21.7918,69.5444,4.34056,-0.3,2.98125,0.0,53.6377,14.028,-23.1821,-20.0291,19.944,30.1583,-11.1553,82.1602,-135.208,0.0,0.0,0.2675962549734219
E_S_WW_WM_230,5.60208,3.99311,12.7023,3.08647,0.32,-1.29,-5.47171,5.67173,-47.9362,82.2121,-2.56468,-0.1,-15.8935,-0.2,36.3678,22.8491,22.7259,9.1218,-45.9869,21.977,-50.379,-28.5512,-193.215,0.0,0.0,0.2762253877707641
E_S_WW_WM_231,13.6084,-1.27814,-2.89468,4.13989,1.14,1.89,0.148148,9.44921,-30.4038,85.767,-6.89894,0.1,-6.50959,-0.3,-11.2182,29.7443,-7.39884,29.9492,-36.1534,29.0767,99.6222,-56.5993,-137.917,0.0,0.0,0.2860518420431894
E_S_WW_WM_232,2.95889,1.15381,16.284,-15.9347,0.52,1.4,13.165,7.27373,-5.56808,29.5847,4.02518,0.2,-18.0368,0.7,55.0132,26.4923,10.5551,-13.8606,31.1844,33.8967,1.60328,89.7448,108.933,0.0,0.0,0.2399066384019933
E_S_WW_WM_233,-0.484406,10.5856,18.6462,-0.974193,0.09,-1.66,7.33434,-3.67903,41.3734,84.5956,1.26841,0.7,-4.98041,0.0,40.8748,5.51846,-5.80817,-21.9306,-45.0068,-25.622,94.4802,10.788,23.6534,0.0,0.0,0.2626533224285714
E_S_WW_WM_234,12.3142,-3.51848,9.64618,14.9996,-1.2,1.61,16.4961,4.00111,-18.4549,128.032,-4.03375,0.8,-7.00561,0.7,43.536,0.60785,-18.2926,36.8033,107.285,31.4584,-15.7481,66.794,-97.6897,0.0,0.0,0.2708092723222591
E_S_WW_WM_235,1.63491,-5.05559,18.7422,17.5872,1.03,-0.37,6.6357,6.78487,-41.8221,-51.4419,0.396017,-0.2,-4.24132,0.7,-0.812286,-12.324,4.24824,24.7258,29.2447,-29.4493,79.9161,-43.251,-57.7208,0.0,0.0,0.2522061654285714
E_S_WW_WM_236,-7.95396,1.49643,1.55884,9.47049,0.88,-1.07,1.43783,9.80196,-4.0351,80.5526,2.97433,-0.3,-11.2729,1.0,17.5066,-3.84612,5.3187,4.29811,53.9652,-45.5227,-25.1621,-12.9934,128.7,0.0,0.0,0.2764598793820598
E_S_WW_WM_237,0.967892,2.10049,5.16037,-7.08534,-0.85,-0.94,16.4747,4.67473,-25.4081,-64.9562,-7.24065,0.5,-22.7349,0.8,-19.6951,-0.0874523,-22.835,14.5184,-14.759,39.5858,98.16,57.3929,55.444,0.0,0.0,0.2571571310033222
E_S_WW_WM_238,5.38701,0.81703,16.636,-14.6737,-0.13,-1.39,6.77434,3.34184,21.0104,55.5389,1.46013,0.6,18.2948,0.0,-12.8697,-7.15705,6.87263,23.3798,42.9624,46.2768,-33.3322,76.2291,21.7907,0.0,0.0,0.2690465688936878
E_S_WW_WM_239,10.8002,6.86028,-2.97758,-1.90935,0.84,-0.95,16.439,-3.00413,30.4141,30.3365,-11.5263,0.5,22.6218,0.5,57.2036,8.6003,-1.78252,-0.262679,96.9013,34.3663,135.069,64.2809,-168.699,0.0,0.0,0.2730940089966777
E_S_WW_WM_240,12.4822,-7.50444,-6.48716,16.2164,0.71,0.12,1.23852,3.38913,-46.4914,-0.80509,0.759119,0.6,-10.5228,0.9,20.1134,25.7022,5.29959,14.3079,22.8602,-44.0773,114.962,52.6986,15.2008,0.0,0.0,0.24789372610299
E_S_WW_WM_241,2.93651,-0.173017,-0.273907,-10.0037,-0.92,0.25,9.65055,-4.74297,6.61181,23.3161,-2.58107,-0.2,-10.2196,0.7,38.8672,-9.78815,-1.85329,-23.6688,-56.2973,46.5323,21.6572,14.4077,-44.2832,0.0,0.0,0.2576836627774086
E_S_WW_WM_242,2.07089,14.6727,14.6526,15.7486,-0.51,0.09,0.740756,9.7487,-17.5065,83.695,-9.14116,0.3,-8.38767,0.9,-10.5362,21.1562,-0.586023,45.4376,12.2811,29.9635,136.283,2.15251,-118.418,0.0,0.0,0.3125798714418605
E_S_WW_WM_243,2.68419,10.0841,1.85258,-16.4886,0.33,0.11,-7.5057,8.18437,40.5595,24.7032,3.12307,-0.1,-8.73918,0.9,-3.05084,-2.49035,15.1984,-1.78316,-43.5876,40.5084,134.059,80.5256,32.9668,0.0,0.0,0.2669273498604651
E_S_WW_WM_244,-1.0384,-3.68599,3.55271,-3.57234,1.11,0.16,-4.53625,9.66029,-14.4631,4.88408,-7.70345,-0.4,-3.42247,0.9,42.6883,10.2812,-16.4911,40.447,-53.9249,41.8835,-38.1779,-10.1085,-100.992,0.0,0.0,0.2677390933754152
E_S_WW_WM_245,8.02721,11.7786,10.1211,-10.5732,2.37,-0.48,17.2891,3.02557,0.0794027,116.979,1.98087,0.0,10.2674,-0.2,-16.8598,6.63619,-15.5874,52.7176,-50.3741,13.0883,45.4243,-40.3591,2.59549,0.0,0.0,0.3001207422491694
E_S_WW_WM_246,-3.8653,2.20918,-6.27928,-13.4538,0.57,2.42,6.50637,2.45244,-11.5706,-2.84335,-9.37488,-0.2,7.02043,0.7,59.6055,28.6083,-7.08726,8.65484,-51.8824,-11.7011,54.1034,77.5939,-166.923,0.0,0.0,0.2763255977142857
E_S_WW_WM_247,7.30043,1.31931,10.2295,12.5056,0.24,-0.81,-8.92369,1.30529,37.7291,11.0512,-0.980042,-0.2,-23.6873,0.6,19.9708,-6.61564,19.3879,20.7781,53.6096,2.011,-1.97849,27.3332,-149.254,0.0,0.0,0.2671527973122923
E_S_WW_WM_248,-7.22523,-0.309216,5.67432,-0.870079,2.23,-1.67,-6.14544,2.20785,0.396249,52.1912,-8.29056,-0.1,10.3286,0.0,7.98313,-12.8155,17.4076,-10.9791,128.285,32.3899,132.048,47.6844,52.7462,0.0,0.0,0.2713328330797342
E_S_WW_WM_249,1.15433,4.3197,14.5994,-10.9198,-0.43,1.35,5.50677,4.86283,-14.6686,-17.9342,-14.6804,-0.2,12.963,0.1,-24.766,-19.1587,-4.81156,33.4947,79.393,-47.2908,-29.6719,-53.4186,134.885,0.0,0.0,0.2870131679634551
E_S_WW_WM_250,5.84775,-1.57808,18.6277,0.275609,1.49,-1.23,-3.02137,4.85197,-8.92593,82.7019,-9.41067,0.8,-22.6973,-0.1,-15.5479,19.5412,-10.8781,-24.0637,-17.0164,48.738,35.0139,23.8289,-112.455,0.0,0.0,0.2492988906578073
E_S_WW_WM_251,7.19238,3.80504,5.21182,-2.40014,-1.08,-1.67,-5.01073,4.80222,20.4568,145.554,-13.1425,0.3,24.496,-0.3,-20.6237,23.3945,-4.4238,0.364613,-28.8321,20.9243,17.0757,51.8043,95.6528,0.0,0.0,0.2965662568504983
E_S_WW_WM_252,6.22772,0.168285,-6.60915,-3.77392,1.35,2.34,2.2018,6.21938,34.4282,-87.4172,2.14181,-0.4,14.2922,0.4,5.94671,-13.3236,24.127,-13.582,-7.7495,30.3175,91.3247,51.4262,-43.0811,0.0,0.0,0.2268758548139535
E_S_WW_WM_253,-0.221488,13.511,19.4458,-5.25255,0.91,-0.59,4.52132,-3.2007,-31.5369,-52.8942,-10.5757,-0.1,-10.1159,0.7,-18.0358,6.96623,19.1499,20.5607,-54.3884,-44.8697,106.451,70.9537,27.5881,0.0,0.0,0.2840466260930232
E_S_WW_WM_254,-5.35411,1.24426,14.9861,-3.69877,0.93,-0.53,-5.9384,9.93062,21.2435,60.4742,-5.08793,0.2,23.2618,0.5,57.4185,-5.58234,-0.180289,41.1848,55.1332,10.8697,24.9894,-46.073,-72.964,0.0,0.0,0.2784430493355481
E_S_WW_WM_255,4.25003,12.558,4.4412,10.4067,1.31,-0.93,-3.00575,8.93804,17.8542,128.574,-12.8437,0.3,0.529597,0.3,38.0374,7.24425,-21.1578,12.6295,111.719,42.2998,-6.83368,-36.0107,-146.35,0.0,0.0,0.3007780712358804
E_S_WW_WM_256,3.92431,7.62352,14.8468,10.1364,-1.6,0.2,-2.4755,-2.83623,26.9704,65.6677,3.90474,-0.4,-4.15171,0.7,-18.6282,5.28446,-13.9924,31.9278,5.32761,2.25528,26.2424,66.1798,75.397,0.0,0.0,0.2682943523089701
E_S_WW_WM_257,8.5541,2.53435,15.97,16.515,0.38,1.85,-9.13169,-0.640042,-17.0587,106.685,2.03825,-0.3,4.82317,0.6,26.2153,8.75794,-3.31884,1.97604,-48.7251,43.5382,38.1134,-8.29024,-111.911,0.0,0.0,0.2770189292458472
E_S_WW_WM_258,-1.4418,2.70905,16.6656,13.9242,0.96,2.13,6.61746,-3.5352,42.3326,-58.4171,3.42379,0.3,-20.8824,0.2,14.9324,26.1394,10.4637,-21.9137,63.7893,7.25828,84.7291,-35.1545,-99.8148,0.0,0.0,0.2339483824485049
E_S_WW_WM_259,8.78978,-5.34889,4.8529,-4.50748,-1.6,-0.08,-6.88473,-1.84039,28.022,68.8934,-11.386,-0.2,-24.8052,-0.1,53.0762,5.13668,12.2938,-9.46379,52.6882,-45.638,62.1503,4.10828,-46.5373,0.0,0.0,0.2629909670033223
E_S_WW_WM_260,-3.51899,-1.31148,-1.1388,-7.33107,-1.73,-1.77,6.37069,5.27781,7.38669,67.9762,4.14493,-0.1,-21.0135,-0.4,16.4457,-16.0775,22.8524,10.2101,19.3367,22.123,-5.04661,1.40551,-65.5942,0.0,0.0,0.2744931309833888
E_S_WW_WM_261,13.1353,-2.12248,15.0124,-2.95051,2.32,2.21,0.172799,7.20081,-47.6531,109.582,-3.53949,0.7,-2.87648,0.0,8.18429,10.7241,23.1783,29.7642,-15.3828,34.83,8.10154,81.4034,-42.7554,0.0,0.0,0.2734209567541528
E_S_WW_WM_262,0.223555,4.18995,2.1117,16.8202,1.04,-0.71,18.7332,-1.19796,48.9089,-12.0638,-3.89634,0.3,-3.01254,0.1,-14.8344,-0.914121,-24.0764,53.3761,64.8038,-33.3417,-33.6252,-49.7657,-45.9437,0.0,0.0,0.2814837940498339
E_S_WW_WM_263,6.65609,-1.55787,-4.93681,1.59994,0.51,1.1,5.24494,-0.900963,33.6654,-90.3368,2.59227,0.4,-10.3923,1.0,32.4802,4.73153,5.92247,12.746,121.804,28.1677,129.119,11.767,-104.661,0.0,0.0,0.2337634244684385
E_S_WW_WM_264,0.527561,-4.99318,13.7386,-19.7136,-0.06,2.14,-3.79186,6.67938,42.9476,39.1053,-2.24455,0.3,0.26355,0.5,23.1013,-4.41586,-23.3503,40.8965,4.24155,-40.2137,-49.4296,77.0716,-144.421,0.0,0.0,0.274154226385382
E_S_WW_WM_265,12.0169,9.37736,10.0382,12.6549,2.5,-1.44,3.0695,7.06984,-31.1671,21.2901,0.369002,0.5,-2.95311,0.5,39.4054,-12.3992,-13.0547,35.2396,25.8801,47.6882,23.344,-56.8255,20.3829,0.0,0.0,0.274831576013289
E_S_WW_WM_266,-3.97892,6.66561,-5.05328,10.8997,-1.22,2.04,-7.90374,-0.371956,48.6847,48.1872,-2.08017,-0.3,8.48234,0.3,12.5839,-6.54749,17.9901,7.00691,116.222,-42.9174,61.3216,-50.2549,57.8101,0.0,0.0,0.2762911937176079
E_S_WW_WM_267,-2.06414,12.7153,-4.8019,8.16114,-1.78,0.15,5.07045,6.80788,23.8461,92.9042,-4.16834,0.2,-11.3447,0.6,26.7872,8.92369,17.1937,-22.4271,19.1961,-35.0221,144.037,-32.6558,-175.733,0.0,0.0,0.2716767224584717
E_S_WW_WM_268,11.9226,-3.42358,14.0472,-16.6172,1.11,-0.55,18.2962,4.02436,-1.20435,-53.0807,-9.50299,0.8,8.61608,-0.4,54.8762,4.62244,-6.0545,13.5878,86.4707,17.9518,7.87287,43.7361,-71.3932,0.0,0.0,0.2480028669501661
E_S_WW_WM_269,13.6918,12.0376,19.5827,4.46638,1.71,2.27,9.94203,7.46222,15.5792,-46.7676,-1.10397,0.5,-9.33255,-0.3,59.3543,-2.65733,12.2312,-11.7899,76.1762,24.0,107.342,-6.74932,-121.886,0.0,0.0,0.2647902525083056
E_S_WW_WM_270,-5.93534,-4.75871,0.570191,16.9296,-1.3,-0.63,-7.82982,9.06089,5.40305,20.7969,-2.34028,0.5,-14.2943,-0.1,10.1477,-11.2503,-17.5703,-3.17335,23.4292,34.6269,122.753,-54.0557,-5.8394,0.0,0.0,0.2475254780199335
E_S_WW_WM_271,-4.78849,-0.948227,17.2089,-18.1868,-1.43,0.68,8.671,-2.71706,6.15086,56.5993,-9.56481,0.3,-21.4384,-0.3,-11.869,-0.14394,25.4095,54.3282,37.5586,-30.5558,-0.197107,12.7099,43.3271,0.0,0.0,0.2895744962624584
E_S_WW_WM_272,8.51229,0.586839,-4.27878,-17.006,0.8,-0.85,-1.52171,7.23357,-27.4549,67.1858,1.64748,0.8,8.74115,0.9,37.1355,7.90228,-20.1551,17.5576,115.443,-1.45945,2.26356,69.4087,61.6875,0.0,0.0,0.2635669902491694
E_S_WW_WM_273,5.54365,-7.94283,3.19505,7.19619,-0.22,0.56,0.0126929,8.78816,38.0219,-55.4329,4.29155,0.6,6.40179,-0.3,28.13,21.6262,19.841,2.48649,106.395,13.3047,18.3839,-52.7742,-130.722,0.0,0.0,0.2300671005282392
E_S_WW_WM_274,3.84474,13.0337,-3.28122,-19.2828,1.4,-1.24,16.1712,-3.3997,-2.38142,-29.749,-3.09142,0.7,13.9737,0.0,19.7746,16.504,16.4299,-2.68353,101.374,26.3907,-32.228,-7.85264,30.7055,0.0,0.0,0.2641563042491694
E_S_WW_WM_275,7.05372,-0.976126,-2.3958,1.43838,1.6,2.09,1.56286,-1.5399,-35.1851,-64.8447,-7.01683,0.8,-23.1181,-0.3,52.7167,-11.0378,-7.73174,5.80449,100.795,0.604939,37.215,-21.7949,-190.702,0.0,0.0,0.2523274766611295
E_S_WW_WM_276,-1.42347,7.77924,14.8062,-11.0433,1.46,-1.18,-2.11525,1.67151,-11.3529,139.198,1.20937,-0.2,-15.1231,0.9,19.3399,20.1812,-24.6107,-8.66586,117.672,6.08968,74.9302,18.1854,-182.521,0.0,0.0,0.2812895536910299
E_S_WW_WM_277,9.76389,1.48148,-5.13615,8.7727,-0.49,-0.87,2.1693,3.72304,15.0696,-43.5462,4.37208,-0.2,11.2809,0.6,-10.9235,19.656,-23.9132,-7.69945,105.616,-33.7104,90.2659,-22.3764,51.7307,0.0,0.0,0.2428713593289036
E_S_WW_WM_278,-2.04933,10.4441,1.09105,9.38687,-1.03,-1.34,8.00245,-3.8185,-37.5944,-32.9422,-11.7692,0.2,-24.929,0.6,58.425,-5.19861,5.91065,19.242,42.2961,-23.6833,46.3447,19.2952,-112.91,0.0,0.0,0.2794470134883721
E_S_WW_WM_279,1.36342,-3.75004,2.47944,-2.30357,-0.7,0.92,-5.212,9.15599,32.4818,44.126,-8.82492,0.1,20.3003,0.4,-9.5336,-15.2414,28.444,-21.6806,90.9818,-14.8187,-37.0024,-8.39846,88.175,0.0,0.0,0.2513685713089701
E_S_WW_WM_280,-6.47263,-7.03516,17.8458,-6.55448,-1.54,-0.92,8.49563,-2.34034,-22.6785,66.6108,-0.353306,-0.1,-16.8396,0.0,44.0509,27.7251,-16.9724,27.2045,35.8308,29.6604,121.706,24.772,-146.552,0.0,0.0,0.2620918466710963
E_S_WW_WM_281,14.5951,14.4037,-1.42886,-14.8876,-1.39,-0.99,16.6591,5.55613,5.54013,-12.5098,-2.8508,0.4,-13.9717,0.8,58.8145,-16.546,3.26379,21.1602,-18.8161,22.9069,-35.4958,-19.9316,-107.237,0.0,0.0,0.2820325041362126
E_S_WW_WM_282,-7.89774,9.4999,16.8649,-12.6474,1.92,2.22,0.248699,-3.48872,-9.93561,-24.8423,-10.5382,0.6,15.5439,0.5,-14.4984,26.0436,4.06417,13.0156,94.062,-39.8944,63.0888,33.379,18.0395,0.0,0.0,0.2732136838372093
E_S_WW_WM_283,11.5401,-3.11507,19.3567,6.48823,-0.47,-1.76,-0.236057,6.89243,30.7436,96.7235,-3.08057,0.0,11.6543,0.4,-7.77825,-17.8447,-7.9263,22.9602,-36.8096,28.8659,66.5211,-23.3727,-107.926,0.0,0.0,0.2660545342657807
E_S_WW_WM_284,-0.429287,12.0886,-3.26471,-0.155666,1.66,-1.01,15.5182,8.75662,27.0728,27.146,4.70196,0.5,-17.6181,0.5,-15.3336,-16.2434,-8.61486,22.5523,-30.1256,47.4491,128.407,-37.7172,-47.5564,0.0,0.0,0.2955030617807309
E_S_WW_WM_285,-4.51749,-3.06863,9.00653,4.73164,2.35,-1.41,4.58587,-0.0932522,-39.8811,-26.4604,2.07094,-0.1,17.8582,0.0,-10.5937,8.25393,-14.3899,-6.33228,43.5731,18.5468,79.2354,-2.52697,-159.25,0.0,0.0,0.2490673928803986
E_S_WW_WM_286,1.80063,14.9076,-3.21118,-4.90108,-1.69,-1.27,3.12244,2.60881,2.22937,-92.5715,0.336701,0.2,1.8536,0.8,-20.1932,22.2204,21.2375,-10.6527,28.6437,9.11821,135.647,49.991,6.59501,0.0,0.0,0.2508478401129568
E_S_WW_WM_287,14.0354,4.41639,19.251,-9.94093,2.15,0.89,0.854275,-3.27975,3.22664,-42.7217,2.88258,0.7,-8.08946,0.7,27.0889,9.3268,-15.1465,15.7063,16.3146,-9.58714,44.9152,89.9986,-78.6138,0.0,0.0,0.2603184900099668
E_S_WW_WM_288,11.419,7.45066,5.60229,-1.20903,-1.73,2.02,13.0948,-4.96718,-16.5115,8.37807,-1.68298,-0.1,-23.9898,-0.2,46.0644,-0.59974,21.445,10.8624,30.2894,22.4668,141.854,20.7568,-81.6357,0.0,0.0,0.2616234913388704
E_S_WW_WM_289,9.44002,2.63817,-7.66054,-10.5229,0.96,-1.43,18.797,7.16953,-13.4742,-28.51,-0.89665,0.1,20.0246,-0.4,18.7559,-1.6476,14.1683,36.5672,-25.9332,10.7233,-39.5577,-29.1427,-168.493,0.0,0.0,0.2751973939966777
E_S_WW_WM_290,7.9238,10.8823,4.42385,3.93312,2.21,-1.7,4.87846,1.28015,-14.9909,120.117,-13.3842,0.8,-13.0673,0.6,6.66423,-9.13248,-10.6542,5.54563,-13.8392,10.672,140.507,0.438993,47.4082,0.0,0.0,0.2929140153122923
E_S_WW_WM_291,-5.40066,12.7748,12.3707,0.350041,1.63,1.46,4.96232,9.42964,25.1006,85.5621,-4.7943,-0.1,17.2261,-0.1,-20.1374,0.922133,6.1639,19.6784,101.609,-22.2807,-17.3021,84.9481,40.6988,0.0,0.0,0.2995982022990033
E_S_WW_WM_292,5.73214,7.19271,15.1837,10.3931,0.78,-1.52,10.7571,5.26305,-1.1386,-62.0949,-6.82612,0.7,-11.9814,1.0,56.7133,29.9001,1.35449,6.49994,-12.7259,-13.0713,56.2382,-34.2597,42.7355,0.0,0.0,0.2542159878039867
E_S_WW_WM_293,0.716267,12.7991,-5.25793,3.51466,1.37,-0.24,14.2918,6.28443,-10.7417,-87.8173,-1.46429,0.2,-2.68366,-0.3,13.6217,25.4316,-4.7306,3.95206,64.9182,28.4732,20.9089,87.7202,-193.562,0.0,0.0,0.2632378883754153
E_S_WW_WM_294,1.50477,-6.06324,16.6952,-2.00787,0.65,0.09,8.85235,1.41637,19.9555,125.647,-10.6305,0.6,1.32379,-0.1,11.4054,25.1581,-16.2653,41.5112,76.5191,49.9911,114.366,-15.3953,148.354,0.0,0.0,0.2707812924850498
E_S_WW_WM_295,13.6247,11.4684,-4.66255,10.2719,-1.49,-1.37,11.1962,-0.157038,-5.34677,51.713,-1.49726,-0.1,7.64005,-0.3,-4.38629,-4.73001,5.13796,-15.1237,28.8622,39.7311,50.4784,-48.3214,69.6894,0.0,0.0,0.2867293907574751
E_S_WW_WM_296,12.7505,-3.26668,6.15034,-7.88473,1.54,-0.21,15.6385,2.68901,10.4233,-1.84681,-3.44487,0.3,-20.8346,0.1,46.4939,-2.60646,29.0666,-24.1021,113.506,24.3042,116.648,79.4331,65.8474,0.0,0.0,0.2250409793887043
E_S_WW_WM_297,13.3154,4.54897,19.8819,10.1903,1.28,-0.26,8.1353,6.36584,14.8353,15.1127,-13.1998,0.6,-13.2564,0.7,-22.4316,15.9456,-5.11105,30.4499,112.035,35.442,97.2759,55.803,48.8339,0.0,0.0,0.2660890282292359
E_S_WW_WM_298,7.03106,-2.36482,12.4279,-8.14613,-1.71,-0.83,-9.92392,-2.96069,-28.0041,12.9036,-8.59508,-0.3,7.74973,0.6,33.3036,21.7619,-14.5641,-8.00881,124.488,16.7698,47.1837,-16.4157,97.4683,0.0,0.0,0.2549790468139534
E_S_WW_WM_299,10.2562,-0.619883,0.0211153,2.64876,-0.33,1.8,4.08152,-1.5833,43.6365,81.4043,0.477623,0.0,21.2997,0.3,0.563805,9.1898,-21.2684,15.5143,108.355,17.3887,-47.5176,88.1792,-158.546,0.0,0.0,0.2696781522857143
E_S_WW_WM_300,3.94595,1.2949,19.4247,-12.1299,-0.74,-0.29,11.325,0.678617,-10.9234,49.7894,4.93685,0.6,1.41344,0.6,40.2053,-17.8902,-23.6194,-11.9808,88.8281,-7.72288,32.716,2.51209,148.89,0.0,0.0,0.2502189302093023
E_S_WW_WM_301,-1.2433,-2.1805,-5.41271,-6.10936,-1.23,0.49,-6.28889,-3.85437,36.6154,135.903,-2.47683,0.1,14.3841,0.6,34.0607,29.362,2.45387,27.5635,-31.7729,12.2872,-7.63838,-4.80833,-199.761,0.0,0.0,0.2865375641096345
E_S_WW_WM_302,14.9612,2.40071,0.300317,1.99411,0.43,-0.05,-3.22732,-0.935731,18.5061,45.2784,-12.4612,-0.3,17.7638,0.3,12.6605,-18.0893,-22.4699,34.9708,0.4319,-37.0613,-57.6126,-28.7612,-128.633,0.0,0.0,0.2860194241727574
E_S_WW_WM_303,10.5297,6.14824,1.3033,-12.6899,1.9,2.47,19.1176,0.255709,15.8581,-36.9674,-10.3025,0.5,-18.932,0.1,12.5053,3.97462,1.38108,42.5928,112.976,-40.4925,120.358,-40.0155,38.9798,0.0,0.0,0.2709510987740863
E_S_WW_WM_304,11.6489,3.63073,11.2127,-8.49544,1.91,-0.5,7.02122,-0.160129,6.32423,126.067,-14.3827,-0.1,-3.48093,0.1,58.6442,18.7647,-11.1183,48.746,123.776,-24.8314,27.3181,63.6225,-101.49,0.0,0.0,0.3022825185116279
E_S_WW_WM_305,2.88578,5.73816,3.7594,11.6635,-1.61,2.05,-6.83014,1.71567,-37.2904,-61.6196,-8.26742,-0.3,-7.5774,0.3,-7.64911,24.2013,21.8699,30.3321,-23.9172,-45.7609,41.5985,51.196,88.6815,0.0,0.0,0.2830354610332226
E_S_WW_WM_306,4.51894,-7.79045,18.5251,16.2913,0.58,1.51,3.22681,9.89428,-45.0098,117.447,-2.67495,0.8,-13.2043,0.4,28.5381,-9.03334,13.3125,-11.5905,39.2943,10.2992,11.8839,-16.1829,89.5178,0.0,0.0,0.2525383399601328
E_S_WW_WM_308,-1.57663,-1.09839,6.78325,18.5492,0.53,1.54,7.80453,5.99262,33.1547,-38.8581,-13.4194,-0.3,23.8773,0.2,-1.3985,13.7672,28.0424,34.1731,5.43624,-15.8874,3.08829,86.4245,-172.79,0.0,0.0,0.2943886350199335
E_S_WW_WM_309,14.1591,8.12559,-1.71391,-1.18113,2.11,-0.04,17.0488,9.59469,-14.1848,25.839,-14.1889,-0.1,-8.86547,0.1,33.4087,18.4153,16.1799,22.215,122.614,26.9625,86.2692,-40.1516,-70.2568,0.0,0.0,0.2853045045415283
E_S_WW_WM_310,1.02742,8.82451,1.96234,-15.7196,-0.49,-0.4,17.1081,0.87735,30.4841,7.67427,-14.3227,0.7,-6.21478,0.9,5.62305,6.56457,-13.3455,0.196185,27.4252,-44.772,146.173,25.7586,-105.167,0.0,0.0,0.2759260792292359
E_S_WW_WM_311,-1.1241,-1.44458,14.8941,-9.31082,-0.16,1.79,4.81673,-4.32706,37.4084,18.3303,-14.9535,0.1,-20.2554,0.5,3.82697,13.5394,-6.39725,-2.49608,-55.7087,-7.888,-59.8167,1.65151,-156.493,0.0,0.0,0.2792547033920265
E_S_WW_WM_312,11.1126,5.0649,5.9484,17.7853,-0.51,-1.59,11.8859,5.2019,-41.4857,-30.5641,3.7247,0.7,2.37516,-0.2,42.6311,-17.3981,6.37938,-17.2237,-19.8305,9.18631,-22.4838,9.23363,93.265,0.0,0.0,0.2575102839136213
E_S_WW_WM_313,4.34403,-2.71435,-1.09279,-6.65489,-1.09,-1.74,-3.23126,-1.35035,-28.5944,118.225,-10.8118,0.8,-14.9419,0.3,19.6448,2.95753,16.3292,43.1894,11.8435,-27.0774,28.8918,15.7301,135.814,0.0,0.0,0.2957333616046512
E_S_WW_WM_314,3.28302,0.34647,0.0592328,17.6739,0.77,1.83,15.5814,7.91486,2.34503,-74.3475,-1.40184,0.5,22.2992,-0.3,13.827,3.49829,25.0691,50.6882,84.5339,20.3957,52.48,35.6355,78.3736,0.0,0.0,0.2541144926710963
E_S_WW_WM_315,-4.55556,3.895,8.94136,-13.4166,1.72,-0.6,11.6052,4.4852,16.1003,50.7281,-3.81558,-0.1,-6.40017,0.8,51.0832,-14.0563,26.1902,25.6208,-11.8919,-5.24025,-34.0072,40.3375,140.186,0.0,0.0,0.2857936229601329
E_S_WW_WM_316,8.13704,1.84053,15.6019,15.7932,0.77,-1.13,17.4985,0.178346,-18.0008,-63.0264,-10.6622,-0.3,-23.6215,-0.2,23.9763,2.14968,-13.6652,-18.0836,94.8608,25.7735,62.6375,26.1701,-186.477,0.0,0.0,0.2574452889767442
E_S_WW_WM_317,7.61576,-2.08584,9.25048,-2.06074,2.49,-1.58,-3.52195,3.0795,-43.5714,-67.3735,-4.60972,0.2,10.1159,0.9,20.6025,1.67658,19.365,-16.5754,21.149,-10.3004,41.3639,-19.194,139.083,0.0,0.0,0.2395512336279069
E_S_WW_WM_318,-7.13859,-7.36357,5.68266,-11.6574,0.47,1.47,15.4928,6.43901,-19.921,141.354,-0.925265,0.1,17.5322,0.2,-9.03067,16.2567,23.6412,29.0546,77.0487,45.2412,56.0321,52.1454,-103.728,0.0,0.0,0.2760877395614618
E_S_WW_WM_319,3.63991,-6.73659,0.517518,-3.31192,0.7,2.46,6.73566,1.02883,12.9162,-20.6931,-0.33828,-0.2,22.8683,-0.1,-10.0766,28.3408,11.9657,22.4806,-51.1018,13.642,17.3783,-45.6562,-68.1126,0.0,0.0,0.2444945955049834
E_S_WW_WM_320,8.85139,10.9891,8.31232,6.66824,-0.88,-1.62,-5.18334,-0.838345,20.5853,-11.2609,-10.7137,0.3,-1.09465,0.8,-23.355,24.4482,10.633,46.2599,110.729,-46.2295,62.7956,9.03106,27.4284,0.0,0.0,0.2839784064883721
E_S_WW_WM_321,12.5445,12.6951,-6.15302,-7.76348,0.55,1.95,-9.17799,1.97035,17.3019,14.8661,-1.22459,0.2,3.75021,0.1,49.5611,28.8385,20.1297,-10.9055,69.1513,6.19894,36.3244,-35.4888,138.52,0.0,0.0,0.2785797286378737
E_S_WW_WM_322,8.22373,14.7945,-5.51231,-19.3203,1.1,1.41,17.4485,1.14789,-5.2707,-75.8094,-2.37348,0.3,-8.49659,0.5,-2.22129,-5.27623,17.6737,2.71491,1.92591,-49.3805,42.7231,-43.8154,-152.187,0.0,0.0,0.2636259649169435
E_S_WW_WM_323,-5.30894,2.59603,1.94322,-8.72595,1.74,0.02,15.0607,7.79115,-36.3385,38.5029,-5.37978,0.2,-20.9775,-0.1,-19.359,22.0625,-26.5341,-3.49731,107.976,0.272774,145.939,44.065,-130.157,0.0,0.0,0.2686986302923588
E_S_WW_WM_324,-3.54572,-1.2177,-4.20175,6.9087,-0.78,-1.06,12.5627,8.73415,34.2574,123.084,-4.90479,-0.3,-8.32868,-0.2,-7.47745,22.7164,-14.858,34.6327,-4.02362,-13.3279,115.658,67.5647,-174.355,0.0,0.0,0.3034783422923588
E_S_WW_WM_325,4.07337,-1.68879,17.7434,9.36038,-0.28,0.22,16.0067,-4.30345,-34.0052,115.842,-1.51735,0.1,-19.3851,0.4,31.4591,-4.4384,2.72946,3.17062,-45.501,-49.6043,91.7901,-7.28688,-197.095,0.0,0.0,0.2627398416644518
E_S_WW_WM_326,-6.56367,2.12519,-5.37,18.0683,1.7,0.39,9.42337,-4.12848,3.3539,131.088,-8.1582,-0.3,20.1784,0.6,1.05815,-13.5381,9.41779,20.9863,-0.540366,-0.709251,29.8651,56.0198,102.735,0.0,0.0,0.3049363529900332
E_S_WW_WM_327,0.578123,2.27971,9.94859,-18.5218,1.93,-1.4,2.07114,1.96365,-7.87191,-22.6639,1.87187,0.4,-24.6636,0.6,-11.659,16.0878,29.4995,25.2039,42.623,-28.9677,70.601,65.4928,117.88,0.0,0.0,0.2493748073255813
E_S_WW_WM_328,-4.64991,10.8228,17.6653,0.627791,0.43,0.86,17.6039,6.51122,29.2445,87.3078,-0.222949,0.3,-6.7844,0.0,33.0101,-13.448,24.0058,23.5688,-57.4584,29.8563,68.4703,-53.6718,-138.686,0.0,0.0,0.2876411713521594
E_S_WW_WM_329,-0.691483,7.53214,14.9443,-8.45043,2.4,1.25,6.47098,0.429876,30.7141,-5.30879,-2.10159,-0.1,-0.384486,-0.2,59.2509,-17.5313,-4.91649,30.5582,21.8469,41.0286,133.31,-45.1614,93.6969,0.0,0.0,0.2842562833289037
E_S_WW_WM_330,14.8494,9.39904,19.7403,3.21728,-0.75,-1.04,-6.42852,1.09163,5.1957,2.28945,2.76623,0.4,16.0123,-0.2,9.98785,7.33804,-22.1975,7.58401,3.22246,21.3981,106.687,18.9376,126.947,0.0,0.0,0.2654430450431893
E_S_WW_WM_331,10.7475,1.00995,13.4826,7.96967,-1.17,2.25,8.3587,-1.64504,-37.8606,130.283,-10.4429,0.0,23.0634,-0.2,26.1141,-10.284,-23.7288,42.5289,100.212,-19.3371,-51.3009,-20.6588,45.6537,0.0,0.0,0.292315690269103
E_S_WW_WM_332,5.63807,-3.43814,15.7931,7.30633,-1.77,0.27,12.0608,4.74947,8.21663,-92.2399,-1.37703,0.4,-12.6013,-0.3,-16.1026,-17.6361,-4.59733,-1.33546,6.68258,-17.6554,55.4154,-13.9458,81.3644,0.0,0.0,0.251944664627907
E_S_WW_WM_333,13.545,9.84003,-0.499089,-4.03165,1.8,0.55,2.37659,9.8686,17.4565,-66.3368,2.20959,-0.3,-3.50401,0.5,-21.1481,4.99187,0.530137,23.0463,80.7643,41.6849,-46.2898,42.675,-162.86,0.0,0.0,0.2699066901063122
E_S_WW_WM_334,10.2953,-5.80348,-3.97651,19.2681,2.36,2.11,7.57503,5.91881,26.0856,-63.4925,-3.96946,0.0,-0.65844,0.4,0.642986,11.0792,-19.756,21.4199,1.11919,0.0909229,146.432,-4.69452,63.7962,0.0,0.0,0.2370291239435216
E_S_WW_WM_335,3.98138,6.02578,-6.42705,16.6888,2.2,0.76,-5.08257,4.75031,-28.8902,-64.0702,-0.873988,0.0,-0.0881481,-0.2,-24.2463,-1.57356,17.1321,41.1256,6.30713,41.3073,26.0093,-20.4731,-105.964,0.0,0.0,0.2766124852790698
E_S_WW_WM_336,-2.73459,14.4885,10.9803,11.9434,-1.24,-0.52,6.01954,1.49856,-27.3903,-32.6618,-13.7654,-0.3,-14.8422,-0.2,10.5327,1.1944,-22.9689,-4.66281,91.8881,-36.2265,-0.687429,-10.0153,130.385,0.0,0.0,0.2765437102591361
E_S_WW_WM_337,0.485376,-1.79022,7.94027,19.1819,1.43,0.77,-9.89439,5.46766,32.0757,35.6164,-5.95721,0.8,-20.6224,0.1,54.4999,-11.8715,-27.5163,12.0772,120.104,25.6094,0.495898,26.8087,-51.4571,0.0,0.0,0.2566392263255814
E_S_WW_WM_338,9.48387,10.1073,-4.88153,-5.45173,0.41,-1.04,17.1947,9.88094,45.725,124.721,-2.73426,0.0,22.0631,0.2,-11.5755,-4.24152,-20.2315,7.9137,-1.62809,-10.1332,-22.5075,30.6879,106.988,0.0,0.0,0.2954420243986711
E_S_WW_WM_339,5.3344,-4.93146,0.642842,9.92113,1.33,1.59,18.414,-0.402171,-35.055,35.2679,-10.0082,0.0,-9.86233,0.4,7.30739,-12.2769,-25.0979,-9.78623,7.27882,-43.5174,5.60799,2.94371,133.68,0.0,0.0,0.253773668295681
E_S_WW_WM_340,-2.32102,-4.42296,11.3489,-5.78257,0.35,0.51,19.2499,9.51431,-38.2635,-27.3067,-6.39124,0.0,3.49098,0.4,30.9092,-19.2919,-24.9713,-20.4376,111.342,26.0964,-18.7895,43.5469,-41.0291,0.0,0.0,0.2396654229435216
E_S_WW_WM_341,-4.97236,-1.37923,12.0259,5.49031,1.14,-0.26,14.4313,0.521936,-47.0265,-14.4551,-0.0769903,-0.2,-22.1866,0.1,26.629,24.0664,-5.97266,32.8625,54.2156,-0.225372,-4.61546,-47.325,139.751,0.0,0.0,0.26937039010299
E_S_WW_WM_342,-5.87982,0.840446,10.0661,18.8625,-1.35,1.12,-0.942221,0.491693,-18.3253,-84.114,-9.90453,0.4,-6.80451,1.0,24.3726,23.1316,1.66263,4.7929,108.891,-30.0856,-14.4892,61.5793,-155.339,0.0,0.0,0.2523714145681063
E_S_WW_WM_343,-6.32991,3.83745,12.0419,-18.8721,0.6,0.59,19.0692,3.6922,49.2893,10.2517,-14.5269,-0.1,-17.8165,0.7,18.6404,-4.18289,-0.660401,-14.5609,87.0901,-18.5243,39.3032,-43.6017,103.999,0.0,0.0,0.2711519265614617
E_S_WW_WM_344,6.20808,3.31576,10.7985,18.3301,1.59,-0.22,-8.33386,7.64278,-33.4666,-65.8647,-13.7773,0.8,9.05815,0.5,-4.22358,-2.01732,-24.1291,38.4497,-28.5142,27.4636,81.5825,37.0564,-60.7902,0.0,0.0,0.2621234260631229
E_S_WW_WM_345,-1.63974,9.31955,-4.5816,19.7768,1.18,0.84,-7.25578,-0.877639,47.9153,-55.0455,4.59889,0.1,-5.16825,-0.2,9.52686,10.5311,-9.7603,1.06402,98.9452,45.0572,39.8811,29.0997,105.553,0.0,0.0,0.2516102164651163
E_S_WW_WM_346,0.332503,13.5628,3.12827,-8.62491,-0.18,-1.63,10.5353,-2.02046,43.0641,-81.4516,-1.31163,0.6,5.52461,0.3,43.6951,-10.0433,-12.4623,37.3579,14.3101,34.0184,4.87865,46.8354,114.208,0.0,0.0,0.2815418138006645
E_S_WW_WM_347,-0.473037,13.6551,7.28715,16.4632,0.22,-0.45,12.8766,2.85356,4.80683,30.9418,-9.65864,0.8,-3.24095,0.7,0.147791,12.7063,-27.6812,21.5156,-52.7742,9.3598,-55.2232,-19.4294,83.5642,0.0,0.0,0.2943740251328903
E_S_WW_WM_348,-6.27783,-0.783989,12.9271,-8.09272,-0.53,0.94,-2.67982,8.23073,40.9023,-23.8102,-5.4467,0.6,12.6079,-0.3,58.9702,-16.0472,-16.7554,12.5853,-2.22323,-15.2432,125.788,54.518,-73.885,0.0,0.0,0.2613122489900332
E_S_WW_WM_349,3.15792,3.73065,14.0155,5.3823,-1.27,1.07,8.93641,9.84712,45.6116,94.9647,-12.7254,0.3,19.7147,-0.3,13.0789,23.6506,15.3211,25.993,97.8507,28.831,81.1154,56.449,-131.02,0.0,0.0,0.2888200643189369
E_S_WW_WM_350,13.4581,-6.79542,15.2639,-6.74857,-1.29,0.23,-4.2173,7.70076,-33.602,70.9935,3.60083,-0.2,13.1165,-0.3,-2.61646,13.3578,12.8251,-16.8857,15.2655,36.0278,-19.5615,-2.16728,-48.5334,0.0,0.0,0.2536137740797342
E_S_WW_WM_351,4.84757,13.0059,1.74703,17.24,0.15,2.15,-0.147528,-4.09049,-3.75876,53.2789,-0.817519,0.3,-17.4867,-0.2,-16.495,0.833722,15.4496,5.29214,127.109,-7.53458,35.8837,-11.6082,147.043,0.0,0.0,0.2753122697607973
E_S_WW_WM_352,-3.17322,14.2414,18.4322,8.29903,-0.4,0.4,-1.5856,-1.49466,-30.0122,22.9067,-0.300608,0.8,1.2461,-0.1,31.6455,28.8627,10.7747,41.7755,47.9311,-13.8272,30.106,7.57855,78.6861,0.0,0.0,0.2924890391362126
E_S_WW_WM_353,9.31104,-7.39272,11.1683,-14.2673,1.12,0.99,-6.9402,1.60513,15.4103,89.1901,-0.0932664,0.3,-14.6482,0.3,53.8794,29.653,-21.9431,15.099,81.5343,-17.0359,149.714,-5.61891,-55.1418,0.0,0.0,0.2450288777508305
E_S_WW_WM_354,8.12596,-6.67286,12.8723,-8.98283,-0.7,-0.39,-6.73768,6.1938,11.4337,118.117,-7.99107,-0.4,17.3696,0.2,-17.5656,14.8317,20.758,43.3811,58.1828,-49.8203,29.4231,-58.6145,-116.689,0.0,0.0,0.2812520667641196
E_S_WW_WM_355,1.86703,-4.6621,13.6343,-7.13771,1.76,0.71,-5.86515,-4.4013,-0.86367,-17.3792,2.94954,-0.4,0.0983678,0.4,56.3069,18.612,26.8253,8.11013,123.199,27.7021,14.3116,17.2681,-122.695,0.0,0.0,0.2434202831594684
E_S_WW_WM_356,-3.61504,-6.45093,14.4931,-9.03637,2.29,-0.06,19.7522,1.21741,33.3304,57.6658,2.88953,-0.2,-4.73098,0.6,31.9125,8.37078,5.05688,9.26996,94.3988,-17.869,119.175,86.2322,-31.641,0.0,0.0,0.2440165326877076
E_S_WW_WM_357,11.617,13.9885,16.4494,-13.2253,-1.5,1.66,9.49699,-2.93264,-24.6629,90.519,-5.0181,-0.3,15.8792,0.6,13.5794,19.4566,-1.31774,-23.5018,-50.562,-34.3143,18.7359,53.2325,-132.207,0.0,0.0,0.2822711169933555
E_S_WW_WM_358,5.4187,6.41443,7.82808,-6.61939,1.35,-1.19,7.91727,4.18703,-39.5568,64.7429,0.421409,0.4,-5.75289,-0.2,-16.3235,20.8719,27.7582,53.7426,10.2358,42.1983,137.682,61.7457,-176.855,0.0,0.0,0.2868451320033222
E_S_WW_WM_359,2.37588,-6.38791,-0.87376,5.30754,1.44,2.14,18.6772,-0.988683,12.4493,148.181,-7.92863,0.6,12.3418,-0.2,3.28324,-7.58902,2.08518,34.8248,96.8637,-35.3489,21.3784,69.6224,-40.2284,0.0,0.0,0.2812114821561461
E_S_WW_WM_360,-0.747814,3.04446,16.915,-4.35435,2.39,0.5,-8.6869,0.906423,-38.7447,-36.1935,-12.3884,0.0,-12.0767,0.3,11.616,27.2134,0.347212,20.2945,-5.06857,44.7741,126.505,51.5428,-187.497,0.0,0.0,0.2667849682259136
E_S_WW_WM_361,2.8104,1.6694,11.7988,18.3652,2.35,0.01,19.9708,-2.17657,17.7035,78.4531,-13.3023,0.6,-3.12932,0.2,21.1242,12.4071,-13.5425,-20.7425,86.7176,6.4821,-13.2865,54.3636,136.244,0.0,0.0,0.2791728211461794
E_S_WW_WM_362,0.895156,9.41738,9.5308,-1.07127,2.47,2.5,7.22347,4.91627,34.773,120.828,3.5865,-0.2,4.04223,0.4,58.695,11.5283,6.77011,18.7916,44.542,3.2606,36.7026,-6.36975,-198.146,0.0,0.0,0.2915131768737541
E_S_WW_WM_363,8.67264,11.2424,11.9546,-5.96281,2.38,0.17,14.1884,9.05396,21.4809,-8.33879,1.41757,0.5,-0.794772,0.9,23.2965,3.21889,17.3063,52.9781,60.8169,-11.0801,100.947,-5.15437,118.253,0.0,0.0,0.2656892784285714
E_S_WW_WM_364,7.98791,11.59,19.6197,-17.4366,1.57,1.81,-3.78131,-1.79265,22.2452,-63.6515,-8.49431,-0.1,17.8094,-0.2,24.8546,15.5748,-15.1906,35.6022,36.3962,1.44293,123.629,36.0543,-170.943,0.0,0.0,0.273524445551495
E_S_WW_WM_365,-0.9414,9.16835,12.2158,1.71706,2.12,1.47,-7.25845,-4.50356,11.0413,-91.538,-8.42369,0.0,3.67481,0.1,-11.5129,-15.5052,-5.57883,45.9545,125.062,35.4192,7.74439,16.1663,-1.72516,0.0,0.0,0.2739460017641196
E_S_WW_WM_366,-2.12652,-2.92043,10.8535,17.9469,1.78,0.46,17.5953,-0.0774861,43.2239,5.50685,-3.88322,0.3,15.2909,-0.4,44.3144,24.3002,12.5548,6.68629,6.81047,-34.7361,-31.1444,13.0898,-127.21,0.0,0.0,0.2495660906312292
E_S_WW_WM_367,-1.48067,12.4366,10.28,13.8782,-0.27,2.08,5.64358,3.1589,-28.2529,36.6587,-4.19927,0.5,-19.3273,-0.3,44.1145,6.26847,-0.0114416,54.0266,27.8576,32.5931,-13.8043,-50.7219,-189.558,0.0,0.0,0.3031988916910299
E_S_WW_WM_368,2.16049,14.8068,-0.445845,-9.62795,0.34,-0.7,-5.68636,-3.35797,-16.0728,36.2341,0.671944,0.0,12.7643,0.4,-23.6682,2.13762,-21.5449,36.8671,79.0221,39.3492,105.439,-41.9721,110.946,0.0,0.0,0.2933352955747508
E_S_WW_WM_369,14.2746,-7.30354,17.9064,-12.8253,-0.23,-0.8,14.6135,1.24,-26.7376,-31.1449,-11.5907,-0.1,19.1786,0.2,14.8051,-9.30925,24.5642,24.9023,-0.150447,-2.83929,38.6138,-14.5143,98.5961,0.0,0.0,0.2491374425049834
E_S_WW_WM_370,0.0321028,14.4162,16.5636,4.08502,1.41,0.97,14.0934,-4.58198,-8.4606,-37.3915,3.23229,-0.3,-9.36371,0.3,1.24733,-3.34723,3.94085,-2.00967,44.1109,19.0562,148.058,8.56311,145.963,0.0,0.0,0.2496199927774086
E_S_WW_WM_371,7.15261,3.67897,-7.871,6.36091,-1.15,1.98,-2.93004,8.5266,-9.32336,90.273,-12.4167,0.2,-11.5868,-0.3,47.8279,-14.9851,-18.9918,-0.384915,-12.8169,24.0643,-45.1738,-9.70051,-123.595,0.0,0.0,0.2932896619501661
E_S_WW_WM_372,-5.43353,2.2491,0.807548,14.6848,-1.1,2.24,10.8492,7.42514,-29.8766,46.9333,2.22963,0.1,-17.9017,-0.4,59.5076,-7.83249,-0.704175,14.3318,-5.3357,-31.738,73.9349,-23.9256,98.1639,0.0,0.0,0.2636588064385382
E_S_WW_WM_373,2.56111,0.454952,11.6737,1.91896,1.85,0.64,19.9271,-1.72269,-11.2404,-13.1895,-12.7985,0.5,5.8036,0.3,-13.6907,-11.8167,-29.7375,-13.6956,-40.2496,41.5646,101.901,-25.429,-139.33,0.0,0.0,0.2509906358538206
E_S_WW_WM_374,-7.86397,13.8181,14.7193,2.27114,0.64,0.14,13.9135,4.12307,-5.04534,-44.7844,-9.62279,0.5,8.94094,0.8,2.88088,5.34397,8.62141,20.2547,91.4513,47.1253,87.9634,-57.3813,-7.74828,0.0,0.0,0.2912482112591362
E_S_WW_WM_375,7.84568,12.9478,-7.92613,-2.22962,-0.76,-0.79,7.5682,4.65175,8.39538,106.244,-13.9971,0.1,8.21901,0.7,55.0952,7.1754,-12.3933,37.95,-56.0634,1.94394,-10.2436,82.6033,-34.7023,0.0,0.0,0.3188908619401993
E_S_WW_WM_376,9.5338,-5.61979,10.4146,0.173714,0.05,2.33,-8.52558,3.21573,-39.6617,24.6649,-10.9848,-0.2,12.8418,0.7,22.7503,15.1631,-2.22478,36.2583,-29.7137,14.1063,-25.5642,73.4766,145.119,0.0,0.0,0.2708314574352159
E_S_WW_WM_377,6.59004,13.4543,16.0419,15.6572,-1.28,-0.74,4.14508,6.6148,-26.2223,-53.3626,3.33563,0.7,20.9434,0.2,23.6494,9.24327,-23.2451,-9.11786,105.041,9.63446,10.3986,67.1766,-147.121,0.0,0.0,0.2566590194983388
E_S_WW_WM_378,-5.85281,11.4331,6.66028,10.0776,-1.76,1.26,3.68875,8.27648,-48.2206,-42.4613,-8.44396,0.4,12.0668,0.3,25.5269,-3.42303,-4.24254,6.63292,-7.07266,1.38409,-18.2984,-45.4098,36.4189,0.0,0.0,0.2717386742591361
E_S_WW_WM_379,4.64433,-3.60484,2.92762,7.73074,1.5,0.79,-2.86282,0.60241,-48.4737,87.8047,-3.58177,-0.4,-1.31421,1.0,-11.1022,-3.76751,-2.77237,-8.19073,102.337,-20.7042,-55.9908,52.4174,-69.7664,0.0,0.0,0.2659487415415282
E_S_WW_WM_380,5.67397,14.5288,-1.59471,-0.378287,-1.44,1.77,11.7567,9.02932,-39.7583,146.815,-0.743109,0.0,21.1307,0.4,6.74988,7.56756,27.6696,43.8311,-49.1799,7.83182,19.207,-18.9778,-60.3991,0.0,0.0,0.3063661505714286
E_S_WW_WM_381,-2.90758,9.13463,2.88421,-9.32652,1.31,-1.12,8.38636,5.5701,-31.4208,116.714,-8.47613,0.5,12.3973,-0.3,1.84827,-19.6366,-24.3739,15.1146,55.8722,30.8079,65.8409,68.4052,146.609,0.0,0.0,0.3015188882990033
E_S_WW_WM_382,1.89212,-7.68803,2.73007,15.3968,-0.44,0.25,19.6459,-0.785801,-1.86547,-9.33251,-10.1392,0.1,6.77047,0.9,28.0148,15.8398,-8.36349,28.8714,22.4127,18.5936,49.4075,89.4154,-71.723,0.0,0.0,0.2519695764053156
E_S_WW_WM_383,-2.60186,7.7218,-7.75726,-10.7556,2.08,-0.56,-5.14719,9.28748,23.5045,-0.991177,-5.23517,0.0,-2.48029,0.3,-23.244,5.62955,27.3481,31.2438,55.5281,-49.9954,127.691,37.5974,-35.403,0.0,0.0,0.2866923060099667
E_S_WW_WM_384,8.59772,3.7762,0.156322,4.84134,0.46,-0.15,13.7383,-3.13467,40.6232,13.3265,2.29397,0.1,-18.5414,0.7,-0.0869685,-19.8407,-28.4745,54.601,23.6312,38.6043,58.2851,81.4733,-53.5541,0.0,0.0,0.273819975192691
E_S_WW_WM_385,-3.14828,3.21829,6.46923,19.1134,0.82,1.78,16.2891,-4.72003,-24.4879,-40.6129,-4.13897,0.1,-2.07807,-0.1,43.1421,1.44728,-16.8341,-7.54443,-48.0185,15.0011,30.7021,-58.7705,3.85971,0.0,0.0,0.2570950291129568
E_S_WW_WM_386,2.4146,-7.91724,-2.94028,3.97372,0.22,2.44,-4.18284,-3.24658,-6.06023,70.5622,-7.1142,0.1,18.6064,0.0,54.5683,-5.53382,11.0007,-20.789,49.5375,26.5475,69.4386,-47.118,28.4923,0.0,0.0,0.2403793087342192
E_S_WW_WM_387,14.6463,-4.16083,-5.10818,12.0063,-0.22,1.71,13.2762,4.13569,8.96469,-83.6888,-6.55919,0.1,0.656227,0.9,58.3076,-6.82119,13.1947,46.1433,-22.549,18.2405,-8.94963,40.2147,91.0721,0.0,0.0,0.2706243184352159
E_S_WW_WM_388,10.33,-5.87381,3.29697,-17.3444,1.53,0.97,3.25755,-1.24872,1.3804,-69.9979,-12.1129,0.4,-10.7744,0.5,-7.14909,-3.86524,13.856,-7.03706,-25.4774,46.9032,77.4226,40.8695,112.462,0.0,0.0,0.2614065702259137
E_S_WW_WM_389,-6.14087,6.46432,17.1183,-5.48761,-0.98,-1.13,15.7004,5.16144,-8.34048,-22.9008,-11.4772,-0.1,-6.58382,-0.1,-22.1195,-8.64281,7.92801,-14.7974,-44.3192,1.26988,-39.7845,55.2295,13.2679,0.0,0.0,0.2806941978704318
E_S_WW_WM_390,0.701956,-1.65459,14.227,9.75977,-0.48,1.45,14.5273,7.60283,-17.6361,-76.9116,4.65238,-0.4,-15.502,-0.1,-0.695343,12.7802,-29.8139,26.9966,-34.8687,21.0976,71.9866,31.618,-147.65,0.0,0.0,0.2444567335880398
E_S_WW_WM_391,-1.15704,8.96239,-4.29931,4.35183,1.21,-1.14,6.92097,6.74524,19.5231,-31.8395,-11.5429,-0.4,-14.3612,0.9,30.8026,-10.1637,-19.3145,49.6223,63.0152,30.5056,58.016,32.5952,113.509,0.0,0.0,0.288972672847176
E_S_WW_WM_392,6.14936,-5.38067,8.69459,-15.652,-1.12,0.32,12.9629,8.62648,-24.7714,94.4304,-10.2686,0.5,-3.14687,0.7,23.3975,-12.7008,16.4618,-16.4713,-38.3875,-21.4186,119.823,-55.7661,-8.04637,0.0,0.0,0.2513834610199335
E_S_WW_WM_393,9.96875,8.1573,5.42343,1.85171,-0.69,1.44,18.1307,3.46428,-46.0045,124.084,1.55275,0.2,11.599,0.8,-7.21598,-14.1388,12.9352,-21.2877,35.3315,-29.3607,-38.4619,-33.5665,-143.672,0.0,0.0,0.2803578319867109
E_S_WW_WM_394,-5.04629,-0.391359,13.9459,0.0486168,1.18,2.35,1.8379,2.19943,-6.92668,52.3717,-10.4232,-0.3,21.4282,0.9,-12.4483,-10.1318,-25.6061,48.6872,-48.5693,-28.5554,53.5058,-27.6029,81.7505,0.0,0.0,0.2840589014053156
E_S_WW_WM_395,-7.161,-0.727486,8.61681,-16.3348,2.19,-0.75,18.2407,-0.615154,49.8153,31.4745,-9.53954,0.2,9.53466,0.5,-16.606,-8.69527,-23.5298,42.3504,-49.7578,36.3101,38.964,52.8865,44.0016,0.0,0.0,0.2900171171229236
E_S_WW_WM_396,-5.48116,-1.01507,-0.439375,15.2265,-0.74,0.36,5.51759,9.16987,11.7326,122.147,-11.6486,0.6,-19.5915,0.7,3.96411,-9.64584,20.8958,49.6942,65.8209,-42.503,116.999,-21.6042,69.1962,0.0,0.0,0.2965040245382059
E_S_WW_WM_397,2.27182,4.80003,4.27007,-2.77402,0.54,-0.96,0.343692,-4.17042,-16.9389,149.635,-3.21889,0.5,18.1274,0.7,13.3462,-8.16057,16.8631,-20.162,126.635,-11.9349,-38.7619,44.5215,133.222,0.0,0.0,0.2859401525614618
E_S_WW_WM_398,9.79815,12.1323,0.696858,18.4005,1.99,-0.37,9.37729,7.48259,-27.8662,-38.6477,-1.64281,0.0,19.4053,0.7,53.7238,-8.97862,7.48059,-6.93095,116.992,-8.94796,56.7094,46.546,65.2239,0.0,0.0,0.2592836531063123
E_S_WW_WM_399,6.88572,10.4193,3.49369,-11.813,-0.28,1.56,4.32482,-3.77643,47.4764,51.5344,3.22638,-0.2,-22.7905,0.3,13.4191,6.89176,28.4938,-5.9574,56.3836,42.9073,-54.0833,-15.7797,4.62645,0.0,0.0,0.2702181106245847
E_S_WW_WM_400,1.8435,8.91185,-0.772013,-17.1215,-0.58,2.42,-0.417599,-0.208327,9.4161,-86.7644,4.06274,-0.1,12.5081,0.1,53.2284,-0.455877,8.92921,33.1592,41.6967,19.9115,111.706,72.8517,82.8182,0.0,0.0,0.2603989261362125
E_S_WW_WM_401,-5.14978,8.49075,-2.33954,0.999843,0.86,2.27,-6.48748,7.96489,10.8414,21.7297,-7.73273,-0.2,-23.8785,-0.2,-0.410378,13.9426,-19.1516,39.5206,18.866,-32.0346,104.199,-30.486,26.0451,0.0,0.0,0.2914089885116279
E_S_WW_WM_402,2.44122,2.0005,-1.6032,-2.69761,1.64,1.25,6.82224,-4.48384,3.88655,-15.8704,-10.1683,0.8,-11.5512,0.0,-20.635,21.2803,-16.6661,16.8775,15.8297,-5.79851,31.3063,-58.1025,121.918,0.0,0.0,0.2755288920365448
E_S_WW_WM_403,2.62663,-6.02601,7.56793,-4.73718,-0.19,2.43,19.3819,-0.66019,45.3263,100.728,-1.81477,0.5,11.1668,0.6,44.3628,7.69291,21.5221,51.3145,59.5509,24.8454,36.2868,-20.2421,31.1657,0.0,0.0,0.2649349876578073
E_S_WW_WM_404,3.40789,14.652,13.2719,-19.1316,-0.15,0.03,-1.48428,-1.29683,49.5735,92.0976,-1.93786,-0.1,18.9865,0.6,8.9231,13.6692,-20.3884,-1.13637,67.5769,-46.8539,53.7001,-0.927132,17.1109,0.0,0.0,0.27233632720598
E_S_WW_WM_405,5.29664,0.555752,-6.8122,-3.92246,-0.17,-1.1,5.15605,2.95354,41.8146,28.5261,-3.98494,0.6,18.4898,0.0,3.75731,-3.67179,21.0387,-24.9415,-20.2762,-1.60361,149.036,-25.9217,127.047,0.0,0.0,0.2579732769069767
E_S_WW_WM_406,0.1613,13.8057,11.8155,1.10384,0.12,-1.47,10.6014,9.81659,-25.2674,65.4931,0.944067,-0.1,-13.8777,-0.2,51.4735,-18.1615,-18.8998,5.4409,84.115,10.0595,86.7482,-20.9259,-62.7159,0.0,0.0,0.2946734224916943
E_S_WW_WM_407,-1.08891,-5.32645,4.51134,4.20272,-1.79,0.3,2.02646,9.48621,-46.7905,-51.195,-0.85004,0.0,-6.21134,0.2,54.3971,10.2089,2.87109,-13.2991,120.504,40.1373,134.522,-24.1495,83.0912,0.0,0.0,0.2223033278637873
E_S_WW_WM_408,12.3417,-1.9992,0.529818,-5.27558,0.91,-0.11,17.736,-0.678109,-44.2696,17.2428,-10.4993,0.5,5.95252,0.5,50.3094,27.4684,26.9692,46.6213,-3.54104,-12.314,-34.539,-36.7484,-93.502,0.0,0.0,0.288946057654485
E_S_WW_WM_409,-1.90626,10.0552,0.0805201,-11.6002,-0.35,2.0,-5.33695,0.931802,-25.7963,75.4375,4.24351,0.4,7.11503,0.5,15.7247,-0.0712194,2.2374,50.5181,-53.1378,-27.4403,112.168,12.3265,-177.049,0.0,0.0,0.2882418943255814
E_S_WW_WM_410,-1.21586,-0.865469,18.0805,-8.76359,1.15,2.4,11.9995,-0.499579,-40.5443,133.06,-0.40191,0.1,0.848678,-0.4,12.1193,0.371146,-21.1987,-1.44597,33.1141,-14.6893,99.5598,75.1326,-115.045,0.0,0.0,0.2770753118571428
E_S_WW_WM_411,5.63189,-3.48744,6.37581,14.3066,0.5,-0.86,8.3388,-0.296016,-36.6226,78.1785,-13.0838,-0.4,4.10954,0.3,-2.84197,5.49508,27.5968,-9.09088,-17.2526,45.8004,147.656,-8.79242,61.0775,0.0,0.0,0.2703279028870431
E_S_WW_WM_412,3.5788,14.7044,14.4543,-9.52161,-0.68,-1.53,13.5301,4.51195,-0.620434,57.3013,-11.1078,0.0,1.50173,0.9,41.2372,-10.8076,11.4024,26.796,129.304,-36.1402,92.229,87.2278,-157.19,0.0,0.0,0.2906192838272425
E_S_WW_WM_413,7.79357,-0.68509,5.88542,19.9386,-1.06,0.48,2.87412,5.95522,-21.6769,-41.9598,-3.55548,0.7,9.10846,0.4,-10.869,-17.4621,23.9249,43.6892,118.286,37.5699,114.822,-49.0755,-24.089,0.0,0.0,0.2601608413521595
E_S_WW_WM_414,5.36709,-0.810618,5.07765,-19.9174,0.69,0.7,14.0106,-0.327991,39.048,-70.65,-4.49386,0.3,24.6292,0.7,-5.51463,-16.8061,1.46699,44.7529,-32.1158,46.3765,-17.7737,-44.0992,-161.346,0.0,0.0,0.2668814573787375
E_S_WW_WM_415,-6.40737,9.72755,1.32949,13.4195,1.82,2.31,8.73696,5.74279,-10.4077,-25.9797,-2.79473,0.4,6.94958,0.7,-19.214,3.69856,8.48357,-23.1329,-18.4644,-23.5425,143.438,71.4388,-32.6806,0.0,0.0,0.2616973006146179
E_S_WW_WM_416,11.1563,13.3958,13.098,16.2405,1.51,-0.92,-1.31205,-3.88137,-15.1298,23.0432,-12.8845,0.3,-16.3439,0.4,45.6052,10.8949,15.587,-22.7606,-18.712,10.5701,94.173,75.7774,-119.453,0.0,0.0,0.2975917228903654
E_S_WW_WM_417,-6.62923,-3.99629,10.6385,9.6809,1.06,0.07,-8.83108,-2.22128,-22.4155,108.392,-14.8349,0.7,14.2774,-0.2,-15.2223,-11.7401,-8.75506,20.4072,26.2965,22.1671,14.5495,-25.0282,68.603,0.0,0.0,0.2900571164916943
E_S_WW_WM_418,-0.324772,0.613478,17.6344,-18.7735,1.08,-0.78,0.563054,-0.416002,-38.1293,-51.7996,-4.85442,-0.1,-20.3228,0.4,58.2082,4.66907,-10.518,-7.78533,39.8031,49.7478,-55.0908,4.63293,-19.2733,0.0,0.0,0.2503218538272425
E_S_WW_WM_419,7.87336,-3.81831,6.81819,19.7659,0.39,-1.79,-0.314952,-1.52546,-12.1366,14.1337,2.45827,0.0,-17.1172,0.1,-24.5354,19.2643,-27.4453,2.7963,-10.9733,3.84176,17.9362,19.7153,116.633,0.0,0.0,0.2351088838073089
E_S_WW_WM_420,-6.11757,-6.27523,6.93562,9.06811,2.28,0.91,16.053,5.89764,17.2811,-56.6598,-14.0078,0.5,-8.26522,0.4,-7.94541,25.9918,18.1287,48.144,46.9778,-4.15952,34.5256,-39.341,-39.1505,0.0,0.0,0.265571562910299
E_S_WW_WM_421,10.097,-0.117722,0.753637,17.1042,-0.41,-1.73,-7.06534,-1.05309,-49.193,-35.3888,-14.6558,0.1,17.2954,0.7,-0.856744,-12.6308,-3.79551,28.7964,62.4915,14.6786,30.5561,-52.4882,33.9347,0.0,0.0,0.2691685744883721
E_S_WW_WM_422,-2.24712,13.5409,10.8289,7.83779,-0.9,-0.53,-2.35988,7.28698,49.879,115.141,-8.62212,-0.1,14.9964,-0.4,35.3033,-13.1497,8.157,-6.51723,-37.4661,-28.2366,47.8546,15.6029,70.4325,0.0,0.0,0.3004752853156145
E_S_WW_WM_423,13.0709,6.36022,-2.5473,12.2498,-1.49,-0.69,9.54025,2.89357,28.5982,123.026,0.884533,0.3,-23.7533,0.0,35.4487,26.3098,9.5965,-9.25673,11.3461,38.5471,-9.35381,36.4283,-181.799,0.0,0.0,0.2961742498671096
E_S_WW_WM_424,-1.34732,11.5408,1.14319,-15.246,1.98,2.1,-0.908618,7.72743,-2.1378,-62.4354,0.489951,0.4,-22.2846,0.5,22.4554,22.3271,-8.18059,44.6946,4.55185,47.2429,137.073,64.8065,-5.42799,0.0,0.0,0.2795011964883721
E_S_WW_WM_425,0.407562,-2.44012,4.04619,19.019,0.11,-1.69,9.27999,3.81856,-6.519,-8.85926,-8.31891,0.0,-2.37928,0.9,52.5162,1.63284,18.4457,54.2891,121.445,-8.09683,138.117,-11.8186,-4.25558,0.0,0.0,0.2649595502159468
E_S_WW_WM_426,14.6342,4.68227,7.27204,17.4545,0.88,0.29,12.7882,8.2065,30.2653,57.1707,4.73158,-0.3,9.2021,-0.1,48.8431,9.82516,-8.23979,39.7762,85.7022,15.8736,84.2084,-50.9106,64.7028,0.0,0.0,0.2835402050431894
E_S_WW_WM_427,-2.9735,-3.58513,6.88821,-14.6219,-1.28,-0.48,9.74008,7.85563,-39.061,-74.5279,2.81582,0.4,-22.9122,0.4,43.4663,10.6242,-16.0847,39.6174,0.0596398,-38.9952,57.4138,-29.444,-70.6681,0.0,0.0,0.2444459439700996
E_S_WW_WM_428,11.7152,10.9957,17.4755,-5.69315,0.05,0.58,19.8599,3.54719,13.1465,-54.3218,2.64218,0.3,-22.532,0.7,3.39039,10.0591,-1.11511,-20.6443,-45.1315,18.0511,20.3003,-44.1485,12.8688,0.0,0.0,0.2566191927109634
E_S_WW_WM_429,7.09676,-0.764586,-2.73747,12.588,2.0,1.6,1.11928,4.97435,46.0644,99.9412,-2.04119,0.2,-5.83536,0.9,41.4966,-18.354,-18.4509,24.3443,48.3756,-46.5115,52.7448,64.0531,-3.46932,0.0,0.0,0.2794165655481728
E_S_WW_WM_430,-3.43939,-6.31613,13.033,-13.6993,1.77,-1.33,-6.63036,7.05882,-37.5014,111.926,-4.93634,0.6,-9.47555,0.6,12.9486,-14.3121,-18.1052,25.8353,90.8391,46.79,2.08694,-7.17131,-150.058,0.0,0.0,0.276815244358804
E_S_WW_WM_431,14.7223,1.8634,-2.43144,-13.0736,0.42,1.06,-3.89937,-3.98273,-36.0713,79.4957,1.95288,0.1,23.6192,-0.2,5.35008,20.3696,15.8816,49.1617,57.7261,-0.497491,15.6596,-17.2048,-153.697,0.0,0.0,0.2754061221594684
E_S_WW_WM_432,7.5353,10.3602,2.41098,-7.01823,0.28,1.53,8.88303,-1.95351,19.2962,-60.3356,-11.8077,0.7,-6.43233,-0.3,-23.5549,9.11898,25.8356,11.0479,113.215,32.801,-23.4102,75.974,-76.5285,0.0,0.0,0.2825554141461794
E_S_WW_WM_433,6.103,12.1773,15.7105,12.8295,1.03,1.74,3.36924,9.42012,0.706734,130.554,3.97785,0.5,0.0262474,0.1,4.52622,25.6418,-15.8715,24.6691,92.4183,-21.8776,100.331,39.4602,-198.922,0.0,0.0,0.2792438490564783
E_S_WW_WM_434,12.4639,2.33578,13.1765,13.0931,-1.7,0.39,-6.35203,2.05664,37.1317,-21.2464,-8.88751,-0.2,-8.01995,-0.2,-19.6094,7.05442,-29.449,27.8621,100.114,-15.0586,107.566,14.0802,-156.544,0.0,0.0,0.264961041757475
E_S_WW_WM_435,-1.32028,10.9343,-4.8503,-2.17317,-1.21,-0.59,17.3132,5.70146,4.32712,116.172,-8.24217,-0.2,20.9035,0.8,10.3682,9.38984,-26.0957,33.883,42.3561,31.8706,87.5471,-33.7808,-148.474,0.0,0.0,0.3094802149568106
E_S_WW_WM_436,-3.41426,13.116,-6.69738,-14.9632,-1.72,-1.18,-7.41436,2.3308,5.85069,3.11396,-8.68466,0.2,-15.7887,0.3,32.9192,-12.0222,-19.5293,26.488,-8.12081,-39.162,124.688,81.7802,-91.7151,0.0,0.0,0.2934114310431894
E_S_WW_WM_437,-4.51607,0.0916819,0.971945,-9.95208,-0.83,0.82,13.8009,0.0451047,-46.2154,121.626,-14.2076,-0.2,-7.97674,0.7,56.4072,9.97766,-19.5982,9.29156,122.315,11.2777,-20.8976,28.0341,16.8754,0.0,0.0,0.2810524692392026
E_S_WW_WM_438,6.7342,14.3183,7.77849,-15.2921,-1.57,0.77,-2.04962,5.32154,1.68521,-89.5726,-6.86976,0.3,-8.54899,-0.2,3.64164,29.5282,-21.7019,49.284,48.827,-21.58,66.0453,34.6818,129.617,0.0,0.0,0.2920069193654485
E_S_WW_WM_439,-5.79868,3.88237,1.62385,6.55569,0.42,-0.04,-7.18599,7.50636,5.10994,-90.6736,-4.63234,-0.1,21.4965,0.0,-19.8234,-18.3907,-28.3127,-16.3738,48.0667,-16.9327,48.3969,53.811,-46.0773,0.0,0.0,0.2531575923953488
E_S_WW_WM_440,4.69164,-1.7482,19.1802,-0.40938,-1.36,0.34,19.0052,-1.15468,-16.6626,69.8798,-13.7329,-0.2,1.17156,0.2,6.28872,27.9779,11.2274,47.3845,124.719,-10.6132,8.78044,-55.6394,-28.0429,0.0,0.0,0.2878147426943521
E_S_WW_WM_441,9.72236,-1.84284,3.08507,-6.93841,2.1,0.74,-0.301438,-3.58009,8.70673,136.337,-0.0380798,0.8,-20.0031,-0.1,-1.07422,-8.8442,20.2293,-18.6247,-46.7934,-2.26014,-4.26026,15.1001,-179.803,0.0,0.0,0.2736268236511628
E_S_WW_WM_442,10.3506,0.676918,11.4032,2.34248,-1.01,0.79,15.0154,8.30006,21.9391,88.3484,-1.23183,0.0,1.07657,0.2,48.0994,8.17577,28.7192,1.24957,129.134,-28.7793,-10.9616,34.0063,-129.837,0.0,0.0,0.2738061180564783
E_S_WW_WM_443,-0.0916211,14.8464,-6.00009,13.1608,-0.43,0.62,13.0341,7.12278,24.0747,-30.9248,-11.6971,0.3,16.5459,-0.1,-3.82904,-12.906,-16.8929,-12.8179,93.7792,-10.8921,127.814,-58.4115,56.2542,0.0,0.0,0.2753167376378737
E_S_WW_WM_444,1.23307,4.75972,-7.69255,8.92607,2.48,-1.41,4.77101,6.00373,-21.9135,-81.972,-7.12025,0.7,0.741789,-0.1,44.6263,-0.832106,-7.3497,41.3319,129.475,-30.6781,53.0453,6.26975,99.2559,0.0,0.0,0.26978823679402
E_S_WW_WM_445,-1.80006,1.33829,-3.91754,7.56929,1.61,-0.47,9.84571,7.8909,-4.47754,101.955,-9.32394,0.6,23.9481,0.0,-22.8497,11.8696,-0.275121,-11.2833,112.408,-18.369,-44.7929,-18.6048,-86.2632,0.0,0.0,0.2896995532956811
E_S_WW_WM_446,1.74024,5.85407,15.4493,7.64628,-1.02,-0.86,8.63848,2.4957,-38.6187,-6.09754,0.0532965,-0.3,-24.2687,1.0,5.51448,16.6501,20.6737,-6.21194,-39.7778,49.4905,110.851,73.2415,-123.175,0.0,0.0,0.2544106988737541
E_S_WW_WM_447,-2.80775,3.98771,-6.16839,-9.83662,1.84,0.23,11.0396,5.58716,-41.0869,39.877,-1.13751,0.1,-4.53517,-0.1,49.9798,26.5512,-21.077,42.2534,-41.8124,48.0236,96.5049,-18.2738,52.1802,0.0,0.0,0.2904090094285714
E_S_WW_WM_448,-0.935673,0.925159,-4.00809,-5.16344,-0.83,1.8,11.495,5.2947,33.5015,65.2471,-9.15881,0.4,-3.61829,-0.1,-11.9928,-16.6972,3.83635,-17.7765,-48.9373,-44.4566,26.7566,12.0141,-167.254,0.0,0.0,0.2755755179036545
E_S_WW_WM_449,6.63981,3.56234,14.6127,19.2389,-1.79,-0.8,12.694,8.46845,-23.3352,27.3129,0.544804,0.0,-20.1284,0.2,-2.75811,-0.365825,-18.7559,52.2595,50.8984,29.2313,-42.7588,1.03778,17.571,0.0,0.0,0.2803250445847176
E_S_WW_WM_450,-3.57802,6.96881,10.9269,-10.46,-0.6,0.5,3.54988,9.62433,-7.69552,-93.7667,-14.8213,0.3,20.4597,0.0,34.7805,18.4819,7.16593,-15.7141,-1.27621,-12.125,103.322,69.7365,132.809,0.0,0.0,0.2660693022126246
E_S_WW_WM_451,6.26519,-7.46145,2.98236,-9.47998,-1.57,0.35,8.77888,5.00104,9.9787,50.2228,-9.86611,-0.2,13.4022,-0.3,10.7997,12.2602,-14.4471,-23.0304,110.544,3.47847,140.828,72.0194,-31.0973,0.0,0.0,0.2352708783388704
E_S_WW_WM_452,-7.72726,6.89642,6.17078,11.1239,-1.31,-0.46,15.4014,-4.77133,6.7148,89.5403,1.74299,0.4,-2.84483,0.2,19.8762,10.8048,14.4955,19.7012,-16.3424,1.70069,134.316,80.9828,-141.018,0.0,0.0,0.2796980460332225
E_S_WW_WM_453,1.71507,6.05572,2.59573,-10.1617,0.14,1.45,13.2299,8.6347,-13.1651,98.4883,3.77963,0.5,19.9263,-0.4,-1.46384,24.8158,-22.3906,0.841294,-34.2784,-43.3116,16.6164,-28.1286,-13.5497,0.0,0.0,0.2740484961428571
E_S_WW_WM_454,-0.210201,8.1871,7.00028,-18.9723,-1.15,1.02,1.34318,-0.56055,-3.14007,54.0643,-7.55754,-0.4,17.5794,0.2,-17.7427,4.82363,1.8141,-4.49989,-43.9378,36.9325,-35.079,20.2403,144.146,0.0,0.0,0.2857675289335548
E_S_WW_WM_455,7.27606,3.95079,9.61736,-18.4379,-1.2,-1.59,-4.60726,8.43806,-47.7511,119.764,-2.6242,0.4,0.436253,0.6,-20.947,12.352,-24.2851,18.5333,28.3285,-0.0409913,123.189,-22.7807,-53.2464,0.0,0.0,0.2773862682890365
E_S_WW_WM_456,11.5836,11.1043,15.8236,19.5628,-0.39,1.24,2.81542,-0.580985,25.2465,-91.4144,-8.51475,0.2,-10.6546,0.0,-13.0146,-3.45519,16.253,1.895,-21.487,-44.3376,-0.329092,50.7866,-160.305,0.0,0.0,0.2705700746212625
E_S_WW_WM_457,-2.09493,-3.76243,3.06457,18.4984,-0.64,-0.77,-8.23621,-3.19546,-44.3993,-71.8895,-7.81306,0.2,-2.00393,0.3,-23.9161,18.2686,-16.3239,13.1473,85.4465,47.4212,128.971,22.5237,-80.0455,0.0,0.0,0.2479632677508305
E_S_WW_WM_458,7.37789,7.56294,-5.81386,-19.2081,-1.3,-0.03,15.837,8.59228,-36.4542,110.628,-4.57981,-0.1,16.3011,-0.3,56.5419,3.10447,-11.6556,-19.3252,52.0434,-13.5993,24.0031,-13.7097,-92.8308,0.0,0.0,0.2910404622126246
E_S_WW_WM_459,4.48924,5.40258,12.3566,-14.7948,1.83,-0.45,19.4856,-2.42611,18.7551,86.5938,-10.5645,-0.3,3.34073,-0.3,9.11199,25.8368,18.9791,6.9113,-13.4148,16.5088,98.627,62.3958,26.6613,0.0,0.0,0.2932506626245847
E_S_WW_WM_460,7.47952,2.57958,-4.35052,13.4324,2.43,1.72,3.66169,6.05222,-44.1067,90.8984,-14.5685,0.4,13.5383,0.0,35.9352,15.7077,21.4176,29.0986,52.2688,-42.0241,25.7159,-17.7011,-6.64424,0.0,0.0,0.2928800782657808
E_S_WW_WM_461,6.98398,9.85984,-7.51176,-10.8301,1.88,-0.09,19.712,2.78101,-37.7676,-3.84253,-7.96619,-0.3,-23.1767,0.3,-8.85254,0.683829,0.440214,-12.7016,-9.55203,20.2744,-7.87102,48.6286,-90.1858,0.0,0.0,0.2803291036212624
E_S_WW_WM_462,10.7021,-3.85183,18.7853,-7.2322,1.17,1.89,-5.56534,-3.15517,1.89103,107.224,-1.5811,0.3,7.24115,0.0,27.4638,25.7427,7.00244,-22.3355,98.3182,-37.9775,-32.4806,66.4116,-188.554,0.0,0.0,0.2477261976378737
E_S_WW_WM_463,13.2092,-5.52905,13.0451,-8.93235,0.29,1.55,3.01814,1.20952,7.4973,117.531,-11.8334,0.4,-21.909,0.2,39.6505,-11.448,23.3555,51.1757,-0.783167,-31.0079,92.4457,-25.9364,-158.345,0.0,0.0,0.27990907830897
E_S_WW_WM_464,-0.869616,-0.0541968,18.955,-12.2633,0.13,-0.99,11.107,7.13064,33.9598,5.39139,-9.07794,0.3,14.432,0.6,18.3665,16.0552,22.4146,42.6832,-45.6924,-41.5928,126.626,5.33056,-87.947,0.0,0.0,0.270550919591362
E_S_WW_WM_465,6.94925,9.67803,17.186,-16.4125,2.27,-0.54,6.42536,2.24477,-13.0257,-78.7228,-13.7142,0.5,1.01224,0.3,27.3363,5.94821,7.29631,32.1607,-50.9923,-22.6828,-30.0556,-42.3428,-25.5712,0.0,0.0,0.2765014308172757
E_S_WW_WM_466,-7.80991,-7.10514,17.37,14.2213,0.31,1.33,-9.43143,3.58033,-9.24869,40.8899,-2.62906,0.6,-21.3478,0.7,-8.46242,21.7031,18.8091,14.1319,-40.0792,14.3807,59.7039,69.1681,-108.319,0.0,0.0,0.2665381438970099
E_S_WW_WM_467,3.1989,-1.93819,-7.19903,-17.0844,0.16,-0.89,13.3327,-0.736289,-25.5223,126.624,-1.54964,0.0,-16.6062,0.2,-8.07235,9.0142,29.3575,17.4459,60.5302,-39.7325,-40.0668,-22.6611,-120.061,0.0,0.0,0.2906141056079734
E_S_WW_WM_468,11.8366,-5.75465,-4.40903,-2.47286,-0.82,2.12,6.21928,4.93156,-9.5333,133.902,-12.0624,0.2,24.4186,0.5,20.2346,-18.5253,9.44947,-17.5478,116.784,27.7239,4.04172,48.9029,-128.437,0.0,0.0,0.2677461851395348
E_S_WW_WM_469,6.00715,-4.74442,-7.53334,18.6822,0.49,1.28,-0.733007,3.40983,5.65822,-19.8315,-5.87663,0.1,-12.4698,-0.1,15.8686,14.1902,-15.5023,12.3721,87.1372,-48.3422,-11.7773,-31.7624,-125.202,0.0,0.0,0.2521621419634551
E_S_WW_WM_470,6.48065,1.16874,1.59285,-16.2652,-1.47,1.36,19.5626,-2.20158,34.9474,86.1804,-11.3552,0.3,22.6676,0.4,33.2672,11.6322,-22.3465,19.5479,-53.7065,-5.46479,97.5067,-49.6676,-66.2152,0.0,0.0,0.2797470966146179
E_S_WW_WM_471,2.23695,-3.29338,8.07505,15.1689,0.19,2.07,-8.09814,-3.16617,8.47876,50.9723,-12.3302,0.0,12.4865,-0.1,55.8969,28.9669,-22.6398,27.2823,-24.2997,-14.1759,93.2972,30.5423,-102.171,0.0,0.0,0.2722703052724252
E_S_WW_WM_472,7.57616,13.9566,19.9334,-9.73043,0.04,-1.32,-0.98594,3.79981,-36.9208,23.8944,-12.1215,-0.1,24.1467,0.6,-4.6538,29.43,-6.66621,17.0968,108.124,5.31486,7.13734,38.2076,-72.2595,0.0,0.0,0.2849920939435216
E_S_WW_WM_473,0.437422,10.2037,-6.09542,9.26516,-0.33,-0.56,-1.72091,-3.55434,-20.3879,-57.1084,0.520774,0.6,0.999202,-0.4,16.7638,-9.36673,-26.9378,-12.1932,-42.9548,37.9459,44.2768,31.9074,-90.8983,0.0,0.0,0.2579339504285714
E_S_WW_WM_474,7.47206,-4.84255,7.20428,13.2818,0.92,0.19,-3.71549,-4.98489,41.9505,-20.9868,-7.26933,0.7,-13.4915,0.2,-15.6561,-13.0701,8.12409,36.2512,109.545,0.344664,68.8717,70.302,137.721,0.0,0.0,0.2645921171694352
E_S_WW_WM_475,8.29876,-6.53659,14.0974,-0.305176,2.27,-0.88,15.0838,-0.242565,-16.7225,96.9481,-3.73485,0.0,24.8717,0.4,-7.01129,-6.4317,16.6304,9.48931,92.9837,30.6153,-10.7236,-40.7498,-192.509,0.0,0.0,0.2604766899136212
E_S_WW_WM_476,9.34228,-4.53654,0.783355,-1.11424,0.25,0.59,4.12493,-4.80803,-34.6977,-50.3603,-14.089,0.7,22.45,-0.1,18.0641,17.2403,3.72991,-10.3105,114.915,-29.1653,69.0283,30.386,-10.6985,0.0,0.0,0.2423559672591362
E_S_WW_WM_477,-4.98776,9.22232,-2.65771,2.17476,2.16,-1.68,5.37748,3.36028,0.568186,-68.4063,1.83126,0.7,-12.3251,0.5,-0.151568,-17.0134,-0.0952003,-7.22275,118.736,-19.5903,73.4172,46.0755,-134.673,0.0,0.0,0.2493201354285714
E_S_WW_WM_478,-7.47791,5.25679,11.0398,18.013,-0.73,1.31,6.88274,-2.82949,-13.6614,19.9748,-13.5015,0.4,-9.09129,0.6,40.39,-2.12336,22.1676,-20.3442,95.4085,32.568,76.7355,3.89962,90.7903,0.0,0.0,0.2646404993953488
E_S_WW_WM_479,-7.46355,9.19522,-4.72255,11.2959,1.68,-0.31,-3.92593,0.305473,45.866,111.287,-4.55339,0.0,-6.09688,0.7,43.7722,14.219,-5.56467,19.1485,2.83157,-24.2103,-53.0151,-57.457,48.4067,0.0,0.0,0.3129789962458471
E_S_WW_WM_480,12.5195,-2.30408,-3.00006,-7.50774,-0.25,-0.51,2.31325,2.12208,14.937,40.7353,-13.0568,-0.2,-19.1286,0.9,32.1416,3.51763,7.87314,37.8178,87.699,-32.5867,-56.876,87.9912,85.3475,0.0,0.0,0.2815951239634551
E_S_WW_WM_481,-4.61875,-0.247541,9.76116,-12.4133,0.07,1.81,-9.22453,-3.46384,38.7624,-56.0578,1.15648,-0.1,11.4843,1.0,22.2709,-16.3199,-0.990484,16.4904,-5.59761,-23.8446,22.7867,-9.64204,3.42872,0.0,0.0,0.2415856959036544
E_S_WW_WM_482,4.79361,4.89431,1.91858,-0.171758,1.38,1.58,18.0981,2.87678,-1.6859,139.904,4.43019,0.7,-20.3672,0.9,4.04501,4.5303,-2.55646,-4.63858,-8.95169,23.5325,119.48,84.6687,-167.56,0.0,0.0,0.2915989892026578
E_S_WW_WM_483,9.70899,12.8963,8.44016,-17.3756,0.97,0.9,-8.77331,5.75744,-27.1686,-13.9267,2.68983,0.6,10.7775,0.4,-17.0752,-16.4597,-10.2885,3.45189,82.7455,16.4151,51.6959,7.18355,-77.8813,0.0,0.0,0.2652009596710963
E_S_WW_WM_484,4.56304,5.34724,7.36034,17.6166,2.41,1.39,12.7145,-4.01332,22.3846,-46.3457,-0.535212,-0.3,14.8403,0.6,39.7832,20.8215,15.6972,39.8728,13.244,37.7717,102.812,41.8437,-131.571,0.0,0.0,0.2637684663056478
E_S_WW_WM_485,-7.98577,-1.88573,-0.97753,-19.4096,-0.17,0.16,-0.0686506,0.342698,24.627,-75.6599,-8.02314,0.2,16.5971,0.1,-3.24966,27.2607,-15.019,5.05745,16.198,-1.04761,-50.6772,-12.0845,-4.84133,0.0,0.0,0.2680726137973421
E_S_WW_WM_486,-7.76337,0.49401,5.01404,-14.5404,-0.3,1.38,3.10555,7.01077,-42.1001,81.3638,-4.44865,0.0,-19.9947,0.7,-17.3467,29.2464,-0.497473,24.0653,11.0536,-26.6786,-21.0328,14.8136,79.5103,0.0,0.0,0.2858889334551495
E_S_WW_WM_487,-1.00282,9.09375,15.102,2.72671,-0.61,0.52,-6.7479,2.40991,39.7109,-72.7078,-10.4647,0.7,18.7015,0.4,14.0916,-1.10552,14.584,-6.77694,34.5071,43.5769,-48.5761,-1.63761,-141.711,0.0,0.0,0.2635164925913621
E_S_WW_WM_488,-2.21213,2.04421,8.3926,-15.3467,0.47,1.07,16.8488,-2.74531,20.7993,-70.3878,1.18043,0.0,-18.8631,0.2,-5.61959,-1.80526,-11.898,0.783284,16.7348,-41.8475,-51.9827,70.0555,127.773,0.0,0.0,0.2524883558438538
E_S_WW_WM_489,9.85023,-4.57939,13.5815,-10.2335,1.82,1.84,-4.06937,5.4101,-10.5889,44.7179,-12.7692,0.6,20.2349,-0.3,-4.01857,2.92234,15.3994,46.4631,117.328,31.1315,133.51,-15.5761,-102.555,0.0,0.0,0.2601778329667774
E_S_WW_WM_490,12.275,6.08096,11.7464,11.1593,-0.08,1.97,-3.14621,4.57333,-22.2054,75.5718,-12.6832,-0.3,-4.13559,0.4,0.114685,-4.81509,-17.9567,16.6766,72.3818,24.6815,113.809,-37.446,138.361,0.0,0.0,0.2891666449800664
E_S_WW_WM_491,-6.5347,10.5244,-6.4664,13.9859,-1.32,1.01,6.0469,5.49087,29.7767,85.0923,-5.82149,0.6,6.2822,-0.2,58.0526,27.3137,-13.6066,37.2613,-37.6371,-34.4377,24.5613,-33.1988,-73.3159,0.0,0.0,0.3119012538903654
E_S_WW_WM_492,-0.279307,12.2698,13.9097,-1.96293,-1.32,-0.34,6.40887,3.27062,1.51725,26.6677,-5.94068,0.4,-24.197,0.3,2.48682,27.9127,-16.5735,-20.2987,8.01649,-21.5572,-23.0147,71.8829,-67.6825,0.0,0.0,0.2621644375481727
E_S_WW_WM_493,9.87846,12.9883,10.549,-16.8075,2.03,1.19,-8.25619,5.80511,29.1357,9.11563,-12.2506,0.4,-21.5898,0.8,32.5963,-7.23184,13.5795,-5.1635,50.493,-35.208,-35.2866,39.1905,71.3119,0.0,0.0,0.2976140179368771
E_S_WW_WM_494,13.05,9.45609,16.3521,-13.2836,0.18,0.65,17.3687,-2.3783,-15.4403,86.7495,2.55908,0.2,23.2061,0.3,49.6848,17.1585,-26.3806,40.014,45.08,21.4672,-29.1789,10.2255,109.608,0.0,0.0,0.2844236413322258
E_S_WW_WM_495,-3.67123,-2.23315,12.4647,16.1141,2.22,1.05,17.5276,1.16413,-8.80952,126.36,-1.01156,0.2,16.7162,0.1,49.1517,-0.567055,-26.7538,53.413,74.884,-17.4333,123.918,-32.0126,29.8824,0.0,0.0,0.2818729638172756
E_S_WW_WM_496,-0.730784,-0.564574,2.33321,-16.6971,0.08,2.26,10.1255,-4.6494,-23.2156,11.9388,-10.0355,-0.1,-3.6687,-0.3,-0.544273,20.0431,6.03442,-6.61567,79.7296,36.6636,104.5,-42.9486,-191.452,0.0,0.0,0.267817593089701
E_S_WW_WM_497,11.0325,2.79293,16.1679,19.4537,-1.14,0.93,17.0063,-2.44776,-4.71235,13.7681,1.3477,0.1,-0.174609,-0.1,21.6736,27.5146,-21.794,6.34482,84.1938,-32.2753,84.9804,65.0984,42.1215,0.0,0.0,0.2445960235016611
E_S_WW_WM_498,-4.33683,5.1253,12.74,-4.26684,-0.92,2.19,8.72573,9.21937,4.049,61.4438,-5.35319,0.8,14.0015,0.5,52.6086,24.939,7.24491,-6.41052,-39.1275,-1.40313,-52.2842,20.9754,-129.029,0.0,0.0,0.2717581201661129
E_S_WW_WM_499,-6.83696,-0.205503,3.57313,-10.2072,1.29,2.25,-0.815763,-1.99733,-0.851894,8.64786,-11.0279,0.7,-12.6596,0.3,47.1461,16.3541,-26.4205,-24.5699,56.1111,16.0193,-31.7377,59.0999,-110.571,0.0,0.0,0.2566212944019934
E_S_WW_WM_500,3.30602,5.65423,7.60156,14.8246,1.26,2.17,-0.215358,7.03939,26.3574,-64.2514,-10.0819,0.6,24.7974,1.0,31.2077,-12.5678,2.22478,46.8448,24.0143,-31.6174,113.009,0.33236,-82.4127,0.0,0.0,0.2665885232325581
E_S_WW_WM_501,11.5596,12.1565,-4.55923,-1.33486,-0.02,1.42,14.7322,-4.06031,-1.31035,0.359371,4.88698,0.1,10.9548,1.0,26.883,3.85122,-27.073,-11.338,11.5018,-16.4974,80.246,33.7133,-142.749,0.0,0.0,0.2763813101727574
E_S_WW_WM_502,7.66194,4.44226,19.0366,-5.39317,-1.48,-0.69,13.6346,9.23108,-26.0898,113.997,-7.79581,0.6,18.4218,0.1,35.5202,16.9072,9.62087,47.7791,49.6705,-38.7991,-50.0762,27.7288,90.2908,0.0,0.0,0.2975431283421927
E_S_WW_WM_503,13.6842,14.1241,-1.28114,-14.3915,-1.75,-1.75,-1.35672,2.04071,38.3744,93.6162,-6.12789,-0.2,12.6548,0.1,40.5454,21.3648,-12.5585,9.62728,-5.96286,13.9231,-23.8676,-42.1739,10.6805,0.0,0.0,0.2992094891993355
E_S_WW_WM_504,-0.248724,7.33671,-3.71871,-17.8643,1.29,1.32,7.47271,-2.13589,33.0237,107.725,-5.72514,0.0,-20.7465,0.0,-23.1533,13.4623,-15.7912,-0.545885,25.4095,48.3562,24.6439,71.3469,-164.195,0.0,0.0,0.3000176563754153
E_S_WW_WM_505,1.54088,7.65222,4.98593,-17.3092,1.01,-1.09,-9.48085,-1.77806,-2.75982,131.241,-1.43833,0.3,-20.6905,0.9,34.8682,-15.9701,-8.45925,34.6663,54.47,-16.7664,35.2671,-33.8811,67.9496,0.0,0.0,0.2927811747541528
E_S_WW_WM_506,11.2471,6.25249,3.20399,18.1257,0.63,-1.54,4.84072,8.57802,-17.2367,38.1143,-12.5394,-0.3,20.677,0.6,46.2559,8.01022,24.737,22.095,-40.8077,0.934264,-48.2837,-22.1755,41.3324,0.0,0.0,0.2878991431627907
E_S_WW_WM_507,12.6404,12.5129,0.166011,-4.44108,-0.54,-0.89,-4.7983,-1.90773,-44.4561,77.5608,2.2854,-0.3,-21.1367,0.9,17.968,4.03055,9.03141,-0.959704,-22.8674,-11.1429,121.16,5.73284,104.946,0.0,0.0,0.2911095558803986
E_S_WW_WM_508,2.7798,-0.602776,15.4382,6.7236,-0.21,-1.19,16.8222,9.70427,34.6547,95.8915,1.62517,0.4,-15.2624,0.9,2.24076,-9.7475,-12.2597,-19.5934,74.1891,7.69723,-30.8071,35.9148,-113.612,0.0,0.0,0.251709258564784
E_S_WW_WM_509,9.47041,7.5883,-0.810148,5.32752,1.62,2.37,-8.56091,-3.08404,14.3115,121.273,-13.8515,-0.2,-14.4708,0.5,9.45075,-17.2909,13.9952,-4.81778,122.9,-14.0738,88.5985,48.2412,-15.8021,0.0,0.0,0.2950203544219269
E_S_WW_WM_510,14.1127,0.646894,8.52585,2.62713,-0.93,0.42,-6.01023,-4.56139,-44.7464,136.366,-8.56909,0.2,-6.91031,0.3,-10.6831,-9.20828,27.9298,24.9802,56.6608,-9.46237,141.069,6.13296,-38.2299,0.0,0.0,0.2746588395813953
E_S_WW_WM_511,5.9458,6.75126,-3.55224,16.8942,1.22,-0.31,-9.37088,1.17269,4.98349,-32.3172,2.42915,0.4,-0.782969,1.0,46.5296,-19.4607,-7.66716,34.2112,-51.5318,41.853,82.0061,58.4512,122.871,0.0,0.0,0.2625113370398671
E_S_WW_WM_512,12.9715,8.67421,-1.75644,19.6864,-0.96,-1.1,-6.95945,0.408796,-25.6027,45.7585,0.807063,0.2,19.9802,0.6,11.5188,0.0454157,-14.7032,36.3853,-19.1517,25.4514,-32.8444,59.5482,-183.169,0.0,0.0,0.2819439625780731
E_S_WW_WM_513,5.10347,10.9189,-7.02597,0.746453,-1.55,-1.31,-1.47128,6.9579,2.80278,47.5294,3.48116,0.0,0.143139,0.1,42.0806,17.6627,-1.44996,52.4091,62.2288,-18.9949,93.7837,-5.00073,-21.5835,0.0,0.0,0.2914457406511628
E_S_WW_WM_514,13.725,-0.34494,11.5353,-18.3682,-1.16,-1.25,-2.25807,0.866853,20.8713,109.348,0.690414,0.2,-17.6754,0.6,17.0039,14.0781,22.6441,-17.9474,99.7152,5.63858,-27.9599,-32.5081,106.276,0.0,0.0,0.2709126201594684
E_S_WW_WM_515,2.53704,1.05902,-5.17005,17.4173,-1.43,1.97,15.3148,-2.45441,4.58489,11.6853,-3.25527,0.3,13.2393,0.8,-14.2606,6.07731,29.607,19.041,50.211,-8.20921,131.467,-21.0844,-84.5713,0.0,0.0,0.2596482328405315
E_S_WW_WM_516,-4.09069,-6.16834,-3.62932,-17.8036,2.23,1.17,5.58457,6.08956,-20.8944,-44.0702,2.32905,0.0,-12.9026,0.2,13.2322,14.9816,14.731,12.3267,-54.8985,-37.4747,129.561,44.5948,-133.558,0.0,0.0,0.2512595007342192
E_S_WW_WM_517,4.12887,14.1989,4.10576,-9.16673,0.58,1.31,5.91374,9.37148,46.2466,138.836,-7.36818,0.8,-11.1486,-0.3,-15.8327,13.8959,-21.6201,40.8262,-26.9337,33.5842,57.6133,9.86148,37.2866,0.0,0.0,0.3071909977973422
E_S_WW_WM_518,10.1784,-0.334294,-2.48595,-3.07184,1.16,-0.06,19.3383,7.24479,-21.353,68.3129,-6.73751,0.2,3.13654,0.5,17.772,8.69174,17.6066,30.1461,-50.1924,12.5402,144.85,84.2729,118.777,0.0,0.0,0.2776335601262458
E_S_WW_WM_519,11.0838,4.97219,10.5096,-0.794204,-1.69,-0.32,3.72183,9.5339,-31.6763,42.5079,-7.66944,0.1,19.1091,0.2,29.8585,-10.3349,-28.9743,22.0071,-18.1159,-27.2888,139.677,20.0571,-177.835,0.0,0.0,0.2692919006345515
E_S_WW_WM_520,4.71812,-6.94967,-6.22147,-2.14607,-1.06,1.12,-8.63355,2.59004,-17.408,-52.3539,-7.58671,0.1,-16.482,0.0,3.47669,-13.9675,24.3591,31.4924,22.2001,12.8001,-25.4546,78.3138,-28.8651,0.0,0.0,0.2629865830465116
E_S_WW_WM_521,7.37577,9.91737,16.8205,-5.04371,-1.44,-1.02,7.70847,1.59655,30.8985,-47.8677,-2.80782,0.4,17.1042,0.8,45.8102,-5.90544,27.5041,-13.5171,92.2248,-12.431,104.759,-51.4902,-79.0637,0.0,0.0,0.2579085004784053
E_S_WW_WM_522,13.5785,3.4445,12.1517,-6.1504,-1.56,2.41,11.0778,0.331546,23.9847,-1.40711,-14.5834,0.0,-9.2387,0.4,30.5898,-16.4161,-17.0776,10.0026,18.4678,2.42851,5.36799,56.3022,62.9305,0.0,0.0,0.283025044833887
E_S_WW_WM_523,1.93658,1.09396,15.335,-16.6812,1.13,-0.39,-2.84249,-0.698839,-19.5561,-13.5135,-3.71092,0.0,-19.748,0.1,-23.9011,-15.1505,-19.6913,34.4793,-32.7952,-27.1694,61.5868,41.0406,-179.392,0.0,0.0,0.2717192038770764
E_S_WW_WM_524,-3.90617,1.64675,-5.20168,-0.651179,2.27,2.03,9.10784,-1.74344,-23.5679,62.5738,-4.2041,-0.2,12.0938,0.8,15.4645,10.3053,10.9086,51.4872,9.1966,24.4549,-57.509,-47.4218,-133.3,0.0,0.0,0.3041322567176079
E_S_WW_WM_525,11.4664,-3.17759,2.61581,-4.52159,0.84,-0.07,11.3869,4.29414,-49.027,-91.1366,-12.9195,0.7,-18.7318,0.9,8.30071,-6.20428,-3.93899,21.6595,-42.5313,-48.2403,31.9609,-52.5836,60.7266,0.0,0.0,0.255964845282392
E_S_WW_WM_526,4.387,-3.71917,8.24371,11.3701,-0.48,0.78,-3.36421,4.60214,-29.3732,66.8465,-4.99508,0.4,16.9815,-0.4,10.9926,3.2028,-17.3213,-21.486,-52.4354,-0.314495,43.9054,-42.6067,-196.518,0.0,0.0,0.2548153176511628
E_S_WW_WM_527,5.44555,7.6859,18.8317,6.18597,-0.07,1.72,6.1674,0.465503,4.18956,-85.021,-3.2731,0.2,-6.96454,0.6,37.5055,-4.97448,-24.2065,49.4953,126.797,-11.3883,43.046,-29.7276,-180.492,0.0,0.0,0.2718248832923587
E_S_WW_WM_528,10.6488,1.55394,18.8817,0.500045,1.32,1.62,-4.321,-1.10668,-9.06565,34.3945,4.50102,-0.3,-18.2862,0.2,8.14908,-6.99006,23.4766,42.9495,86.2581,-34.8844,-23.1748,-34.8363,86.1186,0.0,0.0,0.2676777274152823
E_S_WW_WM_529,10.0239,8.31584,2.28885,-16.1494,1.52,-0.19,-6.10652,2.97371,42.0621,-94.3469,1.24588,0.1,8.90991,0.5,-3.72343,3.03978,-9.20327,50.8957,-21.9224,-45.2636,18.919,49.8403,66.8057,0.0,0.0,0.2645505383122923
E_S_WW_WM_530,8.08445,-7.73847,4.79741,-7.54517,-1.01,0.96,12.1503,6.48621,40.8481,15.3194,0.145422,-0.4,7.49976,0.8,21.9543,-18.2612,14.8883,-14.0347,65.3761,-43.1347,55.0293,88.3009,50.2399,0.0,0.0,0.2412807487674418
E_S_WW_WM_531,-4.07887,11.9669,2.17828,-4.67531,-0.12,1.17,13.69,-4.72144,-25.8747,62.3606,-14.1623,0.7,11.9404,0.0,46.3037,-9.54185,-20.0744,31.7121,-7.36983,-20.1331,-52.6958,-0.651336,-68.7896,0.0,0.0,0.307246442847176
E_S_WW_WM_532,5.97188,11.6352,4.55541,-12.1133,-0.99,1.88,18.6161,4.24606,-18.9902,45.5871,-10.9575,0.5,-14.0057,0.6,44.4888,25.5614,-8.5562,1.56144,59.1047,-47.6385,-26.7921,-31.5236,119.036,0.0,0.0,0.282917494372093
E_S_WW_WM_533,-3.46887,1.41274,-4.71363,12.4018,-1.0,1.59,-0.669129,-0.765125,27.5606,121.699,-13.1089,0.6,5.73974,-0.3,-4.25754,18.2027,28.8369,-0.731802,15.5568,44.1529,49.7118,3.39124,-18.7048,0.0,0.0,0.2943422801561461
E_S_WW_WM_534,-3.7972,11.8823,-7.76511,3.59965,0.6,2.39,2.54527,3.42341,-19.3663,148.342,-2.763,-0.3,0.411744,0.4,34.2074,9.43578,26.4823,45.612,37.0924,-41.1801,-12.486,37.3146,103.245,0.0,0.0,0.3104388085116279
E_S_WW_WM_535,10.9888,-5.17209,5.73731,9.23348,1.95,0.72,11.7995,9.77056,-15.9054,24.2723,3.95709,-0.1,-9.18979,-0.3,39.0337,-1.37854,6.28546,7.18941,-53.2342,-24.0397,-7.08287,-55.1658,-94.0099,0.0,0.0,0.2512519713787375
E_S_WW_WM_536,13.4044,-5.40904,18.9722,14.3906,1.75,-1.37,9.32773,3.71388,-5.77822,-86.1915,0.10988,0.1,10.4778,0.3,-10.2056,20.975,-14.9403,37.5907,92.7637,-25.9856,-16.2278,47.5309,-51.5957,0.0,0.0,0.237149319
E_S_WW_WM_537,12.1654,10.5604,-3.83545,-5.55156,-1.62,-1.48,17.8211,2.5134,-6.28835,133.552,-5.18845,0.4,2.03635,0.3,-9.31917,-8.51155,28.6893,30.212,90.3981,6.61633,14.9901,72.5043,-89.8418,0.0,0.0,0.2957431032691029
E_S_WW_WM_538,7.94051,-0.525139,8.87364,13.3286,-0.66,2.2,15.1378,-4.89761,-7.26715,-35.0817,0.452838,0.6,3.55847,0.1,-0.329476,-14.7607,-12.038,35.8807,12.5542,-30.9543,-13.6062,21.5445,-144.972,0.0,0.0,0.2562543300564784
E_S_WW_WM_539,-2.17589,7.0698,18.1287,-4.12416,-1.52,-0.24,-4.82116,1.74023,-15.6038,133.231,-4.26678,0.7,17.1775,0.5,9.30188,-19.0824,-15.9961,14.6393,-23.6493,-49.0891,-42.0005,14.7766,-38.6292,0.0,0.0,0.2801376636345514
E_S_WW_WM_540,4.30293,-1.13045,1.38683,-13.6233,1.98,-1.57,19.5277,2.92604,-37.2644,93.1968,-0.245702,0.4,9.67293,-0.3,56.8862,28.0982,9.92662,25.1551,69.5631,-24.4808,68.2794,24.474,96.676,0.0,0.0,0.2754317852757475
E_S_WW_WM_541,3.56341,-2.20172,9.57447,10.048,-0.14,-0.5,-3.85515,0.549449,-0.0745922,-82.5548,3.80147,0.5,-10.162,-0.4,9.1439,1.50769,-11.1888,50.8296,119.36,28.2908,-40.8258,71.7715,-103.446,0.0,0.0,0.2887909220830565
E_S_WW_WM_542,5.02169,-3.65874,-6.91182,-6.48143,1.41,-0.14,-4.14919,7.87478,35.4583,-48.5096,-5.49294,0.4,-13.4204,0.6,-16.6717,28.7176,-18.0808,-8.79346,35.597,36.8486,88.4317,-34.3746,-75.9987,0.0,0.0,0.2469803536578073
E_S_WW_WM_543,4.97512,-3.86561,4.18916,-13.594,-0.6,-1.15,-7.71687,7.98638,-9.71761,147.198,-4.75407,-0.3,8.13684,0.5,51.5371,3.37309,24.2956,4.44398,84.8078,49.0135,113.389,-6.91682,-93.2021,0.0,0.0,0.2709116991627907
E_S_WW_WM_544,-3.7605,-5.86005,7.3471,-2.68092,0.06,0.73,6.08786,7.64298,44.3523,-3.33358,-8.79569,-0.4,-12.9475,0.0,22.065,-10.6672,10.0473,7.7442,46.4662,48.6499,124.361,-1.33481,-184.879,0.0,0.0,0.2622548699335548
E_S_WW_WM_545,3.38561,2.1687,14.1433,-4.33536,2.37,2.44,6.99469,-3.34877,13.5263,-77.7737,-11.906,-0.4,-1.37929,-0.1,-9.12984,-8.32451,24.8088,13.3628,17.3291,-16.1978,108.595,-1.98531,-114.222,0.0,0.0,0.2565413955481727
E_S_WW_WM_546,-7.42602,6.30253,8.83336,-15.9457,-0.04,-1.55,15.9164,-3.23673,-0.2058,10.7673,-12.987,0.5,-10.0089,0.4,28.5689,-14.4595,20.0225,11.9173,48.8926,7.56822,-36.0182,-54.256,-178.513,0.0,0.0,0.2879195708704319
E_S_WW_WM_547,-3.01301,-2.84553,11.3016,19.0663,0.03,-0.97,-4.86326,6.71762,12.2629,104.414,3.85627,0.1,3.00708,0.9,59.709,26.5953,4.13309,16.1121,54.9976,-0.852069,102.422,85.8489,-126.333,0.0,0.0,0.2623123904019933
E_S_WW_WM_548,1.58885,10.144,-6.53278,6.75159,0.65,1.28,-4.10263,-3.73546,6.00359,141.855,-3.13219,0.4,14.0852,-0.1,-13.4696,26.387,-18.3488,-21.0421,68.5683,-26.0759,50.157,82.4501,77.5709,0.0,0.0,0.3002977060564784
E_S_WW_WM_549,11.3568,14.0997,13.3874,-4.96924,-0.27,0.29,-2.08385,-4.2911,-47.3891,-89.0215,-4.68689,-0.2,-10.8685,0.6,48.7277,-14.6453,-1.68627,32.0645,8.43573,-29.6801,-36.5606,-23.5821,-6.17395,0.0,0.0,0.2726024708770764
E_S_WW_WM_550,1.68991,10.3208,9.22663,-11.4558,0.3,0.81,16.7576,3.16646,-35.9328,-40.165,-7.62494,-0.4,22.5384,0.1,22.2016,-15.7502,3.21105,52.243,-56.9881,18.3414,103.843,-0.397391,-116.286,0.0,0.0,0.2868762866345515
E_S_WW_WM_551,1.16844,8.37191,-1.48758,-17.6349,0.76,0.05,2.69672,6.60787,31.189,134.648,4.61054,0.3,7.88471,0.2,52.9037,-12.9642,-29.1429,40.0625,83.587,48.4429,137.331,12.6017,0.854219,0.0,0.0,0.296134016179402
E_S_WW_WM_552,2.21616,10.6198,14.4003,-19.1839,-1.63,1.16,1.46098,-1.01411,39.3246,-23.5649,-10.7593,0.5,-24.5137,0.7,45.6727,-3.58049,0.813722,40.2331,14.8005,31.4011,49.0395,-21.4154,-11.1424,0.0,0.0,0.281687667475083
E_S_WW_WM_553,13.364,-0.458843,-0.954174,12.7009,-0.98,1.21,13.4844,4.83162,14.2589,27.6753,-5.79173,-0.2,-17.9867,0.6,-15.4934,-11.9521,-10.0495,2.61047,44.8577,19.5859,-54.5029,-59.1351,-170.221,0.0,0.0,0.2720391916478405
E_S_WW_WM_554,-6.06116,6.70392,-6.29713,-11.8965,-0.95,-0.01,5.70517,-3.89387,12.3684,31.1158,1.82854,0.3,15.2604,-0.3,29.2518,-18.9656,-15.7505,11.8439,34.3661,-45.0522,74.591,-39.0517,9.46173,0.0,0.0,0.2815341286079734
E_S_WW_WM_555,10.5997,-4.64135,-0.10001,4.55399,-1.53,0.95,18.1897,5.85594,19.5862,127.009,-10.8328,0.7,-24.464,0.1,5.16006,23.5811,-15.4048,13.7899,41.9722,-22.0421,65.148,45.3258,74.0766,0.0,0.0,0.27394421330897
E_S_WW_WM_556,-1.2651,-3.96128,15.9204,-1.53862,-1.26,-1.8,-1.28752,6.40842,-44.6483,88.815,-6.41938,-0.1,-15.5716,0.5,14.2119,-5.97248,-2.62035,-7.09992,57.4535,-23.0547,123.55,83.1189,92.6275,0.0,0.0,0.2542163993588039
E_S_WW_WM_557,5.5215,11.5791,-2.82065,15.9959,0.18,-1.01,13.9769,9.18879,41.4572,-80.9151,-11.2646,-0.1,-1.28219,-0.3,33.7089,14.3738,-4.68135,-23.9465,-23.6252,-18.7457,79.5348,-13.1143,-98.4809,0.0,0.0,0.2633323940564784
E_S_WW_WM_558,-4.2838,13.9033,-3.36748,-15.1478,0.37,0.05,3.85522,0.39777,13.0642,144.038,-9.78265,0.2,-5.10588,-0.3,57.3284,-5.72467,-4.14031,-9.67088,35.2409,26.765,-24.3031,5.48121,97.7686,0.0,0.0,0.3093918493023256
E_S_WW_WM_559,-4.92424,0.895484,0.354838,13.7902,1.06,-1.15,-6.80241,-3.79826,1.22897,-34.7824,-7.21616,0.7,9.30174,-0.2,25.7593,21.8057,15.9841,-19.8109,3.46825,-4.85603,117.044,-17.9835,-169.842,0.0,0.0,0.2481774168870432
E_S_WW_WM_560,-1.67382,-1.04231,-5.67642,19.9607,-0.87,-0.11,15.8699,1.65931,31.0002,-38.142,4.46698,0.4,-21.6934,0.6,35.6554,-15.3379,9.34171,-11.512,22.6206,-8.42526,49.9737,68.1871,35.9781,0.0,0.0,0.2238273128936877
E_S_WW_WM_561,-3.29506,13.1896,7.06808,-15.5004,1.37,-0.84,-8.45119,-4.11547,-4.20289,-15.9987,-14.2658,0.2,22.9498,-0.1,18.9543,-4.11835,-7.50245,4.68908,-27.7673,36.1476,111.266,15.3524,-0.491471,0.0,0.0,0.2939460820830565
E_S_WW_WM_562,0.139506,-4.79609,-7.27312,-15.7722,-0.94,0.65,9.81705,-1.87984,-7.09834,113.011,-6.28567,0.5,-10.9721,0.2,59.9709,13.0317,26.6937,20.6623,71.2083,28.0109,138.518,58.755,-15.096,0.0,0.0,0.2656969715448505
E_S_WW_WM_563,-7.65277,11.7228,4.57014,5.01851,-0.57,-0.74,13.2143,-2.29422,-28.5626,123.579,-6.34429,0.3,-7.39299,0.4,29.9026,27.6209,-20.7815,-5.85364,-3.76732,28.6939,108.615,-47.8591,131.762,0.0,0.0,0.2984936877541528
E_S_WW_WM_564,5.78348,2.86378,19.4955,-17.9221,1.64,-1.46,5.81735,-2.52684,-15.3576,103.811,-12.5747,-0.1,6.14248,0.8,28.7113,-17.7099,-2.26839,-8.30319,33.7812,25.8742,51.909,79.5368,-117.961,0.0,0.0,0.2932235448305648
E_S_WW_WM_565,-0.826919,14.0608,-6.65047,13.2481,0.86,-0.82,-5.61405,6.26651,18.3298,-41.7799,3.68451,0.0,15.5874,0.9,-8.83247,-11.61,0.981035,11.2857,-33.3707,4.26239,-41.6793,5.92892,-64.9391,0.0,0.0,0.2597578076744186
E_S_WW_WM_566,11.2647,12.8381,-3.79118,1.04384,-0.72,1.69,0.930061,-4.83628,-3.24396,-68.366,-6.25479,0.5,7.80994,0.6,-17.6654,11.1949,7.99157,37.7312,-38.223,23.1208,-3.89743,-50.4913,-30.6928,0.0,0.0,0.2885443604717608
E_S_WW_WM_567,-2.7443,4.10775,17.4801,18.2491,0.31,0.17,-5.29082,-1.81284,27.8546,144.16,-8.74129,0.6,-19.556,0.8,48.5189,26.1689,10.352,-22.2471,4.89163,-37.5988,22.0911,29.1739,-17.0629,0.0,0.0,0.2708000673189368
E_S_WW_WM_568,1.0805,8.24602,0.429682,-9.2503,0.72,-0.49,-9.50749,2.39164,-46.884,-69.3381,-5.57075,0.7,-3.82474,0.2,25.4817,19.0752,-29.9826,-23.2011,89.6997,-5.63558,9.51692,7.80634,119.77,0.0,0.0,0.2422876928803986
E_S_WW_WM_569,0.252634,13.1459,-1.91957,-17.1611,-0.32,1.09,18.524,7.67686,25.6846,-25.3726,-7.38477,-0.3,23.7387,0.0,11.1897,15.8925,11.8795,-14.309,32.6383,-35.6411,-38.0357,31.0043,-106.407,0.0,0.0,0.2768706114252492
E_S_WW_WM_570,13.8159,-2.79856,18.0775,8.59173,1.91,1.06,6.29084,-1.71998,4.44405,132.246,-4.39714,0.5,23.3826,0.3,19.0981,26.2319,-2.36888,20.935,116.677,-47.811,56.507,-55.3158,123.352,0.0,0.0,0.2666982284817276
E_S_WW_WM_571,-7.02086,-7.983,7.54547,0.639528,1.05,0.38,3.52777,-4.5334,-40.295,100.378,-14.3513,0.3,-19.8882,0.0,1.5525,21.862,11.6486,45.2122,-14.0231,2.71386,95.0458,54.9323,79.0117,0.0,0.0,0.2848291019003322
E_S_WW_WM_572,-6.74543,-4.31862,12.2778,-15.4808,1.95,2.48,5.43654,-0.338092,-21.1429,12.2363,-9.09356,0.4,15.0671,0.1,49.916,-11.0906,-10.7582,48.1174,9.58088,38.0502,63.4463,16.7249,-191.549,0.0,0.0,0.2787010063388704
E_S_WW_WM_573,13.0228,-0.415405,16.0873,5.06396,1.79,0.04,3.83212,0.273084,47.3836,-9.68008,4.35607,-0.2,-1.92406,0.1,21.3257,7.44187,-27.909,34.4141,0.580288,47.7322,-47.1534,-14.8737,-32.3928,0.0,0.0,0.2656161174518273
E_S_WW_WM_574,4.83321,1.79902,-7.34453,5.15762,1.57,1.25,-9.05438,7.76872,3.60451,110.989,1.43015,0.5,18.8759,0.9,7.47847,-7.09639,-3.95085,-13.3873,81.2466,8.87441,77.2617,-24.6631,99.8328,0.0,0.0,0.2769582314352159
E_S_WW_WM_575,-3.70872,-1.42296,2.83622,4.61736,-0.71,0.94,-4.93985,-4.89229,-20.5492,103.034,-2.70066,0.4,-21.9996,0.5,6.03349,-1.18633,-26.0361,29.4526,94.6397,35.7001,11.2745,42.0122,111.056,0.0,0.0,0.2757620613222591
E_S_WW_WM_576,-4.17696,-6.85375,16.9969,-13.1506,0.46,0.61,-7.86963,0.970734,9.22828,16.6006,-13.2416,0.3,10.8394,-0.1,39.4957,21.44,14.3013,52.5457,100.558,13.7289,-45.6162,42.9522,-39.6955,0.0,0.0,0.2886713904352159
E_S_WW_WM_577,6.86793,6.75439,8.18432,8.01674,-0.97,-1.53,19.7925,-3.03373,-6.57517,-54.6837,2.53205,-0.1,13.7918,0.3,53.4411,-10.6109,-11.282,7.46256,-19.4964,-19.4952,142.257,-10.9906,24.0573,0.0,0.0,0.2561288533920265
E_S_WW_WM_578,13.1866,3.29367,-7.3186,-3.47592,1.95,2.06,-2.02714,-3.38919,44.6983,52.978,-5.20515,0.3,1.99337,0.4,-14.7988,-5.34954,1.98219,1.30102,36.7198,-29.0975,-26.0368,22.398,120.975,0.0,0.0,0.2762689105548173
E_S_WW_WM_579,11.7955,4.69168,17.593,10.7523,-1.47,-0.36,-1.23038,1.01573,-8.60109,2.55163,2.18541,0.2,-10.8355,0.2,-12.2334,17.538,28.573,51.9544,-23.2928,8.08094,51.0343,-54.8254,-83.2595,0.0,0.0,0.2744690599667774
E_S_WW_WM_580,0.555189,5.09834,5.58703,-6.20011,-0.68,-1.72,14.1384,-2.1215,9.0838,5.97437,-12.055,-0.3,-17.547,0.1,-15.9886,-5.78727,-17.3082,41.9257,110.033,13.4874,135.577,-10.7594,-126.79,0.0,0.0,0.2908281731993355
E_S_WW_WM_581,-4.23496,-2.04782,15.0674,-19.7322,-1.58,-0.2,-0.752536,8.15162,2.47067,1.3483,-2.88107,0.4,-4.91042,0.8,42.1771,2.26709,-18.6787,-17.6351,45.315,43.0354,83.3592,64.4413,-161.692,0.0,0.0,0.2307228377275747
E_S_WW_WM_582,12.2492,2.65808,-1.44176,13.6033,1.02,1.5,5.78489,-1.13419,32.1572,-18.3791,3.06029,0.7,16.4728,0.5,41.1008,-5.47783,-27.9599,26.2915,-41.1385,-19.8007,6.28414,-44.6455,58.7152,0.0,0.0,0.2581099894053156
E_S_WW_WM_583,14.4085,0.0588059,-4.13792,15.567,-0.52,0.61,-3.583,3.24038,-12.8377,34.7772,-9.71066,-0.2,-14.6268,-0.3,37.6053,11.7736,13.929,49.7805,-57.7769,-6.1887,103.199,14.2271,25.9025,0.0,0.0,0.2753645602458472
E_S_WW_WM_584,13.1174,4.20175,18.4656,12.1262,1.22,1.69,-4.55802,3.94572,-11.8498,0.581666,-4.00347,0.8,4.32352,0.3,47.6776,2.58285,23.5655,21.9639,-56.6559,-20.753,141.403,28.1708,-142.31,0.0,0.0,0.2615239774817276
E_S_WW_WM_585,14.0784,-2.51612,-1.77143,17.8863,1.89,-1.36,19.6887,-1.4409,9.82031,132.798,-4.68118,0.2,2.81481,0.7,55.3732,-10.4927,-14.182,-12.2594,-1.06874,21.2528,90.5598,22.0074,-35.5266,0.0,0.0,0.2922962815149502
E_S_WW_WM_586,11.8657,4.15602,-2.2383,-19.7845,-0.12,0.1,-4.49331,1.35906,9.43991,21.9394,-13.6805,-0.2,13.1994,0.7,-21.758,8.1428,25.0159,-9.87203,49.1689,23.2261,54.8543,35.2459,-143.21,0.0,0.0,0.2771562897641196
E_S_WW_WM_587,-2.01592,7.02784,2.21081,-12.884,-1.65,-1.61,-5.6334,1.06309,-34.992,-28.0307,1.3975,-0.2,14.9134,-0.2,-14.0855,15.2444,-10.1609,7.2693,76.799,-13.8963,11.4878,89.0972,89.4922,0.0,0.0,0.2532354770398671
E_S_WW_WM_588,2.03537,11.9385,16.5391,13.5964,0.06,-1.21,17.2196,-0.924998,-12.8832,125.311,-6.9806,0.5,24.7812,0.5,-19.9655,19.8097,7.62489,-5.39217,32.4454,-24.3542,105.635,46.0407,36.9132,0.0,0.0,0.2913576070631229
E_S_WW_WM_589,-2.85381,-7.73654,9.16648,-6.32098,2.06,1.99,4.40229,5.64465,-42.9137,19.7039,-11.1921,0.5,9.2175,1.0,-22.6081,14.4992,-22.2446,-9.41808,9.27478,0.538401,1.25778,-39.611,-78.379,0.0,0.0,0.2579676812259137
E_S_WW_WM_590,0.663193,14.7661,-4.36653,-15.1062,0.26,1.15,3.40647,2.70282,-32.5999,-14.6191,-9.72453,0.2,-1.65362,0.0,53.1205,12.4459,-28.5853,-22.0445,-57.0766,-40.1087,122.545,-36.2487,-27.4278,0.0,0.0,0.2864696676943521
E_S_WW_WM_591,9.36503,-2.55852,12.8849,3.45222,0.2,0.63,8.57573,5.19427,-32.3002,-60.5136,-4.33851,-0.2,-18.7104,0.4,-13.4537,22.5396,25.2839,3.83742,114.539,46.0408,-40.4637,39.7921,63.1587,0.0,0.0,0.243700455847176
E_S_WW_WM_592,0.609382,-5.25609,-0.889506,14.5061,0.02,-1.77,7.5255,5.65478,24.8304,134.539,-10.6008,-0.1,6.00344,-0.1,22.5247,-5.10835,-29.6222,29.2151,12.767,-17.7841,20.6852,-37.7017,107.81,0.0,0.0,0.2916006454717608
E_S_WW_WM_593,12.8188,-4.20234,-1.80295,-8.32174,1.25,0.33,-9.74551,4.39928,48.7436,-35.8413,-1.60737,0.6,9.90737,0.7,25.7193,-9.89498,24.2171,28.4315,-40.5175,25.1012,-46.0676,21.0167,-94.9144,0.0,0.0,0.2562273643488372
E_S_WW_WM_594,-2.29347,-6.62604,3.3483,-5.61567,2.0,1.7,9.21375,9.4788,-11.9331,142.665,-13.2614,0.7,20.7609,-0.1,30.0094,10.3922,-11.0161,27.9334,-11.3884,-9.18312,140.34,34.3867,39.0198,0.0,0.0,0.2833692295249169
E_S_WW_WM_595,8.70444,5.48396,14.7328,-19.6241,-0.77,-1.47,-1.97592,7.19071,48.4036,28.1675,-9.59642,0.6,-23.0213,0.0,0.486038,-13.6355,-19.8568,-2.86714,74.5498,-28.2993,75.5302,16.5057,-52.8713,0.0,0.0,0.272594058730897
E_S_WW_WM_596,5.92184,-6.59348,0.920555,-15.675,-0.56,-0.17,0.82621,2.1,-17.7311,145.242,-3.16577,-0.2,4.49675,-0.3,34.4277,29.1099,-27.104,54.7826,106.385,-3.89354,-3.56137,11.2807,58.1358,0.0,0.0,0.2864895471561461
E_S_WW_WM_597,8.72771,-6.14775,7.46641,19.3909,2.3,0.48,-7.98183,-2.58163,27.2601,-37.628,-3.83046,0.3,19.5708,0.6,44.9977,12.5555,-25.7048,-3.76045,17.0421,27.0816,-47.0149,29.4227,96.1793,0.0,0.0,0.2527466419202658
E_S_WW_WM_598,10.2158,-6.7143,-1.34658,15.4852,1.49,-0.62,2.26838,5.71535,40.1419,49.2607,-11.68,-0.1,-16.5683,0.1,-21.0316,-12.1794,-9.06121,-4.96613,-29.3629,-22.8981,-15.5666,81.1945,-61.2226,0.0,0.0,0.2770120587607974
E_S_WW_WM_600,-3.38782,13.9445,19.7099,7.46483,-0.11,-0.43,10.2134,0.710599,16.7818,72.3164,-2.11612,0.6,18.5576,-0.4,-22.0063,-6.35841,-23.0128,32.3817,46.1293,-2.69544,106.073,-48.464,-117.451,0.0,0.0,0.2988911906345515
E_S_WW_WM_601,8.38386,-6.21495,-5.63015,-6.28017,-0.05,1.19,10.3564,9.3154,-49.9646,60.943,-0.961029,-0.3,-22.9484,0.3,-5.22627,-14.8047,-10.5777,36.6956,-31.6822,-1.22757,86.6966,5.12939,-19.8532,0.0,0.0,0.2610035428837209
E_S_WW_WM_602,13.2846,9.30947,12.1608,9.15321,-1.26,1.91,-2.16796,6.029,21.3213,15.9462,3.53338,0.4,21.7181,0.1,31.7787,-13.2455,22.3418,41.6862,97.6481,16.6617,-44.6991,-3.51956,-54.3615,0.0,0.0,0.276715658551495
E_S_WW_WM_603,-2.36326,-4.05757,4.03537,-7.28276,-1.13,-0.41,-6.57662,-0.122375,35.0345,141.069,4.1427,0.4,6.1631,0.2,0.894393,9.64931,-5.2878,19.9494,110.282,-24.9085,149.538,8.77489,141.343,0.0,0.0,0.2680996702026578
E_S_WW_WM_604,-4.47151,6.26811,-6.86849,-15.0382,2.31,0.85,-2.44764,-2.09392,-49.4084,129.463,-5.03799,0.1,14.722,0.7,24.6246,14.6708,-13.7991,14.0502,40.1414,-11.8129,142.873,22.0897,41.9228,0.0,0.0,0.3071457585182724
E_S_WW_WM_605,3.10536,11.0414,2.14109,-6.71047,-0.37,-1.44,0.47146,6.34085,45.1514,107.348,-0.450964,-0.4,10.9011,0.1,-24.6637,1.72951,0.620405,-16.0845,115.072,-15.8553,118.997,37.2119,-165.214,0.0,0.0,0.2839122677242525
E_S_WW_WM_606,3.72014,3.47633,15.8978,14.6998,-0.68,2.12,-5.89548,9.12958,-30.1757,39.6959,-5.27786,0.5,4.65805,0.9,-4.79101,18.5075,17.8755,18.1888,90.2586,-26.47,6.31215,-59.4618,22.4051,0.0,0.0,0.2642592386611295
E_S_WW_WM_607,11.6831,5.97576,15.2358,-0.615172,0.73,-1.2,15.2614,8.24795,14.5341,-45.6788,-6.45991,0.2,15.9291,0.8,20.4629,8.83803,-20.4819,8.7543,-9.88547,43.9944,-49.0516,79.2109,-121.484,0.0,0.0,0.277793964116279
E_S_WW_WM_608,-5.46888,4.45433,15.7313,-18.4652,0.23,1.99,14.4762,8.02222,-14.7673,102.215,-7.52675,0.4,-7.8882,0.6,54.1627,4.42878,-29.29,25.7061,15.0914,17.5118,77.8287,-36.9926,51.1106,0.0,0.0,0.2817132848737542
E_S_WW_WM_609,-0.656325,13.3335,-5.94355,-10.3708,-0.53,1.56,1.60238,-3.29662,19.0942,-73.321,-13.3591,-0.2,-21.3828,0.2,19.2931,2.50125,-24.7169,15.4139,-44.2424,-5.38091,70.0409,25.3102,111.681,0.0,0.0,0.3064725802491694
E_S_WW_WM_610,-1.39565,0.276843,18.8735,-14.473,0.87,2.19,4.19496,8.41012,15.788,31.9314,-14.4357,0.0,-21.5318,0.1,14.528,3.60969,29.1905,10.6563,72.6831,8.79912,64.6186,77.3826,-55.8265,0.0,0.0,0.268211041910299
E_S_WW_WM_611,7.33329,-7.20446,10.9126,-0.256689,2.14,-1.17,-7.73161,8.707,-3.70739,60.3158,-4.71554,0.5,-3.71611,-0.4,37.9798,16.9562,-19.2109,50.3396,-25.6334,-5.94168,70.2379,-45.8956,91.8619,0.0,0.0,0.2664679621627907
E_S_WW_WM_612,12.238,-3.01917,13.2362,-3.32001,-0.34,1.5,2.24947,5.62344,24.1958,147.489,4.19226,0.7,-4.01684,0.0,-14.3892,7.07684,-22.79,-18.8832,109.125,-10.2127,5.83501,-14.6009,-14.3981,0.0,0.0,0.2569197526611296
E_S_WW_WM_613,-5.03014,4.91857,-5.79647,2.51025,-0.46,-1.07,-8.88564,-3.65379,-4.98514,-70.8767,-1.84638,-0.1,-9.82055,0.6,55.4126,2.03339,29.99,-16.9719,63.3007,-27.8561,132.994,-35.6353,100.016,0.0,0.0,0.24432118220598
E_S_WW_WM_614,0.100708,12.3742,16.1569,14.6215,2.39,-1.65,10.0466,3.84393,-26.3305,-45.5067,-7.76669,0.0,13.4651,-0.1,39.1773,14.2903,18.904,-2.7223,-35.8355,42.62,27.6519,22.7945,-30.3691,0.0,0.0,0.2748843579368771
E_S_WW_WM_615,12.5966,6.58033,10.3661,-14.1443,2.35,-0.57,17.7241,1.57323,3.55727,-4.0376,-9.30434,0.4,17.0425,0.6,-6.19504,27.0065,-17.844,-18.2874,119.105,-6.85966,34.1199,-30.9924,62.1126,0.0,0.0,0.268358644295681
E_S_WW_WM_616,-6.81073,11.2804,4.90908,12.7945,-0.66,0.68,-7.45434,1.89152,43.9096,119.238,-7.42486,0.8,-13.5854,0.5,-5.96309,13.0,-23.8274,-1.9036,124.059,-34.0716,82.6484,51.8599,-23.0121,0.0,0.0,0.2955986448372093
E_S_WW_WM_617,-1.85554,11.8244,1.48267,-17.9644,2.2,0.51,7.41279,-4.14535,23.6581,58.1814,-0.668011,0.2,22.2675,0.7,34.506,-9.46788,5.44871,5.63605,85.1278,25.3404,110.582,-53.1279,-199.063,0.0,0.0,0.2920673185880398
E_S_WW_WM_618,-5.60722,1.61822,7.68768,-1.74459,2.3,-0.34,2.10719,5.09249,18.9938,7.25564,-13.5527,-0.4,9.48079,0.9,8.46223,21.0126,-5.15436,16.4663,13.777,-40.7772,92.9973,85.2275,86.9726,0.0,0.0,0.2864593267408638
E_S_WW_WM_619,8.92915,7.27947,-0.0500485,13.5171,1.27,0.31,17.9182,6.3212,-37.0373,127.612,4.83236,0.0,-12.8201,0.6,34.0031,19.0453,-27.2249,27.4418,24.1803,-6.11133,14.0236,-1.76436,-67.4281,0.0,0.0,0.2848591688239202
E_S_WW_WM_620,2.6654,-2.5844,17.4051,-3.72039,-1.36,-0.22,-8.13057,5.52991,29.8873,-78.498,1.03461,-0.4,1.45915,-0.3,43.0263,20.7025,10.173,33.6361,-16.7711,-26.2308,13.2233,-41.4987,29.1317,0.0,0.0,0.2462213881760797
E_S_WW_WM_621,8.4575,3.19469,10.7587,8.53537,-0.95,-1.3,12.5249,-1.17144,42.2067,146.008,-9.65324,0.3,24.0065,-0.1,4.37704,0.555643,26.2357,23.989,-1.80468,-31.3325,2.94207,-38.4328,-104.253,0.0,0.0,0.292513597026578
E_S_WW_WM_622,-6.48858,14.3562,-2.25059,8.43034,1.56,2.31,7.18255,-1.01507,-18.6228,95.1981,-6.54108,0.5,-19.0579,1.0,42.4271,1.81866,-27.311,42.8098,-12.2591,-33.8419,60.7175,57.9219,-140.269,0.0,0.0,0.3071585997142857
E_S_WW_WM_623,-7.34743,0.517883,9.51802,-10.0991,1.86,0.08,9.15566,2.36039,-19.8316,128.917,-13.1436,0.1,-20.1483,0.9,-7.32919,-17.2123,2.79894,27.6521,125.505,6.36251,102.135,-31.4131,-96.6291,0.0,0.0,0.2923106016079734
E_S_WW_WM_624,2.2952,11.4954,14.5212,2.13926,2.13,0.41,-5.74791,9.39902,20.2244,110.128,2.78916,0.3,11.0601,0.7,48.1418,19.7752,-9.28226,-16.7673,-32.4726,-18.2581,130.437,-52.1665,-36.3104,0.0,0.0,0.2766638750365449
E_S_WW_WM_625,3.49275,-5.93881,7.50694,-17.7318,-1.42,1.74,-7.60599,1.76257,17.948,112.879,-2.94925,0.8,11.3142,0.0,21.0157,-1.56477,-26.6039,8.89853,-14.5115,43.2878,82.9657,3.10714,11.8894,0.0,0.0,0.258568210372093
E_S_WW_WM_626,-4.03789,13.2845,6.4372,-10.8834,2.04,0.34,16.2022,1.81397,11.3486,53.6548,-8.20529,0.7,-14.1874,0.2,24.237,-8.04703,-1.95898,44.1254,73.527,40.9141,44.6433,84.5899,-96.1021,0.0,0.0,0.3040605444983389
E_S_WW_WM_627,-7.39109,3.34317,-4.16627,11.2146,-1.75,-1.45,0.0478577,-1.37427,46.7191,-40.9603,-5.58687,0.5,-18.2296,0.2,18.3195,-2.84901,-6.45637,-22.559,102.593,7.38511,-9.98026,-6.20915,-95.6567,0.0,0.0,0.2599173082059801
E_S_WW_WM_628,4.18754,-4.58863,-0.182915,-17.7123,-0.4,0.36,-4.71688,7.10315,-20.041,54.9436,-11.793,0.3,2.53697,-0.4,-24.3128,23.0518,8.28864,42.0238,-2.69987,-22.4024,60.975,70.7942,-120.596,0.0,0.0,0.2859696357807308
E_S_WW_WM_629,-7.60222,-7.25178,6.0652,-11.7484,0.92,1.95,-4.26541,0.576225,-35.5371,-58.1932,-4.80477,-0.1,-9.72866,0.3,38.7349,-3.50536,-3.01264,49.9202,127.392,-12.1467,42.4128,70.6553,44.8064,0.0,0.0,0.264366808089701
E_S_WW_WM_630,14.1196,0.738763,6.00304,-13.7719,-1.39,-1.45,9.06128,-0.507852,-44.9908,82.9066,-6.30292,0.5,21.691,0.2,36.5503,14.5892,-8.93864,-24.3708,1.62667,8.48769,89.4294,59.3505,107.267,0.0,0.0,0.2705663075581395
E_S_WW_WM_631,4.88157,-5.1143,-0.371285,4.30775,2.16,1.63,10.1716,4.0546,36.3251,26.1575,2.09383,0.1,-24.0508,-0.3,-6.11444,-9.26011,14.7616,16.3105,93.1151,38.8238,3.51334,82.0547,128.01,0.0,0.0,0.2422330792890365
E_S_WW_WM_632,9.93163,-1.47881,-6.79629,9.83528,2.25,1.84,15.1783,-2.63363,-26.5129,108.195,-10.0951,-0.1,-4.2874,-0.4,57.5234,6.8398,13.2515,-5.50572,46.7184,16.1785,13.6081,62.0319,-125.835,0.0,0.0,0.2906002964186047
E_S_WW_WM_633,10.881,-4.68785,13.8075,17.0545,1.28,1.73,14.3976,1.44711,28.8219,100.271,-7.30406,-0.1,21.5184,0.5,10.2606,20.4771,-9.7842,52.0318,-31.0419,-4.07798,-56.1541,-25.2242,-69.2458,0.0,0.0,0.2844536718006644
E_S_WW_WM_634,8.92026,0.743232,-1.24568,-2.58153,2.01,-0.95,11.9752,-2.76557,-30.7901,10.6472,-9.01439,-0.4,11.5086,0.1,-11.3822,9.90983,-19.9425,50.0853,67.4253,2.50672,-41.3256,58.1781,114.527,0.0,0.0,0.2825001107142857
E_S_WW_WM_635,-7.2086,13.3778,13.5213,12.3637,1.39,0.92,-6.02653,1.25812,6.55767,94.3083,3.30376,0.6,15.1071,0.9,41.5787,-11.2036,23.0647,17.7448,38.3587,-38.4816,9.07389,60.9193,70.6911,0.0,0.0,0.2864126034551495
E_S_WW_WM_636,-0.357469,-4.33703,-4.45141,-4.17366,2.02,-1.62,-0.578024,-4.62914,16.6036,-6.62423,-8.98883,0.4,2.17252,0.3,10.9374,7.84816,28.2167,50.2406,-59.9125,39.071,59.0862,37.9884,-57.0252,0.0,0.0,0.2768426762757475
E_S_WW_WM_637,0.764904,7.90004,19.3937,-12.9339,1.65,2.29,17.7764,9.01102,39.1704,-84.5359,-6.78225,0.5,-2.19005,0.1,8.85438,23.1629,-15.2673,-3.70989,10.3125,7.90215,41.0008,16.3814,-9.4962,0.0,0.0,0.2631378782591362
E_S_WW_WM_638,10.0401,2.94791,10.6834,-14.8537,-1.52,0.82,3.77169,9.96033,27.3679,-72.1825,3.49757,0.6,12.1925,0.9,-9.98477,16.7393,14.9701,28.2997,38.5373,-39.4814,28.0688,48.6987,-173.263,0.0,0.0,0.2641209015016611
E_S_WW_WM_639,6.76173,1.75572,-2.16443,-4.61217,2.17,-1.78,2.74223,8.54309,46.983,98.7461,-1.90909,-0.2,18.8171,0.5,4.49291,25.3365,17.3806,47.157,14.5019,9.77373,66.679,-10.2982,7.92333,0.0,0.0,0.2984710303355481
E_S_WW_WM_640,12.9212,5.56472,-7.38987,3.07793,0.97,0.8,4.23273,6.84916,8.77497,-14.8695,-11.1651,-0.3,-5.64184,0.8,51.2385,-0.957591,3.11821,-19.2389,60.117,-41.5564,138.992,58.5213,-79.8697,0.0,0.0,0.2796432584385382
E_S_WW_WM_641,-0.12966,7.21909,3.27384,-11.1758,1.88,-1.35,18.5846,6.66055,35.2915,119.041,-10.9403,0.3,13.2927,0.1,42.3273,-7.45628,17.4925,-24.8261,7.59335,19.2118,15.3978,32.867,-189.353,0.0,0.0,0.2941010146445183
E_S_WW_WM_642,-5.09464,2.28841,13.33,14.5567,-1.25,-1.11,-8.17002,9.09608,36.2046,61.5226,-13.622,0.1,-15.1985,0.5,-4.58096,21.5205,24.6285,51.6505,1.52027,-33.2626,-27.2831,42.4568,-47.4626,0.0,0.0,0.3093052726445182
E_S_WW_WM_643,11.3972,5.19093,15.4863,4.77205,1.86,1.86,-1.13579,1.38658,13.9352,-10.0574,-10.203,0.0,14.6894,0.8,55.681,-16.889,14.3982,-11.1652,-16.2919,4.37627,-2.73959,-40.6231,-58.2181,0.0,0.0,0.2613761933820598
E_S_WW_WM_644,-6.97501,5.43781,5.76662,-18.2945,-1.38,-1.05,2.40887,8.34568,24.8792,112.236,-9.19082,0.2,3.86857,-0.2,59.8252,20.64,26.5054,-8.92706,97.2023,-41.2978,126.936,54.1213,-3.82555,0.0,0.0,0.2825878149667774
E_S_WW_WM_645,10.4494,10.2655,11.2655,10.6622,-0.92,-0.68,11.7248,3.05666,-48.0158,58.3152,0.905203,0.4,23.1238,0.7,51.9943,6.33989,23.8169,47.672,58.8346,49.1972,32.5243,83.3368,55.9193,0.0,0.0,0.2718554286877076
E_S_WW_WM_646,9.67147,1.22362,0.908839,-18.1709,2.05,-0.98,2.8031,7.36683,-48.3127,59.2556,-7.0831,0.0,2.88077,0.4,-8.34413,-19.6513,22.5224,19.8868,123.682,-31.5429,71.0917,-38.7234,71.9545,0.0,0.0,0.2785512498704319
E_S_WW_WM_647,-0.615806,-0.905738,18.0251,11.5578,-1.14,0.45,-9.84809,-1.66975,18.0234,64.3248,0.728531,0.1,21.8622,0.9,42.0216,-6.72329,-29.8534,9.79953,121.02,-26.9409,78.5386,18.3372,-85.2746,0.0,0.0,0.2536568117807309
E_S_WW_WM_648,-7.06221,5.72028,17.05,11.8465,0.0,2.26,1.27978,3.88061,31.8933,-2.02938,0.937835,-0.2,21.9739,0.4,36.6968,28.2259,-12.855,-12.5742,18.3337,17.8059,12.5537,77.1592,-16.2072,0.0,0.0,0.250949516013289
E_S_WW_WM_649,13.4515,11.8105,-0.724237,1.1699,1.15,1.11,9.35298,4.71037,21.7173,-89.1915,-2.18488,0.7,-5.45559,0.2,29.1265,28.0587,-6.96152,48.4513,44.44,-32.4228,-53.7334,-2.73694,-62.0779,0.0,0.0,0.2739072883920265
E_S_WW_WM_650,-5.74785,8.72528,-7.83262,3.15368,-0.07,1.94,13.8596,-4.25102,10.4614,-7.424,3.65584,0.6,-17.425,0.2,48.2702,17.6003,7.4116,43.6733,10.6307,20.6621,-37.6934,33.6014,14.4442,0.0,0.0,0.2777166459833887
E_S_WW_WM_651,11.8991,8.5318,18.2017,-8.82177,0.8,-1.51,-4.03107,3.47031,-11.6622,76.8757,-11.4101,0.1,-6.35346,0.1,33.1491,13.8023,-28.3854,39.1011,-52.3788,45.4762,83.9674,76.2989,45.151,0.0,0.0,0.2977652549368771
E_S_WW_WM_652,6.37871,-4.3914,15.5957,10.5563,2.19,0.11,2.49968,-3.70986,11.2098,73.2503,-0.569034,0.7,-24.6343,0.8,47.3475,10.9705,5.52002,24.4114,82.2922,29.5448,-1.21948,-46.7595,5.16425,0.0,0.0,0.2620032063488371
E_S_WW_WM_653,-0.548153,-5.4625,-0.306051,-5.0992,-1.64,2.17,1.69334,1.36552,37.1911,-31.3437,-3.36425,0.5,-5.98042,0.4,51.7211,-6.0692,-21.4751,-21.7035,72.1543,-47.1879,81.848,23.1056,82.1942,0.0,0.0,0.234854766398671
E_S_WW_WM_654,12.0451,-6.5746,12.8085,6.58543,-1.09,0.3,13.7501,-3.92397,36.0333,-3.21977,-11.2049,0.7,7.41196,0.0,50.2388,16.8318,2.50592,-3.0717,-33.8118,12.6996,39.1891,-27.8196,124.137,0.0,0.0,0.254240281833887
E_S_WW_WM_655,-6.65975,8.63977,8.23361,-0.462653,-0.53,-1.27,10.2986,5.13453,-41.6468,-76.3152,3.75571,-0.3,19.3483,0.1,30.4776,28.6935,16.0299,13.4251,96.3386,-7.29189,-44.2028,8.33861,-108.961,0.0,0.0,0.2631287777109635
E_S_WW_WM_656,-3.06135,-7.16518,9.46763,9.12016,-0.05,1.0,1.05186,8.89138,-10.2844,-71.2809,-7.86969,0.1,24.2705,0.7,-21.5014,12.0606,4.45587,23.8489,112.801,-48.0429,130.506,53.4796,10.3845,0.0,0.0,0.252993379833887
E_S_WW_WM_657,0.21306,8.6935,-2.78645,18.7311,1.85,2.07,10.7363,2.83711,-43.7666,137.129,-3.28942,0.4,5.05348,0.5,-14.9242,-19.4157,15.1054,50.1461,104.803,0.769931,37.9308,4.38192,-171.459,0.0,0.0,0.3117904170166113
E_S_WW_WM_658,-4.86201,0.0283161,10.0879,-2.9783,1.34,-0.26,12.8039,-1.27733,-49.4909,101.068,2.02304,0.6,15.8084,0.8,-14.6239,21.0826,-17.6415,43.2354,61.8747,-33.007,31.5284,43.2712,-63.8137,0.0,0.0,0.2738885687142857
E_S_WW_WM_659,7.23519,-2.75033,10.17,-7.69095,-1.21,-1.6,5.97905,-0.280635,23.3473,-62.6804,-1.7173,-0.2,-5.05194,0.9,5.45043,27.6731,-12.9698,14.8459,-58.9085,-16.6665,89.3249,35.0962,-87.1701,0.0,0.0,0.2484481848039867
E_S_WW_WM_660,-5.90288,-2.46694,15.6414,-0.0671004,-0.25,-0.23,15.7949,7.55469,-26.6092,-44.4814,-13.4429,-0.3,15.4891,-0.2,48.4333,11.3565,-7.18515,48.2731,66.8221,33.477,110.319,31.4914,74.7253,0.0,0.0,0.2657330098704318
E_S_WW_WM_661,-7.24458,9.8841,2.36779,5.1009,-1.65,1.18,2.44185,2.42196,-10.1092,73.4475,-1.34992,0.2,15.3916,0.9,50.502,5.06062,6.51221,32.2828,128.819,34.9304,4.21809,8.83583,-127.547,0.0,0.0,0.2842177234119601
E_S_WW_WM_662,-1.72328,0.978148,3.66799,4.6315,2.15,1.82,-2.56101,-3.06516,46.4132,55.406,-5.8395,0.4,7.93404,0.9,17.2074,24.5449,21.849,44.1818,112.13,-19.0137,97.8469,72.913,-64.1774,0.0,0.0,0.2727777779568106
E_S_WW_WM_663,14.4602,2.73056,-0.236769,-19.842,-0.57,-0.75,6.56771,-4.4375,3.07468,-45.0964,-4.87226,0.0,-10.5897,-0.2,26.6068,22.6033,22.5804,31.0868,20.4083,-0.988351,-15.0242,47.7861,144.523,0.0,0.0,0.2716957291129568
E_S_WW_WM_664,-7.79268,9.63668,-3.67587,0.805103,-0.16,0.35,-6.07674,5.44685,-43.9785,89.8049,-14.3125,-0.4,11.41,0.4,-1.68981,-6.11222,11.7259,14.9076,-43.2089,-41.0702,23.9732,-4.37738,-75.2615,0.0,0.0,0.3153763703920266
E_S_WW_WM_665,-4.00355,6.51376,3.71245,11.7828,2.04,2.2,11.145,-0.450606,-19.0952,-85.8349,-6.94604,0.3,-8.65583,0.1,30.3474,6.48348,23.701,2.28813,32.1409,5.05007,-47.8863,89.1595,149.291,0.0,0.0,0.2661151977840531
E_S_WW_WM_666,1.60259,9.05816,16.7964,14.7924,0.99,2.38,14.3466,0.102146,38.5525,75.9177,-11.083,-0.1,4.1482,0.2,23.765,-14.1531,10.4434,49.3825,75.5069,-22.7958,63.7422,19.1285,120.244,0.0,0.0,0.3016945273654485
E_S_WW_WM_667,1.29557,8.61282,1.76388,1.80805,-0.06,2.03,-3.97907,6.13164,36.4446,-85.3367,-4.53901,0.4,-16.0275,0.1,37.8127,4.19707,25.9741,-4.27476,-39.4115,-31.2785,-1.58575,-59.9832,-9.60573,0.0,0.0,0.2453189734119601
E_S_WW_WM_668,2.49977,-2.62006,5.49599,-14.0463,-0.38,1.75,16.0711,-2.03617,-30.6323,-56.3825,-2.22682,-0.3,21.1608,0.4,52.2886,-4.89548,-7.54908,-3.32784,102.109,-37.7165,-29.7325,-37.9899,-77.0602,0.0,0.0,0.2448510365481727
E_S_WW_WM_669,13.3402,11.199,4.92569,17.1536,0.38,1.37,-4.9674,3.64302,-1.45206,-91.8862,-13.3394,-0.3,3.96711,-0.1,33.6372,19.415,6.51483,3.01426,25.0402,32.9121,-34.4428,-51.973,-85.5948,0.0,0.0,0.2775085634916944
E_S_WW_WM_670,-6.59056,-7.2277,1.47352,15.6346,1.72,0.0,12.0998,4.51472,38.7112,106.344,-14.4793,-0.4,-4.49071,0.5,53.9478,2.4151,-23.1253,18.5805,26.9653,38.3217,136.193,53.0754,-7.45913,0.0,0.0,0.2792542984152824
E_S_WW_WM_671,4.93033,4.58184,9.07404,4.02426,2.09,0.26,-8.29727,-4.35918,21.7038,44.3813,4.67482,0.2,-12.3677,-0.2,40.21,15.0771,29.0557,-8.35653,-1.97348,-20.9176,10.9543,74.9937,53.9155,0.0,0.0,0.2548058867574751
E_S_WW_WM_672,-7.52904,4.73333,-7.97739,-14.4221,-0.65,1.0,-5.05428,4.16714,22.128,122.637,-1.97015,-0.1,-5.56502,0.4,9.64635,-15.413,-6.59796,17.9752,75.0628,-3.15975,-42.5025,49.2412,-99.0218,0.0,0.0,0.3027228776943522
E_S_WW_WM_673,1.45564,3.51997,-5.90472,8.47689,2.4,1.23,-1.40314,4.06437,19.2036,22.3813,-10.9032,0.1,4.97767,0.5,-22.3219,-7.94585,-20.7405,10.3278,103.254,44.3613,147.229,86.9035,-49.9506,0.0,0.0,0.2714630959302325
E_S_WW_WM_674,0.799976,6.21425,6.74231,13.6789,1.67,-0.28,3.59959,4.34346,-23.1197,135.175,-11.0434,-0.2,-23.229,-0.4,-18.1788,17.0091,4.78584,-15.2615,67.1369,11.295,12.6264,85.7089,64.4904,0.0,0.0,0.2982755256411959
E_S_WW_WM_675,4.7714,-4.0526,6.2876,-12.6024,-0.14,1.57,-6.21613,-1.32577,-8.27849,129.07,-12.1652,0.6,19.2582,1.0,18.9732,5.15889,-11.7164,33.9874,81.0894,-4.60111,-45.5281,-26.9094,-163.514,0.0,0.0,0.2721896124285714
E_S_WW_WM_676,-1.77687,-0.899217,5.82266,3.82373,-1.35,1.97,-9.27498,8.69263,25.3634,91.3046,-0.27493,-0.2,-13.7138,-0.1,25.9672,21.2939,11.5319,11.4068,24.7887,42.8154,48.0168,84.1677,75.671,0.0,0.0,0.2638835320199336
E_S_WW_WM_677,-3.35211,12.6235,19.8605,4.91664,1.45,0.6,2.9083,2.08426,0.889515,84.2305,0.201602,0.0,5.41085,0.6,-21.6427,22.1957,-5.83504,-4.19263,51.24,33.7763,-53.3333,-37.1463,-40.904,0.0,0.0,0.2917037135382059
E_S_WW_WM_678,14.7557,-1.52197,-0.669415,-16.0151,0.37,-1.39,0.409288,3.29448,-5.71133,28.5999,-1.28116,-0.3,2.69077,0.2,26.4148,-19.2361,-14.2297,53.0906,51.4293,24.2522,117.52,59.7062,-80.9827,0.0,0.0,0.2679530995315615
E_S_WW_WM_679,7.76582,14.1689,1.19552,-7.43203,-0.09,1.94,7.12814,9.2934,-15.2094,32.6501,-8.8746,0.3,-15.7511,1.0,20.744,-8.76952,-15.6008,1.40378,111.2,17.2422,115.488,65.8777,-11.5565,0.0,0.0,0.2801924671063123
E_S_WW_WM_680,-2.48645,12.3649,9.87665,14.2848,1.55,-1.38,-4.38741,-2.16703,-49.6033,47.119,-6.01564,-0.1,16.093,0.9,36.297,23.8644,8.31832,28.043,61.2235,-9.00923,64.9416,-46.3293,-150.934,0.0,0.0,0.2974289367607973
E_S_WW_WM_681,-0.578123,6.33684,3.79055,7.9076,-0.5,2.37,18.0014,2.94968,-34.8121,98.1723,3.17253,-0.2,5.25728,0.0,15.628,20.33,13.4196,30.0554,125.336,32.0324,101.384,-7.59267,129.067,0.0,0.0,0.2766309131694351
E_S_WW_WM_682,8.176,2.92595,9.30914,6.32041,2.29,-0.13,12.2676,2.99789,43.458,29.6314,-2.89352,0.6,-6.01359,-0.2,48.9547,-17.9923,-9.44041,-2.98264,-51.8421,15.7335,67.074,48.1612,-186.6,0.0,0.0,0.2590253236212624
E_S_WW_WM_683,14.225,14.0428,8.48388,6.2545,-1.23,1.36,5.1749,-2.87182,31.4852,-52.2153,-12.2084,-0.2,17.7102,0.3,6.97536,7.40338,16.9986,-24.2034,31.3474,3.13608,99.0032,9.83525,35.1907,0.0,0.0,0.2783385380697674
E_S_WW_WM_684,8.97993,7.11873,6.49443,14.8911,-1.59,1.48,5.32439,-1.06147,-48.8044,-33.9988,-2.16327,0.6,-23.3269,0.5,4.72482,-15.6274,29.7005,-7.95544,93.5208,-11.5578,-1.03522,60.2739,-24.8767,0.0,0.0,0.2457959934817275
E_S_WW_WM_685,-2.46233,3.70282,13.9702,-18.6714,-1.33,1.67,9.55295,6.4806,28.2581,20.4572,0.796125,0.8,-15.6445,0.6,16.1551,-19.0507,3.61427,21.8427,-31.3631,-29.9379,142.527,25.053,80.5362,0.0,0.0,0.2582030869435216
E_S_WW_WM_686,14.9117,11.6903,8.42473,-7.78832,1.3,1.43,-1.10682,-4.04779,39.9716,80.8977,3.10296,-0.1,-1.46966,0.3,20.8245,26.6472,3.4496,33.7888,-37.1721,-30.8091,143.825,57.7055,11.3666,0.0,0.0,0.2877128491129568
E_S_WW_WM_687,-7.56836,7.25832,1.22504,-8.21326,1.01,-1.3,10.9997,-0.605805,-6.77908,33.6585,4.54363,0.5,-23.5645,-0.3,-20.7657,11.8264,-8.09008,37.0079,-8.36711,-9.30651,-16.0296,-6.43075,-119.57,0.0,0.0,0.2887051928637874
E_S_WW_WM_688,3.13035,3.42508,18.1855,-11.1309,-0.91,0.69,7.24799,6.14556,31.8177,-58.9711,3.92818,0.1,-20.5184,-0.2,33.8697,-10.9198,-11.5174,-11.9691,122.109,34.4452,145.534,43.4288,-8.75718,0.0,0.0,0.2365185559767441
E_S_WW_WM_689,-2.42027,-5.27693,1.8372,13.0724,0.67,-1.25,17.6627,-0.812788,33.7603,48.618,-13.2002,-0.4,-15.3783,-0.1,-12.6768,20.2159,14.4443,-18.4996,103.026,-25.7842,19.9365,-30.1989,-95.1769,0.0,0.0,0.2577587794584717
E_S_WW_WM_690,-6.0247,-5.96851,17.8141,6.4,1.69,-0.46,15.4196,5.34369,-40.7466,32.2258,-4.08795,0.7,2.45642,0.9,43.265,12.1007,12.358,4.15964,56.9466,48.2634,-50.7183,74.2109,-59.6409,0.0,0.0,0.2645997833322259
E_S_WW_WM_691,8.3489,1.72096,4.31193,16.4241,-0.44,-1.08,-1.00204,8.49113,44.0123,41.6157,-7.19333,0.8,-16.1146,0.2,15.3162,28.4966,6.79044,18.9536,-30.7934,26.1719,98.7231,74.5018,-17.8464,0.0,0.0,0.2700692818272425
E_S_WW_WM_692,-0.984406,8.56897,13.845,11.0611,-1.18,1.79,8.19858,8.50611,-17.9458,7.09599,-6.19086,0.5,-11.0677,-0.1,-18.3424,-19.9227,-22.1116,53.8965,101.178,-43.2823,120.702,4.8239,-33.4671,0.0,0.0,0.288487458358804
E_S_WW_WM_693,10.4231,-3.35733,1.64205,-18.7413,1.21,-1.21,5.27698,6.99778,13.3546,-22.0784,1.70953,0.3,-0.00392713,0.8,57.7151,-15.1186,-6.14367,-5.05854,-27.2674,-36.421,101.413,-27.0193,131.183,0.0,0.0,0.2424601082990033
E_S_WW_WM_694,4.99589,10.0179,17.9732,2.76096,1.19,1.86,10.6332,-1.45041,-24.0492,72.0605,-0.388454,0.8,22.8356,0.5,17.623,10.1165,19.9466,-10.0019,129.84,19.4551,132.599,-29.936,-22.2441,0.0,0.0,0.2704243835348837
E_S_WW_WM_695,-1.72994,-3.32696,18.2957,-1.80484,-1.66,-0.3,8.4556,-2.55329,-6.16984,-81.0808,-0.51302,0.0,15.1565,0.6,32.2072,2.29186,27.9652,33.3519,71.562,3.57326,-9.75925,65.2299,4.13438,0.0,0.0,0.2456537477043189
E_S_WW_WM_696,-6.78225,7.35284,12.5561,-3.63019,-0.24,0.55,10.0909,-3.11099,48.0564,50.5379,-11.2561,-0.3,11.7725,0.1,41.6691,15.0459,-13.3777,4.98423,83.2855,34.2759,-6.21867,-56.0253,-100.029,0.0,0.0,0.293964014820598
E_S_WW_WM_697,9.57647,-4.22356,2.2564,-2.83808,1.52,1.03,14.0645,-4.66051,44.2323,132.149,2.62056,-0.2,18.1866,-0.1,31.5132,15.3858,-10.41,-24.7427,-27.6356,40.1925,95.8385,62.1508,-52.4367,0.0,0.0,0.2734809921428571
E_S_WW_WM_698,14.7942,-1.70443,4.66415,12.5388,-1.1,-0.61,8.54318,2.16372,41.1775,29.2328,0.842821,0.6,23.4698,0.9,51.8538,18.3489,-3.55027,44.5543,-25.0496,-33.9209,54.3266,26.6718,-145.471,0.0,0.0,0.258276436179402
E_S_WW_WM_699,3.22923,8.3514,-7.11964,0.299608,-0.66,-0.18,4.94164,-0.958639,38.9943,59.7656,-5.32869,0.6,-16.6619,0.7,-21.2378,-6.31918,19.736,35.7931,-35.5609,-2.36745,89.7489,55.6363,-187.533,0.0,0.0,0.2944361353222591
E_S_WW_WM_700,-1.60505,10.4698,9.9764,9.62379,-0.04,-1.57,18.28,-2.66116,7.14904,149.948,-9.22691,0.0,-17.3533,0.4,4.98828,-8.39301,-12.7634,47.0086,-35.9059,-37.4068,26.6962,79.922,8.04395,0.0,0.0,0.3198101698903654
F_S_WWC_WM_001,10.1099,11.4064,-6.22147,-12.0162,2.26,-0.5,-5.53895,0.988306,-14.4631,88.4825,-12.8101,0.7,-15.4682,-0.3,-9.34836,24.939,1.58493,21.2484,103.785,-25.4121,-15.0242,28.4813,16.4525,1.0,0.0,0.2739070961395348
F_S_WWC_WM_002,1.03776,-2.50048,7.12164,-13.0736,0.43,2.0,-2.40291,2.64545,-23.748,105.888,4.40581,0.7,-6.34908,-0.4,-1.07422,-16.9495,8.157,8.14634,45.08,-36.497,-16.9201,47.0299,125.643,1.0,0.0,0.2243963461096345
F_S_WWC_WM_003,10.4231,7.9281,1.25661,-11.5463,-0.55,1.27,-5.84264,7.94372,49.2193,-33.3192,-5.88646,0.4,11.756,0.6,41.8471,17.3775,1.7845,-14.6882,127.773,35.0857,3.74546,64.5279,-56.1091,1.0,0.0,0.2319473571096345
F_S_WWC_WM_004,14.5334,-1.17721,4.83007,-9.7897,1.41,2.33,12.9959,6.12042,-40.6043,-11.8186,-5.66616,-0.3,31.3316,0.3,9.76643,28.9669,5.58192,40.9572,30.6317,-40.4925,96.1223,21.3611,15.7273,1.0,0.0,0.2372020279468439
F_S_WWC_WM_005,12.4013,14.4599,-7.42478,1.53958,1.61,1.63,9.68012,1.45601,-42.2052,-84.3797,1.01613,-0.2,21.7387,0.0,24.237,-12.3992,-6.84681,35.6022,93.1151,-10.7627,125.788,-23.9256,94.305,1.0,0.0,0.2653965985681063
F_S_WWC_WM_006,-1.18239,-4.10419,-5.55715,-12.5462,-0.02,-0.16,15.3545,-4.72003,-15.7586,-78.7228,-8.19869,0.4,30.444,0.3,13.9644,-10.9339,-28.0959,0.11702,46.9778,-6.3394,145.416,68.9509,-101.955,1.0,0.0,0.2381062968272425
F_S_WWC_WM_007,-3.54572,3.7762,7.85474,10.048,-1.11,2.45,10.4281,3.52759,10.0366,139.572,-3.17983,0.5,-30.7598,0.8,36.0917,24.216,-3.12102,10.687,105.616,4.99401,135.069,-48.7666,-23.5455,1.0,0.0,0.2347400717475083
F_S_WWC_WM_008,12.633,-7.61369,17.1409,5.99832,-0.13,-0.49,-8.88564,-1.46593,13.8096,54.7081,-7.33866,0.6,-8.4669,1.0,-14.025,-5.04874,-12.8986,-2.24489,20.6727,-30.2447,107.968,-30.7289,38.0441,1.0,0.0,0.2264283943388704
F_S_WWC_WM_009,-3.21032,-5.6486,19.5418,-13.942,0.32,1.33,-9.58623,-1.39111,-32.8516,74.847,-6.86976,-0.1,32.6224,0.0,-17.4558,17.9963,-12.1105,37.9954,47.7272,-34.6912,90.9158,29.8537,146.229,1.0,0.0,0.2452279049401993
F_S_WWC_WM_010,6.97352,-2.88655,9.75021,-11.8799,0.19,-0.01,-6.24626,8.85415,27.9209,-25.1838,-14.9975,-0.3,7.71707,-0.3,1.80588,-2.36095,-24.5383,15.6597,20.4083,37.1007,0.165822,61.3787,9.76996,1.0,0.0,0.2630768279800665
F_S_WWC_WM_011,6.57949,6.66561,18.5067,5.45106,-1.03,1.7,-2.58923,3.07084,35.2706,36.4613,2.9379,-0.1,19.5965,-0.3,-12.0307,22.9391,-9.10648,21.4199,-38.8848,-32.4435,-58.1035,11.9651,-191.549,1.0,0.0,0.2441511254086378
F_S_WWC_WM_012,6.44534,13.862,-1.1711,4.30775,-0.22,0.75,-8.17002,-0.122375,13.6006,113.506,-4.48472,0.7,-9.41029,1.0,44.1145,-19.9608,8.75904,-1.53181,17.8193,29.3918,39.919,-12.4171,-174.869,1.0,0.0,0.2406909709767442
F_S_WWC_WM_013,1.12961,5.62857,9.94859,-16.5333,-1.64,-0.11,-8.74561,2.76618,9.70142,-82.2163,-13.0838,0.2,19.0303,0.8,44.8196,26.8822,-3.40121,23.3798,65.5835,-3.82065,137.84,0.33236,-151.535,1.0,0.0,0.2562511872126246
F_S_WWC_WM_014,-2.96256,-7.55522,0.399867,7.48649,1.81,-0.72,-6.57662,9.95368,-46.6874,-59.3641,-11.6008,-0.2,20.9111,0.0,30.1805,4.22348,18.7686,28.5819,-14.1449,12.8771,94.6877,-38.9676,-26.1092,1.0,0.0,0.2597729417774087
F_S_WWC_WM_015,13.8832,12.4585,13.4468,-17.006,-1.55,1.29,16.2663,3.56231,44.9859,114.335,-1.04122,0.2,-11.6541,-0.3,0.642986,6.19208,-2.41841,-0.873207,39.4812,5.72965,120.126,32.523,53.4,1.0,0.0,0.2454230023920265
F_S_WWC_WM_016,-0.405066,13.7781,-7.15801,15.3269,-0.85,-0.17,6.27646,-4.20453,-20.2767,56.2908,-7.36818,-0.3,-17.7253,0.0,8.74272,25.3704,18.2868,12.8457,-15.9314,12.1756,-17.3021,-16.5856,-88.3032,1.0,0.0,0.2621398269933555
F_S_WWC_WM_017,1.97793,-6.34605,6.55712,-4.85708,-0.86,-0.36,7.38657,-3.73617,-45.6278,-43.1497,1.79762,0.7,-3.73027,0.4,1.69229,1.99823,19.2095,25.4256,-14.5115,45.9524,-37.3922,-28.46,-184.179,1.0,0.0,0.2343433907541528
F_S_WWC_WM_018,8.42412,13.4793,3.00788,2.44136,-0.36,-0.29,-7.37007,1.82983,-36.1622,19.0177,-11.6486,0.3,7.30238,-0.2,23.015,18.6451,-28.74,40.5623,77.7317,-32.8365,40.3494,-56.188,-188.105,1.0,0.0,0.2699577606179402
F_S_WWC_WM_019,-7.3255,2.8285,4.73723,13.5171,-0.51,0.38,1.71146,-0.474428,11.7326,-55.0455,-4.03375,-0.2,11.2327,-0.3,48.6114,-15.9121,3.99588,44.8749,84.115,4.74663,-46.5623,-15.0785,94.766,1.0,0.0,0.2731119025946844
F_S_WWC_WM_020,7.94051,-3.16809,5.39829,-7.96629,0.36,1.39,14.2488,6.66055,25.8901,55.8636,-3.91464,0.3,-38.9589,1.0,28.3864,24.3715,-11.3817,53.1882,-3.18943,37.6009,35.4897,17.73,-172.043,1.0,0.0,0.2511420741860465
F_S_WWC_WM_021,-6.86378,5.51033,-0.685933,-0.0671004,-0.26,-0.1,9.60067,5.42122,34.4282,-11.3987,-0.010091,-0.3,-1.46415,0.3,-23.0138,-0.756505,-1.08802,14.7459,-9.08559,21.2528,46.111,-57.1347,142.137,1.0,0.0,0.2669103008803987
F_S_WWC_WM_022,3.52084,-2.83567,18.3826,-19.5256,1.46,-0.28,11.3657,3.54719,22.7839,-53.719,-11.7221,0.2,37.7065,-0.1,39.8712,-17.7849,-25.9193,3.79363,6.0343,-27.9975,95.4318,-55.1658,-119.453,1.0,0.0,0.2334975288073089
F_S_WWC_WM_023,-4.87858,5.45388,-3.42238,-12.2633,-1.46,-1.34,-2.91008,8.30006,-22.051,113.641,2.37814,-0.3,18.4138,0.9,34.6579,-17.6361,-11.9337,-10.1461,-22.3522,15.2236,64.442,24.2438,24.6809,1.0,0.0,0.2123627599003322
F_S_WWC_WM_024,4.4463,-4.57939,2.54147,-10.6458,1.69,-0.94,5.6076,7.44182,16.9014,136.853,3.14941,-0.3,-32.7334,0.8,-3.39338,-3.84612,9.96939,54.9885,66.2325,-30.3773,87.0861,53.6408,-152.546,1.0,0.0,0.2537678622491694
F_S_WWC_WM_025,-4.39241,10.2037,8.72984,3.39793,-0.71,1.63,10.4966,0.0918085,1.13379,-29.2698,0.587417,-0.2,-21.98,0.9,18.493,11.379,-3.76446,51.7605,38.3587,-48.862,149.105,75.2262,-46.0773,1.0,0.0,0.2728169275049833
F_S_WWC_WM_026,-6.31272,13.3011,5.68266,15.9415,0.85,1.51,12.7882,-2.07286,-28.7895,149.3,3.28345,0.1,-15.9103,0.8,6.3967,-8.4709,-12.189,-15.6113,66.0353,14.989,-34.0072,68.7317,19.6924,1.0,0.0,0.2207932641760797
F_S_WWC_WM_027,-3.10985,5.92065,17.0092,-11.2134,1.43,1.6,10.69,3.86315,19.9555,137.495,-11.303,-0.1,-12.0609,0.2,-20.4407,25.9192,-0.932244,27.7268,-6.61818,-40.3024,48.7746,-48.0673,-148.771,1.0,0.0,0.2850242572890366
F_S_WWC_WM_028,-5.56375,11.3824,17.3038,8.7727,-1.62,1.89,13.4901,6.24127,7.1409,-47.2417,-10.2319,-0.3,-5.37119,-0.1,41.0484,24.4482,28.9555,-4.40516,52.2688,-1.99856,61.8086,35.5504,-182.001,1.0,0.0,0.2640821824152824
F_S_WWC_WM_029,12.9335,-4.0526,6.26527,13.7199,0.94,2.45,0.772729,9.37148,-14.0135,147.634,2.42086,0.2,16.8725,0.7,-9.81795,0.555643,4.94047,53.5322,30.7721,-4.53353,22.2615,13.7652,49.6413,1.0,0.0,0.2302760269401993
F_S_WWC_WM_030,-4.61031,-3.5626,7.19624,12.2256,-1.53,2.47,0.596081,-1.61839,31.3813,-67.2589,-3.39965,0.0,-29.5612,0.1,46.8148,-7.35808,-4.09663,17.2496,-35.5609,31.1653,55.6087,62.8302,-154.038,1.0,0.0,0.243422859089701
F_S_WWC_WM_031,7.43103,5.77852,8.83336,2.56593,1.77,-1.09,-6.68081,-3.63749,34.4601,76.493,3.01195,0.5,-28.456,0.2,-6.6081,-7.30691,-13.1767,-17.9121,121.107,45.674,91.8386,-17.9835,-2.20381,1.0,0.0,0.2160664820398671
F_S_WWC_WM_032,9.01404,6.63156,6.23093,-14.1893,0.58,2.39,5.72979,-1.95351,-38.5537,37.864,-14.2378,0.2,-24.6054,0.7,-12.8077,-14.2347,15.9841,44.4371,26.3825,18.933,-43.3371,-37.1463,40.0421,1.0,0.0,0.2774882397242525
F_S_WWC_WM_033,-6.59056,5.21053,-2.28445,16.3777,0.26,1.35,7.85351,4.10143,-30.938,105.464,-1.69803,0.8,-2.86719,0.1,27.1462,11.6582,-28.8417,-2.08886,67.9503,46.5323,85.6384,14.2271,-134.24,1.0,0.0,0.2375031211960133
F_S_WWC_WM_034,1.78754,-6.93043,14.263,9.98018,0.83,1.52,-0.108049,-2.63363,-27.6149,-57.2714,-6.16182,0.4,10.0594,-0.1,-18.2871,17.3151,29.7656,-12.3409,-26.0983,-13.4829,-33.2747,1.40551,33.2938,1.0,0.0,0.2308311162757475
F_S_WWC_WM_035,6.69669,10.2843,19.2933,5.84961,0.89,1.68,1.07035,5.37716,-21.5282,-73.9516,-4.96107,0.2,-38.5239,0.1,16.7989,-14.587,-9.35402,17.6741,-20.4865,43.8277,28.2571,40.5237,123.512,1.0,0.0,0.2655377379534884
F_S_WWC_WM_036,5.20527,-7.05529,-6.98621,-2.83808,0.22,0.08,0.698215,0.178346,15.1586,142.078,-3.83046,-0.4,-11.9176,0.4,14.4584,18.4153,-0.85356,-5.65076,17.3291,11.6634,77.0161,41.3316,147.043,1.0,0.0,0.2359874519900332
F_S_WWC_WM_037,6.05617,9.80279,1.41006,7.70639,0.55,-1.71,-9.34656,-2.24316,19.7967,-65.8647,-0.89665,0.3,-0.559962,0.5,27.2264,17.9151,-29.3865,10.445,69.2763,-25.483,144.935,83.6234,-151.397,1.0,0.0,0.2408062588903654
F_S_WWC_WM_038,14.3719,3.37511,-3.45133,-8.35168,0.01,1.74,-9.66225,0.754837,41.0307,-66.2037,1.13868,0.1,-31.7043,0.2,6.91594,-19.719,-14.5817,-18.4117,95.0554,-20.3612,53.1141,73.5296,-88.8425,1.0,0.0,0.2176825395448504
F_S_WWC_WM_039,0.352927,4.27399,-3.73338,17.2916,0.1,-1.64,4.04963,0.789449,-7.53291,30.1667,4.96599,0.6,17.7352,0.1,40.021,29.7907,27.0799,7.4309,82.09,20.0841,45.6146,72.3531,66.1779,1.0,0.0,0.2416995306245847
F_S_WWC_WM_040,11.5596,3.03627,-2.04842,-18.6151,-1.77,2.3,-0.215358,4.46855,-2.52196,104.738,-1.14567,0.4,-2.79636,1.0,38.5593,24.5908,2.33707,38.2728,-33.1039,-4.92039,83.4428,25.2022,136.714,1.0,0.0,0.2370920590398671
F_S_WWC_WM_041,4.09642,7.97004,14.1943,9.78241,2.0,-0.66,-9.79986,0.15979,24.5197,-21.7386,-12.015,0.6,26.8853,0.0,55.3732,5.81572,27.2336,22.3623,98.6354,11.9421,96.7248,27.6344,77.0761,1.0,0.0,0.2584928033554817
F_S_WWC_WM_042,6.39585,6.92739,0.457716,10.9882,-1.37,-1.69,14.7947,7.56156,-39.3882,-28.3226,-0.585328,0.5,2.78356,0.8,-23.4437,21.44,-6.27271,0.994433,125.836,31.8473,19.5392,-1.10282,109.13,1.0,0.0,0.2301702341661129
F_S_WWC_WM_043,1.31979,13.6947,9.42833,2.03442,0.89,-0.4,-2.50209,5.16144,-49.7657,83.9049,2.66687,0.1,27.0032,0.7,20.3743,-11.657,18.3606,-16.1725,32.8735,20.4385,139.896,73.8565,-173.595,1.0,0.0,0.2224652261362126
F_S_WWC_WM_044,4.40908,-3.07673,16.4215,9.38687,2.14,0.73,12.6016,6.95339,-42.4619,-6.37813,-8.96833,0.3,-13.8493,-0.2,29.7575,23.3228,-6.74542,-8.5401,-59.1558,-31.9442,109.725,78.0195,84.2819,1.0,0.0,0.2351487055747508
F_S_WWC_WM_045,-1.54275,8.26849,8.02276,-14.6896,0.19,-0.84,10.3785,3.60404,-20.7554,-55.5229,-14.7152,-0.2,-28.9246,-0.3,31.9796,22.4257,-27.3962,52.865,-4.13193,1.80785,0.943952,45.055,-136.784,1.0,0.0,0.2932965298006644
F_S_WWC_WM_046,0.0703992,-0.233712,6.56576,3.67604,-1.28,-1.16,-8.94106,7.38831,-40.27,30.9418,-0.795495,0.7,9.4827,0.8,49.3001,13.2654,21.849,7.00691,-46.2112,-26.0759,112.593,19.7153,76.8045,1.0,0.0,0.2215663088372093
F_S_WWC_WM_047,10.7475,-1.88573,6.85358,1.20524,-1.07,-0.91,11.66,8.09691,-7.7568,-92.998,-5.76663,0.0,7.63005,0.1,-6.36764,24.0717,18.0311,0.43422,5.93888,15.3816,122.096,-27.6029,-194.365,1.0,0.0,0.2209188491561461
F_S_WWC_WM_048,8.87437,9.5542,19.8196,-11.3892,-1.03,-0.38,-2.16796,3.99054,-29.468,146.33,-6.22511,0.5,-23.8553,0.5,59.0362,-4.00774,12.5042,-10.5057,70.0449,7.06585,-4.26026,49.6234,-110.053,1.0,0.0,0.2369267375913621
F_S_WWC_WM_049,-3.78489,-5.5895,-5.57345,9.59035,0.79,0.84,-4.67783,3.96676,-21.1336,95.5069,1.53689,0.0,-38.9717,-0.3,18.1899,5.75139,27.8176,-10.129,95.8695,-7.12425,143.377,17.0441,87.1995,1.0,0.0,0.2331549113986711
F_S_WWC_WM_050,12.7292,8.3514,-6.93812,6.1202,0.45,1.66,11.325,-2.81128,-38.9001,8.37807,-11.9864,0.7,-6.78611,0.4,32.711,0.683829,-7.2127,52.7046,-17.5864,-27.62,114.124,44.9356,133.68,1.0,0.0,0.2660976615315614
F_S_WWC_WM_051,4.01519,1.78951,3.97158,8.68468,0.75,-1.12,-8.04017,4.31784,-2.88838,30.3365,-11.4571,-0.3,-18.7737,0.8,10.5327,13.1763,-26.2913,-12.9201,-42.1535,-15.2952,147.512,-48.9059,-59.4077,1.0,0.0,0.2328474357607973
F_S_WWC_WM_052,-6.06268,4.02723,0.876975,-18.9561,0.29,-1.73,16.5415,-1.56345,-43.1796,-49.2291,-4.35783,0.2,2.67565,0.3,24.4472,22.0625,-5.43766,36.2583,-35.8355,-35.8973,99.9447,76.8117,-1.24425,1.0,0.0,0.25700666120598
F_S_WWC_WM_053,-3.64647,11.6744,19.2246,-13.3196,-0.29,2.08,0.0795703,1.81397,-46.3118,3.68666,-9.01439,-0.2,3.59731,1.0,13.0789,1.05082,11.2466,-19.7039,57.099,-8.83084,112.34,-0.641698,-65.1885,1.0,0.0,0.2504749031561462
F_S_WWC_WM_054,4.26423,4.82081,-0.0237125,12.9125,2.33,-0.77,-0.638662,-0.0671311,36.9819,16.2219,-6.03981,0.5,26.7122,0.8,-3.00514,15.5079,-11.4415,-19.0879,63.7381,-47.553,-13.8043,36.772,-198.922,1.0,0.0,0.2287213004551494
F_S_WWC_WM_055,13.1353,0.0283161,9.46763,-10.9935,0.59,-1.13,-1.64344,-4.92366,14.5829,-61.2858,-7.48999,0.3,8.32843,-0.1,9.89929,-7.68389,-26.8854,23.6259,104.28,-45.9744,21.6572,-57.8694,85.6533,1.0,0.0,0.2487405878272425
F_S_WWC_WM_056,-0.0388756,7.41232,12.3098,16.6153,1.09,0.95,-9.55242,6.90909,10.2509,46.4007,-12.5634,0.1,23.2907,0.6,-24.9286,12.1821,18.2327,0.679624,-55.6252,-10.1332,86.0909,12.9676,126.022,1.0,0.0,0.2496333797275747
F_S_WWC_WM_057,-5.98851,4.07936,19.7971,18.6016,0.72,-1.23,1.48677,1.84382,45.866,4.22485,-8.37552,0.0,-21.6,0.4,38.3261,-15.4442,-21.8855,4.0334,-4.87615,14.6786,90.8275,-14.2313,59.9834,1.0,0.0,0.2415255923554817
F_S_WWC_WM_058,-6.8927,1.55394,5.08488,2.95786,0.44,-1.36,-2.67982,5.09923,-33.9468,-86.4654,-2.27495,0.6,29.165,0.5,8.59919,-12.4803,-3.45668,48.9472,45.9269,1.12825,148.312,30.386,137.382,1.0,0.0,0.2448206618770764
F_S_WWC_WM_059,1.16844,8.81047,7.91095,-3.98225,-0.61,-0.13,9.98959,3.75343,-43.0258,70.4447,-5.71221,0.2,-12.4045,-0.1,-24.4181,8.45809,27.5041,-13.1739,43.9449,-47.0876,80.607,-29.3383,113.353,1.0,0.0,0.2353803389169435
F_S_WWC_WM_060,-6.70991,-6.24441,6.3333,1.3463,-0.58,-1.5,13.4125,2.1444,21.9391,-8.04368,-2.28827,0.5,38.5761,-0.1,40.6825,1.12416,9.69321,23.7555,113.983,-46.3008,96.9151,45.4771,-90.8983,1.0,0.0,0.2330554989468438
F_S_WWC_WM_061,-3.95586,2.86378,-0.669415,-16.6812,0.06,2.29,-1.84489,4.78959,-5.77822,-50.1428,-8.07586,0.7,-23.2956,0.9,-17.8994,3.72529,20.2116,39.4137,99.5412,-14.486,42.0532,-7.94132,-138.19,1.0,0.0,0.2626446304817276
F_S_WWC_WM_062,14.309,6.54768,-6.35709,-9.66101,-1.33,1.18,13.3778,-1.22066,-26.9623,71.2527,-7.85074,0.2,-4.37526,0.6,-3.82904,28.2051,-13.8843,18.3368,49.5375,44.6226,51.4212,3.73091,-27.9658,1.0,0.0,0.2531275138039867
F_S_WWC_WM_063,12.6839,12.234,-5.32359,6.92844,1.16,-1.59,-1.9296,-2.04512,20.5853,-48.2582,-10.3974,-0.1,-34.8116,-0.4,-8.13199,15.4381,-0.180289,29.7391,8.79057,23.333,75.0177,70.1269,-25.4477,1.0,0.0,0.2854264903687707
F_S_WWC_WM_064,11.485,3.0891,-0.156867,-10.4207,-1.34,0.88,5.11886,-2.25905,47.2631,140.652,-13.2002,0.7,0.962912,0.4,47.9245,-10.5186,22.5224,-20.9739,26.8025,-23.0547,72.6185,77.9713,-98.6488,1.0,0.0,0.2362636633056478
F_S_WWC_WM_065,3.68679,3.21829,-5.85023,-12.2034,-1.08,0.21,-6.36673,6.64293,-44.1067,-79.4199,0.120779,-0.2,-19.4659,0.9,0.36407,18.8088,-17.3213,46.3782,51.6223,19.2904,37.765,51.8599,-109.935,1.0,0.0,0.2629066174285714
F_S_WWC_WM_066,5.2301,1.38006,-7.47713,-12.9914,-1.55,1.91,11.2614,2.00545,-42.2904,-49.1283,-2.42039,0.6,-24.6934,0.0,27.8351,22.8886,12.1077,-1.9036,-14.9876,17.6989,73.4172,-48.3214,14.8278,1.0,0.0,0.2136516122790697
F_S_WWC_WM_067,1.49218,8.4468,2.79728,0.958303,1.92,-0.78,-5.37821,3.33305,3.07468,143.336,-1.86766,0.7,34.8825,0.7,-0.856744,26.9475,-8.05447,30.1461,95.5656,42.4647,129.561,30.161,-84.0097,1.0,0.0,0.2586419938704319
F_S_WWC_WM_068,8.65745,8.99024,8.79453,5.66608,1.03,0.58,-0.314952,-0.52494,-47.5101,-70.65,-2.10159,0.1,32.8529,0.4,45.495,25.0571,-16.1636,-8.30319,-30.522,-48.5251,40.6694,15.8643,-113.417,1.0,0.0,0.2279907033920265
F_S_WWC_WM_070,6.81563,-1.2177,-6.56008,3.60531,-0.1,-0.8,8.96836,-2.91352,32.3345,17.598,-6.61017,0.5,10.329,-0.1,-21.4003,27.084,-2.6999,47.5399,81.92,37.2096,-0.329092,-3.92932,-195.616,1.0,0.0,0.2505548815249169
F_S_WWC_WM_071,5.16265,-6.99089,7.00028,-8.09272,1.48,-0.58,14.1384,8.37785,2.67085,-82.9623,1.26841,0.7,-22.1097,0.4,24.9108,19.2907,24.3591,-21.4439,-10.7403,-6.54833,-20.5518,63.0411,-109.202,1.0,0.0,0.2240378824651162
F_S_WWC_WM_072,-7.08536,-7.41645,1.70528,-13.4914,-0.31,-1.27,11.4561,8.06763,10.9957,-17.2091,-12.8885,0.7,-19.2613,0.6,35.0653,5.39458,8.69396,51.0981,-6.44178,5.14348,72.1611,80.6637,54.7768,1.0,0.0,0.2737598103455149
F_S_WWC_WM_073,2.01438,-2.96881,5.55751,-18.067,0.77,-0.64,-8.02077,1.02883,43.3045,32.9451,1.89421,0.4,38.9495,-0.3,15.1732,18.1055,1.18185,-3.49731,78.2988,11.1016,74.281,63.3661,-195.349,1.0,0.0,0.2086054981461794
F_S_WWC_WM_075,13.9331,-1.16466,14.343,19.3653,-0.78,1.1,4.48063,7.32167,31.6496,144.769,-9.27697,-0.2,-6.11959,0.9,16.5981,0.144484,4.85756,-16.2127,-17.7229,20.8284,12.0725,66.794,0.458509,1.0,0.0,0.2260137084119602
F_S_WWC_WM_076,8.47163,0.168285,-6.37973,-7.61462,0.15,0.44,14.657,6.57401,-43.5714,9.89722,4.78586,0.6,-8.42237,-0.1,24.7564,-14.8994,-2.88566,-7.45974,119.717,-39.6603,122.338,-9.38895,-108.961,1.0,0.0,0.2049578880332225
F_S_WWC_WM_077,-1.52524,2.35977,13.6815,-14.0748,-0.89,2.1,17.1326,-3.03373,35.7446,-73.1301,-7.65598,0.1,-25.4996,0.4,57.8685,7.98449,12.6356,37.0079,87.699,-27.4403,132.781,27.1138,-185.266,1.0,0.0,0.2521056236112957
F_S_WWC_WM_078,6.0752,3.63529,1.03659,-3.17428,-0.18,2.08,18.0556,4.34223,-12.2671,148.793,-7.482,-0.1,-39.8823,0.0,27.6621,-18.8328,17.1321,23.1288,71.2083,-8.55942,27.2912,-59.2143,21.7907,1.0,0.0,0.2498258785481727
F_S_WWC_WM_079,11.1432,5.25679,-5.30186,15.2918,1.21,2.18,-1.05702,0.780783,-18.8297,54.3632,-0.115303,0.5,-0.348883,-0.2,35.8074,25.1178,-14.182,11.4857,-41.883,1.44293,-51.6168,80.0676,-33.5897,1.0,0.0,0.2500608444385381
F_S_WWC_WM_080,3.63991,-0.602776,15.3919,-4.12416,1.66,0.06,2.8031,8.96062,37.9358,-83.2544,-12.3034,0.3,-30.676,-0.1,-1.89964,-13.7564,6.64123,50.6538,62.4915,21.847,-2.42089,-47.77,104.271,1.0,0.0,0.2654485617541528
F_S_WWC_WM_081,-6.43278,-3.23396,3.62362,5.6013,1.36,1.75,9.37729,6.53094,-0.48562,-39.8002,4.54363,-0.3,34.5849,0.7,2.37074,4.30935,-25.1647,16.16,106.746,35.2674,-12.6869,19.5177,60.0568,1.0,0.0,0.2188047524418604
F_S_WWC_WM_082,-4.21357,-0.0894318,7.11488,-8.87454,-1.4,-1.62,-3.1281,6.55532,24.3209,-43.8126,-12.6938,0.7,7.04659,0.9,12.3103,9.58312,-17.5703,16.741,40.1414,27.2799,22.9983,-54.4601,115.332,1.0,0.0,0.2530541749667774
F_S_WWC_WM_083,0.437422,12.4724,4.15309,12.9717,-0.62,0.64,13.1116,-2.31166,-47.2688,-10.7007,-1.78618,0.0,12.8097,0.8,-9.6818,-18.461,19.6548,24.2571,-44.7912,40.6658,69.4386,17.4182,92.1014,1.0,0.0,0.2616941625016611
F_S_WWC_WM_084,12.2492,-5.72543,8.67513,5.90266,-0.76,0.73,4.38943,-0.0200747,-12.4536,40.1784,-9.46416,-0.2,35.3167,0.4,56.1875,23.7151,-1.59406,44.2848,59.9544,45.2873,113.389,-44.8365,-153.417,1.0,0.0,0.2332094869069767
F_S_WWC_WM_085,10.1618,-4.48591,19.5827,-14.1443,-0.88,0.43,-2.65709,-4.06031,29.5708,83.4885,-5.30543,-0.1,7.88542,0.8,25.0686,-5.64847,13.0466,45.8151,59.1773,32.1505,109.008,23.4909,117.017,1.0,0.0,0.2350905408372093
F_S_WWC_WM_086,-0.527802,-4.58863,13.033,-16.9344,2.07,1.22,-7.14646,-1.25088,3.7399,-26.3253,-5.15837,0.6,-18.6296,-0.3,25.3921,-1.47266,16.9421,-0.0188411,61.7582,-22.4399,65.4327,-59.7181,-37.9416,1.0,0.0,0.228599334923588
F_S_WWC_WM_087,-4.76577,8.51474,-5.75477,8.8656,1.74,-0.72,18.6646,-3.50066,22.5832,-69.6234,-1.98936,0.5,22.0669,0.8,-13.785,7.75658,-17.8279,2.35485,29.7169,13.2822,75.8858,23.5726,130.706,1.0,0.0,0.2487661209966777
F_S_WWC_WM_088,11.3461,7.75124,19.663,11.7301,2.44,-0.9,0.993177,2.71796,7.84573,127.433,-0.158323,-0.2,34.2851,0.2,-5.80491,-1.93688,20.6478,-23.2979,4.79,-14.0738,28.5533,63.7636,6.22801,1.0,0.0,0.2322272681727575
F_S_WWC_WM_089,-0.0568439,-6.40049,-1.54967,-0.739422,0.65,2.36,-8.97293,5.3507,-43.4139,10.7673,3.70839,0.3,-22.8324,0.4,34.3541,1.23099,-12.6555,-14.0347,-9.33593,26.6183,46.96,38.8595,-50.0596,1.0,0.0,0.2102650699900332
F_S_WWC_WM_090,6.17557,13.0753,4.35773,18.7679,-0.9,0.78,1.88285,6.30112,-41.9653,115.69,-3.78206,0.1,-1.50266,0.0,-13.3246,-15.068,-25.8855,35.0147,-30.4024,-20.1443,-7.63838,70.302,37.8277,1.0,0.0,0.2779856348172757
F_S_WWC_WM_091,13.9988,12.5763,14.7906,-0.256689,1.91,0.67,2.6472,5.826,-3.44286,-12.5098,-12.987,0.0,15.4767,-0.2,-12.3638,29.2967,13.0099,32.6107,-18.4644,9.43234,-59.486,41.6892,103.245,1.0,0.0,0.2833722117774087
F_S_WWC_WM_092,4.19069,-4.13208,9.68052,8.71621,-1.42,1.52,-3.65586,0.62972,-8.80952,-25.3726,-8.76062,0.5,-7.03606,0.5,47.1069,20.5667,-20.0274,54.7295,-49.6694,-38.582,-32.8444,-54.8688,12.3691,1.0,0.0,0.2538488612126245
F_S_WWC_WM_093,5.06481,2.49074,12.2158,16.759,-0.79,-1.03,3.4795,-4.69645,-16.4054,93.7819,-13.5015,0.5,-31.496,-0.4,5.51448,23.5265,-7.88261,0.487496,53.0947,-35.4444,109.961,-39.611,-66.6255,1.0,0.0,0.2299511489534884
F_S_WWC_WM_094,12.0801,9.59945,12.5088,19.2681,1.75,0.69,4.72632,-3.42787,-35.7098,-15.3577,-1.0577,0.3,26.1749,-0.2,-2.48605,3.30694,25.5184,47.9609,40.7519,-32.8962,105.055,34.157,-21.1387,1.0,0.0,0.2547632115116279
F_S_WWC_WM_095,2.14762,9.96602,2.59573,13.1608,-1.68,0.15,-3.6691,3.92401,0.160939,-0.424535,-9.8336,0.2,24.9398,0.8,42.8141,-11.5165,-25.3382,-17.4027,57.4535,-8.63785,-9.03726,88.5682,135.488,1.0,0.0,0.2479999977641195
F_S_WWC_WM_096,2.32805,-7.82788,-2.47309,13.5964,0.05,0.88,10.4821,6.45353,39.5244,90.273,3.3902,0.8,28.8138,1.0,31.0421,10.4971,9.78999,-0.136251,-54.0827,35.9741,-7.3669,45.6949,-29.9495,1.0,0.0,0.205324509089701
F_S_WWC_WM_097,0.997573,5.31814,6.78325,-16.7611,2.08,0.22,12.3594,3.19969,-22.7576,38.7674,-10.3502,0.1,33.2576,-0.4,44.8676,-3.09164,28.8369,40.6286,93.7792,28.1677,-5.96067,-44.4408,76.2592,1.0,0.0,0.2653934849966777
F_S_WWC_WM_098,6.49807,9.02438,-5.00505,5.54949,1.24,0.37,1.16697,-2.39352,-24.9142,-18.8325,-13.5189,0.7,35.7901,0.6,-18.9716,-18.6849,0.0289985,5.9175,14.061,-5.0426,-40.511,78.9662,-89.1844,1.0,0.0,0.2678167912857143
F_S_WWC_WM_099,7.55305,0.439101,-3.85085,0.0973435,-1.25,-1.01,-9.96959,-4.39533,45.725,-87.0297,-6.76182,0.1,-7.73461,0.0,21.8623,8.29412,-10.5777,28.6874,-15.6898,37.3062,111.482,-32.812,84.6768,1.0,0.0,0.2504258543056478
F_S_WWC_WM_100,12.8486,11.8244,-4.49123,8.24463,-0.2,0.28,14.8651,-1.926,-31.7686,96.1536,-11.9197,0.4,-34.3014,0.3,38.2047,1.81866,-1.9729,-23.9465,128.433,3.96813,-27.8243,-39.7277,-146.552,1.0,0.0,0.2425371225747508
F_S_WWC_WM_101,3.28302,-1.35015,13.7672,-9.41544,-0.64,1.93,18.4869,0.45914,46.5686,92.4451,-0.195517,0.2,-1.66649,0.7,-18.7878,28.4009,21.676,-2.34256,-26.6007,-42.1468,10.597,75.5029,-26.7505,1.0,0.0,0.2162518774551495
F_S_WWC_WM_102,-3.26263,10.1715,3.45405,-11.4947,-0.84,0.43,10.8037,-3.83319,22.4358,-9.14081,-9.98544,0.0,31.4751,0.7,-11.3822,-11.3595,22.9206,43.4589,82.7924,-26.3583,-59.8167,46.8354,-171.92,1.0,0.0,0.2801257735315615
F_S_WWC_WM_103,13.829,14.8996,3.08507,15.5196,0.21,0.25,-9.07096,0.19474,35.5994,-19.5455,-11.9519,0.7,-37.3888,0.3,25.2181,19.2037,-15.1465,17.0968,41.2649,-10.6132,131.323,-26.3131,100.86,1.0,0.0,0.2622621331694352
F_S_WWC_WM_104,12.2,-4.89283,-2.09734,-4.98482,-0.6,2.28,0.64675,0.360836,37.4293,-28.8691,-11.4976,0.7,16.9512,0.7,-10.3374,22.4881,-17.1686,46.4631,89.3351,9.93527,128.399,46.3363,-34.7023,1.0,0.0,0.2379641036378737
F_S_WWC_WM_105,-4.72684,-1.7724,16.2315,-1.18113,2.46,0.81,-7.57116,2.26483,45.4339,128.574,0.178894,0.4,2.53835,-0.2,-9.8215,0.943999,4.48476,46.7063,-20.9021,-12.7937,-26.425,-1.98531,-41.5519,1.0,0.0,0.2528675962192691
F_S_WWC_WM_106,11.9958,-1.89559,0.253089,-16.6172,2.05,-1.49,1.94861,-2.36271,-30.1757,6.82413,-3.33724,0.3,3.36904,-0.1,-17.0752,-11.2895,-9.88517,2.90814,-46.5743,33.4251,-28.6665,-45.5858,-54.6862,1.0,0.0,0.2343716087342193
F_S_WWC_WM_107,10.4941,11.1875,-0.557074,7.0577,-1.71,0.89,1.75878,-3.32448,42.5855,118.676,-3.60287,0.5,-0.897932,-0.3,51.9195,20.756,12.0186,35.5237,89.1562,22.7526,117.698,-51.6693,49.3522,1.0,0.0,0.2586503673488372
F_S_WWC_WM_108,3.04517,-5.69137,-7.06383,14.0516,0.51,-1.06,-0.0555584,8.83285,-12.3244,-87.4172,-11.1921,0.6,5.17136,0.2,57.6249,9.57108,-18.8282,-5.77591,-6.21026,16.8692,-8.28156,68.1095,22.6623,1.0,0.0,0.2418663772458472
F_S_WWC_WM_109,-5.26863,7.4964,4.42385,-13.7415,-1.41,-1.73,-1.88508,4.88355,-4.30148,-41.1733,-6.50598,-0.1,8.21811,0.3,49.5118,-4.68787,29.2287,47.3148,-54.6857,-21.0715,15.9015,-30.3505,-164.859,1.0,0.0,0.2785495912026577
F_S_WWC_WM_110,0.302009,-2.33465,-1.01117,11.8945,1.09,0.75,8.10745,3.12041,-22.5406,49.0069,-14.6111,0.2,38.1247,0.0,52.3716,-14.5502,5.70773,-14.385,-13.2919,-19.1987,125.481,80.1462,-155.603,1.0,0.0,0.2320288689202657
F_S_WWC_WM_111,10.8562,-7.32506,12.8723,10.3035,2.45,0.62,3.9566,9.5718,10.6522,-82.5548,-5.60811,0.5,16.6025,0.5,11.1647,-16.6972,2.63839,4.55287,47.3921,8.2157,43.7585,83.4744,-34.005,1.0,0.0,0.2349537256877076
F_S_WWC_WM_112,4.04673,13.6292,9.8183,6.98825,2.46,1.33,0.298866,0.87735,-28.5626,19.2116,-6.63254,-0.3,37.3649,0.0,21.5526,20.64,-27.724,3.63845,87.5543,32.3899,71.2524,60.8052,67.1078,1.0,0.0,0.2610340799867109
F_S_WWC_WM_113,3.46125,10.0179,6.6263,0.69824,1.83,1.2,17.8607,-0.195699,-33.2368,79.1923,-13.4689,-0.3,-28.7787,-0.2,53.5309,0.922133,-10.9001,18.6596,12.1133,-28.7107,109.437,-56.5256,-155.339,1.0,0.0,0.2803635273089701
F_S_WWC_WM_114,-7.47791,-5.5525,11.484,3.27255,-0.37,-0.55,-3.2747,-4.943,2.98276,-24.4732,-12.3482,-0.4,5.75019,0.4,28.9147,-8.22371,-8.73536,-19.9695,75.9365,-18.0685,67.696,38.4013,-159.6,1.0,0.0,0.2324328933122924
F_S_WWC_WM_115,-2.52446,14.6331,-0.344584,-10.3081,-0.79,0.53,16.573,6.16749,18.1891,138.513,0.642532,0.4,31.1083,0.8,56.746,18.0305,15.0287,8.95728,33.4603,-12.314,46.6894,57.1647,72.0461,1.0,0.0,0.2513764618903654
F_S_WWC_WM_116,-6.22065,12.6457,12.996,6.05135,2.24,-1.55,14.9213,1.90335,30.0161,-16.8432,-8.91446,0.0,10.5965,0.5,46.9526,5.64683,-25.4865,37.4338,25.6821,-25.1029,0.726884,25.053,-176.385,1.0,0.0,0.2971069166777408
F_S_WWC_WM_117,4.65458,0.1484,4.36947,8.1917,-1.04,1.48,-0.464017,-2.68854,-48.9644,43.4032,-7.912,0.6,8.48685,0.7,54.6697,-15.6695,-20.6482,2.19385,8.23756,30.0008,148.67,50.5422,20.9443,1.0,0.0,0.2238129007076411
F_S_WWC_WM_118,1.40431,7.85211,-0.954174,16.0316,-1.07,0.46,14.5749,6.05978,12.6702,47.9322,-14.4971,0.1,5.8797,0.1,-18.8932,-3.1986,16.7206,26.6006,120.323,48.3562,-44.6991,18.6581,28.8173,1.0,0.0,0.2547903807209302
F_S_WWC_WM_119,-4.29811,-0.976126,12.5852,-3.87111,1.68,0.24,-0.843218,6.39564,-28.3721,142.531,-8.14007,0.6,-1.87584,0.3,37.2711,29.58,28.3378,-1.01412,126.329,2.71386,72.5323,3.44595,35.1907,1.0,0.0,0.2215151733122923
F_S_WWC_WM_120,14.82,3.29367,12.0954,-17.5664,1.2,0.47,4.29921,9.64745,-17.5065,124.931,-9.96652,0.1,-29.8007,-0.2,23.5152,14.7486,-3.22646,11.6669,64.3523,-36.7633,45.0383,-3.38397,149.899,1.0,0.0,0.246110504116279
F_S_WWC_WM_121,-5.78927,8.01461,17.3522,16.9873,-0.45,-1.66,5.39813,5.67173,18.5933,103.552,4.04274,0.3,-7.37957,0.3,-6.85351,0.371146,20.9208,11.7774,123.375,-36.2265,34.3398,-25.5579,-50.5797,1.0,0.0,0.2513880532491694
F_S_WWC_WM_122,-6.38714,-6.83096,12.6565,5.75115,1.33,2.41,5.01704,2.70282,28.4724,104.852,-6.06572,-0.3,-24.0745,-0.2,50.9937,14.1902,-11.7586,-15.4979,-35.2645,-39.097,37.1844,7.18355,47.4082,1.0,0.0,0.2401805627707641
F_S_WWC_WM_123,3.24643,4.22421,-7.62668,0.899354,1.58,-0.73,10.2312,1.53289,47.5777,-12.7665,-3.05542,-0.4,-25.9746,-0.4,54.269,11.9984,15.6456,7.92492,73.843,-3.04361,50.8536,0.856584,31.7001,1.0,0.0,0.2358798430863787
F_S_WWC_WM_124,14.4782,-5.47314,8.87364,-19.9964,0.66,-0.67,16.9473,4.37412,-45.4573,35.1791,-0.474693,0.3,-18.2202,-0.3,16.2301,-12.7816,-21.4135,46.9327,36.1635,-24.6535,-16.7591,-3.6792,21.3972,1.0,0.0,0.2473758023654485
F_S_WWC_WM_125,13.7712,-7.66466,16.1569,-11.3502,0.08,0.54,15.72,5.51706,-45.1881,46.1676,3.33563,0.4,39.9837,0.6,-1.09996,-2.26754,-10.2644,4.15964,-21.3935,-9.99127,23.5452,67.4999,-124.397,1.0,0.0,0.2137009277840531
F_S_WWC_WM_126,13.9597,-0.00682322,9.91159,12.3221,1.97,2.04,16.1335,2.23673,6.89549,87.476,-12.1891,0.4,-27.1626,0.9,-2.22129,17.766,13.4675,-17.0343,-10.4265,-25.7842,93.3799,-11.4725,29.8824,1.0,0.0,0.2207135870664451
F_S_WWC_WM_127,6.32029,-6.4984,-0.371285,0.535213,-1.27,2.27,-7.34102,1.78636,41.6876,17.7268,2.14181,0.1,-33.932,0.8,-6.4922,25.2573,-2.97597,-15.046,21.5952,-21.1801,-41.7293,-41.0648,13.9621,1.0,0.0,0.2209476116843853
F_S_WWC_WM_129,9.81578,-5.17871,16.1679,3.36547,0.68,0.72,-3.08273,-2.98412,17.1012,-94.2002,-9.76115,-0.3,-35.2907,0.5,12.2701,21.0826,-19.0778,35.8807,53.412,-40.1087,136.613,62.695,56.8716,1.0,0.0,0.2478027423189369
F_S_WWC_WM_130,-0.0121556,12.2774,6.46923,-19.4537,0.74,-1.56,4.64618,4.24606,32.9506,74.3345,-8.70262,-0.4,-16.9436,0.0,37.4068,2.73213,4.70346,39.2319,115.984,-48.757,7.39161,-13.8513,-14.8195,1.0,0.0,0.2834343248637874
F_S_WWC_WM_131,-5.04629,5.30688,5.97024,5.7979,1.47,-0.63,19.8958,6.89243,-13.8924,-83.6888,-9.9309,0.6,-36.989,0.0,38.8875,-11.8167,4.58108,-15.3872,37.7564,14.1695,125.235,-33.4251,-41.0291,1.0,0.0,0.2325992246777408
F_S_WWC_WM_132,-4.69316,-2.99821,3.8054,-4.06097,1.42,-0.76,-3.33563,2.31578,7.63545,114.866,-13.9148,-0.1,0.568472,0.2,21.1696,17.2403,22.2805,-13.9736,-57.8626,-29.7812,-48.8409,47.3205,-120.061,1.0,0.0,0.2544298373089701
F_S_WWC_WM_133,5.25286,11.8674,-1.20408,10.3931,-0.23,0.86,-7.01534,9.89428,-27.1042,73.9865,-14.4183,0.0,2.96576,-0.3,55.2538,26.6472,-6.25036,13.6288,67.1369,-2.51593,18.1284,57.4883,124.906,1.0,0.0,0.2772901231295681
F_S_WWC_WM_134,-1.95605,5.00815,18.6836,-3.21044,2.44,0.87,12.2925,6.92883,-24.4003,-4.42535,-5.35319,0.4,-22.5212,0.3,-9.12984,-16.1673,19.0824,1.68866,69.8037,-23.1804,-59.007,6.48645,-115.612,1.0,0.0,0.2522476308139534
F_S_WWC_WM_135,3.78578,-0.50122,-3.14006,-16.3554,-0.81,1.08,8.05988,8.32206,12.0321,-27.4609,-5.51504,0.4,-31.1718,0.0,36.6822,7.61263,-26.1628,31.8127,68.7702,47.9533,-53.4803,2.00493,57.4909,1.0,0.0,0.2577684113023256
F_S_WWC_WM_136,9.22757,12.0024,-3.05127,-12.7879,-0.13,1.9,7.9656,-2.88544,-31.0989,33.6585,-2.93615,-0.3,39.2475,-0.1,-5.93147,-14.3889,27.2864,8.38197,68.2423,5.92867,32.3977,86.6918,19.3706,1.0,0.0,0.2553690250797342
F_S_WWC_WM_137,-5.13496,9.76767,-2.68786,-12.2887,0.81,1.44,11.929,6.7307,45.1251,80.1932,-14.4793,0.3,37.9109,0.8,-5.39029,-7.7178,5.20351,30.973,-8.95169,14.4912,116.304,-0.132119,68.4255,1.0,0.0,0.2826216853787375
F_S_WWC_WM_138,3.00487,-5.01963,18.2613,9.51063,-1.05,0.52,16.6414,9.69717,11.6854,137.958,1.3357,-0.3,33.7059,0.0,28.2374,1.31296,2.92333,12.191,17.3711,13.7289,139.211,7.31932,-12.4749,1.0,0.0,0.2199630208571429
F_S_WWC_WM_139,-4.43033,-7.11563,16.7514,-5.76237,0.61,1.1,13.9135,-1.85339,27.6449,72.9825,1.15648,-0.3,4.17967,0.5,-13.1998,-17.2335,-24.8251,36.1192,64.2025,15.8736,17.4941,2.62575,-169.139,1.0,0.0,0.2443195914352159
F_S_WWC_WM_140,10.9028,2.98436,14.3026,-8.03838,1.5,1.22,15.9445,1.16413,41.9505,99.9412,-8.08929,0.4,-34.9591,-0.2,58.1043,6.77491,9.21934,32.4885,-1.80468,49.9911,-29.7325,56.7341,87.5564,1.0,0.0,0.2653834705182724
F_S_WWC_WM_141,-3.08048,3.14297,1.06836,18.8463,2.17,1.09,0.903987,2.00937,37.5733,4.7164,2.07094,0.8,-16.5604,0.1,-3.30701,-4.54103,25.5535,8.33893,2.44344,-48.6856,100.599,1.78431,50.8333,1.0,0.0,0.2313930511428571
F_S_WWC_WM_142,13.8783,-7.88364,5.13693,4.44085,-0.21,-1.16,4.54058,-3.02449,-5.9037,71.9003,-9.05113,0.6,-18.9892,0.0,24.061,-13.6916,-1.21648,-10.7539,74.5498,42.1102,-51.9827,26.4749,59.2701,1.0,0.0,0.2307239524916943
F_S_WWC_WM_143,-6.94098,2.46668,10.6615,19.6272,1.4,0.12,10.8871,7.3606,-48.6467,101.391,0.623319,0.0,-26.1897,0.1,2.74293,-2.96076,11.3413,-22.2471,-47.4872,30.8719,98.627,25.6693,1.79322,1.0,0.0,0.2314972798305647
F_S_WWC_WM_144,3.87471,-6.05972,-3.58403,-1.85356,1.58,0.18,-6.48285,7.72903,-35.3988,-27.0547,4.09454,0.5,-10.6424,0.4,-17.1111,12.7976,-0.497473,51.3965,85.7814,-19.9662,-31.488,-12.7598,95.0328,1.0,0.0,0.2409774891362125
F_S_WWC_WM_145,-2.39651,1.10941,-3.16895,-13.9493,1.7,0.18,9.92338,-4.22263,-34.4093,3.91285,-6.34222,0.7,8.69859,1.0,-5.0717,-9.94009,8.90053,-23.7936,13.5134,-38.4816,66.5211,-16.9058,1.03757,1.0,0.0,0.2103139249269103
F_S_WWC_WM_146,-2.55144,2.06691,-5.99119,-7.19916,2.32,1.55,15.4928,3.29237,32.8137,-79.6718,-2.01186,0.4,27.9241,0.1,55.5993,-17.122,-17.6642,20.029,88.1854,3.32759,6.70881,6.86803,-61.7087,1.0,0.0,0.2518757226578073
F_S_WWC_WM_147,10.3885,-7.85919,16.3721,-9.58829,1.45,-0.19,6.93124,-2.60253,42.8236,21.1247,0.937835,-0.4,31.0485,-0.4,32.3662,-4.33259,-10.2885,-7.34826,48.827,-16.1393,33.5204,-31.5236,121.333,1.0,0.0,0.2200246762890365
F_S_WWC_WM_148,5.87987,7.10137,10.3576,4.85906,-1.67,-0.68,19.2022,-4.52843,-11.1197,41.9435,0.993291,0.7,-23.6146,0.6,-13.83,5.90722,-25.4146,3.49098,73.7437,17.005,59.6911,-41.6326,-180.892,1.0,0.0,0.2407644689900332
F_S_WWC_WM_149,5.48757,-4.27259,-4.04946,-11.2819,-1.41,-0.41,-0.376644,1.93187,-3.37328,12.6176,1.73022,-0.3,-4.06182,-0.2,-19.1538,-14.1388,-27.8259,-14.1644,75.5069,-2.05553,33.7699,-35.9679,-190.472,1.0,0.0,0.2130509221362126
F_S_WWC_WM_150,14.7031,5.83089,8.97893,4.20272,0.25,1.14,7.66716,8.80573,-4.0351,69.475,1.92105,0.7,-13.1098,0.9,10.6465,-6.4317,29.8431,18.2301,-47.0998,-49.2349,-27.3362,18.4438,-2.77782,1.0,0.0,0.2429272632890365
F_S_WWC_WM_151,-0.167774,14.5905,3.84719,16.1221,1.55,2.05,-0.491868,-0.854262,11.9609,-36.4233,4.81635,-0.1,-35.7161,0.8,46.7225,3.87277,8.48957,-12.4918,20.3336,-43.8802,-36.6219,21.7126,-114.887,1.0,0.0,0.2363746190465116
F_S_WWC_WM_152,9.19503,8.05626,4.71091,8.83625,0.1,0.1,-0.541188,-3.96328,-34.992,-68.9678,3.56084,0.6,-7.43575,1.0,-2.31034,14.8579,23.0092,19.4553,66.5,12.0658,138.831,-38.2566,143.065,1.0,0.0,0.2325390938073089
F_S_WWC_WM_153,9.14677,12.9197,15.1255,-10.7131,-1.11,-0.03,-4.76959,0.847138,8.10467,-59.9644,-6.83131,0.8,18.9429,0.3,-3.91867,-13.8512,9.1674,-3.76045,-34.5863,-12.6902,130.822,86.1164,39.8272,1.0,0.0,0.2533563880498339
F_S_WWC_WM_154,-0.877437,9.2751,11.873,7.09802,0.98,-0.43,18.797,9.33911,38.1974,99.1247,-2.34691,-0.2,-18.326,0.8,40.7686,23.4294,-23.1821,-4.04101,-41.476,2.79051,67.3743,83.8549,101.381,1.0,0.0,0.2628272937043189
F_S_WWC_WM_155,3.75117,8.07338,14.9861,-16.1107,2.07,1.41,3.19128,5.7924,-29.0722,144.477,-6.57657,0.2,14.9894,-0.4,41.4211,28.5546,-18.5878,15.3154,-6.98644,26.3907,-28.3519,14.4077,-143.672,1.0,0.0,0.2560491040265781
F_S_WWC_WM_156,-1.9263,12.0603,15.5506,17.3574,0.64,-0.1,-9.64564,-3.43828,-35.8156,97.6255,-9.43109,0.4,3.05163,0.5,9.30188,4.3813,27.5968,38.3834,117.914,8.31351,-12.486,65.6668,-91.073,1.0,0.0,0.2721537480431893
F_S_WWC_WM_157,-6.16259,-6.47213,14.9443,3.72538,-0.42,1.64,15.6157,4.34346,-16.2415,63.1371,3.8811,-0.4,-3.62898,0.9,35.9741,11.4385,25.6356,38.6906,-33.5674,-17.2085,13.1542,-16.0539,-48.363,1.0,0.0,0.2411313158571428
F_S_WWC_WM_158,-1.85799,7.38313,-2.5473,2.82385,1.0,-0.01,17.389,0.820297,-20.5981,-94.811,-8.63977,-0.4,15.968,0.8,55.7593,23.2405,10.2473,29.5626,108.796,-45.3203,30.9112,36.6258,2.38855,1.0,0.0,0.2768640824119601
F_S_WWC_WM_159,8.2911,4.35156,-4.98976,11.5417,2.1,-0.14,-8.49639,4.22641,10.4233,-18.348,-14.8608,0.5,-8.59417,0.1,5.069,-10.7396,-23.981,-19.425,27.9977,7.69723,-59.3546,-43.3703,30.0444,1.0,0.0,0.237053851358804
F_S_WWC_WM_160,10.7738,-6.1157,11.6085,-15.383,0.94,0.67,7.62675,8.66377,-45.7607,61.4438,-14.9069,-0.2,-3.12154,0.3,-5.1535,2.70209,-23.4284,37.0708,106.086,10.1514,-35.8993,-53.8721,-139.882,1.0,0.0,0.2505732236976744
F_S_WWC_WM_161,5.75453,9.98111,17.6955,3.86368,0.21,1.84,14.3121,4.69484,-43.6054,75.4375,-2.16327,-0.3,-35.9855,0.5,40.2053,0.0750084,-14.5641,15.8399,88.3094,-36.9079,-43.6388,82.7745,-0.732174,1.0,0.0,0.2424560813056478
F_S_WWC_WM_162,9.15217,-5.21013,9.10048,-6.02572,0.33,1.03,6.12711,-3.94171,47.0352,0.163785,-5.63448,0.2,12.0462,0.5,-22.7709,2.26709,15.8531,-3.70989,127.926,-40.6529,89.0359,-33.7808,-163.334,1.0,0.0,0.2176081340930232
F_S_WWC_WM_163,-5.719,0.344745,-3.4814,6.81424,0.83,1.84,-4.43365,-0.26357,27.0728,-33.4297,-14.0546,0.2,39.5264,0.6,30.6983,-6.21809,21.7415,28.2997,61.4989,49.6372,-24.1402,61.0919,46.3054,1.0,0.0,0.2687288342491694
F_S_WWC_WM_164,-4.35376,5.96096,-4.76194,-5.94266,1.19,-0.2,7.29332,0.0280631,-40.081,-80.3318,-12.7254,0.2,13.3514,-0.3,9.64635,-18.0053,19.4933,54.138,-10.091,-15.5757,10.1537,32.0535,34.1077,1.0,0.0,0.2941614965614618
F_S_WWC_WM_165,14.9994,6.79447,8.32477,10.6622,-0.7,-0.65,16.9043,5.05903,-35.1851,97.251,-14.7014,-0.2,21.978,-0.1,-6.70348,4.91595,-10.007,32.9451,75.3741,-47.9867,69.8634,49.4705,-56.6125,1.0,0.0,0.2731025562458472
F_S_WWC_WM_166,-3.30674,8.22246,19.1444,11.4807,1.82,-1.04,6.67948,-2.50124,-12.647,-61.0048,-7.55754,0.6,-20.9771,-0.2,15.9694,27.3883,-24.4784,23.5688,97.9841,40.3401,-18.5205,-27.3318,-45.2431,1.0,0.0,0.2627393896843853
F_S_WWC_WM_167,11.2161,4.60242,-1.84785,2.89339,2.48,-0.37,-6.53252,0.00704819,-4.80066,135.305,-2.52134,0.2,21.8923,0.1,43.9631,-2.30139,7.66551,-1.60506,115.754,-36.6637,127.369,-22.0096,-122.32,1.0,0.0,0.2324192682491694
F_S_WWC_WM_168,-5.22331,6.16382,16.9201,15.0307,1.93,2.32,19.0385,2.94968,-33.1165,33.9258,-12.6495,0.1,5.05902,0.7,17.4,16.4999,-14.095,9.72951,119.482,25.1527,29.1056,-12.4669,-157.568,1.0,0.0,0.2537088309302325
F_S_WWC_WM_169,14.8888,10.7689,11.3797,7.23696,-1.51,-0.33,14.853,0.948831,40.5595,-46.6596,-11.083,0.7,-34.0474,0.3,-7.60229,-1.86093,25.9499,44.9548,33.9264,18.3414,-32.4806,24.1191,140.564,1.0,0.0,0.2752356206212624
F_S_WWC_WM_170,-7.62291,11.0894,-4.09792,-2.89642,0.35,-0.91,-7.80238,1.48268,-19.5952,-7.56337,-7.1142,0.4,-14.3851,-0.3,31.3333,-3.93781,27.0913,31.4098,107.733,36.4558,78.6205,-27.9779,-92.4595,1.0,0.0,0.272999088089701
F_S_WWC_WM_171,9.2592,13.2024,11.719,-17.2308,0.4,1.04,3.92436,9.11155,-39.2776,-36.7446,0.0757825,0.0,25.1133,-0.2,17.772,-2.72914,20.4537,-21.1825,-4.38928,30.1583,80.7779,-46.5058,134.359,1.0,0.0,0.2302192306445182
F_S_WWC_WM_172,-3.90617,-1.37923,16.2762,-0.544374,0.48,-1.64,-4.93985,3.89664,36.7545,63.8911,-14.1424,0.4,-9.94364,0.9,-22.5182,13.2993,21.1606,3.27375,71.6819,23.6697,115.488,-19.5614,-178.088,1.0,0.0,0.2302889396445182
F_S_WWC_WM_173,-7.91976,10.6489,6.71093,-16.8797,2.42,1.67,2.60556,3.13514,16.2468,-77.3445,0.905203,0.2,6.16848,0.3,2.60224,2.79919,-24.8888,-8.57594,78.8963,-23.4214,126.003,-26.5439,105.396,1.0,0.0,0.2369383366279069
F_S_WWC_WM_174,14.3171,0.800555,3.36829,-5.83018,-1.79,-1.51,18.901,5.02336,-29.1622,-78.0554,2.49586,-0.1,-20.0893,0.4,19.8762,4.11563,3.5526,-13.0761,77.1772,-15.2432,41.9973,39.9591,-10.4763,1.0,0.0,0.2066310317541528
F_S_WWC_WM_175,7.72664,0.953152,7.73208,-13.1055,0.73,1.12,8.99763,2.46397,40.3959,85.767,-14.9336,0.2,16.2887,0.2,14.9324,-3.02737,-29.1147,-24.5308,80.2135,-46.6826,-41.6793,29.6093,-44.9067,1.0,0.0,0.2269876977840531
F_S_WWC_WM_176,-5.17724,-7.52126,15.4382,-1.30527,2.34,-0.88,-5.77759,4.42041,39.8559,-67.7209,-11.1355,0.2,-25.9329,0.2,3.39039,12.5734,-22.5565,-6.08505,102.004,-6.66508,21.2802,54.6728,-12.8479,1.0,0.0,0.2491158581893688
F_S_WWC_WM_177,-4.13834,12.3258,2.02037,-0.378287,-0.86,1.99,-7.09843,5.22996,-45.9282,77.3809,-10.3163,0.7,-26.7662,0.7,17.2705,14.5492,22.0725,26.3912,1.03962,44.5355,83.9674,-42.7442,122.234,1.0,0.0,0.2718929262657807
F_S_WWC_WM_178,2.4146,-1.27814,18.3514,-8.67436,0.49,2.21,18.8262,4.94487,18.9938,-23.977,-4.07047,0.3,10.464,0.9,-16.178,-10.4183,-1.46832,17.3548,126.183,-4.40546,67.8185,50.2196,73.9531,1.0,0.0,0.2353919587774086
F_S_WWC_WM_179,2.72894,5.88339,4.63623,-3.92246,2.05,0.31,-7.54053,7.52365,-33.3987,67.6668,2.97433,-0.3,-2.59648,-0.2,29.5285,-6.6733,-13.9057,29.3338,54.7002,-33.4415,134.059,74.7741,71.3119,1.0,0.0,0.2570156854418604
F_S_WWC_WM_180,9.40968,14.3077,15.2811,17.7157,-0.59,-0.82,7.06062,2.566,-1.7452,129.871,-3.63203,-0.2,13.9177,0.9,12.7885,-2.20998,0.755337,39.2196,70.8608,-14.8761,-18.9194,-53.2994,109.608,1.0,0.0,0.268544223564784
F_S_WWC_WM_181,3.63103,11.3509,8.12782,4.77205,2.43,1.14,3.98753,3.66717,-29.71,14.2002,-5.06199,0.1,-39.5641,0.7,22.6845,29.0044,26.5742,38.7954,-59.2583,-3.49747,82.4644,-23.0017,-63.2239,1.0,0.0,0.2783189924551494
F_S_WWC_WM_182,4.59633,14.9648,13.653,-12.3967,0.51,0.42,3.44704,-1.97843,-13.4179,-31.8395,4.53588,0.1,6.75565,-0.4,11.6731,1.4249,5.05688,11.1706,96.3636,-28.044,-34.539,-10.6512,-192.02,1.0,0.0,0.2534450919169436
F_S_WWC_WM_183,-0.772398,9.31955,-4.63488,14.9643,1.25,1.01,18.363,5.87275,42.5343,6.30452,-6.70934,0.6,-24.5565,0.8,35.1424,17.4287,26.0829,6.11666,91.4767,35.7724,-17.4143,-24.3362,91.8619,1.0,0.0,0.2472833569003322
F_S_WWC_WM_184,2.1178,8.93755,5.25293,17.4998,-1.17,0.99,9.77937,8.1145,-33.7451,-78.9377,-0.63019,0.6,-18.9424,0.9,37.7456,-13.8866,-4.99665,25.3551,-12.1255,4.7092,73.7231,76.5761,-196.151,1.0,0.0,0.2401792178538205
F_S_WWC_WM_185,9.61686,4.50221,-5.70982,-13.832,1.8,1.93,2.97206,8.16735,26.4843,138.125,-5.9827,-0.1,16.0171,-0.3,43.1421,-6.72329,25.7246,25.8662,-36.5061,-10.5352,115.919,-3.11164,106.276,1.0,0.0,0.2570133075913621
F_S_WWC_WM_186,-5.64637,5.57163,-7.59475,18.9555,0.82,-0.08,1.63999,8.9153,28.9221,59.6389,2.85187,-0.1,1.35789,0.8,14.9939,15.2922,20.5174,53.8305,105.533,41.238,15.1338,60.1368,-22.6824,1.0,0.0,0.2659631799601329
F_S_WWC_WM_187,2.37588,1.58141,-2.60367,11.6422,1.38,-1.48,12.9047,-4.35544,32.6311,-88.6172,3.10296,-0.2,-37.5716,0.5,6.03349,11.2253,-2.06747,33.1993,9.83359,-44.2325,129.931,-18.1536,-74.6984,1.0,0.0,0.266754146026578
F_S_WWC_WM_188,10.5341,5.17264,-2.56484,-2.54332,-0.41,1.92,-1.62657,-3.62132,-37.7676,63.5105,-8.84782,0.6,-36.137,0.8,27.727,17.1154,21.4176,8.52823,11.0536,-38.0643,-54.8365,32.2645,-149.626,1.0,0.0,0.2465999706843853
F_S_WWC_WM_189,1.8435,5.01659,-3.9235,1.26512,0.62,-1.78,7.78386,4.20915,-45.3066,16.9091,-10.1891,-0.1,-14.4586,0.8,7.79045,2.47609,-0.360752,16.9459,104.721,48.9616,-58.2445,1.23452,-197.504,1.0,0.0,0.2658195522093023
F_S_WWC_WM_190,11.004,-6.76392,0.224627,8.06024,0.7,0.13,13.7383,1.70202,-25.018,-5.67779,-13.9054,0.6,-15.2625,-0.2,-21.9082,0.336808,0.91996,24.5074,21.3104,15.6381,144.461,13.6728,-160.809,1.0,0.0,0.2469359771461794
F_S_WWC_WM_191,5.11771,2.4227,11.0998,1.71387,-0.3,0.66,16.9628,0.0644063,-34.5179,143.578,-7.43789,0.7,14.0597,0.2,28.9058,-0.222137,27.7582,-18.2463,-58.5285,23.7536,-36.5606,53.4796,-13.0334,1.0,0.0,0.2257488503122923
F_S_WWC_WM_192,9.07108,-7.57954,-1.0615,-14.9855,2.21,1.49,8.29195,1.55338,-40.9042,25.5345,0.842821,0.1,11.4584,0.6,22.9419,19.6405,3.07641,-22.7019,90.0618,38.9867,-29.0416,-4.19041,-6.17395,1.0,0.0,0.2164159725714285
F_S_WWC_WM_193,8.80929,-4.459,17.8141,13.8782,1.32,-1.28,16.3192,0.677856,-19.1625,74.4945,4.2836,0.2,-12.5407,1.0,29.3806,-3.24623,5.76755,47.8844,41.0417,44.0062,131.751,38.6734,-118.633,1.0,0.0,0.2350256403322259
F_S_WWC_WM_194,8.5541,10.6631,19.1044,-3.08968,1.13,-0.66,11.2558,5.03655,46.6988,-42.4613,-5.13467,-0.1,12.2714,0.0,7.1348,10.6845,26.8318,53.413,118.594,15.4316,9.72493,10.4492,-124.93,1.0,0.0,0.2712211348704318
F_S_WWC_WM_195,-6.06116,-3.9189,8.57515,-4.17366,0.68,-0.65,-3.55507,4.42964,-23.7038,68.7752,-2.42858,0.8,3.7521,-0.1,37.0012,-18.6203,23.8732,54.4811,-24.6616,-7.68247,47.4296,87.4418,-136.079,1.0,0.0,0.2587658904518272
F_S_WWC_WM_196,7.81568,13.5985,5.16037,14.1386,1.73,-0.25,19.2781,-3.38919,5.92969,-4.71412,-2.99011,0.4,-27.4453,-0.1,45.2701,16.154,-5.34398,28.1542,-11.5411,-46.9154,58.5519,10.6289,141.981,1.0,0.0,0.2719152834485049
F_S_WWC_WM_197,10.9345,14.6727,13.4165,-0.855498,0.78,1.25,12.216,8.87658,-32.2176,-22.3535,0.292545,0.6,15.3438,-0.1,56.9796,8.97038,-25.2059,31.1969,-48.1817,-3.33942,57.0938,41.548,18.847,1.0,0.0,0.2544716079401993
F_S_WWC_WM_198,14.0354,8.8819,-0.564139,-18.257,1.6,0.44,1.97327,9.2711,20.0433,62.1455,-3.75347,0.3,-20.3877,0.4,21.4776,-1.01756,-28.667,-18.7872,-55.1424,2.91642,59.2459,6.6592,-86.5653,1.0,0.0,0.2386955964318937
F_S_WWC_WM_199,11.7496,-4.94871,0.625722,5.23763,0.17,-0.34,11.5265,2.55804,20.2961,-20.174,-1.18453,0.0,22.6929,-0.2,6.12495,13.6692,0.32124,-23.6021,-34.019,-43.8282,-58.6187,44.2919,80.0057,1.0,0.0,0.2145978200564784
F_S_WWC_WM_200,8.25735,8.1573,5.01404,-18.0204,-0.01,2.16,1.38038,9.55982,-23.9486,-34.4437,4.74417,-0.1,-11.5303,0.7,50.7174,19.9768,24.9272,10.9229,80.43,-26.7271,60.975,10.9339,-20.9467,1.0,0.0,0.234174223910299
F_S_WWC_WM_201,7.12951,1.43308,3.93348,-6.80876,-1.49,1.41,1.20192,-4.45535,-22.9875,108.99,-13.0214,0.0,13.5717,0.4,-24.0964,15.2444,13.679,6.3029,103.254,-49.4812,2.44929,87.1624,46.79,1.0,0.0,0.2412242878272425
F_S_WWC_WM_202,8.59772,-5.07882,18.5968,15.8779,-1.7,-1.76,-5.27774,-0.160129,16.5428,-75.3777,-7.03858,0.3,-11.4279,-0.2,29.4216,24.7561,3.42281,-19.0408,38.2559,3.57326,6.31215,50.6445,43.8429,1.0,0.0,0.2191952684186046
F_S_WWC_WM_203,12.4362,12.7479,8.11738,4.2518,0.42,2.36,14.9553,7.5996,-32.4565,109.751,-12.9502,0.5,-35.8701,0.5,2.08997,6.07139,19.6025,42.1837,77.9009,39.4878,78.2033,31.1652,-154.907,1.0,0.0,0.2708975176478405
F_S_WWC_WM_204,14.5584,-5.79706,-0.0500485,10.8444,-1.61,0.07,14.7149,-4.14535,34.0911,91.7723,0.258866,-0.2,-24.9146,0.2,-1.2304,-6.91544,18.9791,30.68,-42.6974,-15.466,-3.91409,-0.927132,34.7559,1.0,0.0,0.2379666268239202
F_S_WWC_WM_205,6.82682,2.90433,3.42508,-15.5512,-0.77,-1.22,-8.41272,-3.59835,44.7212,25.2267,4.97848,0.7,11.0218,0.5,4.24551,6.42725,-20.5436,-11.6597,-28.0778,-2.87503,-21.9435,-5.82487,-97.416,1.0,0.0,0.2198577668903654
F_S_WWC_WM_206,3.02235,4.85202,11.143,-3.5264,-0.47,-0.2,-2.72728,-2.48433,-42.7358,-78.498,-14.7962,0.1,-0.746037,-0.3,56.099,22.6683,23.2846,6.83643,29.4715,44.9026,76.1914,-21.6042,5.89736,1.0,0.0,0.2566028019468438
F_S_WWC_WM_207,1.36967,-1.956,17.7738,-1.71248,1.87,1.88,18.9373,5.15536,-3.88424,-66.9677,-6.08725,0.0,-11.6698,0.2,50.8495,24.9172,18.6509,46.0608,-29.2206,27.2975,-53.3333,59.8905,-162.31,1.0,0.0,0.2622248315980066
F_S_WWC_WM_208,10.0046,0.22122,12.7637,8.35649,0.01,-1.42,-1.73407,-1.41401,41.1775,-49.7484,-13.8246,0.6,12.2241,0.2,48.0994,-8.89436,-25.7605,45.6681,49.9998,22.3558,146.763,-18.6891,-145.899,1.0,0.0,0.2486929470963455
F_S_WWC_WM_209,12.7905,7.17771,12.6337,2.11372,0.11,-0.42,-4.35615,7.30589,23.0176,8.16151,-3.53949,0.8,-14.0892,-0.3,45.0656,-7.02795,-4.46149,32.7556,27.2829,-17.3449,-19.8127,81.4733,132.081,1.0,0.0,0.256004409564784
F_S_WWC_WM_210,-6.24734,14.652,3.91689,-1.38529,0.75,-0.02,-9.17799,3.77551,-9.5333,111.729,2.15239,0.1,17.0583,0.3,17.0342,29.2069,-29.5358,13.263,-47.5779,6.90959,0.495898,37.8414,73.3081,1.0,0.0,0.2699337303189368
F_S_WWC_WM_211,6.33729,-2.44012,7.43494,3.01114,1.07,-1.7,-1.28752,8.43238,-2.64319,-6.90594,-12.272,0.7,10.0515,0.1,-2.05918,-7.5417,26.3288,30.8599,73.2367,-44.6663,-21.7546,28.6578,-166.138,1.0,0.0,0.2494791586677741
F_S_WWC_WM_212,0.806445,13.8181,-1.3865,-14.2673,1.52,2.49,12.4245,0.737345,35.9163,-16.3425,4.22312,0.1,-13.7675,0.9,7.62867,6.68814,-18.1975,38.1875,40.4591,23.5325,4.577,-36.5304,23.0567,1.0,0.0,0.2699738266312292
F_S_WWC_WM_213,0.895156,10.702,-2.94028,10.7134,-0.98,1.77,5.89468,6.85233,29.4197,-93.5708,0.00211947,0.6,-15.4274,0.5,-19.4642,0.220742,11.7442,35.4333,79.0221,-41.8928,-25.1621,78.5295,116.116,1.0,0.0,0.264937247654485
F_S_WWC_WM_214,-2.25394,13.7218,11.479,-6.65489,-0.95,2.34,9.18169,3.48616,-32.9938,-57.8659,-3.40064,0.3,1.45088,0.0,50.1441,-19.549,12.6884,4.92562,23.1184,-46.0632,25.2348,67.7814,-42.0874,1.0,0.0,0.2467464714352159
F_S_WWC_WM_215,8.05856,-5.90353,11.0752,-19.5964,-1.56,1.3,2.56098,0.127388,-27.7507,1.06261,-0.694316,0.7,35.4901,0.7,-12.5838,8.53328,4.31735,6.00291,28.8622,-14.3701,60.274,-48.464,115.706,1.0,0.0,0.2246725623654485
F_S_WWC_WM_216,-2.88024,-2.68446,13.1367,11.4187,-0.63,-1.5,18.4382,2.82074,1.71822,140.482,-9.34419,0.2,25.8662,0.3,47.3756,16.5948,7.04017,13.926,114.066,25.7735,-43.9415,-24.5309,101.642,1.0,0.0,0.2388724721428571
F_S_WWC_WM_217,0.473862,6.1195,10.4507,-6.43839,0.62,-0.44,19.4381,9.59469,-24.2439,-47.8677,-3.65836,0.8,28.7989,-0.2,2.02057,15.7432,-5.73005,42.2534,104.04,-21.8255,103.623,-17.0107,-175.039,1.0,0.0,0.2436973501594684
F_S_WWC_WM_218,-2.65062,6.82613,17.5403,14.0672,1.62,1.22,-8.5976,1.32769,-31.9646,-2.5097,-6.45312,-0.4,-27.2199,0.5,-2.84197,12.9191,-28.9444,48.5099,29.9363,-6.81745,-42.9489,20.5198,-58.9729,1.0,0.0,0.281947397358804
F_S_WWC_WM_219,-7.68514,10.3208,2.48667,-7.28276,0.24,0.56,-3.41463,7.79617,26.6708,1.65602,-3.46949,0.3,29.9839,-0.2,4.04501,9.75036,1.92608,40.3102,-58.2276,39.1553,-20.2238,55.3214,-165.605,1.0,0.0,0.2826423584784053
F_S_WWC_WM_220,4.47543,-2.38872,-7.19903,15.0988,0.13,-0.18,-2.2021,-0.0491714,-41.41,9.56241,-1.33666,0.0,-30.0841,0.7,42.9248,-2.84901,-28.1605,27.0356,40.278,40.8201,108.277,-51.3397,-185.965,1.0,0.0,0.2362910354717607
F_S_WWC_WM_221,-3.8653,0.303838,-2.15114,7.34209,-0.38,-0.97,17.9796,8.35114,-2.17241,82.0919,-1.51735,0.6,32.165,0.8,-8.57257,-18.7506,1.06723,22.8113,-28.7469,-39.3786,73.1607,88.7513,-18.2927,1.0,0.0,0.2458297636943521
F_S_WWC_WM_222,6.52494,6.42728,-7.88709,17.8712,1.24,-1.29,8.22972,1.89152,28.5982,37.2739,-14.5834,-0.1,5.44611,0.8,-15.1129,29.9729,0.11858,-22.8289,2.22519,11.4883,33.2896,9.44326,47.7638,1.0,0.0,0.2517638554086379
F_S_WWC_WM_223,3.3496,11.2912,-6.07244,19.8848,0.0,-0.31,18.8502,8.04987,-29.7252,60.943,-5.40356,0.5,23.3429,0.3,49.3888,-8.07595,14.731,17.9118,3.79462,39.9454,118.418,-8.68558,-106.507,1.0,0.0,0.2518038574219269
F_S_WWC_WM_224,14.2101,10.8446,-2.86887,-9.83662,1.07,-0.61,13.6039,-3.19546,28.364,66.1305,-9.82539,0.0,10.7405,0.8,39.2812,-1.23495,11.1262,10.1017,-59.4953,-42.7199,43.3257,-19.795,54.1384,1.0,0.0,0.2732694127541528
F_S_WWC_WM_225,-2.6128,8.77802,17.2538,-7.93298,0.25,-0.57,0.434415,-4.61343,15.5317,43.7109,-10.8651,0.5,36.3459,1.0,23.825,11.0501,-6.91895,45.0915,-21.487,-13.2493,-6.43272,72.8517,102.234,1.0,0.0,0.2865533170033222
F_S_WWC_WM_226,14.4162,-6.88576,-3.32532,-1.55766,2.12,0.7,-5.86515,0.249939,-18.2395,-74.8555,-10.7967,0.4,-4.14061,0.7,47.4944,-9.6151,-26.6877,38.5706,19.6631,-20.4744,85.285,2.15251,-51.4571,1.0,0.0,0.25011276610299
F_S_WWC_WM_227,8.51229,5.67241,11.5818,-19.0403,2.03,1.37,12.1657,-1.68984,7.96589,103.148,1.66209,-0.4,13.6496,-0.1,36.9057,-12.0916,0.206553,36.0183,-2.79938,-42.6197,-51.1602,33.1235,-74.2472,1.0,0.0,0.2633225313787375
F_S_WWC_WM_228,-5.51067,6.60838,7.6418,6.07779,-1.68,2.23,19.1558,9.98946,44.4495,99.4931,-6.66131,-0.2,9.01162,0.1,-3.53813,-15.8395,-3.6302,5.18021,-8.57969,31.6445,-12.0689,42.2978,-73.885,1.0,0.0,0.2487592416578073
F_S_WWC_WM_229,4.93033,9.64976,2.69182,-4.76296,0.4,-0.84,3.30627,-0.640042,-21.7918,69.5444,4.02518,-0.3,4.77001,0.0,53.6377,14.028,-19.3991,-20.0291,19.944,24.9924,-11.1553,82.1602,-135.208,1.0,0.0,0.2215115877242524
F_S_WWC_WM_230,5.60208,3.99311,13.845,3.08647,0.32,-1.32,-5.47171,5.94528,-47.9362,82.2121,-2.6242,-0.1,-25.4296,-0.1,36.3678,19.4566,22.7259,9.1218,-45.9869,21.977,-50.379,-28.5512,-193.215,1.0,0.0,0.2401652785249169
F_S_WWC_WM_231,13.6084,1.6694,-2.89468,4.13989,1.27,1.89,0.148148,9.44921,-30.4038,89.8049,-6.89894,0.1,-10.4153,-0.3,-11.2182,29.7443,-4.68135,29.9492,-36.1534,29.0767,95.8385,-59.1351,-137.917,1.0,0.0,0.2479310159202657
F_S_WWC_WM_232,2.95889,1.15381,16.284,-15.9347,0.52,1.4,13.165,7.27373,-5.56808,20.7969,4.34056,0.2,-28.8589,0.7,55.0132,26.4923,10.5551,-13.8606,32.6383,33.8967,1.60328,89.7448,108.933,1.0,0.0,0.2216395578305647
F_S_WWC_WM_233,-0.484406,10.5856,18.6462,-0.974193,0.09,-1.66,7.33434,-3.67903,41.3734,84.5956,1.18043,0.7,-7.96866,0.0,40.8748,5.51846,-5.80817,-21.9306,-45.0068,-25.622,94.4802,10.788,23.6534,1.0,0.0,0.2291449999933554
F_S_WWC_WM_234,12.3142,-3.51848,9.64618,14.9996,-1.23,1.61,16.4961,4.00111,-18.4549,128.032,-5.08793,0.8,-11.209,0.7,43.536,0.60785,-18.2926,36.8033,107.285,31.4584,-10.2436,66.6381,-97.6897,1.0,0.0,0.239815336089701
F_S_WWC_WM_235,1.63491,-5.05559,18.7422,17.5872,1.03,-0.17,6.6357,6.78487,-41.8221,-46.3457,0.396017,-0.2,-6.21584,0.8,-0.812286,-12.324,4.24824,24.7258,29.2447,-29.4493,79.9161,-43.251,-57.7208,1.0,0.0,0.2266601442026578
F_S_WWC_WM_236,-7.95396,1.49643,1.3033,7.78061,1.06,-1.07,1.43783,9.80196,-9.60977,77.5608,3.36564,-0.3,-18.0366,1.0,18.3665,-2.50247,5.3187,4.29811,53.9652,-45.5227,-5.64189,-12.9934,128.7,1.0,0.0,0.227960317627907
F_S_WWC_WM_237,0.967892,2.10049,5.86238,-7.08534,-0.85,-0.94,16.4747,4.67473,-25.4081,-64.9562,-7.24065,0.5,-39.6883,0.8,-19.6951,-0.0874523,-27.2249,14.5184,-14.759,39.5858,98.16,57.3929,55.444,1.0,0.0,0.2429073467242525
F_S_WWC_WM_238,5.38701,0.81703,16.636,-14.6737,-0.35,-1.39,6.1674,3.34184,21.0104,55.5389,1.46013,0.6,29.2716,0.0,-12.8697,-7.15705,6.87263,21.1602,42.9624,46.2768,-38.4619,76.2291,8.69341,1.0,0.0,0.2434739328538205
F_S_WWC_WM_239,10.8002,6.86028,-2.97758,-1.90935,0.84,-0.95,16.439,-2.09392,30.4141,37.4139,-11.5263,0.5,36.195,0.4,57.2036,8.01022,-1.78252,-0.262679,96.9013,34.3663,129.655,64.2809,-168.699,1.0,0.0,0.2406219605714285
F_S_WWC_WM_240,12.4822,-7.50444,-6.48716,16.2164,0.71,0.05,1.23852,3.38913,-46.4914,-0.80509,0.759119,0.6,-16.8365,0.9,20.1134,25.7022,5.29959,9.87419,22.8602,-42.3998,114.962,52.6986,15.2008,1.0,0.0,0.2461252492591361
F_S_WWC_WM_241,3.40789,-0.173017,-0.273907,-10.0037,-0.92,0.21,10.2134,-4.74297,6.61181,26.6677,-2.58107,-0.2,-16.3513,0.7,38.8672,-9.78815,-1.85329,-23.6688,-56.2973,46.6781,16.2842,23.3243,-44.2832,1.0,0.0,0.2108007124186046
F_S_WWC_WM_242,2.07089,14.2762,14.5994,15.7486,-0.53,0.09,0.740756,9.7487,-8.10225,83.695,-9.14116,0.3,-13.4203,0.9,-8.71387,21.1562,-0.586023,45.4376,12.2811,29.9635,136.283,4.38192,-118.418,1.0,0.0,0.2742225254186046
F_S_WWC_WM_243,2.68419,10.0841,1.85258,-16.4886,0.33,0.11,-7.5057,8.18437,48.4669,24.7032,3.12307,-0.1,-13.9827,0.9,-0.0869685,-2.49035,14.3013,-1.78316,-43.5876,40.5084,113.675,80.5256,32.9668,1.0,0.0,0.2449621659867109
F_S_WWC_WM_244,-1.0384,-3.68599,3.55271,-3.57234,1.11,0.16,-2.78322,9.66029,-11.6622,4.88408,-7.70345,-0.4,-5.47595,0.9,42.6883,10.2812,-16.4911,34.6327,-53.9249,41.853,-38.1779,-10.1085,-100.992,1.0,0.0,0.2571398053588039
F_S_WWC_WM_245,8.02721,11.7786,10.1211,-10.5732,2.37,-0.48,17.2891,3.02557,0.0794027,116.979,1.98087,0.0,16.4278,-0.2,-16.8598,6.63619,-14.7617,52.7176,-50.3741,13.0883,45.4243,-40.3591,2.59549,1.0,0.0,0.2738317458372092
F_S_WWC_WM_246,-2.82922,2.20918,-6.27928,-13.4538,0.57,2.42,6.50637,2.45244,-11.5706,-6.62423,-9.37488,-0.2,9.07614,0.7,58.425,28.6083,-7.08726,8.65484,-50.1924,-11.7011,54.1034,77.5939,-166.923,1.0,0.0,0.2502442885913621
F_S_WWC_WM_247,7.30043,1.31931,10.2295,12.5056,0.3,-1.12,-8.92369,1.30529,37.7291,-3.21977,-0.980042,-0.2,-38.7153,0.6,19.9708,-6.61564,19.3879,20.7781,53.6096,2.011,-1.97849,27.3332,-149.254,1.0,0.0,0.2319693815116278
F_S_WWC_WM_248,-7.22523,-0.309216,5.67432,-0.870079,2.23,-1.67,-6.14544,2.20785,0.396249,52.1912,-8.29056,-0.2,16.5257,0.0,7.98313,-12.8155,17.4076,-10.9791,128.285,38.1732,120.702,47.6844,52.7462,1.0,0.0,0.2426451669667774
F_S_WWC_WM_249,1.15433,4.3197,14.6526,-10.9198,-0.43,1.35,5.50677,4.86283,-14.6686,-17.9342,-14.6804,-0.2,20.7408,0.1,-24.766,-19.1587,-4.81156,33.4947,72.8536,-47.2908,-29.6719,-53.4186,134.885,1.0,0.0,0.276822908192691
F_S_WWC_WM_250,5.84775,-1.57808,18.6277,0.275609,1.49,-1.15,-3.02137,4.85197,-9.32336,90.519,-9.65324,0.8,-36.3157,-0.1,-16.3235,19.5412,-10.8781,-24.0637,-17.0164,48.738,35.0139,23.8289,-112.455,1.0,0.0,0.2267649492292358
F_S_WWC_WM_251,7.19238,3.895,3.57313,-2.40014,-0.8,-1.67,-5.01073,4.80222,20.4568,145.554,-13.1425,0.3,39.1936,-0.2,-20.6237,23.3945,-4.4238,0.364613,-34.2784,20.9243,17.0757,51.8043,95.6528,1.0,0.0,0.2559471424019934
F_S_WWC_WM_252,6.22772,1.92059,-6.60915,-3.77392,1.35,2.34,2.2018,6.21938,29.6766,-89.8343,1.41757,-0.4,22.8675,0.4,5.94671,-13.3236,24.127,-13.582,-7.7495,30.3175,91.3247,51.4262,-43.0811,1.0,0.0,0.2244314919368771
F_S_WWC_WM_253,-0.221488,13.511,19.4458,-5.25255,0.91,-0.59,4.52132,-3.2007,-31.5369,-52.8942,-10.5757,-0.1,-16.1854,0.7,-18.0358,6.96623,19.1499,17.7448,-54.3884,-44.8697,106.451,70.9537,27.5881,1.0,0.0,0.2662621476578073
F_S_WWC_WM_254,-5.35411,1.24426,14.3895,-3.69877,0.93,-0.53,-5.9384,9.93062,21.2435,60.4742,-4.42262,0.2,37.2188,0.4,57.4185,-5.58234,1.28191,41.1848,55.1332,11.2777,19.9365,-46.073,-72.964,1.0,0.0,0.258673335166113
F_S_WWC_WM_255,4.25003,12.558,4.4412,11.9434,1.31,-0.93,-3.00575,8.93804,23.6581,120.461,-12.8437,0.3,0.847356,0.3,38.0374,7.24425,-21.1578,12.6295,111.719,42.2998,-6.83368,-36.0107,-146.35,1.0,0.0,0.2639675387408638
F_S_WWC_WM_256,3.30602,7.62352,14.8468,10.1364,-1.57,0.2,-4.321,-2.83623,22.2452,65.6677,3.90474,-0.3,-6.64274,0.7,-18.6282,5.28446,-13.9924,31.9278,14.3101,2.25528,26.2424,66.1798,75.397,1.0,0.0,0.2514518691594685
F_S_WWC_WM_257,7.67499,2.53435,15.97,16.515,0.38,1.85,-9.13169,-0.877639,-17.0587,106.685,2.29397,-0.3,10.8894,0.6,26.2153,8.75794,-3.31884,1.97604,-57.0766,44.1529,38.1134,-2.73694,-111.911,1.0,0.0,0.2215487070830564
F_S_WWC_WM_258,-1.4418,2.70905,16.6656,15.4852,0.96,2.13,6.61746,-3.5352,42.3326,-58.4171,3.42379,0.3,-33.4119,0.2,15.2789,26.1394,10.4637,-21.9137,63.7893,7.25828,84.7291,-35.1545,-99.8148,1.0,0.0,0.2273812571262458
F_S_WWC_WM_259,8.78978,-5.34889,4.8529,-4.50748,-1.79,-0.08,-6.88473,-1.84039,28.022,68.8934,-11.386,-0.2,-36.3758,-0.1,53.0762,5.13668,12.2938,-9.46379,52.6882,-47.6385,62.1503,4.10828,-46.5373,1.0,0.0,0.2276873924053156
F_S_WWC_WM_260,-3.51899,-1.31148,-1.1388,-7.33107,-1.73,-1.77,6.37069,5.27781,7.38669,67.9762,4.14493,-0.1,-33.6215,-0.4,16.4457,-16.0775,22.8524,10.2101,19.3367,22.123,1.25778,11.767,-65.5942,1.0,0.0,0.2461361635415282
F_S_WWC_WM_261,13.5116,-2.12248,15.0124,-2.95051,2.41,2.21,0.172799,7.20081,-47.6531,109.582,-3.48798,0.7,-4.60236,0.0,8.18429,10.7241,23.1783,29.7642,-15.3828,34.83,8.10154,81.4034,-42.7554,1.0,0.0,0.2450390161827242
F_S_WWC_WM_262,0.223555,4.18995,2.1117,16.8942,1.04,-0.71,18.7332,-1.19796,48.9089,-12.0638,-3.89634,0.3,-4.82007,0.1,-14.8344,-0.914121,-24.0764,47.7791,79.393,-33.3417,-33.6252,-52.5836,-45.9437,1.0,0.0,0.2676963487342193
F_S_WWC_WM_263,6.65609,-1.55787,-4.93681,1.59994,0.55,1.29,5.24494,-0.900963,33.6654,-90.3368,2.59227,0.4,-16.6277,1.0,32.4802,1.88041,5.92247,13.7899,121.804,33.1532,129.119,7.93756,-84.5713,1.0,0.0,0.2226182545116279
F_S_WWC_WM_265,14.0784,9.37736,10.0382,12.7009,2.5,-1.44,3.0695,6.84916,-31.1671,21.2901,0.369002,0.5,-4.72497,0.5,39.4054,-13.4056,-13.0547,35.2396,25.8801,41.3073,23.344,-54.8254,20.3829,1.0,0.0,0.2631293246877076
F_S_WWC_WM_266,-3.97892,7.00355,-5.05328,10.8997,-1.22,2.04,-7.90374,-0.371956,48.6847,48.1872,-2.08017,-0.3,15.586,0.3,12.5839,-6.54749,18.8091,13.4251,116.222,-42.9174,61.3216,-50.2549,57.8101,1.0,0.0,0.2551365675980067
F_S_WWC_WM_267,-2.06414,12.7153,-4.8019,8.53537,-1.78,0.15,5.07045,6.80788,23.8461,92.9042,-4.16834,0.2,-18.1516,0.6,26.7872,8.92369,17.1937,-22.4271,19.1961,-35.0221,144.037,-32.6558,-175.733,1.0,0.0,0.2431339943289036
F_S_WWC_WM_268,11.9226,-3.42358,14.0472,-17.5269,1.11,-0.51,18.2962,4.02436,-1.20435,-53.0807,-9.50299,0.8,13.7857,-0.4,54.8762,4.62244,-3.95085,13.5878,86.4707,17.9518,15.6596,43.7361,-71.3932,1.0,0.0,0.2321485557109635
F_S_WWC_WM_269,13.6918,12.0376,19.9859,4.46638,1.71,2.39,6.0469,7.46222,15.5792,-46.7676,-1.10397,0.5,-19.1703,-0.3,59.3543,-2.65733,11.9657,-11.7899,72.3818,24.0,103.843,-6.74932,-121.886,1.0,0.0,0.225222021860465
F_S_WWC_WM_270,-6.74543,-4.75871,0.570191,16.9296,-1.3,-0.7,-7.82982,9.06089,5.40305,27.146,-1.93786,0.5,-22.8709,-0.1,10.1477,-11.448,-15.9961,-3.17335,23.4292,34.6269,122.753,-54.0557,-5.8394,1.0,0.0,0.2240770884950165
F_S_WWC_WM_271,-4.78849,-0.948227,17.2089,-18.1868,-1.43,0.68,8.671,-2.71706,6.15086,56.5993,-9.25189,0.3,-38.0618,-0.3,-11.869,-0.14394,25.4095,52.243,49.6705,-30.5558,-0.197107,12.7099,43.3271,1.0,0.0,0.2699147359667773
F_S_WWC_WM_272,9.60013,0.586839,-4.27878,-18.8349,0.8,-0.85,-1.52171,6.71762,-27.4549,76.6626,1.64748,0.8,13.9858,0.9,37.1355,7.05442,-20.1551,17.5576,115.443,-7.29189,2.26356,69.4087,7.44808,1.0,0.0,0.2199703740564783
F_S_WWC_WM_273,4.83321,-7.46145,3.19505,7.19619,-0.46,0.56,0.930061,8.75662,38.0219,-55.4329,4.29155,0.6,10.2429,-0.3,26.1141,21.6262,19.841,9.26996,106.395,7.90215,18.3839,-52.7742,-99.0218,1.0,0.0,0.215323020295681
F_S_WWC_WM_274,3.84474,13.0337,-3.28122,-19.2828,1.4,-1.24,16.1712,-3.55434,-2.38142,-29.749,-3.09142,0.7,22.358,0.0,19.7746,16.504,16.4299,-2.68353,101.374,27.8993,-32.228,-7.85264,30.7055,1.0,0.0,0.2554502962392027
F_S_WWC_WM_275,7.05372,0.738763,-1.09279,1.43838,1.6,2.09,1.56286,-1.5399,-36.7985,-64.8447,-8.20529,0.8,-35.4193,-0.3,52.7167,-11.0378,-7.73174,5.80449,100.795,0.604939,24.5613,-9.11047,-190.702,1.0,0.0,0.2247140296345515
F_S_WWC_WM_276,-1.42347,7.77924,14.8062,-11.0433,1.46,-1.18,-2.11525,1.65931,-11.3529,139.198,1.20937,-0.2,-24.197,0.9,19.3399,20.1812,-24.6107,-8.66586,117.672,0.0909229,74.9302,18.1854,-171.459,1.0,0.0,0.2455248872857142
F_S_WWC_WM_277,9.76389,1.48148,-5.13615,7.41247,-0.49,-0.6,2.1693,3.72304,15.0696,-62.6804,4.37208,-0.2,18.0495,0.6,-10.9235,19.656,-22.6398,-7.69945,111.342,-33.7104,90.2659,-22.3764,51.7307,1.0,0.0,0.2034655378438538
F_S_WWC_WM_278,-2.04933,10.4441,1.09105,9.47049,-1.03,-1.34,8.00245,-3.8185,-37.5944,-32.9422,-11.7692,0.2,-39.8864,0.6,59.6055,-5.19861,5.91065,19.242,42.2961,-23.6833,46.3447,19.2952,-112.91,1.0,0.0,0.2619747004451827
F_S_WWC_WM_279,1.36342,-3.75004,2.47944,-2.30357,-0.7,0.92,-5.212,9.15599,32.4818,44.126,-8.82492,0.1,32.4805,0.4,-9.5336,-15.2414,28.444,-21.6806,90.9818,-14.8187,-26.0368,-8.39846,88.175,1.0,0.0,0.221122886475083
F_S_WWC_WM_280,-6.47263,-7.03516,17.8458,-6.55448,-1.54,-0.92,8.49563,-2.34034,-22.6785,66.6108,-0.353306,0.0,-26.9433,0.0,44.0509,27.7251,-16.9724,27.2045,35.8308,29.6604,121.706,24.772,-140.634,1.0,0.0,0.2373248170764119
F_S_WWC_WM_281,14.5951,13.5628,0.642842,-14.8876,-1.39,-0.99,16.6591,5.55613,5.54013,-10.5869,-2.8508,0.4,-21.9421,0.8,58.8145,-16.546,3.26379,22.7088,-18.8161,22.9069,-35.4958,-16.1829,-107.237,1.0,0.0,0.2619551591063123
F_S_WWC_WM_282,-7.89774,9.4999,16.8649,-12.6474,1.92,2.22,0.248699,-4.02478,-9.93561,-24.8423,-10.5382,0.6,24.8703,0.5,-14.4984,26.0436,4.06417,13.0156,94.062,-39.8944,63.4463,33.379,18.0395,1.0,0.0,0.272763234730897
F_S_WWC_WM_283,11.5401,-3.11507,19.3567,6.48823,-0.56,-1.76,-0.236057,6.00373,30.7436,96.7235,-3.08057,0.0,18.6468,0.4,-7.77825,-17.8447,-7.9263,22.9602,-32.4726,28.8659,60.4216,-23.3727,-107.926,1.0,0.0,0.2397893160930232
F_S_WWC_WM_284,-0.429287,12.0886,-3.26471,-0.155666,1.66,-1.01,15.1783,9.05396,25.4557,29.5847,4.70196,0.6,-28.189,0.5,-15.3336,-16.2434,-8.61486,22.5523,-30.1256,47.4491,128.407,-37.7172,-53.5541,1.0,0.0,0.2690460293322259
F_S_WWC_WM_285,-4.51749,-3.06863,9.00653,4.73164,2.4,-1.41,4.58587,-0.0932522,-39.8811,-26.4604,3.0374,-0.1,28.5731,0.0,-10.5937,8.25393,-12.5585,-6.33228,43.5731,18.5468,86.7482,-2.52697,-159.25,1.0,0.0,0.2213873005083056
F_S_WWC_WM_286,1.80063,14.9076,-3.21118,-4.90108,-1.69,-1.27,3.12244,2.60881,2.22937,-92.5715,0.336701,0.2,-2.42464,0.8,-20.1932,22.2204,21.2375,-10.6527,28.6437,9.11821,135.647,49.991,6.59501,1.0,0.0,0.2495909730033222
F_S_WWC_WM_287,13.2434,4.41639,19.251,-9.94093,2.15,1.07,0.854275,-3.27975,3.22664,-42.7217,1.83126,0.7,-12.9431,0.7,27.0889,9.11898,-17.401,15.7063,16.3146,-9.58714,43.9054,89.9986,-78.6138,1.0,0.0,0.2276814851893687
F_S_WWC_WM_288,11.419,7.45066,5.60229,-1.20903,-1.73,2.02,13.0948,-4.96718,-16.5115,2.99137,-1.68298,-0.1,-38.3837,-0.2,46.0644,-0.59974,21.445,10.8624,30.2894,22.4668,141.854,20.7568,-81.6357,1.0,0.0,0.2388668313355482
F_S_WWC_WM_289,9.44002,2.63817,-7.02597,-10.5229,0.96,-1.43,19.9708,7.16953,-13.4742,-28.51,-0.725153,0.1,30.2015,-0.4,18.7559,-1.6476,14.1683,32.0645,-25.9332,10.7233,-39.5577,-29.1427,-168.493,1.0,0.0,0.2510697826877076
F_S_WWC_WM_290,7.9238,11.1302,5.29618,1.64216,2.21,-1.7,4.87846,1.28015,-14.9909,131.088,-13.3842,0.8,-20.9077,0.6,6.66423,-9.13248,-10.6542,5.54563,-13.8392,4.37627,140.507,0.438993,61.6875,1.0,0.0,0.2517982791827242
F_S_WWC_WM_291,-4.61875,12.7748,12.3707,0.350041,1.63,1.46,4.96232,9.42964,25.1006,85.5621,-4.2394,-0.1,27.5618,-0.1,-20.1374,-1.76706,6.1639,19.6784,109.545,-22.2807,-14.8453,84.9481,40.6988,1.0,0.0,0.2690145774186047
F_S_WWC_WM_292,5.73214,7.19271,15.1837,10.5937,0.78,-1.75,10.7571,5.26305,-1.1386,-62.0949,-6.82612,0.7,-14.9321,1.0,56.7133,29.9001,1.35449,6.49994,-12.7259,-13.0713,56.2382,-34.2597,42.7355,1.0,0.0,0.2551563466013288
F_S_WWC_WM_293,-1.39565,12.7991,-4.35052,3.51466,1.15,-0.34,14.2918,6.28443,-15.9054,-87.8173,-1.46429,0.2,-4.29385,-0.3,13.6217,25.4316,-4.7306,3.95206,64.9182,28.4732,20.9089,87.7202,-193.562,1.0,0.0,0.245417685
F_S_WWC_WM_294,1.50477,-6.06324,16.6952,-2.00787,0.65,0.09,8.85235,1.41637,22.3846,125.647,-10.6305,0.6,2.11806,-0.1,11.4054,25.1581,-16.0847,41.5112,76.5191,49.411,114.366,-15.3953,148.354,1.0,0.0,0.2418273539269103
F_S_WWC_WM_295,13.6247,11.5408,-4.66255,10.4067,-1.49,-1.37,11.1962,-0.157038,-5.34677,51.713,-1.49726,-0.1,13.0479,-0.3,-4.38629,-6.20428,5.13796,-15.1237,34.927,42.1983,50.4784,-50.0044,69.1962,1.0,0.0,0.2299377340199335
F_S_WWC_WM_296,12.7505,-3.26668,6.15034,-5.39317,1.19,-0.21,15.6385,2.68901,14.0097,-1.84681,-3.44487,0.3,-33.3353,0.1,46.4939,-2.60646,29.0666,-24.1021,114.399,24.3042,116.648,79.4331,65.8474,1.0,0.0,0.2158717299036544
F_S_WWC_WM_297,13.3154,4.54897,19.8819,10.1903,1.28,-0.26,8.1353,6.36584,14.8353,15.1127,-13.1998,0.6,-21.2102,0.7,-22.4316,15.9456,-5.11105,27.9334,112.035,35.442,97.2759,55.803,48.8339,1.0,0.0,0.2498594206511628
F_S_WWC_WM_298,7.03106,-2.36482,12.4279,-7.13771,-1.71,-0.83,-9.92392,-2.96069,-28.0041,12.9036,-8.59508,-0.3,12.3996,0.6,33.3036,21.2939,-20.8923,-8.00881,124.488,16.7698,47.1837,-16.4157,97.4683,1.0,0.0,0.2182381519767441
F_S_WWC_WM_299,10.2562,-1.84284,0.0211153,2.64876,-0.33,1.8,4.08152,-2.45441,43.6365,81.4043,0.477623,0.0,34.0795,0.3,0.563805,9.1898,-25.7048,22.215,108.355,9.63446,-47.5176,88.1792,-158.546,1.0,0.0,0.2270035863222591
F_S_WWC_WM_300,3.94595,1.61822,19.4247,-12.1299,-0.74,-0.29,12.6331,0.678617,-10.9234,49.7894,4.93685,0.6,2.26151,0.6,35.3033,-17.8902,-24.1291,-11.9808,88.8281,-7.72288,43.046,2.51209,148.89,1.0,0.0,0.2111816024019933
F_S_WWC_WM_301,-1.2433,-2.1805,-5.41271,-2.47286,-1.2,0.49,-4.9674,-3.85437,36.6154,135.903,-1.84638,0.1,23.0146,0.6,34.0607,29.362,2.45387,27.5635,-31.7729,12.2872,7.87287,-4.80833,-183.844,1.0,0.0,0.2423560811229236
F_S_WWC_WM_302,14.7557,2.40071,0.300317,1.99411,0.43,-0.05,-3.22732,-0.935731,18.5061,45.2784,-12.4612,-0.3,28.4221,0.4,12.6605,-18.0893,-22.4699,34.9708,0.4319,-37.0613,-57.6126,-28.7612,-128.633,1.0,0.0,0.2594215553521595
F_S_WWC_WM_303,10.5297,6.14824,1.55884,-14.8537,1.9,2.47,19.1176,0.255709,15.8581,-36.9674,-10.3025,0.5,-30.2912,0.1,12.5053,3.97462,1.38108,42.5928,112.976,-41.1801,120.358,-40.0155,38.9798,1.0,0.0,0.2648103228970099
F_S_WWC_WM_304,11.6489,3.57233,11.2127,-8.49544,1.94,-0.5,7.02122,-0.416002,6.32423,137.129,-14.3827,-0.1,-5.56949,0.2,58.6442,18.7647,-11.1183,48.746,123.776,-24.8314,27.3181,63.6225,-101.49,1.0,0.0,0.2737549797275747
F_S_WWC_WM_305,2.88578,5.73816,3.12827,11.6635,-1.61,2.05,-6.83014,1.71567,-37.2904,-61.6196,-8.26742,-0.3,-12.1238,0.3,-7.64911,24.2013,20.1297,29.0986,-23.9172,-45.7609,41.5985,43.2712,88.6815,1.0,0.0,0.2705684826245847
F_S_WWC_WM_306,4.34403,-7.79045,18.5251,16.2913,0.58,1.51,3.22681,8.77261,-45.0098,126.36,-2.67495,0.8,-21.1268,0.3,29.1265,-10.3349,13.3125,-11.5905,39.2943,10.2992,11.8839,-19.9316,89.5178,1.0,0.0,0.2235884356345515
F_S_WWC_WM_307,-7.79268,-1.6187,-7.23821,-1.45477,0.95,0.9,16.7411,1.87136,47.7597,128.917,-5.47794,0.1,-1.01521,0.1,5.7541,4.73153,-9.5922,-15.8599,113.506,22.6932,118.609,-34.5028,-37.229,1.0,0.0,0.2333047641495016
F_S_WWC_WM_308,-1.57663,-1.09839,7.99781,19.019,0.53,1.43,7.80453,5.99262,33.1547,-38.8581,-12.3302,-0.3,38.2036,0.2,-1.3985,13.7672,28.0424,34.1731,2.83157,-15.8874,3.08829,86.4245,-172.79,1.0,0.0,0.2647727370498338
F_S_WWC_WM_309,14.1591,8.12559,-1.71391,-1.63701,2.11,-0.04,17.0488,9.73358,-14.1848,25.839,-14.1889,-0.1,-14.1848,0.2,33.4087,17.8084,16.1799,15.5143,122.614,26.9625,86.2692,-40.6231,-70.2568,1.0,0.0,0.2700566622159469
F_S_WWC_WM_310,1.02742,8.82451,1.96234,-15.7196,-0.49,-0.4,17.1081,1.12328,30.4841,7.67427,-14.3227,0.7,-13.2244,0.9,5.35008,6.56457,-13.3455,-0.498527,27.4252,-44.772,130.506,25.7586,-110.571,1.0,0.0,0.2441276650199335
F_S_WWC_WM_311,-1.1241,-1.44458,14.8941,-9.31082,-0.16,1.79,4.81673,-4.32706,37.4084,18.3303,-14.9535,0.1,-32.4086,0.5,3.82697,13.5394,-6.39725,-2.49608,-55.7087,-7.888,-56.6694,1.65151,-161.346,1.0,0.0,0.2580552699900332
F_S_WWC_WM_312,11.1126,5.0649,5.9484,17.7853,-0.51,-1.08,11.8859,5.2019,-41.4857,-40.6129,3.7247,0.7,3.80026,-0.2,42.6311,-17.3981,6.37938,-17.2237,-25.0496,9.18631,-22.4838,9.23363,93.265,1.0,0.0,0.2174466303222591
F_S_WWC_WM_313,4.51894,-2.71435,-2.3958,-6.35573,-1.09,-1.74,-3.23126,-1.35035,-28.5944,118.225,-10.8118,0.8,-23.907,0.2,19.6448,2.95753,16.3292,43.1894,11.8435,-27.0774,28.8918,0.0145039,135.814,1.0,0.0,0.2562096105182724
F_S_WWC_WM_314,3.5788,0.34647,0.0592328,17.6739,0.56,1.83,15.5814,7.91486,2.34503,-74.3475,-1.40184,0.5,39.4068,-0.3,13.827,3.49829,25.0691,50.6882,84.5339,20.3957,52.48,35.6355,78.3736,1.0,0.0,0.2424130169335548
F_S_WWC_WM_315,-4.55556,3.80504,9.3969,-13.4166,1.72,-0.87,11.6052,4.4852,16.1003,50.7281,-3.81558,-0.1,-10.2403,0.8,51.0832,-14.0563,26.1902,25.6208,-11.8919,-5.24025,-36.0182,44.5215,140.186,1.0,0.0,0.2738004079335548
F_S_WWC_WM_316,8.13704,1.84053,15.6019,15.7932,0.77,-1.19,17.4985,0.219354,-18.0008,-63.0264,-10.6622,-0.3,-37.7944,-0.2,23.9763,2.14968,-13.6652,-18.0836,94.8608,33.0452,62.6375,26.1701,-186.477,1.0,0.0,0.2310741791229235
F_S_WWC_WM_317,7.61576,-2.08584,9.25048,-2.06074,2.49,-1.58,-4.10263,3.0795,-46.0045,-67.3735,-4.60972,0.2,16.1855,0.9,20.6025,1.67658,19.365,-15.7141,21.149,-10.3004,24.0031,-19.194,139.083,1.0,0.0,0.2177763919933554
F_S_WWC_WM_318,-7.13859,-7.36357,5.34268,-11.6574,0.47,1.47,13.9392,6.43901,-19.921,141.354,-0.925265,0.1,28.0516,0.1,-9.03067,16.2567,23.6412,29.0546,77.0487,45.2412,56.0321,52.1454,-103.728,1.0,0.0,0.2365942973388704
F_S_WWC_WM_319,3.81305,-6.73659,0.517518,-3.31192,0.7,2.46,6.73566,0.550374,12.9162,-20.6931,-0.33828,-0.2,36.5894,-0.1,-10.0766,28.3408,12.2312,22.4806,-51.1018,13.642,17.3783,-45.6562,-68.1126,1.0,0.0,0.233300805282392
F_S_WWC_WM_320,8.85139,10.9891,8.31232,6.66824,-0.88,-1.62,-5.18334,-0.338092,26.2574,-11.2609,-9.86611,0.3,-1.75144,0.8,-23.355,23.6506,10.633,46.2599,110.729,-46.2295,62.7956,9.03106,27.4284,1.0,0.0,0.2656571908970099
F_S_WWC_WM_321,12.5445,12.6951,-6.15302,-7.76348,0.55,1.74,-8.52558,1.97035,17.3019,14.8661,-1.22459,0.2,6.00033,0.1,49.5611,28.8385,21.8699,-10.4114,69.1513,6.19894,36.3244,-35.4888,138.52,1.0,0.0,0.2521654719501661
F_S_WWC_WM_322,8.38386,14.7945,-5.51231,-19.3203,1.1,1.41,17.4485,1.14789,-5.2707,-75.8094,-2.37348,0.3,-13.5945,0.5,0.769032,-5.27623,17.6737,2.71491,1.92591,-49.3805,42.7231,-43.8154,-152.187,1.0,0.0,0.2508895755747508
F_S_WWC_WM_323,-5.30894,0.454952,1.94322,-8.72595,1.74,0.02,15.0607,7.79115,-36.3385,38.5029,-5.37978,0.2,-33.5641,-0.1,-19.359,20.1422,-26.5341,-2.38861,107.976,0.272774,145.939,44.065,-130.157,1.0,0.0,0.2355013978139535
F_S_WWC_WM_324,-4.83583,0.386117,-4.20175,6.9087,-0.78,-1.29,12.5627,8.73415,34.2574,123.084,-4.90479,-0.3,-13.3259,-0.2,-7.47745,22.7164,-14.858,40.447,-4.02362,-13.3279,107.342,67.5647,-174.355,1.0,0.0,0.2653743046710963
F_S_WWC_WM_325,4.07337,-1.68879,17.7434,9.36038,-0.28,0.22,16.0067,-4.30345,-39.061,115.842,-1.75331,0.2,-31.0162,0.4,31.4591,-4.4384,2.72946,3.17062,-45.501,-49.6043,91.7901,-7.28688,-197.095,1.0,0.0,0.2124682137641196
F_S_WWC_WM_326,-6.56367,2.12519,-5.37,18.0683,1.7,0.52,9.21375,-4.12848,3.3539,120.117,-8.1582,-0.3,32.2854,0.4,1.05815,-13.5381,7.29631,20.9863,-0.540366,-0.709251,29.8651,56.0198,99.8328,1.0,0.0,0.2728035900863787
F_S_WWC_WM_327,1.0805,2.27971,10.2434,-18.5218,1.89,-1.4,2.07114,1.96365,-7.87191,-22.6639,1.87187,0.4,-39.4617,0.6,-11.659,16.0878,29.4995,25.2039,42.623,-28.9677,70.601,65.4928,117.88,1.0,0.0,0.2458795943820598
F_S_WWC_WM_328,-4.64991,10.8228,17.6653,0.627791,0.52,0.86,17.6039,6.51122,29.2445,87.3078,-0.222949,0.3,-10.855,0.0,33.0101,-13.448,24.0058,26.2915,-57.4584,29.8563,68.4703,-53.6718,-138.686,1.0,0.0,0.2604265955049834
F_S_WWC_WM_329,-0.691483,7.53214,19.0643,-8.45043,2.4,1.45,6.47098,0.429876,30.7141,-5.30879,-3.02358,-0.1,-0.615178,-0.2,59.2509,-17.9923,-4.91649,30.5582,21.8469,41.0286,133.31,-45.1614,93.6969,1.0,0.0,0.2657182715215946
F_S_WWC_WM_330,14.8494,9.39904,19.7403,3.21728,-0.57,-1.04,-6.42852,1.36552,5.1957,2.28945,3.5865,0.4,25.6196,-0.2,9.98785,7.33804,-22.1975,7.2693,3.22246,21.3981,106.687,18.9376,126.947,1.0,0.0,0.2289723359169435
F_S_WWC_WM_331,10.586,1.00995,13.4826,7.96967,-1.17,2.11,8.3587,-2.22128,-37.8606,130.283,-10.4429,0.0,36.9015,-0.2,28.13,-10.284,-23.7288,42.5289,100.212,-19.3371,-51.3009,-20.6588,45.6537,1.0,0.0,0.2455969039468438
F_S_WWC_WM_332,5.63807,-3.43814,15.7931,7.30633,-1.77,0.27,12.0608,4.74947,8.21663,-92.2399,-1.37703,0.4,-20.162,-0.3,-16.1026,-18.8859,-4.59733,-1.33546,6.68258,-17.6554,55.4154,-13.9458,81.3644,1.0,0.0,0.2143986034651162
F_S_WWC_WM_333,13.545,9.84003,0.908839,-4.03165,1.8,0.42,2.37659,9.8686,17.4565,-66.3368,2.20959,-0.3,-5.60642,0.5,-21.1481,4.99187,0.530137,23.0463,80.7643,41.6849,-46.2898,42.675,-162.86,1.0,0.0,0.2726161656810631
F_S_WWC_WM_334,10.2953,-5.80348,-3.97651,19.4906,2.36,2.25,7.57503,5.91881,26.0856,-63.4925,-3.96946,0.0,-1.0535,0.4,3.07575,11.0792,-18.3488,19.8868,1.11919,6.08968,146.432,-4.69452,63.7962,1.0,0.0,0.2318360377541528
F_S_WWC_WM_335,3.98138,6.02578,-6.42705,16.6888,2.2,0.76,-5.08257,4.75031,-28.8902,-64.0702,-0.873988,0.0,-0.141037,-0.2,-24.2463,-1.57356,17.7967,41.1256,6.30713,43.0354,26.0093,-20.4731,-105.964,1.0,0.0,0.2595029531860465
F_S_WWC_WM_336,-2.73459,14.4885,10.9803,10.2719,-1.24,-0.52,6.01954,1.49856,-27.3903,-32.6618,-13.7654,-0.3,-23.7475,-0.2,19.542,1.1944,-22.9689,-4.66281,91.8881,-35.7358,-0.687429,-10.0153,130.385,1.0,0.0,0.2531760306279069
F_S_WWC_WM_337,0.485376,-1.79022,10.28,19.1819,1.43,0.77,-9.89439,5.46766,32.0757,35.6164,-5.95721,0.8,-32.9958,0.1,54.4999,-11.8715,-27.5163,12.0772,120.104,25.6094,-5.39398,26.8087,-29.4378,1.0,0.0,0.2306704101794019
F_S_WWC_WM_338,9.48387,10.1073,-4.88153,-5.45173,0.41,-1.04,17.1947,9.88094,40.1886,124.721,-2.73426,0.0,35.3009,0.2,-11.5755,-4.24152,-20.2315,7.9137,4.24155,-12.8859,-23.1748,30.6879,106.988,1.0,0.0,0.2302733937607972
F_S_WWC_WM_339,5.3344,-4.93146,-1.42886,9.92113,1.23,1.59,18.414,-0.402171,-35.055,35.2679,-10.0082,-0.1,-15.7797,0.4,7.30739,-12.2769,-25.0979,-9.78623,7.27882,-43.5174,5.60799,2.94371,133.222,1.0,0.0,0.2311730559269102
F_S_WWC_WM_340,-2.32102,-4.42296,11.3489,-4.67531,0.35,0.51,19.2499,9.51431,-38.2635,-27.3067,-6.39124,0.0,5.58556,0.4,30.9092,-19.2919,-24.9713,-20.4376,109.759,26.0964,-15.7481,43.5469,-43.7585,1.0,0.0,0.220191967192691
F_S_WWC_WM_341,-4.97236,-2.65602,12.0259,5.49031,1.14,-0.26,14.4313,0.521936,-47.0265,-14.4551,-0.0769903,-0.2,-35.4985,0.1,26.629,24.0664,-5.97266,36.6956,54.2156,-0.225372,-4.61546,-57.6878,139.751,1.0,0.0,0.25101878630897
F_S_WWC_WM_342,-5.87982,0.191741,10.0661,18.8625,-1.35,1.12,-0.942221,1.21741,-20.3879,-71.8895,-9.90453,0.4,-10.8872,1.0,24.3726,23.1316,1.66263,4.7929,108.891,-30.0856,-14.4892,61.5793,-181.206,1.0,0.0,0.228385093730897
F_S_WWC_WM_343,-6.32991,3.83745,12.0419,-18.8721,0.37,0.59,19.0692,3.6922,49.2893,10.2517,-14.5269,-0.1,-28.5063,0.7,18.6404,-4.18289,-0.660401,-14.5609,87.0901,-18.5243,39.3032,-43.6017,103.999,1.0,0.0,0.2466910156245847
F_S_WWC_WM_344,6.20808,3.31576,10.7985,18.3301,1.59,-0.22,-9.25067,7.64278,-33.4666,-80.1042,-13.7773,0.8,14.493,0.5,-4.22358,-2.01732,-23.6194,38.4497,-28.5142,27.4636,81.5825,37.0564,-60.7902,1.0,0.0,0.2527343079003322
F_S_WWC_WM_345,-1.85554,8.41772,-1.75644,19.7768,1.18,0.84,-7.25578,-0.353245,47.9153,-39.5349,4.59889,0.1,-8.2692,-0.2,9.52686,10.5311,-9.7603,1.06402,98.9452,43.2338,39.8811,29.0997,105.553,1.0,0.0,0.2485345616611295
F_S_WWC_WM_346,0.332503,14.4037,3.7594,-8.62491,-0.18,-1.63,10.5353,-2.02046,43.0641,-81.4516,-1.31163,0.6,8.83937,0.3,43.6951,-10.0433,-12.4623,32.8625,5.32761,34.0184,-5.04661,59.5482,114.208,1.0,0.0,0.2696987093687708
F_S_WWC_WM_347,-0.473037,13.6551,7.28715,16.4632,0.22,-0.19,12.8766,2.85356,4.80683,33.4018,-9.65864,0.8,-5.18552,0.7,-2.02852,12.7063,-27.6812,26.796,-52.7742,9.3598,-55.2232,-19.4294,83.5642,1.0,0.0,0.2783937543322259
F_S_WWC_WM_348,-5.85281,-0.783989,12.9271,-7.69095,-0.53,0.94,-2.30362,8.23073,40.9023,-23.8102,-6.41938,0.7,20.1726,-0.4,58.9702,-16.0472,-16.7554,12.5853,-2.22323,-9.7414,134.9,54.518,-82.9837,1.0,0.0,0.2371539769700996
F_S_WWC_WM_349,3.15792,3.73065,14.0155,5.3823,-1.46,1.07,8.93641,9.84712,45.6116,94.9647,-12.5037,0.3,31.5435,-0.3,14.5889,24.7076,14.4955,25.993,97.8507,28.831,81.1154,56.449,-131.02,1.0,0.0,0.2437448425049834
F_S_WWC_WM_350,13.4581,-6.79542,14.6127,-6.74857,-1.29,0.23,-4.2173,7.70076,-33.602,70.9935,3.60083,-0.2,18.5584,-0.3,-2.61646,13.3578,12.8251,-16.8857,15.2655,36.0278,-19.5615,-0.651336,-31.0973,1.0,0.0,0.2112771154053156
F_S_WWC_WM_351,4.84757,13.0059,1.74703,17.24,-0.08,2.15,-0.147528,-4.09049,-3.75876,53.2789,-0.817519,0.3,-30.181,-0.2,-16.495,0.833722,15.4496,5.29214,127.109,-7.53458,41.0008,-13.3508,143.872,1.0,0.0,0.2299230109601329
F_S_WWC_WM_352,-3.17322,14.2414,18.4322,8.29903,-0.4,0.4,-1.5856,-1.71998,-30.0122,22.9067,-0.300608,0.8,1.8745,-0.1,31.6455,28.8627,10.7747,41.7755,47.9311,-13.8272,30.106,7.57855,78.6861,1.0,0.0,0.2656842475049834
F_S_WWC_WM_353,9.31104,-7.39272,11.1683,-11.9741,1.12,0.99,-6.9402,1.60513,15.4103,89.1901,-0.0932664,0.4,-23.4371,0.3,53.8794,29.653,-21.9431,15.099,81.5343,-17.0359,149.714,-5.61891,-55.1418,1.0,0.0,0.2305270688172757
F_S_WWC_WM_354,8.12596,-6.67286,11.9785,-8.98283,-0.81,-0.39,-6.73768,6.1938,11.4337,118.117,-7.99107,-0.4,27.7914,0.2,-17.5656,14.8317,20.758,43.3811,58.1828,-49.8203,41.3639,-58.6145,-116.689,1.0,0.0,0.2390365949601329
F_S_WWC_WM_355,1.86703,-4.6621,13.6343,-8.14613,1.76,0.97,-5.45151,-4.4013,-8.60109,-17.3792,2.94954,-0.4,0.157388,0.4,56.3069,18.612,26.8253,8.11013,123.199,27.7021,14.3116,17.2681,-122.695,1.0,0.0,0.2244900714219269
F_S_WWC_WM_356,-3.61504,-6.45093,14.4931,-9.03637,2.29,0.02,19.7522,0.491693,33.3304,57.6658,2.88953,-0.2,-7.56957,0.6,33.2672,7.07684,6.21442,4.68908,94.3988,-17.869,119.175,86.2322,-31.641,1.0,0.0,0.22361249010299
F_S_WWC_WM_357,11.617,13.9885,17.05,-13.2253,-1.5,1.66,11.107,-2.93264,-24.6629,82.7019,-5.0181,-0.3,25.4068,0.6,13.5794,22.8491,-1.31774,-23.5018,-50.562,-34.3143,18.7359,53.2325,-132.207,1.0,0.0,0.2511270231727575
F_S_WWC_WM_358,5.4187,10.0552,6.49443,-6.61939,1.35,-1.19,7.91727,4.18703,-39.5568,64.7429,0.421409,0.5,-9.20463,-0.2,-15.5479,20.8719,25.304,53.7426,10.2358,39.7311,137.682,61.7457,-176.855,1.0,0.0,0.2607758150631229
F_S_WWC_WM_359,2.59026,-6.38791,-0.87376,5.30754,1.44,2.14,18.6772,-0.988683,12.4493,148.181,-7.92863,0.6,19.7468,-0.2,3.28324,-7.58902,4.13309,34.8248,96.8637,-35.3489,21.3784,69.6224,-40.2284,1.0,0.0,0.2478684869634551
F_S_WWC_WM_360,-0.747814,3.04446,16.0419,0.165864,2.39,0.5,-8.6869,0.906423,-38.7447,-36.1935,-12.3884,0.0,-14.9819,0.3,11.616,27.2134,0.347212,20.2945,-5.06857,42.9073,126.505,57.9219,-187.497,1.0,0.0,0.2614881461794019
F_S_WWC_WM_361,2.8104,-0.664165,11.7988,18.3652,2.35,0.01,19.6107,-2.17657,17.7035,78.4531,-13.3023,0.6,-5.00691,0.2,18.0641,12.4071,-13.5425,-20.7425,86.7176,-1.78125,-13.2865,54.3636,136.244,1.0,0.0,0.2310982178239202
F_S_WWC_WM_362,1.20711,9.41738,9.5308,-1.07127,2.47,2.5,7.22347,4.91627,34.773,120.828,2.76623,-0.2,6.46758,0.4,58.695,11.5283,6.77011,18.7916,44.542,3.2606,36.7026,-6.36975,-198.146,1.0,0.0,0.2613912338538206
F_S_WWC_WM_363,8.67264,9.85984,11.9546,-6.71047,2.1,0.17,14.1884,8.78816,21.4809,-0.991177,2.35115,0.5,-1.27164,0.9,25.5269,3.21889,17.3063,52.9781,60.8169,-11.0801,100.947,-5.15437,118.253,1.0,0.0,0.2600259727375415
F_S_WWC_WM_364,7.98791,11.59,19.6197,-17.4366,1.57,1.81,-3.78131,-1.79265,26.9704,-63.6515,-7.73273,-0.1,28.3363,-0.2,24.8546,15.5748,-15.1906,38.8872,36.3962,5.53025,123.629,36.0543,-170.943,1.0,0.0,0.2642794206378737
F_S_WWC_WM_365,-0.9414,9.16835,11.8847,1.71706,2.12,1.47,-5.33695,-4.50356,11.0413,-91.538,-8.42369,0.0,7.35728,0.1,-11.5129,-15.5052,-5.57883,45.9545,125.062,35.4192,7.74439,16.1663,-5.42799,1.0,0.0,0.2769877242990033
F_S_WWC_WM_366,-2.12652,-2.92043,10.8535,17.9469,1.78,0.46,17.5953,-0.0774861,43.2239,5.50685,-3.88322,0.3,24.4654,-0.4,44.3144,24.3002,12.5548,6.68629,6.81047,-34.7361,-31.1444,13.0898,-127.21,1.0,0.0,0.2369610912026578
F_S_WWC_WM_367,-1.48067,12.4366,7.94027,14.5567,-0.27,1.76,5.64358,5.75744,-20.041,36.6587,-4.19927,0.5,-30.9238,-0.3,45.4035,8.37078,-0.0114416,54.0266,27.8576,32.5931,-13.1113,-50.7219,-189.558,1.0,0.0,0.2716903863322259
F_S_WWC_WM_368,2.16049,14.8068,-0.445845,-9.62795,0.34,-0.69,-5.68636,-3.35797,-16.0728,36.2341,0.671944,0.0,20.4228,0.4,-23.6682,2.13762,-21.5449,36.8671,62.9398,39.3492,115.658,-41.9721,110.946,1.0,0.0,0.2728717263056478
F_S_WWC_WM_369,14.2746,-7.30354,17.9064,-12.8253,-0.23,-1.0,14.6135,1.24,-26.7376,-31.1449,-11.5907,-0.1,30.6858,0.2,14.8051,-9.30925,24.5642,24.9023,-0.150447,-2.83929,38.6138,-14.5143,98.5961,1.0,0.0,0.2518892552558139
F_S_WWC_WM_370,0.0321028,14.4162,16.5636,4.08502,1.56,0.71,14.0934,-4.58198,-8.4606,-37.3915,3.23229,-0.3,-19.3227,0.3,1.24733,-3.34723,3.94085,-2.00967,44.1109,19.0562,148.058,8.56311,145.963,1.0,0.0,0.2577423954883721
F_S_WWC_WM_371,7.15261,3.67897,-7.871,1.38921,-1.15,1.98,-2.93004,8.5266,-8.92593,78.704,-12.4167,0.2,-18.5388,-0.3,47.8279,-14.9851,-18.9918,-0.384915,-12.8169,24.0643,-45.1738,-9.70051,-123.595,1.0,0.0,0.2402245980930232
F_S_WWC_WM_372,-5.43353,2.2491,-1.59471,12.2498,-1.1,2.24,10.8492,7.42514,-29.8766,46.9333,2.22963,0.1,-28.6427,-0.4,59.5076,-7.83249,-0.704175,14.3318,-5.3357,-31.738,73.9349,-21.0844,98.1639,1.0,0.0,0.2255288878970099
F_S_WWC_WM_373,2.84412,2.59603,11.6737,1.91896,1.85,0.64,19.9271,-1.72269,-11.2404,-13.1895,-12.7985,0.5,9.28576,0.3,-13.6907,-12.9642,-29.7375,-17.9474,-40.2496,41.5646,101.901,-25.429,-139.33,1.0,0.0,0.2347643217541528
F_S_WWC_WM_374,-7.86397,14.5624,14.7193,0.805103,0.64,0.14,16.359,4.12307,-5.04534,-44.7844,-9.62279,0.5,14.3055,0.8,2.88088,5.34397,8.62141,20.2547,91.4513,47.7322,87.9634,-57.3813,-7.74828,1.0,0.0,0.2733057751428571
F_S_WWC_WM_375,7.84568,12.9478,-7.92613,-2.22962,-0.76,-0.79,7.5682,4.65175,8.39538,106.244,-13.9971,0.1,13.1504,0.7,55.0952,7.1754,-12.3933,37.95,-56.0634,1.94394,-18.7895,82.6033,-36.7533,1.0,0.0,0.2784834229734219
F_S_WWC_WM_376,9.5338,-5.61979,10.4146,0.173714,0.05,2.33,-7.68093,3.21573,-39.6617,24.6649,-10.9848,-0.2,20.5469,0.7,22.7503,13.9426,-2.22478,26.7613,-29.7137,14.1063,-25.5642,73.4766,145.119,1.0,0.0,0.2472624014584717
F_S_WWC_WM_377,6.86793,13.4543,16.915,15.6572,-1.28,-0.74,4.14508,5.71535,-26.2223,-53.3626,2.72893,0.7,33.5095,0.2,23.6494,9.24327,-23.2451,-11.338,105.041,6.61633,10.3986,67.1766,-147.121,1.0,0.0,0.2372589516345514
F_S_WWC_WM_378,-6.27783,11.4331,6.66028,10.0776,-1.76,1.26,3.68875,8.27648,-48.2206,-50.8239,-10.4232,0.4,19.3068,0.3,23.2965,-3.42303,-4.24254,6.63292,-7.07266,1.38409,-18.2984,-45.4098,36.4189,1.0,0.0,0.2587522192691029
F_S_WWC_WM_379,4.64433,-3.60484,2.98236,7.73074,1.5,0.79,-2.86282,0.60241,-48.4737,87.8047,-3.58177,-0.4,-2.10274,1.0,-11.1022,-3.76751,-2.77237,-8.19073,102.337,-17.4333,-55.9908,52.4174,-76.5285,1.0,0.0,0.2268730353122923
F_S_WWC_WM_380,5.67397,14.5288,0.807548,-4.35435,-1.44,1.61,11.7567,9.02932,-39.7583,146.815,-0.743109,0.0,33.8092,0.3,14.2119,7.56756,27.6696,43.8311,-39.4115,7.83182,19.207,-18.9778,-60.3991,1.0,0.0,0.2737261951461794
F_S_WWC_WM_381,-2.90758,9.13463,2.88421,-9.32652,1.31,-0.81,8.38636,5.5701,-31.4208,116.172,-8.47613,0.5,19.8356,-0.3,1.84827,-19.6366,-24.3739,15.1146,55.8722,30.8079,65.8409,68.4052,146.609,1.0,0.0,0.2780284025215947
F_S_WWC_WM_382,1.89212,-7.68803,2.73007,15.3968,-0.44,0.25,19.6459,-0.785801,-1.86547,-9.33251,-10.1392,0.1,10.8328,0.9,28.0148,15.8398,-8.36349,28.8714,22.4127,18.5936,49.4075,89.4154,-71.723,1.0,0.0,0.2497207103588039
F_S_WWC_WM_383,-2.60186,7.7218,-7.75726,-10.7556,2.08,-0.56,-5.14719,9.28748,23.5045,-8.33879,-5.23517,0.0,-3.96847,0.3,-23.244,5.62955,27.3481,31.2438,55.5281,-49.9954,127.691,37.5974,-35.403,1.0,0.0,0.2827940668172757
F_S_WWC_WM_384,9.02383,4.63143,0.156322,4.84134,0.46,-0.15,15.2317,-3.13467,40.6232,13.3265,2.03825,0.1,-29.6662,0.7,-3.05084,-18.2612,-28.4745,54.601,23.6312,38.6043,58.2851,78.7151,-49.9506,1.0,0.0,0.2625106893521595
F_S_WWC_WM_385,-3.14828,2.28841,6.09792,19.1134,0.82,1.78,16.2891,-4.85159,-24.4879,-30.5641,-4.13897,0.1,-3.32492,-0.1,43.0263,1.44728,-16.3899,-7.54443,-48.0185,15.0011,30.7021,-58.7705,3.85971,1.0,0.0,0.2341549179966777
F_S_WWC_WM_386,0.527561,-7.91724,-3.0883,3.97372,0.16,2.44,-4.18284,-3.24658,-6.06023,70.5622,-6.94273,0.1,29.7702,0.0,54.5683,-5.53382,11.0007,-20.789,43.3021,26.5475,84.4414,-47.118,28.4923,1.0,0.0,0.2137176402624584
F_S_WWC_WM_387,14.6463,-4.16083,-5.10818,12.0063,-0.22,1.71,13.2762,4.13569,8.96469,-88.1711,-6.12789,0.1,1.04996,0.9,58.3076,-6.82119,13.1947,46.1433,-22.549,18.2405,-8.94963,40.2147,91.0721,1.0,0.0,0.250580365744186
F_S_WWC_WM_388,9.93163,-5.87381,3.29697,-17.3444,1.53,0.97,3.25755,-1.24872,1.3804,-69.9979,-12.1129,0.4,-17.2391,0.5,-7.14909,-3.86524,13.856,-7.03706,-29.3629,46.9032,77.4226,40.8695,112.462,1.0,0.0,0.2496429674152823
F_S_WWC_WM_389,-6.14087,6.46432,17.1183,-5.48761,-0.96,-1.53,15.7004,4.55267,-8.34048,-22.9008,-11.4772,-0.1,-10.5341,-0.1,-22.1195,-8.64281,7.92801,-14.7974,-44.3192,1.26988,-30.0556,55.2295,10.3845,1.0,0.0,0.2496299763687707
F_S_WWC_WM_390,0.1613,-1.65459,14.227,9.75977,-0.32,1.45,14.5273,7.60283,-17.6361,-77.7737,4.65238,-0.3,-24.8032,-0.1,-0.695343,12.7802,-29.8139,18.5805,-40.0792,21.4672,71.9866,31.618,-147.65,1.0,0.0,0.2417974423488371
F_S_WWC_WM_391,-1.15704,8.96239,-4.29931,4.35183,1.09,-1.14,6.92097,7.06984,19.5231,-47.4233,-11.5429,-0.4,-23.1532,0.9,30.8026,-10.1637,-19.3145,49.6223,63.0152,30.5056,58.016,32.5952,113.509,1.0,0.0,0.2895760202990033
F_S_WWC_WM_392,6.14936,-5.38067,8.69459,-15.652,-1.12,0.32,12.9629,8.62648,-23.5679,94.4304,-10.2686,0.5,-5.03499,0.7,23.3975,-12.7008,16.4618,-16.4713,-38.3875,-21.4186,119.823,-55.7661,-8.04637,1.0,0.0,0.2241978316013289
F_S_WWC_WM_393,9.96875,7.95606,5.88542,1.85171,-0.69,1.44,18.1307,3.46428,-42.583,124.084,1.55275,0.2,20.9864,0.8,-7.21598,-16.7486,12.9352,-21.2877,35.3315,-29.3607,-33.3322,-33.5665,-135.821,1.0,0.0,0.2226148216644518
F_S_WWC_WM_394,-2.69047,-0.391359,13.9459,0.0486168,1.18,2.35,1.8379,2.19943,-6.92668,52.3717,-5.4467,-0.3,26.0568,0.9,-12.4483,-10.1318,-25.6061,48.6872,-56.6559,-28.5554,53.5058,-35.1178,81.7505,1.0,0.0,0.2489899974784052
F_S_WWC_WM_395,-7.161,-0.727486,8.61681,-16.3348,2.19,-0.75,18.2407,-0.615154,49.8153,31.4745,-9.53954,0.2,15.2555,0.5,-16.606,-5.36598,-23.5298,35.1974,-53.2342,35.7001,38.964,52.8865,44.0016,1.0,0.0,0.2749062269734219
F_S_WWC_WM_396,-5.48116,-1.01507,-0.439375,15.2265,-0.74,0.36,5.51759,9.16987,16.3957,122.147,-11.878,0.6,-31.3464,0.7,3.96411,-9.64584,20.8958,49.6942,65.8209,-42.503,116.999,-20.9259,69.6894,1.0,0.0,0.2557003586810631
F_S_WWC_WM_397,2.27182,4.80003,4.27007,-3.72039,0.54,-0.96,0.343692,-4.5334,-16.9389,149.635,-3.21889,0.5,29.0038,0.7,13.3462,-8.16057,16.8631,-20.162,126.635,-11.9349,-38.7619,40.3375,142.64,1.0,0.0,0.2251634379800664
F_S_WWC_WM_399,6.88572,10.4193,3.49369,-11.813,-0.28,1.56,4.32482,-3.77643,47.4764,57.1707,3.22638,-0.2,-36.4648,0.3,13.4191,6.89176,28.4938,-5.9574,52.5334,44.7741,-54.0833,-15.7797,4.62645,1.0,0.0,0.2451369343455149
F_S_WWC_WM_400,0.927547,8.91185,-0.772013,-17.1215,-1.16,2.42,-0.417599,-0.208327,9.4161,-86.7644,4.06274,-0.1,20.0129,0.1,53.2284,-0.455877,8.92921,33.613,41.6967,19.9115,111.706,74.0918,82.8182,1.0,0.0,0.254270142192691
F_S_WWC_WM_401,-5.14978,8.49075,-2.33954,0.999843,0.86,2.27,-8.83108,7.96489,10.8414,21.7297,-8.49431,-0.2,-38.2057,-0.2,-0.410378,15.1631,-19.1516,39.5206,18.866,-30.8091,104.199,-31.4131,26.0451,1.0,0.0,0.2847172421528239
F_S_WWC_WM_402,2.44122,1.72096,-1.6032,-2.69761,1.64,1.13,6.82224,-4.98489,3.88655,-15.8704,-10.1683,0.8,-18.4819,0.0,-20.635,21.2803,-16.6661,16.8775,15.8297,-5.79851,31.3063,-58.1025,121.918,1.0,0.0,0.2488679885946844
F_S_WWC_WM_403,2.62663,-6.02601,7.56793,-4.73718,-0.19,2.43,19.3819,-0.66019,46.0644,100.728,-1.81477,0.6,17.8669,0.6,44.3628,7.69291,21.5221,51.3145,59.5509,24.8454,36.2868,-20.2421,35.9781,1.0,0.0,0.2321816833289036
F_S_WWC_WM_404,2.93651,14.9672,13.2719,-19.1316,-0.15,0.03,-1.48428,-1.29683,49.5735,92.0976,-2.34028,-0.1,30.3784,0.6,8.9231,14.6708,-20.3884,-1.13637,67.5769,-46.8539,53.7001,-2.96883,17.1109,1.0,0.0,0.2617096638704319
F_S_WWC_WM_405,5.29664,0.555752,-6.8122,-6.86644,-0.17,-1.1,5.15605,2.95354,41.8146,28.5261,-3.98494,0.7,30.8131,0.0,3.75731,-1.56477,19.9466,-24.9415,-20.2762,-1.60361,140.828,-25.9217,127.047,1.0,0.0,0.2125141519401993
F_S_WWC_WM_406,0.701956,13.8057,11.8155,1.10384,0.12,-1.47,10.6014,9.81659,-25.2674,67.1858,0.944067,-0.1,-22.2043,-0.2,51.4735,-18.1615,-18.8998,5.4409,103.569,10.0595,68.2794,-31.2261,-62.7159,1.0,0.0,0.2410477956877076
F_S_WWC_WM_407,-1.00282,-5.32645,3.06457,3.93312,-1.6,0.3,2.02646,9.48621,-46.7905,-51.195,-0.85004,0.0,-9.93815,0.2,54.3971,10.2089,2.87109,-13.2991,120.504,40.1373,134.522,-24.1495,83.0912,1.0,0.0,0.2009275004451827
F_S_WWC_WM_408,12.3417,-1.9992,0.529818,-5.27558,1.02,-0.11,17.736,-0.678109,-44.2696,17.2428,-10.4993,0.5,9.52403,0.5,50.3094,26.2319,26.9692,46.6213,-3.54104,-3.70869,-24.7006,-36.7484,-93.502,1.0,0.0,0.2588609601561462
F_S_WWC_WM_409,-1.90626,6.41443,0.0805201,-11.6002,-0.35,1.88,-7.25845,0.931802,-25.7963,58.9682,4.24351,0.4,11.384,0.5,15.7247,-0.0712194,2.2374,50.5181,-53.1378,-34.2082,112.168,12.3265,-177.049,1.0,0.0,0.2530302538139535
F_S_WWC_WM_410,-1.21586,-0.865469,18.0805,-8.76359,1.15,2.4,11.9995,-0.499579,-40.5443,133.06,-0.40191,0.1,4.38743,-0.4,12.1193,-0.671307,-21.1987,-1.44597,33.1141,-14.6893,99.5598,75.1326,-115.045,1.0,0.0,0.2281834932591362
F_S_WWC_WM_411,5.63189,-3.48744,6.37581,14.3066,0.5,-0.86,8.3388,-0.296016,-36.6226,78.1785,-13.9682,-0.4,6.57527,0.3,-4.85982,5.49508,29.4178,-9.09088,-17.2526,45.8004,147.656,-8.79242,61.0775,1.0,0.0,0.2331406272358804
F_S_WWC_WM_412,2.56111,14.7044,14.4543,-9.52161,-0.68,-1.13,13.5301,4.51195,-0.620434,57.3013,-11.1078,0.0,2.40277,0.9,41.2372,-10.8076,11.4024,21.5156,129.304,-36.1402,92.229,87.2278,-157.19,1.0,0.0,0.2732280291262458
F_S_WWC_WM_413,7.79357,-0.68509,5.42343,19.9386,-1.06,0.48,2.87412,5.95522,-21.6769,-41.9598,-3.55548,0.7,12.4959,0.4,-10.869,-17.4621,23.9249,43.6892,118.286,38.5471,114.822,-49.0755,-24.089,1.0,0.0,0.2316503732225913
F_S_WWC_WM_414,5.36709,-0.810618,5.07765,-19.9174,0.69,0.7,14.0106,-0.327991,39.048,-76.7586,-4.49386,0.3,35.6788,0.8,-5.51463,-16.8061,1.46699,44.7529,-32.1158,46.3765,-17.7737,-44.0992,-156.493,1.0,0.0,0.257396653013289
F_S_WWC_WM_415,-6.40737,9.72755,1.32949,13.4195,1.82,2.31,8.73696,5.74279,-10.4077,-25.9797,-2.79473,0.5,11.1193,0.5,-19.214,3.69856,8.48357,-23.1329,-24.7455,-23.5425,143.438,71.4388,-32.6806,1.0,0.0,0.2330285696478405
F_S_WWC_WM_416,11.1563,13.3958,13.098,16.2405,1.51,-0.92,-1.31205,-3.88137,-15.1298,23.0432,-12.8845,0.3,-26.1502,0.4,45.6052,10.8949,15.587,-22.7606,-18.712,10.5701,94.173,75.7774,-132.92,1.0,0.0,0.2507460738737541
F_S_WWC_WM_417,-6.62923,-3.99629,10.6385,9.6809,0.88,0.03,-6.48748,-1.64504,-15.3576,108.392,-14.8349,0.7,22.8439,-0.2,-15.2223,-11.7401,-8.75506,20.4072,26.2965,22.1671,14.5495,-25.0282,62.9305,1.0,0.0,0.2510976558504983
F_S_WWC_WM_418,-0.324772,0.613478,17.6344,-18.7735,1.08,-0.78,0.563054,-0.718048,-38.1293,-51.7996,-4.85442,-0.1,-32.5164,0.4,58.2082,4.19707,-10.518,-7.78533,39.8031,49.7478,-55.0908,4.63293,-19.2733,1.0,0.0,0.2347296746445182
F_S_WWC_WM_419,8.176,-3.81831,6.81819,19.7659,0.39,-1.79,1.82426,-1.52546,-12.1366,14.1337,2.45827,0.0,-27.3875,0.1,-24.5354,19.2643,-27.4453,2.7963,-10.9733,3.84176,17.9362,11.4036,116.633,1.0,0.0,0.22405227910299
F_S_WWC_WM_420,-6.11757,-6.27523,6.0652,9.06811,2.28,0.91,16.053,5.89764,17.2811,-56.6598,-14.0078,0.5,-12.3195,0.4,-7.94541,25.9918,18.1287,48.144,56.3836,-4.15952,34.5256,-32.319,-39.1505,1.0,0.0,0.2620197190764119
F_S_WWC_WM_421,10.097,-0.117722,0.753637,17.1042,-0.41,-1.73,-7.06534,-1.05309,-49.193,-35.3888,-14.6558,0.1,27.6727,0.7,0.147791,-12.6308,-1.11511,28.7964,78.5063,8.66135,30.5561,-52.4882,33.9347,1.0,0.0,0.2439934930797342
F_S_WWC_WM_422,-2.24712,13.5409,10.8289,7.83779,-0.9,-0.48,-2.35988,7.28698,49.879,115.141,-8.62212,-0.1,23.9942,-0.3,41.4966,-13.1497,10.8679,-6.51723,-37.4661,-28.2366,47.8546,15.6029,70.4325,1.0,0.0,0.2592292100498339
F_S_WWC_WM_423,13.0709,6.36022,-1.97063,13.9242,-1.49,-0.63,9.54025,2.89357,26.7287,123.026,0.884533,0.3,-38.0052,0.0,35.4487,26.3098,9.5965,-9.25673,11.3461,37.5699,-9.35381,36.4283,-181.799,1.0,0.0,0.2297227138671096
F_S_WWC_WM_424,-1.34732,11.4684,1.14319,-15.246,1.98,2.1,-2.25807,7.72743,-2.1378,-62.4354,1.10453,0.4,-35.6553,0.5,22.4554,22.3271,-8.18059,44.6946,4.55185,47.2429,137.073,64.8065,-1.72516,1.0,0.0,0.2744965792059801
F_S_WWC_WM_425,0.407562,-3.39514,4.04619,18.5492,0.11,-1.69,9.27999,3.81856,-6.519,-8.85926,-8.31891,0.0,-3.80685,0.9,52.5162,1.63284,18.4457,54.2891,121.445,-8.09683,138.117,-11.8186,-4.25558,1.0,0.0,0.2458513770365448
F_S_WWC_WM_426,14.6342,4.68227,7.27204,17.4545,0.88,0.29,12.4824,8.2065,30.2653,51.5344,4.73158,-0.3,14.7234,-0.1,46.5296,9.82516,-8.23979,39.7762,85.7022,11.8037,84.2084,-50.9106,64.7028,1.0,0.0,0.2437665129966777
F_S_WWC_WM_427,-2.9735,-3.58513,8.23361,-14.6219,-1.28,-0.53,9.74008,8.41012,-34.0052,-74.5279,2.81582,0.4,-36.6596,0.4,43.4663,10.6242,-16.2653,39.6174,9.27478,-38.9952,57.4138,-29.444,-70.6681,1.0,0.0,0.2398402811129567
F_S_WWC_WM_428,11.7152,10.9957,17.4755,-5.69315,-0.03,0.58,19.8599,2.66639,13.1465,-54.3218,2.64218,0.3,-36.0512,0.7,14.3133,10.0591,-3.79551,-20.6443,-45.1315,18.0511,20.3003,-44.1485,12.8688,1.0,0.0,0.2390024167242525
F_S_WWC_WM_429,7.09676,-0.764586,-2.73747,12.588,2.0,1.65,1.11928,4.97435,45.3263,124.189,-2.04119,0.2,-9.33658,0.9,39.0337,-18.354,-18.4509,24.3443,54.9976,-46.5115,52.7448,64.0531,-3.46932,1.0,0.0,0.2520212373654485
F_S_WWC_WM_430,-3.43939,-6.31613,13.2854,-13.6993,1.77,-1.33,-6.63036,7.05882,-37.5014,111.926,-4.93634,0.6,-15.1609,0.6,12.9486,-14.3121,-18.1052,25.8353,90.8391,46.79,2.08694,-7.17131,-150.058,1.0,0.0,0.2466288814285714
F_S_WWC_WM_431,14.7223,1.8634,-2.43144,-15.8479,0.42,1.06,-3.89937,-3.98273,-36.0713,79.4957,1.95288,0.2,37.7908,-0.2,5.62305,20.3696,15.8816,49.1617,57.7261,-1.22757,8.52555,-17.2048,-153.697,1.0,0.0,0.2436479479999999
F_S_WWC_WM_432,7.5353,9.22232,4.51134,-7.01823,0.28,1.58,8.88303,-1.60328,19.2962,-60.3356,-11.8077,0.7,-10.2917,-0.3,-23.5549,9.3268,25.8356,11.0479,113.215,32.801,-23.4102,75.974,-69.7664,1.0,0.0,0.2597535150332226
F_S_WWC_WM_433,6.103,12.1773,15.7105,13.2481,1.03,1.95,3.36924,9.42012,4.98349,130.554,3.97785,0.5,0.0419959,0.1,4.52622,25.6418,-15.8715,24.6691,92.4183,-21.8776,100.331,39.4602,-199.761,1.0,0.0,0.2472703795581395
F_S_WWC_WM_434,12.4639,2.33578,13.1765,13.0931,-1.7,0.39,-6.35203,2.05664,37.1317,-21.2464,-8.88751,-0.2,-12.8319,-0.2,-19.6094,7.90228,-29.449,27.8621,100.114,-15.0586,107.566,14.0802,-156.544,1.0,0.0,0.2413400534916943
F_S_WWC_WM_435,-1.32028,10.9343,-4.40903,-2.17317,-1.21,-0.59,17.3132,5.70146,4.32712,116.714,-8.02314,-0.2,33.4455,0.8,10.3682,9.38984,-26.0957,42.3504,42.3561,31.8706,87.5471,-49.2869,-148.474,1.0,0.0,0.2752173861594684
F_S_WWC_WM_436,-3.41426,13.116,-6.69738,-14.9632,-1.74,-1.18,-8.56091,2.3308,5.85069,3.11396,-8.68466,0.2,-25.2619,0.3,32.9192,-12.0222,-19.5293,31.0868,-8.12081,-33.007,124.688,81.7802,-91.7151,1.0,0.0,0.2832030312757475
F_S_WWC_WM_437,-4.51607,0.0916819,0.971945,-9.95208,-0.83,0.74,13.8009,0.0451047,-46.2154,121.626,-14.2076,-0.2,-12.7628,0.7,56.4072,9.97766,-19.5982,9.29156,122.315,10.8697,-20.8976,28.0341,16.8754,1.0,0.0,0.2643829220033222
F_S_WWC_WM_438,6.7342,14.3183,7.77849,-15.2921,-1.57,0.77,-2.04962,5.32154,1.68521,-89.5726,-8.03779,0.3,-13.6784,-0.2,3.64164,29.5282,-21.7019,49.284,70.4007,-21.58,66.0453,34.6818,129.617,1.0,0.0,0.277588990524917
F_S_WWC_WM_439,-5.79868,3.88237,1.62385,6.55569,0.9,-0.04,-7.18599,7.50636,5.10994,-90.6736,-4.63234,-0.1,34.3944,0.0,-19.8234,-18.3907,-28.3127,-16.3738,48.0667,-16.9327,48.3969,53.811,-49.3928,1.0,0.0,0.2261385688106312
F_S_WWC_WM_440,3.72014,-1.52197,19.1802,-0.40938,-1.36,0.34,19.0052,-1.15468,-16.6626,69.8798,-13.7329,-0.2,1.99376,0.2,6.28872,27.9779,11.2274,47.3845,124.719,-18.612,8.78044,-55.6394,-24.8767,1.0,0.0,0.2452556888471761
F_S_WWC_WM_441,9.72236,-0.619883,4.212,-6.93841,1.95,0.82,-0.301438,-3.73546,8.70673,136.337,-0.0380798,0.8,-32.005,-0.1,1.43523,-8.8442,20.2293,-18.6247,-46.7934,-2.26014,-3.22803,15.1001,-179.803,1.0,0.0,0.2184472077009966
F_S_WWC_WM_442,10.3506,0.676918,11.4032,2.34248,-1.01,0.79,15.0154,8.07166,25.7406,88.3484,-1.23183,0.0,-0.279375,0.2,51.332,8.17577,28.7192,1.24957,129.84,-28.7793,-16.2278,34.0063,-129.837,1.0,0.0,0.2176890662691029
F_S_WWC_WM_443,-0.0916211,14.8464,-6.00009,12.9687,-0.43,0.62,13.0341,7.12278,24.0747,-30.9248,-11.6971,0.3,26.4734,-0.1,-1.64247,-12.906,-16.8929,-9.11786,99.2403,-10.8921,132.048,-58.4115,56.2542,1.0,0.0,0.2529315613820598
F_S_WWC_WM_444,1.23307,4.75972,-7.69255,8.92607,2.48,-1.41,4.77101,7.10315,-21.9135,-80.9151,-7.12025,0.7,1.18686,-0.1,44.6263,-0.832106,-7.3497,41.3319,129.475,-30.6781,53.0453,6.26975,99.2559,1.0,0.0,0.2675415797342192
F_S_WWC_WM_445,-1.80006,1.33829,-3.91754,7.56929,1.61,-0.45,9.84571,7.8909,-4.47754,101.955,-9.32394,0.6,38.3169,0.0,-22.8497,11.8696,-0.275121,-11.2833,112.408,-18.369,-44.7929,-18.6048,-86.2632,1.0,0.0,0.2342056114019934
F_S_WWC_WM_446,1.74024,5.85407,15.4493,7.64628,-1.02,-0.86,8.63848,2.4957,-38.6187,-6.09754,0.0532965,-0.3,-38.8299,1.0,10.7997,16.6501,20.6737,-6.21194,-39.7778,49.4905,110.851,73.2415,-123.175,1.0,0.0,0.2169249353222591
F_S_WWC_WM_447,-2.80775,3.98771,-6.16839,-9.09353,1.84,0.23,11.0396,5.58716,-41.0869,39.877,-1.13751,0.1,-7.25626,-0.1,49.9798,26.5512,-21.077,43.1085,-41.8124,48.0236,96.5049,-18.2738,52.1802,1.0,0.0,0.2650713128737542
F_S_WWC_WM_448,-0.935673,0.925159,-4.00809,-5.16344,-0.83,1.7,11.495,5.2947,33.5015,65.2471,-9.15881,0.4,-5.78926,-0.1,-11.9928,-16.601,3.83635,-17.7765,-48.9373,-44.4566,26.7566,12.0141,-167.254,1.0,0.0,0.2293603620099667
F_S_WWC_WM_449,6.63981,3.56234,15.2639,19.2389,-1.79,-0.8,12.694,8.46845,-23.3352,23.8944,0.544804,0.0,-32.2055,0.2,-2.75811,-0.365825,-18.7559,52.2595,50.8984,29.2313,-42.7588,1.03778,17.571,1.0,0.0,0.2599717521993355
F_S_WWC_WM_450,-3.57802,6.96881,10.9269,-10.46,-0.6,0.5,3.54988,9.62433,-7.69552,-93.7667,-14.8213,0.3,32.7355,0.0,34.7805,18.4819,5.52002,-16.5754,-1.27621,-12.125,103.322,69.7365,132.809,1.0,0.0,0.243241004641196
F_S_WWC_WM_451,6.26519,-7.94283,2.2564,-9.47998,-1.6,0.35,8.77888,5.00104,9.9787,50.2228,-10.7137,-0.2,21.4435,-0.3,7.7316,12.2602,-14.4471,-23.0304,110.544,3.47847,149.036,72.0194,-21.5835,1.0,0.0,0.2166558894019933
F_S_WWC_WM_452,-7.72726,6.89642,6.17078,11.1239,-1.31,-0.46,15.4014,-4.77133,6.7148,89.5403,1.74299,0.4,-4.55173,0.2,16.3332,12.5555,15.3211,19.7012,-16.3424,1.70069,134.316,80.9828,-141.018,1.0,0.0,0.2405962039933555
F_S_WWC_WM_453,2.7798,4.10775,2.87842,-10.1617,0.14,1.25,13.2299,8.6347,-13.1651,98.4883,3.77963,0.5,34.4295,-0.4,-1.46384,24.8158,-22.3906,0.841294,-28.8321,-41.0702,16.6164,-28.1286,9.46173,1.0,0.0,0.22642705510299
F_S_WWC_WM_454,-0.210201,8.1871,9.14885,-18.9723,-1.15,1.02,1.34318,-0.56055,-3.14007,65.4931,-7.1703,-0.4,28.127,0.2,-17.7427,4.82363,1.8141,-4.49989,-43.9378,36.9325,-45.5281,20.2403,144.146,1.0,0.0,0.2448753050963455
F_S_WWC_WM_455,7.27606,3.95079,9.61736,-18.4379,-1.2,-1.59,-4.60726,8.43806,-47.7511,119.764,-2.56468,0.4,0.698004,0.6,-20.947,12.352,-24.2851,18.5333,28.3285,-0.0409913,123.189,-22.7807,-53.2464,1.0,0.0,0.2402794271960133
F_S_WWC_WM_456,11.5836,11.1043,15.8236,19.5628,-0.39,1.24,2.81542,-0.580985,25.2465,-91.4144,-8.51475,0.2,-17.0474,0.0,-13.0146,-3.45519,16.253,1.895,-21.0715,-44.3376,-8.55409,50.7866,-160.305,1.0,0.0,0.2459680310166113
F_S_WWC_WM_457,-2.09493,-3.76243,2.41098,18.4984,-0.64,-0.77,-4.53625,-2.67401,-44.3993,-84.114,-7.81306,0.2,-3.20629,0.3,-23.9161,18.2686,-16.3239,13.1473,85.4465,47.4212,128.971,22.5237,-80.0455,1.0,0.0,0.225698739923588
F_S_WWC_WM_458,7.37789,7.56294,-5.81386,-19.2081,-1.3,-0.03,15.837,8.59228,-34.6977,110.628,-4.57981,-0.1,26.0818,-0.3,56.5419,3.10447,-11.6556,-19.3252,52.0434,-13.5993,29.4231,-13.7097,-92.8308,1.0,0.0,0.2180733710996678
F_S_WWC_WM_459,4.48924,5.40258,12.3566,-13.7719,1.79,-0.47,19.4856,-2.42611,18.7551,86.5938,-9.59642,-0.3,5.34517,-0.3,9.11199,25.8368,18.547,6.9113,-13.4148,16.5088,95.3716,62.3958,26.6613,1.0,0.0,0.2722213382325581
F_S_WWC_WM_460,7.47952,2.57958,-5.25793,13.4324,2.43,1.72,3.66169,6.05222,-41.2796,90.8984,-14.5685,0.4,21.6613,0.1,35.9352,15.7077,21.9921,30.3321,45.6425,-42.0241,25.7159,-17.7011,-6.64424,1.0,0.0,0.2551256001096345
F_S_WWC_WM_461,6.98398,11.2424,-7.51176,-10.8301,1.88,-0.09,19.712,2.78101,-38.326,-3.84253,-7.96619,-0.3,-37.0827,0.3,-8.85254,-1.30711,0.440214,-12.7016,-9.55203,20.2744,-7.87102,48.6286,-90.1858,1.0,0.0,0.2599616122292358
F_S_WWC_WM_462,10.7021,-3.85183,18.7853,-7.2322,1.17,2.22,-5.56534,-3.15517,1.89103,107.224,-1.5811,0.3,11.5858,0.0,27.4638,25.7427,7.00244,-22.3355,98.3182,-37.9775,-26.2084,66.4116,-188.554,1.0,0.0,0.2130335813920265
F_S_WWC_WM_463,12.0169,-5.52905,13.0451,-7.54517,0.29,1.55,3.01814,1.20952,7.4973,117.531,-11.8334,0.3,-33.1049,0.2,39.6505,-12.5678,23.3555,51.1757,-0.783167,-31.0079,92.4457,-25.9364,-158.345,1.0,0.0,0.2474619220299003
F_S_WWC_WM_464,-0.869616,-0.0541968,18.955,-14.3321,0.66,-0.99,9.49699,7.13064,33.9598,5.39139,-9.07794,0.3,23.0913,0.6,17.5066,16.0552,22.4146,42.6832,-45.6924,-41.5928,126.626,5.33056,-87.947,1.0,0.0,0.2529188279169435
F_S_WWC_WM_465,6.94925,9.67803,17.186,-17.7123,2.27,-0.54,6.42536,2.24477,-13.0257,-58.8338,-13.7142,0.5,1.61959,0.3,27.3363,5.94821,9.41779,31.6547,-50.9923,-22.6828,-39.7845,-42.3428,-25.5712,1.0,0.0,0.2782802859069768
F_S_WWC_WM_466,-7.80991,-6.85375,17.37,14.2213,0.31,1.33,-9.43143,3.58033,-9.24869,40.8899,-2.62906,0.6,-34.1564,0.7,-10.5362,21.7031,17.9901,14.1319,-34.8687,14.3807,59.7039,69.1681,-108.319,1.0,0.0,0.2379906131860465
F_S_WWC_WM_467,3.1989,-1.93819,-6.75451,-17.0844,0.16,-0.89,13.3327,-0.736289,-25.5223,126.624,-1.54964,0.0,-26.5699,0.2,-8.07235,9.0142,29.3575,17.4459,60.5302,-39.7325,-49.4296,-22.6611,-137.044,1.0,0.0,0.2441131853654484
F_S_WWC_WM_468,11.8366,-5.75465,-4.8503,-6.10936,-0.82,2.12,6.21928,4.93156,-10.471,133.902,-12.0624,0.2,39.0698,0.5,20.2346,-18.5253,9.44947,-17.5478,116.784,27.7239,4.04172,48.9029,-128.437,1.0,0.0,0.2210024394850498
F_S_WWC_WM_469,6.00715,-4.74442,-7.53334,18.6822,0.49,1.28,-0.733007,3.40983,5.65822,-19.8315,-5.87663,0.1,-19.9517,-0.1,15.8686,16.3642,-15.5023,14.9076,87.1372,-48.3422,-11.7773,-26.5734,-125.202,1.0,0.0,0.2493369484750831
F_S_WWC_WM_470,6.48065,1.16874,1.59285,-16.2652,-1.47,1.36,19.5626,-2.20158,34.9474,86.1804,-11.3552,0.3,36.2681,0.4,31.9125,11.6322,-22.3465,19.5479,-53.7065,-5.46479,97.5067,-49.6676,-66.2152,1.0,0.0,0.2463402089401993
F_S_WWC_WM_471,3.56341,-3.29338,8.07505,15.1689,0.2,2.07,-8.09814,-3.16617,8.47876,50.9723,-13.4194,0.0,19.9785,-0.1,55.8969,26.8499,-23.9132,27.2823,-24.2997,-14.1759,93.2972,30.5423,-102.171,1.0,0.0,0.2483274593455149
F_S_WWC_WM_472,7.57616,13.9566,19.9334,-9.73043,0.04,-1.32,-0.98594,3.79981,-36.9208,27.3129,-12.1215,-0.1,38.6347,0.6,-4.6538,29.43,-6.66621,15.9959,108.124,5.31486,7.13734,42.9522,-72.2595,1.0,0.0,0.2593570623089701
F_S_WWC_WM_473,0.847271,10.7379,-6.09542,9.26516,-0.33,-0.56,-1.72091,-3.3997,-18.3253,-57.1084,0.520774,0.6,1.59872,-0.4,16.7638,-9.36673,-26.9378,-12.1932,-42.9548,37.9459,44.2768,33.7133,-81.1225,1.0,0.0,0.2389128982225913
F_S_WWC_WM_474,7.47206,-4.84255,7.20428,13.2818,0.92,0.19,-3.71549,-4.48384,48.1842,-20.9868,-7.26933,0.7,-21.5865,0.3,-15.6561,-13.0701,8.12409,36.2512,92.7637,0.344664,63.7422,68.1871,137.721,1.0,0.0,0.2460453145913621
F_S_WWC_WM_475,8.29876,-6.53659,14.0974,-0.305176,2.27,-0.88,15.0838,-0.242565,-16.7225,96.9481,-3.73485,0.0,39.7948,0.6,-7.01129,-5.47783,16.6304,9.48931,92.9837,30.6153,-10.7236,-40.7498,-192.509,1.0,0.0,0.2301281771196013
F_S_WWC_WM_476,9.34228,-4.53654,0.783355,-1.11424,0.25,0.59,4.12493,-4.72144,-36.4542,-50.3603,-14.089,0.7,35.92,-0.1,21.1242,18.9705,3.72991,-10.3105,114.915,-29.1653,69.0283,34.8968,-10.6985,1.0,0.0,0.2194893311262458
F_S_WWC_WM_477,-4.98776,10.3602,-2.65771,2.17476,2.16,-1.68,5.78489,3.36028,0.568186,-68.4063,2.32905,0.7,-19.7201,0.5,-0.151568,-17.0134,-0.0952003,-7.22275,118.736,-19.5903,71.4622,46.0755,-134.673,1.0,0.0,0.2312370809202658
F_S_WWC_WM_478,-6.98766,6.30253,11.2655,18.013,-0.73,1.31,6.88274,-2.82949,-13.6614,19.9748,-13.5788,0.4,-14.5461,0.6,40.39,-2.12336,22.1676,-20.3442,95.4085,32.568,76.7355,3.89962,90.7903,1.0,0.0,0.2281252844451827
F_S_WWC_WM_479,-7.46355,9.19522,-4.72255,11.2959,1.68,-0.31,-3.92593,0.305473,43.7524,112.879,-4.55339,0.0,-9.755,0.7,43.7722,14.219,-5.56467,19.1485,5.43624,-24.2103,-53.0151,-57.457,48.4067,1.0,0.0,0.2834299479568106
F_S_WWC_WM_480,12.5195,-4.05757,-3.00006,-7.50774,-0.07,-0.55,2.31325,2.12208,14.937,40.7353,-12.5747,-0.2,-30.6057,0.9,32.1416,3.51763,7.87314,37.8178,107.132,-32.5867,-56.876,84.1677,85.3475,1.0,0.0,0.2746713096976744
F_S_WWC_WM_481,-5.40066,-0.247541,9.76116,-12.4133,0.07,1.81,-9.22453,-3.46384,38.7624,-56.0578,1.58555,-0.1,18.3749,1.0,22.2709,-15.1505,-0.990484,15.4139,-5.59761,-23.8446,22.7867,-9.64204,3.42872,1.0,0.0,0.2443737049933555
F_S_WWC_WM_482,4.79361,4.89431,1.91858,-0.171758,1.38,1.58,18.0981,2.87678,-1.6859,139.904,4.43019,0.7,-32.5876,0.9,4.75773,4.5303,-2.55646,-4.63858,-19.8139,21.0976,119.48,84.6687,-167.56,1.0,0.0,0.222848511923588
F_S_WWC_WM_483,9.70899,12.8963,8.44016,-17.3756,0.97,0.9,-8.77331,4.26591,-27.1686,-14.6191,2.68983,0.6,17.244,0.3,-20.2772,-16.4597,-11.1888,3.45189,82.7455,16.4151,51.6959,15.7301,-77.8813,1.0,0.0,0.235363554116279
F_S_WWC_WM_484,5.10347,5.34724,7.36034,17.6166,2.23,1.39,12.7145,-4.01332,22.9152,-51.4419,-0.535212,-0.3,23.7445,0.6,42.1771,20.8215,15.6972,39.8728,13.244,37.7717,102.812,41.8437,-131.571,1.0,0.0,0.258866131461794
F_S_WWC_WM_485,-7.98577,-2.27331,-0.97753,-19.4096,-0.17,0.16,-0.0686506,0.342698,24.627,-75.6599,-8.24217,0.2,26.5554,0.1,-3.24966,27.2607,-15.019,5.05745,16.198,-1.04761,-50.6772,-12.0845,-4.84133,1.0,0.0,0.2457786935913621
F_S_WWC_WM_486,-7.76337,0.49401,6.97924,-14.5404,-0.3,1.38,3.10555,7.01077,-42.1001,81.3638,-3.2731,0.1,-31.9916,0.7,-17.3467,29.2464,-4.37053,24.0653,7.35779,-26.6786,-21.0328,14.8136,79.5103,1.0,0.0,0.2557286048139535
F_S_WWC_WM_488,-2.21213,2.04421,8.3926,-15.3467,0.47,0.89,16.8488,-2.74531,20.7993,-70.3878,1.50487,0.0,-27.9788,0.2,-5.96309,-1.80526,-11.898,0.783284,16.7348,-41.8475,-57.0275,70.0555,127.773,1.0,0.0,0.2436506969401993
F_S_WWC_WM_489,9.85023,-3.93421,13.5815,-10.2335,1.82,1.84,-4.06937,5.4101,-10.5889,44.7179,-12.7692,0.6,32.3759,-0.3,-4.01857,2.92234,15.3994,45.3637,117.328,31.1315,133.51,-15.5761,-102.555,1.0,0.0,0.23589074310299
F_S_WWC_WM_490,12.275,6.08096,11.7464,11.1593,0.15,1.97,-3.14621,4.57333,-22.2054,80.5526,-12.2506,-0.3,-6.61694,0.4,0.114685,-4.81509,-17.9567,14.8459,76.1762,24.6815,113.809,-37.446,138.361,1.0,0.0,0.2611920997840531
F_S_WWC_WM_491,-6.5347,10.5244,-6.4664,13.9859,-1.32,1.01,9.94203,6.08956,29.7767,85.0923,-5.82149,0.5,15.7247,-0.2,58.0526,27.3137,-13.6066,37.2613,-37.6371,-34.4377,37.215,-33.1988,-73.3159,1.0,0.0,0.2606056399435216
F_S_WWC_WM_492,0.252634,12.2698,13.9097,-1.96293,-1.32,-0.34,6.40887,3.27062,1.51725,23.3161,-5.94068,0.4,-37.8997,0.3,2.48682,27.9127,-16.5735,-20.2987,8.01649,-24.0397,-23.0147,71.8829,-67.6825,1.0,0.0,0.2341237034418604
F_S_WWC_WM_493,9.87846,12.9883,10.549,-16.8075,2.03,1.09,-8.25619,5.80511,29.1357,9.11563,-12.6832,0.4,-34.5436,0.9,32.5963,-7.23184,13.5795,-8.79346,50.493,-35.208,-25.4546,39.1905,72.8665,1.0,0.0,0.2697799420365448
F_S_WWC_WM_494,13.05,9.45609,16.3521,-13.2836,0.18,0.65,17.3687,-2.3783,2.02552,86.7495,2.55908,0.2,37.1297,0.3,49.6848,17.1585,-26.3806,40.014,38.8182,21.649,-29.1789,10.2255,110.437,1.0,0.0,0.2519798358704319
F_S_WWC_WM_495,-3.67123,-2.23315,12.4647,16.1141,2.22,1.05,17.5276,1.06589,-13.729,117.447,-1.01156,0.2,26.7459,0.1,49.1517,-0.567055,-26.7538,53.8965,74.884,-20.7042,117.904,-32.0126,25.1124,1.0,0.0,0.2443368627940199
F_S_WWC_WM_496,-0.730784,-0.564574,2.33321,-16.6971,0.08,2.26,10.1255,-4.6494,-23.2156,11.9388,-10.0355,-0.1,-5.86992,-0.3,-0.544273,20.0431,6.03442,-6.61567,79.7296,28.0109,104.5,-42.9486,-191.452,1.0,0.0,0.227064781461794
F_S_WWC_WM_497,11.0325,2.79293,16.039,18.7311,-1.14,0.93,17.0063,-2.44776,-4.71235,13.7681,1.3477,0.1,-1.25275,-0.1,21.6736,27.5146,-21.794,6.34482,84.1938,-32.2753,81.848,65.0984,42.1215,1.0,0.0,0.2167276056345515
F_S_WWC_WM_498,-4.33683,5.1253,12.74,-4.26684,-0.92,2.19,8.19858,9.21937,4.049,62.5738,-4.7943,0.8,22.4025,0.5,52.6086,23.849,7.24491,-4.19263,-39.1275,-1.40313,-52.2842,20.9754,-129.029,1.0,0.0,0.2406328490299003
F_S_WWC_WM_499,-6.83696,-0.205503,5.21182,-10.2072,1.37,2.25,-0.815763,-1.99733,-0.851894,8.64786,-11.0279,0.7,-16.2593,0.3,47.1461,16.3541,-26.4205,-24.5699,56.1111,16.0193,-31.7377,59.0999,-105.167,1.0,0.0,0.2340873480531561
F_S_WWC_WM_500,3.92431,6.05572,7.60156,14.8246,1.26,2.17,0.505814,7.03939,26.3574,-64.2514,-10.0819,0.6,39.6758,1.0,31.2077,-11.2503,2.22478,43.6733,24.0143,-31.6174,113.009,-21.7949,-82.4127,1.0,0.0,0.2478160123687707
F_S_WWC_WM_501,11.3192,12.1565,-4.55923,-1.33486,-0.02,1.42,14.7322,-3.48872,-1.31035,0.359371,4.88698,0.1,17.5277,1.0,26.883,3.85122,-27.073,-12.8179,11.5018,-16.4974,80.246,31.9074,-142.749,1.0,0.0,0.2261557020830564
F_S_WWC_WM_502,7.66194,4.44226,19.0366,-7.88473,-1.21,-0.69,13.6346,9.23108,-26.0898,113.997,-7.79581,0.6,29.4748,0.1,37.5055,16.9072,9.62087,53.3761,37.5586,-38.7991,-39.2846,39.7921,90.2908,1.0,0.0,0.2687636819966777
F_S_WWC_WM_503,13.6842,14.1241,-1.28114,-14.3915,-1.75,-1.52,-1.35672,2.1,38.3744,93.6162,-5.58687,-0.2,20.2477,0.0,40.5454,21.3648,-14.3899,9.62728,-5.96286,13.9231,-23.8676,-42.1739,10.6805,1.0,0.0,0.2586269019136212
F_S_WWC_WM_504,-0.248724,7.33671,-3.71871,-17.8643,1.29,1.32,7.47271,-2.13589,33.0237,107.725,-5.72514,0.0,-33.1943,0.0,-22.6081,13.4623,-15.7912,-7.09992,25.4095,45.0572,24.6439,71.3469,-164.195,1.0,0.0,0.2546159978837209
F_S_WWC_WM_505,1.54088,7.65222,4.98593,-17.3092,1.01,-1.09,-9.48085,-1.77806,-2.75982,131.241,-1.43833,0.3,-35.0543,0.9,34.8682,-15.9701,-10.41,34.6663,54.47,-16.7664,35.2671,-33.8811,67.9496,1.0,0.0,0.2519195361561461
F_S_WWC_WM_506,11.2471,6.25249,3.20399,18.1804,0.63,-1.54,4.84072,8.57802,-17.2367,38.1143,-12.5394,-0.3,33.0832,0.6,46.2559,8.6003,24.737,22.095,-40.8077,0.934264,-48.2837,-22.1755,36.9132,1.0,0.0,0.261570014717608
F_S_WWC_WM_507,12.6404,12.5129,0.166011,-4.44108,-0.54,-0.89,-4.7983,-1.90773,-44.4561,75.5718,2.2854,-0.3,-33.8188,0.9,17.968,4.03055,4.78584,-0.959704,-22.8674,-11.1429,121.16,5.73284,104.946,1.0,0.0,0.2321115322956811
F_S_WWC_WM_508,1.71507,-2.08332,15.8467,6.7236,-0.21,-1.24,16.8222,9.18879,34.6547,95.8915,1.62517,0.4,-24.4199,0.9,2.24076,-9.7475,-12.2597,-19.5934,74.1891,4.50615,-30.8071,35.9148,-113.612,1.0,0.0,0.206400395461794
F_S_WWC_WM_509,9.47041,8.31584,-0.810148,5.32752,1.62,2.37,-7.41436,-3.08404,14.3115,121.273,-13.3394,-0.2,-22.978,0.5,9.45075,-17.2909,13.9952,-4.81778,122.9,-7.15741,88.5985,48.2412,-15.8021,1.0,0.0,0.248905958627907
F_S_WWC_WM_510,14.1127,0.646894,8.52585,2.62713,-0.93,0.55,-6.01023,-4.56139,-44.7464,136.366,-8.56909,0.2,-11.0565,0.2,-10.6831,-9.20828,27.9298,24.9802,56.6608,-9.46237,141.069,6.13296,-38.2299,1.0,0.0,0.2478438094485049
F_S_WWC_WM_511,5.9458,5.09834,-3.55224,16.8202,1.22,-0.31,-9.37088,1.17269,0.706734,-32.3172,2.42915,0.4,1.72252,1.0,48.8431,-19.4607,-7.66716,34.2112,-51.5318,41.8835,82.0061,58.4512,122.871,1.0,0.0,0.2442392350431893
F_S_WWC_WM_512,12.9715,8.67421,-4.5816,19.6864,-0.98,-1.1,-6.95945,0.408796,-25.6027,45.7585,0.807063,0.2,31.9684,0.6,11.5188,0.0454157,-14.7032,36.3853,-19.1517,29.5448,-32.0389,56.7958,-183.169,1.0,0.0,0.2518951099401993
F_S_WWC_WM_513,4.56304,10.9189,-7.66054,2.76096,-1.72,-1.31,-1.47128,6.9579,2.80278,47.5294,3.48116,0.0,0.229022,0.1,42.0806,17.6627,-1.44996,52.4091,62.2288,-18.9949,93.7837,-5.00073,-48.5334,1.0,0.0,0.2669537026378737
F_S_WWC_WM_514,13.725,-0.34494,11.5353,-18.3682,-1.16,-1.3,-0.908618,0.866853,20.8713,109.348,0.690414,0.2,-28.2806,0.6,17.0039,14.0781,22.6441,-13.6956,99.7152,5.63858,-27.9599,-32.5081,108.361,1.0,0.0,0.217484946820598
F_S_WWC_WM_515,2.53704,1.05902,-5.20168,17.4173,-1.43,1.97,15.3148,-1.5833,4.58489,11.6853,-3.25527,0.2,21.1829,0.8,-14.2606,6.07731,29.607,19.041,50.211,-8.20921,131.467,-23.1996,-104.661,1.0,0.0,0.235495892667774
F_S_WWC_WM_516,-4.09069,-6.16834,-3.62932,-17.8036,2.32,1.17,5.58457,5.49087,-20.8944,-44.0702,2.88258,0.0,-20.6441,0.2,13.2322,14.9816,14.1323,12.3267,-54.8985,-37.4747,124.918,44.5948,-133.558,1.0,0.0,0.2411244074518272
F_S_WWC_WM_517,4.12887,14.1989,4.10576,-9.16673,0.58,1.31,5.91374,9.01102,46.2466,138.836,-8.37114,0.8,-17.5554,-0.3,-15.8327,13.8959,-21.6201,40.8262,-26.9337,36.6636,57.6133,9.86148,37.2866,1.0,0.0,0.2763595513986711
F_S_WWC_WM_519,11.0838,4.97219,10.5096,-0.794204,-1.69,-0.32,3.72183,9.5339,-31.6763,42.5079,-7.66944,0.1,30.5745,0.2,29.8585,-9.03334,-28.9743,22.0071,-18.1159,-27.2888,139.677,20.0571,-177.835,1.0,0.0,0.2387939746910299
F_S_WWC_WM_520,4.71812,-6.94967,-5.46415,-2.14607,-1.06,1.12,-8.63355,2.59004,-17.408,-52.3539,-7.58671,0.1,-26.3712,0.0,3.47669,-13.9675,24.5038,31.4924,22.2001,12.8001,-35.2866,78.3138,-28.8651,1.0,0.0,0.2667347986843854
F_S_WWC_WM_521,7.37577,9.91737,16.8205,-5.04371,-1.44,-1.02,7.70847,1.59655,30.8985,-43.5462,-2.80782,0.4,27.3667,0.9,45.8102,-5.90544,25.1944,-13.5171,92.2248,-12.431,104.759,-51.4902,-79.0637,1.0,0.0,0.232036134923588
F_S_WWC_WM_522,13.5785,3.4445,12.1517,-6.1504,-1.56,2.41,11.0778,0.331546,23.9847,-1.40711,-14.7701,0.0,-14.7819,0.4,30.5898,-16.4161,-16.8341,10.0026,18.4678,2.42851,5.36799,56.3022,68.603,1.0,0.0,0.2558283630730896
F_S_WWC_WM_523,1.93658,1.09396,15.335,-12.4759,1.34,-0.39,-2.84249,-0.698839,-19.5561,-13.5135,-3.71092,0.0,-31.5968,0.1,-23.9011,-16.3199,-19.6913,37.7312,-32.7952,-29.6801,61.5868,41.0406,-179.392,1.0,0.0,0.2597406902524917
F_S_WWC_WM_524,-5.2993,1.64675,-5.17005,-0.651179,2.27,2.03,9.10784,-1.74344,-24.7714,64.0663,-4.2041,-0.2,19.35,0.8,15.4645,10.3053,10.9086,51.4872,9.1966,24.4549,-57.509,-47.4218,-133.3,1.0,0.0,0.2718289305149501
F_S_WWC_WM_525,11.4664,-3.17759,2.61581,-2.77402,0.84,-0.07,11.3869,4.29414,-49.027,-91.1366,-12.9195,0.7,-29.9708,0.8,8.30071,-4.73001,-3.93899,21.6595,-42.5313,-48.2403,23.9732,-49.7657,60.7266,1.0,0.0,0.2416612400697674
F_S_WWC_WM_526,4.387,-3.71917,8.24371,11.3701,-0.48,0.78,-3.36421,4.60214,-29.3732,66.8465,-4.99508,0.4,27.1705,-0.4,10.9926,3.2028,-13.2105,-21.486,-52.4354,-0.314495,51.909,-42.6067,-196.518,1.0,0.0,0.2119404397840531
F_S_WWC_WM_527,5.44555,7.6859,18.8317,6.18597,-0.25,1.72,6.77434,0.465503,4.18956,-85.021,-4.44865,0.2,-11.1433,0.6,33.6372,-4.97448,-24.2065,49.4953,126.797,-11.3883,32.716,-29.7276,-180.492,1.0,0.0,0.2579029131495017
F_S_WWC_WM_528,10.6488,0.840446,18.8817,0.500045,1.32,1.62,-2.4755,-1.10668,-9.06565,34.3945,4.50102,-0.3,-29.2579,0.2,8.14908,-6.99006,23.4766,42.9495,86.2581,-34.8844,-19.484,-34.8363,92.6275,1.0,0.0,0.245854381295681
F_S_WWC_WM_529,10.0239,7.5883,2.06877,-16.1494,1.54,-0.45,-6.10652,2.97371,42.0621,-94.3469,1.24588,0.1,14.2559,0.5,-3.72343,3.03978,-9.20327,50.8957,-21.9224,-45.2636,18.919,49.8403,66.8057,1.0,0.0,0.248919548654485
F_S_WWC_WM_530,8.08445,-7.73847,4.79741,-8.93235,-1.01,0.96,12.1503,6.48621,40.8481,15.3194,0.145422,-0.4,11.9996,0.8,21.9543,-19.8407,14.8883,-10.9055,65.3761,-43.1347,55.0293,88.3009,50.2399,1.0,0.0,0.2224111552225913
F_S_WWC_WM_531,-4.07887,11.9669,2.17828,-5.78257,-0.12,1.17,13.69,-4.80803,-25.8747,62.3606,-14.1623,0.7,19.1047,0.0,46.3037,-9.54185,-20.0744,31.7121,-7.36983,-20.1331,-52.6958,-2.16728,-68.7896,1.0,0.0,0.2795033309700996
F_S_WWC_WM_532,5.97188,11.6352,4.55541,-12.1133,-0.99,2.0,18.6161,3.61512,-18.9902,45.5871,-10.9575,0.5,-22.4092,0.6,44.4888,25.5614,-8.5562,1.56144,59.1047,-45.638,-26.7921,-31.7624,119.036,1.0,0.0,0.2471565870332226
F_S_WWC_WM_533,-3.46887,1.41274,-4.71363,12.4018,-1.0,1.59,-0.669129,-0.765125,27.5606,121.699,-13.1089,0.6,9.18358,-0.4,-4.25754,18.2027,28.1729,-0.731802,15.5568,43.5382,49.7118,3.39124,-18.7048,1.0,0.0,0.2362791865149502
F_S_WWC_WM_534,-3.7972,11.8823,-7.76511,3.59965,0.6,2.48,2.54527,3.42341,-19.3663,148.342,-2.763,-0.3,0.65879,0.5,34.2074,9.43578,26.4823,45.612,37.0924,-37.2593,-11.5449,37.3146,125.105,1.0,0.0,0.2884566146179402
F_S_WWC_WM_535,10.9888,-5.17209,5.73731,9.23348,2.09,0.72,11.7995,9.77056,-10.7417,24.2723,3.95709,-0.1,-14.7037,-0.3,38.4377,-1.37854,6.28546,1.83801,-49.7578,-21.5572,-7.08287,-47.325,-94.0099,1.0,0.0,0.213229701026578
F_S_WWC_WM_536,13.4044,-6.5746,18.9722,14.3906,1.75,-1.37,9.32773,3.71388,-15.4403,-86.1915,0.10988,0.1,16.7644,0.3,-10.2056,20.975,-14.9403,37.5907,101.609,-25.9856,-10.9616,47.5309,-51.5957,1.0,0.0,0.2377106204817275
F_S_WWC_WM_537,12.1654,10.5604,-3.83545,-5.55156,-1.62,-1.56,17.8211,2.5134,-6.28835,133.552,-5.18845,0.4,3.25816,0.3,-9.31917,-8.51155,28.6893,33.9874,90.3981,17.3887,14.9901,72.5043,-89.8418,1.0,0.0,0.2658839335681063
F_S_WWC_WM_538,8.58383,-0.525139,8.94136,13.3286,-0.66,2.26,15.1378,-4.89761,-7.26715,-40.9603,0.452838,0.6,5.69355,0.1,-0.329476,-14.7607,-12.038,43.9546,12.5542,-30.9543,-13.6062,21.5445,-144.972,1.0,0.0,0.2391615459966777
F_S_WWC_WM_539,-2.17589,7.0698,18.1287,-4.52159,-1.52,-0.24,-4.82116,1.74023,-15.6038,133.231,-4.26678,0.7,27.484,0.7,7.19865,-19.0824,-17.0776,14.6393,-23.6493,-49.0891,-42.0005,14.7766,-38.6292,1.0,0.0,0.2550950107674419
F_S_WWC_WM_540,4.30293,-1.13045,1.38683,-13.6233,1.98,-1.57,19.5277,2.92604,-37.2644,93.1968,-0.245702,0.4,22.1952,-0.3,56.8862,28.0982,9.92662,25.1551,69.5631,-24.4808,79.2354,24.474,96.676,1.0,0.0,0.2300769187840531
F_S_WWC_WM_541,2.23695,-2.20172,9.57447,10.4805,-0.14,-0.61,-3.85515,0.549449,-0.0745922,-65.3693,3.80147,0.5,-20.2554,-0.4,9.1439,1.50769,-8.85512,50.8296,116.992,28.2908,-40.8258,71.7715,-103.446,1.0,0.0,0.2417641707607973
F_S_WWC_WM_542,5.02169,-3.65874,-6.91182,-6.48143,1.41,-0.14,-4.14919,7.87478,35.4583,-48.5096,-5.49294,0.4,-21.4726,0.6,-16.6717,28.7176,-18.0808,-9.41808,35.597,36.8486,88.4317,-38.4328,-75.9987,1.0,0.0,0.2263650836644518
F_S_WWC_WM_543,4.97512,-3.86561,4.18916,-13.594,-0.6,-1.23,-7.71687,7.98638,-9.71761,147.198,-4.75407,-0.3,13.0189,0.5,51.5371,3.37309,24.2956,4.44398,84.8078,49.0135,107.081,-6.91682,-93.2021,1.0,0.0,0.2229158520930232
F_S_WWC_WM_544,-3.7605,-5.86005,7.3471,-2.68092,0.13,0.83,6.08786,7.64298,44.3523,-3.33358,-8.79569,-0.4,-20.716,0.0,21.3257,-10.6672,10.0473,7.7442,46.4662,48.6499,124.361,-1.33481,-184.879,1.0,0.0,0.2353419748372093
F_S_WWC_WM_545,3.38561,2.1687,14.1433,-4.33536,2.37,2.44,6.99469,-3.34877,13.5263,-76.9116,-11.906,-0.4,-2.20687,-0.1,-16.9315,-8.32451,24.8088,13.3628,17.954,-16.1978,108.595,-11.3015,-114.222,1.0,0.0,0.2421729976843853
F_S_WWC_WM_546,-7.42602,3.24959,8.91708,-15.9457,-0.04,-1.55,15.9164,-3.23673,-0.2058,18.6714,-12.457,0.5,-16.0142,0.4,30.0094,-14.4595,20.0225,11.9173,48.8926,7.56822,-21.4356,-54.256,-178.513,1.0,0.0,0.2450736811461794
F_S_WWC_WM_547,-3.01301,-2.84553,11.3016,19.0663,0.03,-0.97,-4.86326,7.23357,12.2629,104.414,3.85627,0.1,4.81133,0.9,53.7238,26.5953,2.08518,16.1121,48.3756,-0.852069,102.422,85.8489,-126.333,1.0,0.0,0.2182150590730897
F_S_WWC_WM_548,1.58885,10.144,-6.53278,6.75159,0.44,1.28,-3.52195,-3.58009,6.00359,141.855,-3.13219,0.4,22.5363,-0.1,-13.4696,27.4684,-19.756,-21.0421,68.5683,-23.9572,50.157,82.4501,58.7152,1.0,0.0,0.2433920103521595
F_S_WWC_WM_549,11.3568,12.6235,13.3874,-4.96924,-0.27,0.29,-2.08385,-4.2911,-47.3891,-89.0215,-4.00347,-0.2,-17.3896,0.6,48.7277,-14.6453,-1.68627,36.5672,8.43573,-27.1694,-30.5225,-21.4154,-20.1866,1.0,0.0,0.2715142780431893
F_S_WWC_WM_550,1.68991,10.373,9.22663,-11.4558,0.28,0.81,16.7576,3.16646,-35.9328,-40.165,-7.62494,-0.4,36.0614,0.1,22.2016,-15.7502,3.21105,54.3282,-56.9881,14.74,105.439,-0.397391,-116.286,1.0,0.0,0.2887102839700997
F_S_WWC_WM_551,2.46309,8.37191,-1.48758,-17.6349,0.76,0.05,2.69672,6.60787,31.189,134.648,3.30376,0.3,12.6155,0.2,52.9037,-13.1263,-29.1429,40.0625,101.178,48.4429,137.331,-5.52699,0.854219,1.0,0.0,0.2601703980166113
F_S_WWC_WM_552,2.21616,10.6198,14.4003,-19.1839,-1.63,1.16,1.46098,-1.01411,39.3246,-23.5649,-10.7593,0.5,-39.222,0.7,45.6727,-3.58049,0.813722,40.2331,14.8005,32.0324,49.0395,-23.5821,-11.1424,1.0,0.0,0.2810839162657808
F_S_WWC_WM_553,13.364,-0.458843,-0.602948,12.6549,-0.98,1.21,13.4844,4.83162,14.2589,27.6753,-6.54108,-0.2,-29.44,0.6,-15.4934,-11.9521,-10.0495,2.61047,44.8577,19.5859,-54.5029,-56.5993,-170.221,1.0,0.0,0.232416690385382
F_S_WWC_WM_554,-7.29033,6.70392,-6.29713,-11.8965,-0.95,-0.01,5.70517,-3.89387,12.3684,31.1158,1.82854,0.3,24.4167,-0.3,29.2518,-18.9656,-15.7505,7.58401,34.3661,-45.0522,74.591,-39.0517,-13.5497,1.0,0.0,0.2328644693588039
F_S_WWC_WM_555,10.5997,-4.64135,-0.10001,4.55399,-1.53,0.95,18.1897,5.85594,19.5862,127.009,-10.8328,0.7,-39.1425,0.1,5.16006,23.5811,-15.4048,12.746,41.9722,-22.0421,65.148,45.3258,74.0766,1.0,0.0,0.2307113018106312
F_S_WWC_WM_556,-1.2651,-3.96128,15.9204,-1.53862,-1.26,-1.8,0.213405,6.40842,-44.6483,88.815,-8.44396,-0.1,-28.0752,0.5,6.74988,-5.97248,-2.62035,-0.545885,37.4045,-16.3181,123.55,81.1945,86.1186,1.0,0.0,0.2296786182126245
F_S_WWC_WM_557,5.5215,11.5791,-2.82065,15.9959,0.18,-0.98,13.9769,9.70427,41.4572,-81.972,-11.2646,-0.1,-2.0515,-0.3,33.7089,14.3738,-7.39884,-14.9002,-23.6252,-18.7457,79.5348,-13.1143,-98.4809,1.0,0.0,0.2653107388737541
F_S_WWC_WM_558,-4.2838,13.9033,-3.36748,-15.1478,0.37,0.12,3.85522,0.39777,13.0642,144.038,-9.78265,0.2,-8.16942,-0.3,57.3284,-5.72467,-4.14031,-9.67088,35.2409,26.765,-24.3031,5.48121,97.7686,1.0,0.0,0.2603464323255814
F_S_WWC_WM_559,-4.92424,0.895484,0.354838,13.7902,1.06,-1.15,-6.80241,-3.79826,1.22897,-34.7824,-7.21616,0.7,14.8828,-0.2,25.7593,21.8057,13.7608,-19.8109,3.46825,-4.85603,117.044,-11.6082,-169.842,1.0,0.0,0.2230262575083056
F_S_WWC_WM_560,-1.67382,-1.04231,-5.67642,19.9607,-0.87,-0.06,15.8699,1.67151,31.0002,-38.142,4.46698,0.4,-32.8295,0.6,35.6554,-15.3379,9.34171,-11.512,22.6206,-8.42526,49.9737,66.9162,31.1657,1.0,0.0,0.2103616737641196
F_S_WWC_WM_561,-3.29506,13.1896,7.06808,-15.5004,1.37,-0.8,-9.74551,-4.11547,-4.20289,-15.9987,-14.2658,0.2,36.7197,-0.1,18.9543,-4.11835,-7.50245,2.48649,-27.7673,36.1476,111.266,15.3524,-0.491471,1.0,0.0,0.2778124837009966
F_S_WWC_WM_562,0.139506,-4.79609,-7.27312,-15.7722,-0.94,0.65,9.81705,-1.87984,-7.09834,113.011,-6.28567,0.5,-17.8378,0.2,59.9709,13.0317,26.6937,20.6623,60.3413,33.5842,138.518,58.755,-15.096,1.0,0.0,0.2252597403521594
F_S_WWC_WM_563,-7.65277,11.7228,4.57014,5.01851,-0.57,-0.74,13.2143,-2.76557,-32.0541,123.579,-6.34429,0.3,-11.8288,0.4,29.9026,27.6209,-20.7815,-5.85364,-3.76732,28.6939,108.615,-47.8591,131.762,1.0,0.0,0.2410259397641196
F_S_WWC_WM_564,5.78348,3.63073,19.4955,-17.9221,1.64,-1.46,5.81735,-2.52684,-22.4155,103.811,-13.0568,0.0,9.82797,0.8,28.7113,-17.7099,-2.26839,-3.88847,33.7812,25.8742,44.9152,79.5368,-47.5564,1.0,0.0,0.2491903460465116
F_S_WWC_WM_565,-0.826919,14.0608,-6.65047,12.8295,0.86,-0.82,-5.61405,6.26651,18.3298,-41.7799,3.68451,0.0,25.2198,0.9,-8.83247,-11.61,0.981035,11.2857,-33.3707,4.26239,-50.0762,5.92892,-64.9391,1.0,0.0,0.2507010198737542
F_S_WWC_WM_566,11.2647,12.8381,-3.79118,1.04384,-0.72,1.69,0.0126929,-4.83628,-3.24396,-68.366,-6.25479,0.5,14.5735,0.6,-17.6654,9.64931,7.99157,34.4793,-38.223,23.1208,-3.89743,-50.4913,-30.6928,1.0,0.0,0.2609324374219269
F_S_WWC_WM_567,-2.7443,3.10722,17.4801,18.2491,0.31,0.17,-5.29082,-1.81284,27.8546,144.16,-8.74129,0.6,-31.2895,0.8,48.5189,26.1689,10.352,-17.2365,4.89163,-37.5988,22.0911,29.1739,-17.0629,1.0,0.0,0.227198907076412
F_S_WWC_WM_568,0.578123,8.24602,0.429682,-9.2503,0.72,-0.49,-9.50749,2.39164,-49.4084,-69.3381,-5.57075,0.7,-9.05756,0.2,25.4817,19.0752,-29.9826,-23.2011,89.6997,-5.63558,9.51692,7.80634,119.77,1.0,0.0,0.23322267320598
F_S_WWC_WM_569,-0.279307,13.1459,-1.91957,-17.1611,-0.32,1.19,18.524,7.67686,25.6846,-19.3397,-7.38477,-0.4,37.9819,0.0,11.1897,15.8925,11.8795,-14.309,31.1844,-35.6411,-38.0357,31.0043,-106.407,1.0,0.0,0.2492760259468438
F_S_WWC_WM_570,13.8159,-2.79856,18.0775,8.59173,1.91,1.06,6.29084,-1.49466,4.44405,132.246,-4.39714,0.5,37.4122,0.3,19.0981,26.387,-2.36888,20.935,116.677,-47.811,56.507,-55.3158,123.352,1.0,0.0,0.2315167007043189
F_S_WWC_WM_571,-7.02086,-7.983,7.54547,0.639528,1.05,0.38,3.52777,-4.17042,-40.295,100.378,-14.3513,0.3,-31.8211,0.0,1.5525,21.7619,11.6486,45.2122,-14.0231,6.8167,95.0458,54.9323,79.0117,1.0,0.0,0.2700028816611295
F_S_WWC_WM_572,-5.93534,-4.31862,12.2778,-15.4808,1.95,2.48,5.43654,-0.838345,-21.1429,12.2363,-10.0951,0.4,24.1073,0.1,49.916,-11.0906,-10.7582,48.1174,9.58088,38.0502,63.0888,16.7249,-194.508,1.0,0.0,0.2686541874518272
F_S_WWC_WM_573,13.0228,-0.415405,16.0873,5.06396,1.79,0.04,3.83212,0.273084,47.3836,-9.68008,4.35607,-0.2,-3.07849,0.1,22.065,7.44187,-27.909,34.4141,0.580288,47.1253,-47.1534,-14.8737,-28.0429,1.0,0.0,0.2400655746245847
F_S_WWC_WM_574,5.54365,1.79902,-7.34453,5.15762,1.57,1.25,-9.05438,7.76872,3.60451,125.311,1.43015,0.5,32.0394,0.9,7.47847,-7.09639,-6.0545,-13.3873,81.2466,8.87441,77.2617,-24.6631,102.735,1.0,0.0,0.2124056292591362
F_S_WWC_WM_575,-3.70872,-1.42296,2.83622,4.61736,-0.71,0.94,-7.86963,-4.89229,-20.5492,103.034,-2.70066,0.4,-35.1993,0.5,2.94523,-1.18633,-26.0361,29.4526,94.6397,36.3101,11.2745,42.0122,111.056,1.0,0.0,0.2398526529568106
F_S_WWC_WM_576,-4.17696,-7.10514,16.9969,-13.1506,0.46,0.61,-8.23621,0.970734,13.9352,16.6006,-13.2416,0.3,17.343,-0.1,39.4957,23.9532,15.1984,52.5457,100.558,18.7431,-45.6162,38.2076,-39.6955,1.0,0.0,0.2720642364584718
F_S_WWC_WM_577,6.59004,7.02784,8.18432,8.01674,-0.97,-1.53,19.7925,-2.56972,-6.57517,-54.6837,2.53205,-0.1,20.6193,0.3,53.4411,-10.6109,-11.282,7.46256,-19.4964,-19.4952,142.257,-10.9906,24.0573,1.0,0.0,0.2281096830863787
F_S_WWC_WM_578,13.1866,1.96297,-7.3186,-3.47592,1.95,2.06,-2.02714,-4.23628,44.6983,52.978,-5.20515,0.3,3.18939,0.4,-14.7988,-5.34954,1.98219,1.30102,36.7198,-29.0975,-37.0024,22.398,96.1793,1.0,0.0,0.246582444654485
F_S_WWC_WM_579,11.7955,4.69168,17.593,10.7523,-1.47,-0.36,-1.23038,1.01573,-0.86367,2.55163,2.09383,0.3,-17.3369,0.2,-12.2334,17.538,28.573,51.9544,-23.2928,8.08094,51.0343,-56.8255,-83.2595,1.0,0.0,0.2517649077973422
F_S_WWC_WM_580,0.555189,6.75126,5.58703,-6.20011,-0.68,-1.72,11.8357,-2.1215,9.0838,5.97437,-12.055,-0.3,-29.0615,0.1,-15.9886,-5.78727,-17.3082,41.9257,110.033,17.5118,135.577,-10.7594,-126.79,1.0,0.0,0.2859139703322259
F_S_WWC_WM_581,-4.23496,-2.04782,15.0674,-19.7322,-1.58,-0.12,-0.752536,8.15162,2.47067,1.3483,-2.88107,0.4,-7.85667,0.8,39.7832,0.73718,-18.6787,-17.6351,45.315,47.6882,83.3592,64.4413,-161.692,1.0,0.0,0.2169493898073089
F_S_WWC_WM_582,12.1194,2.65808,-1.44176,13.6033,0.91,1.5,7.5255,-1.13419,32.1572,-18.3791,3.06029,0.7,25.7488,0.5,41.1008,-7.88592,-27.9599,21.3448,-41.1385,-19.8007,6.28414,-44.6455,77.5709,1.0,0.0,0.2285341109634551
F_S_WWC_WM_583,14.4085,0.0588059,-4.13792,15.567,-0.52,0.61,-3.583,3.24038,-12.8377,34.7772,-9.71066,-0.2,-23.4028,-0.3,37.6053,11.7736,13.929,49.7805,-57.7769,-6.1887,103.199,17.8351,25.9025,1.0,0.0,0.2664833255348837
F_S_WWC_WM_584,13.1174,3.19469,18.4656,12.1262,1.22,1.94,-4.55802,3.94572,-11.8498,0.581666,-4.68689,0.8,6.91763,0.3,47.6776,0.465897,23.5655,21.9639,-59.9125,-20.753,141.403,28.1708,-142.31,1.0,0.0,0.2370442849667774
F_S_WWC_WM_585,13.2092,-2.51612,-4.45141,17.8863,1.89,-1.36,19.6887,-1.4409,9.82031,132.798,-4.68118,0.2,4.5037,0.7,50.5629,-10.4927,-15.5874,-12.2594,-1.06874,19.8305,90.5598,22.0074,-35.5266,1.0,0.0,0.2230535650598006
F_S_WWC_WM_586,11.8657,4.15602,-2.2383,-19.7845,-0.12,0.1,-4.49331,1.35906,9.43991,21.9394,-13.6805,-0.1,21.1191,0.7,-21.758,8.1428,25.0159,-9.87203,49.1689,23.2261,54.8543,35.2459,-143.21,1.0,0.0,0.2297551745548172
F_S_WWC_WM_587,-2.01592,6.75439,2.21081,-12.884,-1.65,-1.61,-5.6334,1.06309,-34.2085,-28.0307,1.3975,-0.2,23.8615,-0.2,-14.0855,13.6122,-10.1609,11.8439,76.799,-13.8963,11.4878,89.0972,89.4922,1.0,0.0,0.2440208687607973
F_S_WWC_WM_588,2.03537,11.9385,16.5391,18.1257,0.06,-1.21,17.2196,-0.924998,-12.8832,110.989,-6.9806,0.5,39.6499,0.6,-19.9655,19.8097,7.62489,-5.39217,32.4454,-24.3542,105.635,46.0407,41.3324,1.0,0.0,0.2419022538106312
F_S_WWC_WM_589,-2.29347,-7.73654,9.16648,-6.32098,2.06,1.99,4.40229,5.64465,-42.9137,19.7039,-10.7227,0.5,14.748,1.0,-23.1533,14.4992,-22.2446,-5.1635,0.0596398,0.538401,4.87865,-39.341,-78.379,1.0,0.0,0.2331022461528239
F_S_WWC_WM_590,0.663193,14.7661,-4.36653,-15.0382,0.26,1.15,3.40647,2.73699,-32.5999,-13.9267,-9.72453,0.3,-2.64579,0.0,53.1205,12.4459,-28.5853,-22.0445,-48.7251,-44.0773,122.545,-36.2487,-27.4278,1.0,0.0,0.2567326926179402
F_S_WWC_WM_591,9.36503,-2.55852,12.8849,3.45222,0.04,0.63,8.57573,5.19427,-32.3002,-60.5136,-4.33851,-0.2,-29.9366,0.4,-13.4537,22.5396,25.2839,3.83742,114.539,46.0408,-40.4637,27.7288,63.1587,1.0,0.0,0.2177828879069767
F_S_WWC_WM_592,0.609382,-5.25609,-0.889506,14.5061,0.02,-1.77,5.37748,5.65478,24.8304,134.539,-10.6008,-0.1,9.6055,-0.2,22.5247,-6.11222,-29.6222,29.2151,12.767,-20.9176,20.6852,-37.7017,107.81,1.0,0.0,0.2565304013521595
F_S_WWC_WM_593,12.8188,-4.22356,-1.80295,-8.32174,1.52,0.33,-9.84809,4.39928,48.7436,-35.8413,-1.60737,0.6,15.8518,0.7,25.7193,-9.89498,24.2171,28.4315,-40.5175,25.1012,-46.0676,21.0167,-94.9144,1.0,0.0,0.2250285324983388
F_S_WWC_WM_594,-2.85381,-6.62604,3.3483,-5.61567,2.0,1.8,9.42337,9.4788,-11.9331,142.665,-13.2614,0.7,33.2175,-0.1,28.5689,10.3922,-11.0161,30.4499,-11.3884,-9.18312,140.34,34.3867,39.0198,1.0,0.0,0.2529267064219269
F_S_WWC_WM_595,8.70444,5.48396,14.7328,-19.6241,-0.77,-1.47,-1.97592,7.19071,48.4036,28.1675,-10.5645,0.5,-36.8341,0.0,0.486038,-13.6355,-19.8568,-2.86714,79.9992,-28.2993,75.5302,16.5057,-52.8713,1.0,0.0,0.2409278691362126
F_S_WWC_WM_596,5.92184,-6.59348,2.67267,-15.675,-0.56,0.07,0.82621,2.04071,-17.7311,145.242,-3.16577,-0.2,6.18971,-0.3,34.4277,29.1099,-27.104,54.7826,106.385,-5.94168,-3.56137,11.2807,58.1358,1.0,0.0,0.2352603945581395
F_S_WWC_WM_597,8.72771,-6.14775,7.46641,19.3909,2.02,0.48,-7.98183,-2.58163,27.2601,-37.628,-4.2957,0.3,31.8821,0.6,44.9977,10.8048,-21.2684,-3.54409,17.0421,27.0816,-47.0149,29.4227,120.975,1.0,0.0,0.2279445290066445
F_S_WWC_WM_598,10.2158,-6.7143,-1.34658,14.6848,1.49,-0.62,2.26838,6.6148,40.1419,49.2607,-11.68,-0.1,-26.5093,0.2,-21.0316,-12.1794,-9.06121,-4.96613,-25.4774,-22.8981,-15.5666,83.1189,-61.2226,1.0,0.0,0.2771527051129568
F_S_WWC_WM_599,12.8844,10.8823,5.4515,-8.28457,2.46,-1.48,-1.1788,7.93556,-7.34777,42.6054,-13.884,0.1,32.9609,1.0,6.48456,-2.90313,-20.9554,48.8496,58.4153,-37.7165,76.3067,13.4241,-16.7113,1.0,0.0,0.2839713929302325
F_S_WWC_WM_600,-3.38782,13.9445,19.3937,7.46483,-0.11,-0.43,9.65055,0.710599,16.7818,72.3164,-2.11612,0.6,29.6922,-0.4,-22.0063,-6.35841,-23.0128,32.3817,46.1293,-2.69544,106.073,-51.0257,-117.451,1.0,0.0,0.2730061923222591
F_S_WWC_WM_601,8.22373,-6.21495,-5.63015,-6.28017,-0.05,1.19,10.3564,9.3154,-49.9646,54.0643,-0.961029,-0.3,-36.7175,0.3,-5.22627,-14.8047,-9.61105,37.3579,-31.6822,-0.497491,86.6966,5.12939,-19.8532,1.0,0.0,0.2494743358106312
F_S_WWC_WM_602,13.2846,9.30947,12.1608,9.15321,-1.26,1.91,-1.78541,6.029,21.3213,15.9462,3.53338,0.4,34.749,0.1,31.7787,-13.2455,22.3418,41.6862,97.6481,16.6617,-42.5025,-3.51956,-54.3615,1.0,0.0,0.2457960978305647
F_S_WWC_WM_603,-2.36326,-2.30408,4.03537,-8.53467,-1.13,-0.41,-3.48386,-1.09156,35.0345,141.069,4.1427,0.4,9.86097,0.1,0.894393,11.1949,-5.2878,19.9494,110.282,-24.9085,149.538,8.33861,141.343,1.0,0.0,0.2220177757242525
F_S_WWC_WM_604,-4.47151,6.26811,-6.86849,-15.1062,2.31,0.85,-2.44764,-3.00413,-46.884,129.463,-5.03799,0.1,23.5552,0.7,24.6246,13.1191,-13.7991,14.0502,32.1409,-11.8129,142.873,22.0897,41.9228,1.0,0.0,0.2598942467973422
F_S_WWC_WM_605,3.10536,11.0414,2.14109,-5.96281,-0.37,-1.44,0.47146,6.34085,45.1514,107.348,-0.450964,-0.4,17.4418,0.1,-21.6427,1.72951,0.620405,-16.0845,115.072,-15.8553,118.997,37.2119,-165.214,1.0,0.0,0.238901934461794
F_S_WWC_WM_606,4.69164,3.47633,15.8978,14.6998,-0.68,2.12,-5.89548,9.12958,-30.5266,39.6959,-5.27786,0.5,7.45288,0.9,-4.79101,18.5075,17.8755,18.1888,90.2586,-26.47,-2.12396,-59.4618,22.4051,1.0,0.0,0.2517496185382059
F_S_WWC_WM_607,11.6831,5.97576,15.2358,-0.615172,0.73,-1.2,15.2614,8.24795,14.5341,-45.6788,-6.45991,0.2,25.4866,0.8,20.4629,8.83803,-23.8274,8.7543,-9.88547,43.9944,-50.7183,79.2109,-121.484,1.0,0.0,0.242663036757475
F_S_WWC_WM_608,-5.46888,4.45433,15.7313,-18.4652,0.23,2.01,14.4762,8.02222,-14.7673,102.215,-7.52675,0.4,-12.6211,0.6,54.1627,2.58285,-29.29,25.7061,15.0914,13.4874,77.8287,-36.9926,51.1106,1.0,0.0,0.262561123730897
F_S_WWC_WM_609,-1.60505,13.3335,-5.94355,-10.3708,-0.53,1.56,1.60238,-3.29662,19.0942,-73.321,-13.3591,-0.2,-34.2125,0.2,19.2931,2.50125,-26.6039,16.4904,-44.2424,-5.38091,70.0409,25.3102,111.681,1.0,0.0,0.2936665798106312
F_S_WWC_WM_610,0.716267,0.276843,18.8735,-18.2945,0.87,2.19,4.19496,7.85563,15.788,31.9314,-14.4357,0.0,-34.4508,0.1,14.528,3.60969,29.1905,10.6563,72.6831,8.79912,64.6186,77.3826,-55.8265,1.0,0.0,0.257968294372093
F_S_WWC_WM_611,7.33329,-7.20446,10.9126,-3.38945,2.14,-1.17,-7.73161,8.707,-3.70739,68.3129,-4.71554,0.5,-5.94578,-0.4,37.9798,16.9562,-19.2109,50.3396,-25.6334,-3.89354,70.2379,-45.8956,112.524,1.0,0.0,0.2485072033355481
F_S_WWC_WM_612,12.238,-3.01917,13.2362,-3.32001,-0.34,1.5,2.24947,5.62344,24.1958,147.489,4.19226,0.7,-6.42694,0.0,-14.3892,6.26847,-22.79,-18.8832,109.125,-10.2127,5.83501,-14.6009,-14.3981,1.0,0.0,0.2110968101661129
F_S_WWC_WM_613,-5.03014,4.91857,-5.79647,2.51025,-0.46,-1.07,-8.33386,-3.65379,-4.98514,-70.8767,-2.47683,-0.1,-15.7129,0.6,55.4126,2.03339,29.99,-16.9719,63.3007,-27.8561,132.994,-35.6353,100.016,1.0,0.0,0.2394267159534884
F_S_WWC_WM_614,0.100708,12.3742,16.4925,14.6215,2.39,-1.65,10.0466,3.84393,-26.3305,-45.5067,-7.76669,0.0,21.5442,-0.1,39.1773,14.2903,18.904,-2.7223,-37.9832,42.62,27.6519,22.7945,-30.3691,1.0,0.0,0.2477473606312292
F_S_WWC_WM_615,12.5966,6.58033,10.3661,-16.182,2.35,-0.57,17.7241,1.57323,3.55727,-4.0376,-9.30434,0.4,27.268,0.6,-6.19504,27.0065,-17.844,-18.2874,119.105,-6.85966,34.1199,-30.9924,62.1126,1.0,0.0,0.2443819796843853
F_S_WWC_WM_616,-6.81073,11.2804,4.90908,11.5578,-0.66,0.68,-7.45434,2.53469,43.9096,119.238,-7.42486,0.8,-21.7366,0.5,-5.61959,13.0,-20.4819,2.28813,124.059,-34.0716,82.6484,60.6053,-23.0121,1.0,0.0,0.2453065538870432
F_S_WWC_WM_617,-1.63974,13.2456,1.48267,-17.9644,2.2,0.51,7.41279,-4.79008,17.8542,58.1814,-0.668011,0.2,35.628,0.7,34.506,-9.46788,5.44871,5.63605,88.6777,25.3404,110.582,-53.1279,-199.063,1.0,0.0,0.238663553654485
F_S_WWC_WM_618,-5.60722,1.2949,7.68768,-1.74459,2.3,-0.24,2.10719,5.09249,23.2228,7.25564,-13.5527,-0.4,15.1693,0.9,8.46223,21.0126,-5.15436,16.4663,13.777,-40.7772,92.9973,85.2275,86.9726,1.0,0.0,0.263289088730897
F_S_WWC_WM_619,8.92915,7.27947,-1.65867,16.6507,1.14,0.31,17.9182,6.3212,-37.0373,127.612,4.83236,0.0,-20.5121,0.6,34.0031,19.0453,-22.835,27.4418,24.1803,-6.11133,14.0236,-1.76436,-67.4281,1.0,0.0,0.2488544541362126
F_S_WWC_WM_620,2.6654,-2.5844,17.4051,-5.34354,-1.36,-0.22,-8.13057,5.52991,29.8873,-72.4825,1.03461,-0.4,2.33464,-0.3,45.9834,20.7025,10.173,33.6361,-16.7711,-26.2308,13.2233,-41.4987,29.1317,1.0,0.0,0.2438774836910298
F_S_WWC_WM_621,8.4575,4.20175,10.7587,8.16114,-0.95,-1.25,12.5249,-1.17144,42.2067,146.008,-9.41067,0.3,38.4104,-0.1,4.37704,-0.32454,26.2357,23.989,3.71275,-31.3325,2.94207,-34.3746,-104.253,1.0,0.0,0.2592829413322259
F_S_WWC_WM_622,-6.48858,14.3562,-2.25059,8.43034,1.52,2.31,7.18255,-1.01507,-18.6228,95.1981,-5.79173,0.5,-30.4927,1.0,42.4271,4.42878,-27.311,42.8098,-12.2591,-22.4024,60.7175,51.5428,-140.269,1.0,0.0,0.2824545551129568
F_S_WWC_WM_623,-7.34743,0.517883,9.51802,-10.0991,1.86,0.26,9.15566,2.36039,-19.8316,131.727,-13.8515,0.1,-32.2373,0.9,-7.32919,-17.2123,2.79894,27.6521,125.505,6.36251,102.135,-30.486,-96.6291,1.0,0.0,0.2621928583521595
F_S_WWC_WM_624,3.13035,11.4954,14.5212,2.13926,2.13,0.41,-5.74791,9.39902,20.2244,110.128,2.78916,0.3,17.6962,0.7,48.1418,19.7752,-9.28226,-16.7673,-36.8096,-18.2581,130.437,-52.1665,-36.3104,1.0,0.0,0.2239053617906977
F_S_WWC_WM_625,3.49275,-5.93881,7.50694,-17.7318,-1.42,1.87,-7.60599,1.76257,17.948,112.236,-2.94925,0.8,18.1028,0.0,21.0157,-3.67179,-24.7169,8.89853,-26.6365,43.2878,82.9657,3.10714,11.8894,1.0,0.0,0.2303311151528239
F_S_WWC_WM_626,-4.03789,13.2845,6.4372,-10.8834,2.04,0.34,16.2022,2.29189,11.3486,53.6548,-7.01683,0.7,-22.6999,0.2,26.2982,-8.04703,-1.95898,44.1254,73.527,40.9141,44.6433,84.5899,-96.1021,1.0,0.0,0.2843642726179402
F_S_WWC_WM_627,-7.39109,3.34317,-4.16627,11.2146,-1.75,-1.45,0.0478577,-1.37427,46.7191,-35.0817,-6.55919,0.5,-29.1673,0.2,18.3195,-4.58128,-6.45637,-22.559,102.593,7.38511,-9.98026,-4.37738,-75.2615,1.0,0.0,0.228545882269103
F_S_WWC_WM_628,4.18754,-4.3554,-1.24568,-16.4125,-0.4,0.36,-4.71688,7.81767,-28.2529,54.9436,-11.793,0.4,4.05915,-0.4,-24.3128,23.0518,8.28864,42.0238,-2.69987,-33.8419,64.0143,70.7942,-120.596,1.0,0.0,0.2520133834318937
F_S_WWC_WM_629,-7.60222,-7.25178,6.93562,-11.7484,0.92,1.95,-4.26541,0.576225,-35.5371,-58.1932,-4.80477,-0.1,-15.5659,0.4,38.7349,-3.50536,-3.01264,49.9202,127.392,-12.1467,42.4128,70.6553,44.8064,1.0,0.0,0.263973509667774
F_S_WWC_WM_630,14.1196,-1.24288,6.00304,-14.7948,-1.39,-1.45,9.06128,-0.507852,-44.9908,82.9066,-6.30292,0.5,34.7055,0.2,36.5503,14.5892,-8.93864,-24.3708,1.62667,8.48769,89.4294,59.3505,107.267,1.0,0.0,0.2164896488803986
F_S_WWC_WM_631,4.88157,-5.1143,2.28885,6.36091,2.16,1.63,10.1716,4.0546,36.3251,26.1575,2.18541,0.1,-38.4813,-0.3,-6.11444,-9.26011,14.7616,16.3105,77.3889,38.8238,3.51334,82.0547,128.01,1.0,0.0,0.2392013483820598
F_S_WWC_WM_632,9.67147,-1.47881,-6.79629,9.83528,2.25,1.53,15.5182,-2.78134,-26.5129,108.195,-9.09356,-0.1,-6.85984,-0.4,57.5234,6.8398,13.2515,-5.50572,46.7184,16.1785,13.6081,62.0319,-125.835,1.0,0.0,0.2418019959534883
F_S_WWC_WM_633,10.881,-4.68785,13.8075,17.0545,1.28,1.73,14.3976,1.44711,28.8219,100.271,-7.30406,-0.1,31.3132,0.5,10.2606,20.4771,-9.7842,52.0318,-31.0419,-4.07798,-56.1541,-25.2242,-69.2458,1.0,0.0,0.2553915934850498
F_S_WWC_WM_634,8.92026,0.743232,-0.182915,-2.58153,2.01,-0.95,11.9752,-2.29422,-30.7901,10.6472,-9.56481,-0.4,13.4055,0.1,-1.68981,9.90983,-19.9425,50.0853,67.4253,2.50672,-41.3256,58.1781,114.527,1.0,0.0,0.275524556345515
F_S_WWC_WM_635,-7.2086,13.3778,13.5213,12.3637,1.39,0.92,-6.02653,1.25812,6.55767,94.3083,4.61054,0.6,24.1714,0.9,41.5787,-11.2036,23.0647,20.5607,31.6866,-40.8828,9.07389,60.9193,70.6911,1.0,0.0,0.2382697495215946
F_S_WWC_WM_636,-0.357469,-4.33703,-1.77143,-0.954274,2.3,-1.62,-0.578024,-4.62914,16.6036,-2.84335,-8.98883,0.4,3.47603,0.2,10.9374,7.84816,28.2167,50.2406,-48.5693,39.071,59.0862,37.9884,-57.0252,1.0,0.0,0.2625116531295681
F_S_WWC_WM_637,0.764904,7.90004,19.7099,-12.9339,1.65,2.29,17.7764,8.98432,39.1704,-84.5359,-6.78225,0.6,-3.50408,0.1,8.85438,23.1629,-15.2673,-5.23918,10.3125,13.3047,35.8837,16.3814,-11.5565,1.0,0.0,0.2447518017076412
F_S_WWC_WM_638,10.0401,2.94791,10.6834,-12.6899,-1.52,0.82,3.77169,9.96033,27.3679,-72.1825,3.49757,0.6,19.508,0.8,-9.98477,16.7393,14.9701,26.1387,38.5373,-39.4814,28.0688,48.6987,-173.263,1.0,0.0,0.2384698188837209
F_S_WWC_WM_639,6.76173,1.75572,-2.16443,-4.61217,2.17,-1.78,2.74223,8.54309,46.983,98.7461,-1.90909,-0.2,30.1073,0.5,4.49291,25.3365,17.3806,47.157,14.5019,9.77373,66.679,-10.2982,7.92333,1.0,0.0,0.257412196076412
F_S_WWC_WM_640,12.9212,5.56472,-7.38987,3.07793,0.97,0.8,4.23273,6.74524,8.77497,-14.8695,-11.1651,-0.3,-9.02695,0.8,51.2385,-0.957591,3.11821,-19.2389,60.117,-41.5564,138.992,58.5213,-79.8697,1.0,0.0,0.2387736813488372
F_S_WWC_WM_641,-0.12966,7.21909,3.27384,-11.1758,1.88,-1.35,18.5846,6.78635,35.2915,119.041,-10.9403,0.2,21.2683,0.1,42.3273,-7.45628,17.4925,-24.8261,7.59335,19.2118,15.3978,32.867,-189.353,1.0,0.0,0.2492429090730896
F_S_WWC_WM_642,-5.09464,2.76065,13.33,12.08,-1.25,-1.11,-9.72498,9.09608,36.2046,61.5226,-13.622,0.1,-24.3176,0.5,-4.58096,21.5205,21.2681,51.6505,1.52027,-33.2626,-27.2831,42.4568,-47.4626,1.0,0.0,0.2872014871229236
F_S_WWC_WM_643,11.3972,5.19093,15.4863,2.37547,1.86,1.86,-1.13579,1.38658,9.22828,-10.0574,-10.203,0.0,23.503,0.8,55.681,-16.889,14.3982,-11.1652,-16.2919,10.672,-2.73959,-40.1516,-58.2181,1.0,0.0,0.2381955415913621
F_S_WWC_WM_644,-6.97501,5.43781,5.76662,-14.473,-1.38,-1.05,2.40887,8.34568,24.8792,111.287,-9.19082,0.2,7.1948,-0.2,59.8252,22.1166,26.5054,-8.92706,97.2023,-41.2978,126.936,54.1213,-3.82555,1.0,0.0,0.233081660986711
F_S_WWC_WM_645,10.4494,10.2655,11.0398,10.9353,-0.92,-0.68,11.7248,3.05666,-49.4909,58.3152,0.235262,0.4,36.998,0.7,51.9943,6.33989,23.8169,47.672,58.8346,49.1972,32.5243,83.3368,55.9193,1.0,0.0,0.2501916894784053
F_S_WWC_WM_646,10.33,1.22362,-0.499089,-18.1709,1.96,-1.01,4.66926,7.36683,-48.3127,59.2556,-7.0831,0.0,8.65736,0.4,-8.34413,-19.6513,20.3771,23.3011,123.682,-31.5429,71.0917,-38.7234,71.9545,1.0,0.0,0.2443409525049834
F_S_WWC_WM_647,-0.615806,-0.905738,18.0251,12.7945,-1.14,0.45,-8.45119,-1.66975,18.0234,64.3248,0.728531,0.1,34.9795,0.9,42.0216,-8.69527,-29.8534,9.79953,121.02,-26.9409,78.5386,18.3372,-85.2746,1.0,0.0,0.2258431975215947
F_S_WWC_WM_648,-7.06221,5.72028,16.4494,11.8465,0.0,2.2,1.27978,3.88061,31.8933,-2.02938,1.07315,-0.2,35.1582,0.4,36.6968,28.2259,-12.855,-12.5742,18.3337,20.6621,12.5537,77.1592,-16.2072,1.0,0.0,0.2189251742790698
F_S_WWC_WM_649,13.4515,11.8105,-0.724237,1.1699,1.29,1.11,9.35298,4.71037,21.7173,-89.1915,-2.18488,0.7,-8.72894,0.2,28.5381,28.0587,-6.96152,48.4513,44.44,-32.4228,-53.7334,-8.29024,-62.0779,1.0,0.0,0.2732730123222592
F_S_WWC_WM_650,-5.74785,8.72528,-7.83262,3.15368,-0.07,1.69,13.8596,-3.70986,10.4614,-7.424,3.65584,0.6,-27.8801,0.2,48.2702,17.6003,7.4116,46.8448,10.6307,17.8059,-37.6934,33.6014,14.4442,1.0,0.0,0.263980918435216
F_S_WWC_WM_651,11.8991,8.5318,18.2017,-8.82177,0.8,-1.51,-4.03107,3.47031,-14.3908,76.8757,-11.4101,0.1,-10.1655,0.1,33.1491,13.8023,-28.3854,39.1011,-52.3788,45.4762,87.7792,76.2989,45.151,1.0,0.0,0.2725339867475083
F_S_WWC_WM_652,6.37871,-4.3914,15.5957,10.5563,2.19,0.11,2.49968,-4.25102,11.2098,73.2503,-0.569034,0.7,-39.4149,0.8,47.3475,10.9705,7.16593,24.4114,82.2922,25.4514,-1.21948,-46.7595,5.16425,1.0,0.0,0.2393224925215947
F_S_WWC_WM_653,-0.548153,-5.4625,-0.306051,-5.0992,-1.64,2.17,1.69334,1.09163,37.1911,-31.3437,-3.36425,0.5,-9.56867,0.4,51.7211,-6.0692,-21.4751,-21.7035,72.1543,-47.1879,84.9804,23.1056,82.1942,1.0,0.0,0.2144831988903654
F_S_WWC_WM_654,12.0451,-5.40904,12.8085,6.58543,-1.09,0.3,13.7501,-3.92397,36.0333,11.0512,-11.2049,0.7,11.8591,0.0,50.2388,16.8318,2.50592,-3.0717,-33.8118,12.6996,39.1891,-27.8196,124.137,1.0,0.0,0.2243000674451827
F_S_WWC_WM_656,-3.06135,-7.16518,9.32299,9.12016,-0.05,1.0,1.05186,8.89138,-10.2844,-71.2809,-7.86969,0.1,38.8328,0.7,-21.5014,12.0606,4.45587,23.8489,112.801,-48.0429,146.173,39.244,13.2679,1.0,0.0,0.2308211292956811
F_S_WWC_WM_657,0.21306,8.6935,-2.78645,19.4537,1.85,2.07,10.7363,2.83711,-43.7666,126.067,-3.28942,0.4,8.08556,0.5,-14.9242,-19.4157,15.1054,50.1461,104.803,0.769931,37.9308,12.6017,-182.521,1.0,0.0,0.274184445
F_S_WWC_WM_658,-4.86201,1.93078,10.0879,-2.9783,1.34,-0.26,12.8039,-1.27733,-48.0158,101.068,2.02304,0.6,25.2935,0.8,-14.6239,19.9064,-17.6415,43.2354,61.8747,-39.162,31.5284,51.196,-63.8137,1.0,0.0,0.2499679867940199
F_S_WWC_WM_659,7.23519,-2.75033,10.17,-7.37605,-1.48,-1.6,5.97905,-0.280635,23.3473,-39.294,-1.7173,-0.2,-8.0831,0.9,5.45043,27.6731,-12.9698,16.6766,-58.9085,-16.6665,89.3249,35.0962,-87.1701,1.0,0.0,0.2366249096578073
F_S_WWC_WM_660,-5.90288,-2.46694,15.6414,-0.0358234,-0.14,-0.23,15.7949,7.55469,-26.6092,-44.4814,-13.4429,-0.3,24.7826,-0.2,48.4333,11.3565,-7.18515,48.2731,66.8221,33.477,110.319,31.4914,74.7253,1.0,0.0,0.2555281465083056
F_S_WWC_WM_661,-7.24458,9.8841,2.36779,5.1009,-1.65,1.18,2.44185,2.42196,-10.1092,73.4475,-1.34992,0.1,24.6266,0.9,50.502,5.06062,6.51221,32.2828,128.819,34.9304,4.21809,8.83583,-127.547,1.0,0.0,0.2574750880564784
F_S_WWC_WM_662,-1.72328,0.978148,3.66799,4.6315,2.15,1.82,-2.56101,-3.06516,46.4132,55.406,-5.8395,0.3,12.6945,0.9,20.744,24.5449,24.6285,44.1818,112.13,-19.0137,97.8469,72.913,-64.1774,1.0,0.0,0.2527767664385382
F_S_WWC_WM_663,14.4602,2.73056,-0.236769,-19.842,-0.75,-0.75,6.56771,-4.4375,0.784581,-45.0964,-4.87226,0.0,-16.7733,-0.3,26.6068,22.6033,22.5804,26.488,24.6156,-0.988351,-14.3906,47.7861,144.523,1.0,0.0,0.2470680585980066
F_S_WWC_WM_664,-5.58072,9.63668,-3.67587,2.27114,-0.16,0.35,-6.07674,5.44685,-43.9785,102.681,-14.3125,-0.4,18.2561,0.4,-8.46242,-5.10835,11.7259,12.3721,-43.2089,-43.3116,31.9609,-6.20915,-95.6567,1.0,0.0,0.281438569089701
F_S_WWC_WM_665,-4.00355,6.51376,3.71245,11.7828,2.04,2.2,11.145,-0.450606,-19.0952,-85.8349,-6.94604,0.3,-19.5622,0.1,30.3474,6.48348,23.701,7.18941,31.9697,5.05007,-47.8863,89.1595,149.291,1.0,0.0,0.2556816829036545
F_S_WWC_WM_666,1.60259,9.05816,16.7964,14.7924,0.99,2.38,14.3466,0.102146,38.5525,75.9177,-11.3214,0.0,6.63711,0.2,23.765,-14.1531,10.4434,49.3825,64.8038,-22.7958,68.8717,19.1285,120.244,1.0,0.0,0.2693757430166112
F_S_WWC_WM_667,1.29557,8.61282,1.76388,1.80805,-0.06,2.03,-3.97907,6.13164,39.9716,-85.3367,-4.53901,0.3,-25.6441,0.1,37.8127,4.66907,25.9741,-4.27476,-49.1799,-31.2785,-1.58575,-59.9832,-9.60573,1.0,0.0,0.2401209016445182
F_S_WWC_WM_668,2.49977,-2.62006,5.49599,-14.0463,-0.38,1.75,16.0711,-2.03617,-30.6323,-56.3825,-2.22682,-0.3,33.8572,0.4,52.2886,-4.89548,-7.54908,-3.32784,102.109,-38.2885,-22.5075,-37.9899,-77.0602,1.0,0.0,0.2170522842093023
F_S_WWC_WM_669,13.3402,11.199,4.92569,17.1536,0.38,1.37,-6.28889,3.64302,-1.45206,-91.8862,-13.1436,-0.3,6.34737,-0.1,35.5202,19.415,6.51483,3.01426,25.0402,32.9121,-44.2028,-51.973,-85.5948,1.0,0.0,0.2591252569867109
F_S_WWC_WM_670,-5.67476,-7.2277,1.47352,15.6346,1.72,0.0,12.0998,4.51472,38.7112,106.344,-14.0781,-0.4,-7.18514,0.5,53.9478,2.4151,-23.1253,26.9966,26.9653,38.3217,136.193,53.0754,-7.45913,1.0,0.0,0.263538078551495
F_S_WWC_WM_671,5.82777,4.58184,9.07404,4.02426,2.38,0.26,-8.29727,-4.35918,21.7038,44.3813,4.67482,0.2,-19.7884,-0.2,40.21,15.0771,29.0557,-8.35653,-1.97348,-17.7841,10.9543,74.9937,53.9155,1.0,0.0,0.2249823655016611
F_S_WWC_WM_672,-7.52904,4.73333,-7.97739,-14.4221,-0.65,1.0,-5.05428,4.16714,22.128,122.637,-1.97015,-0.1,-8.90403,0.4,11.9368,-15.413,-6.59796,17.9752,75.0628,-3.15975,-49.6834,49.2412,-130.722,1.0,0.0,0.2426877074152824
F_S_WWC_WM_673,1.45564,3.51997,-5.90472,8.47689,2.35,1.23,-1.40314,4.06437,19.2036,22.3813,-10.9032,0.1,7.96427,0.5,-18.3424,-7.94585,-20.7405,10.3278,85.1278,44.3613,147.229,87.9912,-117.961,1.0,0.0,0.2723164309501661
F_S_WWC_WM_674,0.799976,6.21425,6.74231,13.6789,1.67,-0.28,3.59959,4.63519,-23.1197,135.175,-11.0434,-0.2,-37.1664,-0.4,-18.1788,17.0091,9.03141,-15.2615,70.759,11.295,12.6264,85.7089,64.4904,1.0,0.0,0.2542397287475083
F_S_WWC_WM_675,4.7714,-4.85098,6.2876,-12.6024,-0.25,1.57,-6.21613,-1.32577,-8.27849,129.07,-12.1652,0.6,29.5836,1.0,18.9732,5.15889,-11.7164,33.7888,81.0894,-4.60111,-35.079,-26.9094,-163.514,1.0,0.0,0.2467665338172757
F_S_WWC_WM_676,-1.77687,-0.899217,5.82266,3.82373,-1.35,1.97,-9.27498,8.69263,25.3634,91.3046,-0.27493,-0.2,-22.3548,-0.1,25.9672,21.862,11.5319,11.4068,24.7887,42.8154,48.0168,86.9035,75.671,1.0,0.0,0.2257728496245847
F_S_WWC_WM_677,-3.35211,14.0997,19.8605,4.91664,1.45,0.6,2.9083,2.08426,0.889515,84.2305,0.201602,0.0,4.60924,0.6,-24.6637,22.1957,-5.83504,-6.41052,51.24,33.7763,-55.7472,-41.191,-40.904,1.0,0.0,0.2513678884418605
F_S_WWC_WM_678,14.9612,-1.7482,-2.00879,-16.0151,0.6,-1.39,0.409288,3.29448,-5.71133,28.5999,-1.28116,-0.3,3.93027,0.2,26.4148,-19.2361,-14.2297,53.0906,51.4293,24.2522,117.52,59.7062,-80.9827,1.0,0.0,0.2499716372159468
F_S_WWC_WM_679,7.76582,14.1689,1.19552,-7.43203,-0.04,1.94,7.12814,9.2934,-15.2094,32.6501,-8.8746,0.3,-25.2017,1.0,17.2074,-8.76952,-15.6008,1.40378,111.2,17.2422,123.918,65.8777,-9.4962,1.0,0.0,0.2535370714551495
F_S_WWC_WM_680,-2.48645,12.3649,9.87665,14.2848,1.55,-1.38,-4.38741,-2.16703,-49.6033,47.119,-6.01564,-0.1,26.3565,0.9,36.297,23.8644,8.31832,28.043,61.2235,-9.00923,64.9416,-46.3293,-150.934,1.0,0.0,0.2659593985448504
F_S_WWC_WM_681,-0.578123,6.33684,3.79055,7.9076,-0.5,2.37,18.0014,1.63973,-34.8121,98.1723,3.17253,-0.2,8.41164,0.0,15.628,20.33,13.4196,30.0554,125.336,31.4011,101.384,-7.59267,129.067,1.0,0.0,0.2610598351495016
F_S_WWC_WM_682,7.87336,2.92595,9.30914,6.32041,2.29,-0.13,12.2676,2.99789,43.458,29.6314,-2.89352,0.6,-9.62174,-0.2,48.9547,-17.5313,-9.44041,-2.98264,-51.8421,15.7335,67.074,48.1612,-186.6,1.0,0.0,0.234778181654485
F_S_WWC_WM_683,14.225,14.0428,8.48388,6.2545,-1.23,1.36,5.1749,-2.87182,31.4852,-52.2153,-12.2084,-0.2,28.4951,0.3,6.97536,7.40338,16.9986,-24.2034,31.3474,3.13608,99.0032,9.83525,32.3426,1.0,0.0,0.247742128013289
F_S_WWC_WM_684,8.97993,7.11873,7.82808,14.8911,-1.59,1.48,5.32439,-1.06147,-48.8044,-33.9988,-2.49146,0.6,-37.323,0.5,4.72482,-15.6274,29.7005,-7.95544,93.5208,-11.5578,-1.03522,60.2739,-32.3928,1.0,0.0,0.225844458757475
F_S_WWC_WM_685,-2.46233,3.70282,13.9702,-18.6714,-1.33,1.67,9.55295,6.4806,28.2581,20.4572,0.796125,0.8,-25.0312,0.6,16.1551,-19.0507,3.61427,21.8427,-31.3631,-29.9379,142.527,28.7896,80.5362,1.0,0.0,0.2340792596677741
F_S_WWC_WM_686,14.9117,11.6903,8.42473,-7.78832,1.3,1.54,-1.10682,-4.04779,36.4446,80.8977,3.43432,-0.1,-2.35146,0.3,20.8245,26.7196,3.4496,30.212,-37.1721,-32.0346,143.825,57.7055,11.3666,1.0,0.0,0.2586760821029901
F_S_WWC_WM_687,-7.56836,7.25832,1.22504,-8.21326,1.01,-1.3,10.9997,-0.605805,-6.77908,41.1993,4.87345,0.5,-37.7032,-0.3,-20.7657,11.8264,-8.09008,33.883,-8.36711,-9.30651,-16.0296,-6.43075,-111.395,1.0,0.0,0.2656789004684385
F_S_WWC_WM_688,2.2952,3.42508,18.1855,-11.1309,-0.91,0.57,7.24799,6.14556,31.8177,-58.9711,3.92818,0.1,-34.7095,-0.2,33.8697,-10.9198,-11.5174,-11.9691,122.109,34.4452,145.534,43.4288,-8.75718,1.0,0.0,0.2233920167873754
F_S_WWC_WM_689,-2.42027,-5.27693,1.8372,13.0724,0.67,-1.25,17.6627,-0.812788,33.7603,48.618,-12.6005,-0.4,-27.6258,-0.1,-12.6768,20.2159,14.4443,-18.4996,103.026,-25.1644,24.9894,-30.1989,-95.1769,1.0,0.0,0.2368140702923588
F_S_WWC_WM_690,-6.0247,-5.96851,17.9524,6.4,1.69,-0.46,15.4196,5.13453,-40.7466,32.2258,-4.08795,0.7,4.30522,0.9,43.265,12.1007,12.358,0.196185,56.9466,48.2634,-49.0516,74.2109,-59.6409,1.0,0.0,0.2388904836976744
F_S_WWC_WM_691,8.3489,2.0005,4.31193,16.4241,-0.44,-1.4,-1.00204,8.49113,44.0123,41.6157,-7.19333,0.8,-25.7833,0.2,15.3162,28.4966,6.79044,18.9536,-30.7934,26.1719,98.7231,74.5018,-17.8464,1.0,0.0,0.2509208309435216
F_S_WWC_WM_692,-0.984406,8.56897,12.7023,11.0611,-1.18,1.79,8.4556,8.50611,-17.9458,7.09599,-6.19086,0.5,-17.7082,-0.1,-22.3219,-19.9227,-22.1116,51.8572,83.587,-43.2823,127.814,4.8239,-33.4671,1.0,0.0,0.2561124566146179
F_S_WWC_WM_693,10.6885,-3.35733,1.64205,-18.7413,1.21,-1.21,5.27698,6.99778,13.3546,-22.0784,1.70953,0.3,-0.00628341,0.8,57.7151,-15.1186,-6.14367,-5.05854,-27.2674,-36.421,101.413,-27.0193,131.183,1.0,0.0,0.2113469803654485
F_S_WWC_WM_694,4.99589,9.51522,17.9732,0.746453,0.98,1.86,10.6332,-1.45041,-24.0492,72.0605,-0.388454,0.8,36.5369,0.5,17.623,10.1165,21.0387,-10.0019,129.134,19.4551,132.599,-29.936,-22.2441,1.0,0.0,0.227160941013289
F_S_WWC_WM_695,-1.72994,-3.32696,18.2957,-1.80484,-1.66,-0.3,8.72573,-2.55329,-6.16984,-81.0808,-0.51302,0.0,24.2504,0.6,32.2072,2.29186,27.9652,33.3519,71.562,6.4821,-9.75925,65.2299,4.13438,1.0,0.0,0.2408665966843853
F_S_WWC_WM_696,-6.78225,7.35284,12.5561,-3.63019,-0.24,0.55,10.0909,-3.11099,48.0564,50.5379,-11.2561,-0.3,18.836,0.1,41.6691,15.0459,-13.3777,4.98423,83.2855,34.2759,-6.21867,-56.0253,-100.029,1.0,0.0,0.2594135360531561
F_S_WWC_WM_697,9.57647,-4.20234,2.92762,-2.38679,1.25,1.03,14.0645,-4.66051,44.2323,132.149,2.62056,-0.2,29.0986,-0.1,31.5132,15.3858,-8.45925,-24.7427,-27.6356,40.1925,99.6222,62.1508,-76.3287,1.0,0.0,0.2016412538970099
F_S_WWC_WM_698,14.7942,-1.70443,4.66415,12.5388,-1.1,-0.61,8.54318,2.16372,49.087,29.2328,0.489951,0.6,37.5516,0.8,51.8538,18.3489,-3.55027,44.5543,-19.8305,-33.9209,54.3266,26.6718,-145.471,1.0,0.0,0.2271357281229236
F_S_WWC_WM_699,3.22923,7.82559,-7.11964,0.299608,-0.66,-0.18,4.94164,-0.958639,38.9943,59.7656,-5.32869,0.6,-26.6591,0.7,-21.2378,-6.31918,19.736,35.7931,-38.7778,-2.36745,89.7489,55.6363,-187.533,1.0,0.0,0.2711891883023256
F_S_WWC_WM_700,-0.656325,10.4698,9.9764,9.62379,-0.09,-1.57,18.28,-2.66116,7.14904,149.948,-9.22691,0.0,-27.7653,0.4,4.98828,-8.39301,-12.7634,47.0086,-35.9059,-37.4068,26.6962,79.922,8.04395,1.0,0.0,0.2884090619634551
F_S_WWS_WM_001,10.1099,11.4064,-5.46415,-12.0162,2.26,-0.61,-5.53895,0.988306,-14.3908,88.4825,-12.8101,0.7,-15.4682,-0.3,-9.34836,23.849,1.58493,21.2484,103.785,-25.4121,-14.3906,28.4813,16.4525,1.0,0.0,0.2800060735780731
F_S_WWS_WM_002,1.03776,-2.50048,7.12164,-13.0736,0.43,2.0,-2.40291,2.64545,-23.748,105.888,4.40581,0.7,-6.34908,-0.4,-1.07422,-16.9495,8.157,8.14634,45.08,-36.497,-16.9201,47.0299,125.643,1.0,0.0,0.2285643879401993
F_S_WWS_WM_003,10.6885,7.9281,1.25661,-11.5463,-0.55,1.27,-5.84264,7.94372,49.2193,-33.3192,-5.88646,0.4,11.756,0.6,41.8471,17.3775,1.7845,-14.6882,127.773,35.0857,3.74546,64.5279,-56.1091,1.0,0.0,0.2478575461262458
F_S_WWS_WM_004,14.5334,-1.17721,4.83007,-9.7897,1.19,2.33,12.9959,6.12042,-40.6043,-11.8186,-5.66616,-0.3,31.3316,0.3,9.76643,26.8499,5.58192,40.9572,30.6317,-41.1801,96.1223,21.3611,15.7273,1.0,0.0,0.2325779372857142
F_S_WWS_WM_005,12.4013,13.5985,-7.42478,1.53958,1.61,1.65,9.68012,1.93187,-42.2052,-84.3797,1.01613,-0.2,21.7387,0.0,26.2982,-13.4056,-6.84681,38.8872,93.1151,-10.7627,134.9,-23.1996,94.305,1.0,0.0,0.2601821447574751
F_S_WWS_WM_006,-1.18239,-4.10419,-4.09792,-12.5462,-0.02,-0.16,15.3545,-4.85159,-15.7586,-77.3445,-8.19869,0.4,25.2198,0.3,13.9644,-11.8167,-28.0959,0.11702,52.5334,-6.3394,145.416,68.9509,-101.955,1.0,0.0,0.2194031954717608
F_S_WWS_WM_007,-4.83583,3.7762,7.85474,10.4805,-1.11,2.45,10.4281,3.52759,10.0366,139.572,-3.17983,0.5,-34.9591,0.8,36.0917,24.216,-3.12102,10.687,109.759,4.99401,135.069,-48.7666,-23.5455,1.0,0.0,0.2237648553953488
F_S_WWS_WM_008,12.633,-6.93043,17.1409,5.99832,-0.13,-0.49,-9.25067,-1.46593,13.8096,54.7081,-7.33866,0.6,-8.4669,1.0,-14.025,-5.04874,-12.8986,-2.24489,20.6727,-30.2447,107.968,-30.7289,38.0441,1.0,0.0,0.2301713395847175
F_S_WWS_WM_009,-3.21032,-5.6486,19.5418,-13.942,0.32,1.33,-9.58623,-1.39111,-32.8516,74.847,-6.86976,-0.1,32.6224,0.0,-17.4558,17.9963,-12.1105,37.9954,47.7272,-34.6912,90.9158,29.8537,146.229,1.0,0.0,0.246037670910299
F_S_WWS_WM_010,6.97352,-2.88655,9.75021,-11.8799,0.19,-0.01,-6.24626,8.85415,27.9209,-25.1838,-14.9975,-0.3,10.8894,-0.3,1.80588,-2.36095,-24.5383,15.6597,20.4083,37.1007,0.165822,61.3787,9.76996,1.0,0.0,0.2479804186179402
F_S_WWS_WM_011,6.57949,6.66561,18.5067,5.45106,-1.03,1.7,-2.58923,3.07084,35.2706,36.4613,2.9379,-0.1,19.5965,-0.3,-12.0307,22.9391,-9.10648,23.3011,-38.8848,-32.4435,-58.1035,11.9651,-194.508,1.0,0.0,0.2476167819900331
F_S_WWS_WM_012,6.44534,13.862,-1.1711,4.30775,-0.22,0.75,-9.72498,-1.09156,13.6006,113.506,-4.48472,0.7,-9.41029,1.0,45.4035,-19.9608,8.75904,-1.53181,17.8193,29.3918,39.919,-12.4171,-174.869,1.0,0.0,0.2366858517674419
F_S_WWS_WM_013,1.12961,5.62857,10.2434,-16.5333,-1.64,0.02,-8.74561,2.76618,9.70142,-82.2163,-13.9682,0.2,19.0303,0.8,44.8196,26.8822,-3.40121,22.7088,65.5835,-3.82065,137.84,0.33236,-151.535,1.0,0.0,0.232082947744186
F_S_WWS_WM_014,-2.96256,-7.55522,0.399867,7.48649,1.81,-0.72,-6.57662,9.98946,-46.6874,-59.3641,-11.6008,-0.2,20.9111,0.0,30.1805,4.22348,18.7686,28.5819,-14.1449,12.8771,94.6877,-38.9676,-26.1092,1.0,0.0,0.2504604175548172
F_S_WWS_WM_015,13.8832,12.4585,16.4925,-17.006,-1.74,1.29,16.2663,3.56231,44.9859,114.335,-1.04122,0.2,-11.6541,-0.3,3.07575,6.19208,-1.46832,-0.873207,39.4812,5.72965,120.126,32.523,53.4,1.0,0.0,0.2359978170465116
F_S_WWS_WM_016,-0.405066,13.7781,-6.93812,15.3269,-0.85,-0.17,6.27646,-4.20453,-20.2767,56.2908,-8.37114,-0.3,-18.2202,0.0,8.74272,25.3704,18.2868,12.8457,-15.9314,12.1756,-14.8453,-16.5856,-88.3032,1.0,0.0,0.2800594728704319
F_S_WWS_WM_018,8.42412,13.4793,3.00788,2.44136,-0.36,-0.29,-7.37007,1.82983,-36.1622,19.0177,-11.878,0.3,7.30238,-0.2,23.015,18.6451,-28.74,40.5623,77.7317,-32.8365,40.3494,-56.188,-188.105,1.0,0.0,0.2691084054086379
F_S_WWS_WM_019,-7.3255,2.8285,4.73723,12.9687,-0.48,0.38,1.71146,-0.474428,16.3957,-55.0455,-4.03375,-0.2,14.9894,-0.3,48.6114,-15.9121,3.99588,44.8749,106.746,4.74663,-46.5623,-15.0785,94.766,1.0,0.0,0.2604434451461794
F_S_WWS_WM_020,7.94051,-1.956,5.39829,-7.96629,0.36,1.39,14.2488,6.78635,25.8901,55.8636,-3.91464,0.3,-38.9589,1.0,28.3864,24.3715,-11.3817,53.1882,-3.18943,37.6009,35.4897,17.73,-172.043,1.0,0.0,0.2435365519601329
F_S_WWS_WM_021,-7.62291,5.51033,-0.685933,-0.0671004,-0.26,-0.1,9.60067,5.42122,34.4282,-11.3987,-0.010091,-0.3,-1.46415,0.3,-23.0138,-0.756505,-1.08802,14.7459,-9.08559,19.8305,46.111,-57.1347,142.137,1.0,0.0,0.2635564102624584
F_S_WWS_WM_022,3.63103,-2.83567,18.3826,-19.5256,1.46,-0.28,11.3657,3.54719,22.7839,-53.719,-11.7221,0.2,37.7065,-0.1,39.8712,-17.7849,-25.9193,3.79363,6.0343,-27.9975,95.4318,-55.1658,-119.453,1.0,0.0,0.2277504567043189
F_S_WWS_WM_023,-4.87858,5.45388,-3.42238,-12.2633,-1.46,-1.34,-2.91008,8.07166,-22.051,113.641,1.92105,-0.3,13.4055,0.9,34.6579,-18.8859,-11.9337,-10.1461,-22.3522,15.2236,64.442,24.2438,24.6809,1.0,0.0,0.2189469042225913
F_S_WWS_WM_024,4.4463,-3.93421,2.54147,-10.6458,1.69,-0.94,5.6076,7.44182,16.9014,136.853,3.14941,-0.3,-32.7334,0.8,-3.39338,-2.50247,9.96939,54.9885,66.2325,-30.3773,87.0861,53.6408,-152.546,1.0,0.0,0.2473321146810631
F_S_WWS_WM_025,-4.39241,10.2037,10.3576,3.39793,-0.71,1.63,10.4966,0.0918085,1.13379,-29.2698,0.587417,-0.2,-21.98,1.0,18.493,11.379,-3.76446,51.7605,31.6866,-48.862,148.312,75.2262,-46.0773,1.0,0.0,0.2694873429634551
F_S_WWS_WM_026,-6.31272,13.3011,5.68266,15.9415,0.85,1.51,12.7882,-1.926,-28.7895,149.3,3.28345,0.1,-15.9103,0.8,6.3967,-8.4709,-12.189,-15.6113,66.0353,5.92867,-34.0072,68.7317,19.6924,1.0,0.0,0.2268429401860465
F_S_WWS_WM_027,-3.10985,5.92065,17.0092,-11.2134,1.43,1.63,10.69,3.86315,19.9555,137.495,-11.303,-0.1,-12.0609,0.2,-20.4407,25.9192,-0.932244,31.1969,-6.61818,-40.3024,48.7746,-48.0673,-148.771,1.0,0.0,0.2672209700897009
F_S_WWS_WM_028,-5.56375,11.3824,17.3038,7.41247,-1.62,1.91,13.4901,6.24127,7.1409,-47.2417,-10.2319,-0.3,-5.37119,-0.1,41.0484,24.7076,28.9555,-4.40516,45.6425,-1.99856,61.8086,35.5504,-182.001,1.0,0.0,0.2387090333222591
F_S_WWS_WM_029,12.9335,-4.85098,6.26527,13.7199,0.94,2.45,0.772729,8.98432,-14.0135,147.634,3.3902,0.2,16.8725,0.7,-8.13199,-0.32454,4.94047,53.5322,30.7721,-4.53353,22.2615,13.7652,46.79,1.0,0.0,0.2272935406943521
F_S_WWS_WM_030,-4.61031,-3.5626,7.19624,12.2256,-1.53,2.47,0.596081,-1.61839,31.3813,-67.2589,-3.39965,0.0,-29.5612,0.1,46.8148,-7.35808,-4.09663,17.2496,-38.7778,31.1653,55.6087,62.8302,-154.038,1.0,0.0,0.232540334013289
F_S_WWS_WM_031,7.43103,5.77852,8.83336,2.56593,1.77,-1.09,-6.68081,-3.63749,34.4601,76.493,3.01195,0.5,-28.456,0.2,-6.6081,-7.30691,-13.1767,-17.9121,121.107,45.674,91.8386,-13.3508,-2.20381,1.0,0.0,0.2200651937873754
F_S_WWS_WM_033,-5.67476,5.21053,-2.28445,16.3777,0.42,1.35,7.85351,4.10143,-30.938,105.464,-1.69803,0.8,-2.86719,0.1,27.1462,11.6582,-28.8417,-2.08886,67.9503,46.6781,85.6384,14.2271,-134.24,1.0,0.0,0.2241973206112957
F_S_WWS_WM_034,1.78754,-7.61369,14.263,9.98018,0.83,1.52,-0.108049,-2.78134,-27.6149,-57.2714,-6.16182,0.4,10.0594,-0.1,-18.2871,17.3151,29.7656,-12.3409,-26.0983,-13.4829,-33.2747,7.93756,33.2938,1.0,0.0,0.2342101144850498
F_S_WWS_WM_035,6.69669,10.2843,19.2933,5.84961,0.89,1.68,1.07035,5.37716,-21.5282,-73.9516,-4.96107,0.2,-38.5239,0.1,16.7989,-14.587,-9.35402,17.6741,-20.4865,43.8277,28.2571,40.5237,123.512,1.0,0.0,0.2447256449667773
F_S_WWS_WM_036,5.20527,-7.05529,-6.98621,-2.83808,0.16,0.08,0.698215,0.219354,15.1586,142.078,-3.83046,-0.4,-11.9176,0.4,14.4584,18.4153,-0.85356,-5.65076,17.3291,11.6634,77.0161,41.3316,143.872,1.0,0.0,0.2324507394784053
F_S_WWS_WM_037,6.05617,9.80279,1.41006,7.70639,0.55,-1.71,-9.34656,-2.24316,19.7967,-80.1042,-0.725153,0.3,-0.559962,0.5,27.2264,17.9151,-29.3865,10.445,69.2763,-25.483,144.935,83.6234,-151.397,1.0,0.0,0.2396195598538205
F_S_WWS_WM_038,14.3719,3.37511,-3.45133,-8.35168,0.01,1.74,-9.66225,0.754837,41.0307,-66.2037,1.13868,0.1,-31.7043,0.2,6.91594,-19.719,-14.5817,-18.4117,95.0554,-20.3612,53.1141,73.5296,-88.8425,1.0,0.0,0.2244229787475083
F_S_WWS_WM_039,0.352927,4.27399,-3.73338,17.2916,0.1,-1.64,4.04963,0.789449,-7.53291,30.1667,4.96599,0.6,17.7352,0.1,40.021,29.7907,27.0799,7.4309,82.09,20.0841,45.6146,72.3531,66.1779,1.0,0.0,0.2242840170963455
F_S_WWS_WM_040,11.5596,3.03627,-2.04842,-18.6151,-1.77,2.3,-0.215358,4.46855,-2.52196,104.738,-1.14567,0.4,-2.79636,0.9,38.5593,24.5908,2.33707,38.2728,-33.1039,-4.92039,83.4428,25.2022,136.714,1.0,0.0,0.239310792385382
F_S_WWS_WM_042,6.39585,6.92739,0.457716,10.9882,-1.37,-1.69,14.7947,7.52365,-39.3882,-28.3226,-0.585328,0.5,2.78356,0.8,-23.4437,23.9532,-6.27271,0.994433,125.836,31.8473,19.5392,-1.10282,109.13,1.0,0.0,0.2251188122724252
F_S_WWS_WM_043,1.31979,13.6947,9.42833,2.03442,0.89,-0.4,-2.50209,5.16144,-49.7657,74.3345,2.66687,0.1,27.0032,0.7,20.3743,-11.657,18.3606,-16.1725,32.8735,20.4385,139.896,73.8565,-173.595,1.0,0.0,0.2282673042524917
F_S_WWS_WM_044,4.40908,-3.07673,15.8467,7.78061,2.14,0.73,12.6016,6.95339,-42.4619,-6.37813,-9.76115,0.3,-19.5622,-0.2,29.7575,23.3228,-6.74542,-8.5401,-59.1558,-31.9442,109.725,78.0195,84.2819,1.0,0.0,0.2386835127973422
F_S_WWS_WM_045,-1.54275,8.26849,8.02276,-14.6896,0.04,-0.84,10.3785,3.60404,-20.7554,-55.5229,-14.7152,-0.2,-28.9246,-0.3,31.9796,22.4257,-27.3962,52.865,-4.13193,1.80785,0.943952,45.055,-136.784,1.0,0.0,0.2832513909833887
F_S_WWS_WM_046,0.0703992,-0.233712,6.56576,3.67604,-1.28,-1.16,-8.94106,7.38831,-40.27,33.4018,-0.795495,0.7,9.4827,0.8,49.3001,13.2654,21.2681,7.00691,-46.2112,-26.0759,112.593,11.4036,76.8045,1.0,0.0,0.2092586431428571
F_S_WWS_WM_047,10.7475,-2.27331,6.85358,1.20524,-1.07,-0.91,11.66,8.09691,-7.7568,-92.998,-5.76663,0.0,7.63005,0.1,-6.36764,24.0717,18.0311,0.43422,5.93888,15.3816,122.096,-27.6029,-194.365,1.0,0.0,0.2190480178039867
F_S_WWS_WM_048,8.87437,9.5542,19.8196,-11.3892,-1.03,-0.38,-1.78541,5.51706,-29.468,146.33,-6.22511,0.5,-23.8553,0.6,59.0362,-4.00774,13.679,-10.129,70.0449,7.06585,-4.26026,49.6234,-110.053,1.0,0.0,0.2378444368305647
F_S_WWS_WM_049,-3.78489,-5.5895,-5.57345,9.59035,0.79,0.84,-4.67783,3.96676,-21.1336,95.5069,1.53689,0.0,-38.9717,-0.3,18.1899,5.75139,27.8176,-10.5057,95.8695,-7.12425,143.377,17.0441,87.1995,1.0,0.0,0.2171448907707641
F_S_WWS_WM_050,12.7292,8.3514,-7.15801,6.1202,0.45,1.66,12.6331,-2.81128,-38.326,8.37807,-11.9864,0.7,-6.78611,0.4,32.711,0.683829,-7.2127,52.7046,-17.5864,-27.62,114.124,44.9356,133.68,1.0,0.0,0.2719733746910299
F_S_WWS_WM_051,4.01519,1.78951,3.97158,8.68468,0.75,-1.12,-8.04017,4.31784,-2.88838,37.4139,-11.4571,-0.3,-18.7737,0.8,19.542,13.1763,-26.2913,-12.9201,-42.1535,-15.2952,147.512,-48.9059,-59.4077,1.0,0.0,0.2292067583887043
F_S_WWS_WM_053,-3.64647,11.6744,19.2246,-13.3196,-0.29,1.76,0.0795703,1.81397,-46.3118,3.68666,-9.25189,-0.2,3.59731,1.0,14.5889,1.05082,11.2466,-19.7039,57.099,-8.83084,112.34,-0.641698,-65.1885,1.0,0.0,0.2461481434451827
F_S_WWS_WM_054,4.26423,4.82081,-0.0237125,12.9125,2.33,-0.77,-0.638662,-0.0671311,36.9819,16.2219,-6.03981,0.5,26.7122,0.8,-3.00514,15.5079,-11.4415,-19.0879,63.7381,-47.553,-13.1113,36.772,-198.922,1.0,0.0,0.2312557267541528
F_S_WWS_WM_055,13.1353,1.93078,9.32299,-10.9935,0.59,-1.24,-1.64344,-4.92366,14.5829,-61.2858,-7.48999,0.3,8.32843,-0.1,9.89929,-7.68389,-26.8854,23.6259,104.28,-45.9744,16.2842,-57.8694,85.6533,1.0,0.0,0.2511251281993356
F_S_WWS_WM_056,-0.0388756,7.41232,12.3098,16.6153,1.09,0.95,-9.55242,6.90909,10.2509,46.4007,-12.5634,0.2,25.8662,0.6,-24.9286,12.1821,18.2327,0.679624,-55.6252,-12.8859,86.0909,12.9676,126.022,1.0,0.0,0.2564167322724252
F_S_WWS_WM_057,-5.98851,4.07936,19.7971,18.6016,0.72,-1.23,1.48677,1.84382,43.7524,4.22485,-8.37552,0.0,-21.6,0.4,38.3261,-15.4442,-21.8855,4.0334,-4.87615,8.66135,90.8275,-14.2313,59.9834,1.0,0.0,0.2378717266046511
F_S_WWS_WM_058,-6.8927,0.191741,5.08488,2.95786,0.44,-1.36,-2.67982,5.09923,-33.9468,-86.4654,-2.27495,0.6,29.165,0.5,8.59919,-12.4803,-3.45668,48.9472,59.1773,1.12825,149.105,26.0758,137.382,1.0,0.0,0.2392118253355482
F_S_WWS_WM_059,1.16844,8.81047,7.91095,-3.98225,-0.61,-0.13,9.98959,3.75343,-43.0258,70.4447,-5.71221,0.2,-12.4045,-0.1,-24.4181,8.45809,27.5041,-13.1739,43.9449,-47.0876,80.607,-29.3383,113.353,1.0,0.0,0.2389163980728477
F_S_WWS_WM_060,-6.70991,-6.24441,5.86238,1.3463,-0.58,-1.5,13.4125,2.1444,16.5428,-8.04368,-2.28827,0.5,38.5761,-0.1,40.6825,1.12416,9.69321,23.7555,113.983,-46.3008,96.9151,45.4771,-90.8983,1.0,0.0,0.2238220472956811
F_S_WWS_WM_062,14.309,6.54768,-6.35709,-9.66101,-1.33,1.18,13.3778,-1.22066,-26.9623,71.2527,-7.85074,0.2,-4.37526,0.6,-1.64247,28.2051,-13.8843,18.3368,43.3021,44.6226,51.4212,3.73091,-27.9658,1.0,0.0,0.2396621319036544
F_S_WWS_WM_063,12.6839,12.234,-5.32359,6.92844,1.16,-1.59,-1.9296,-2.04512,20.5853,-48.2582,-10.3974,-0.1,-34.8116,-0.4,-9.81795,15.4381,1.28191,29.7391,8.79057,23.333,75.0177,70.1269,-25.4477,1.0,0.0,0.2866962173255813
F_S_WWS_WM_064,11.485,3.0891,-0.156867,-10.4207,-1.34,0.88,5.11886,-2.25905,47.2631,140.652,-12.6005,0.7,0.962912,0.4,47.9245,-10.5186,22.5224,-20.9739,26.8025,-16.3181,72.6185,77.9713,-98.6488,1.0,0.0,0.2442917715880398
F_S_WWS_WM_065,3.68679,3.21829,-5.85023,-12.2034,-0.8,0.21,-6.36673,6.64293,-41.2796,-79.4199,0.120779,-0.2,-19.4659,0.9,0.36407,18.8088,-17.3213,46.3782,51.6223,19.2904,37.765,51.8599,-115.612,1.0,0.0,0.2424335048604651
F_S_WWS_WM_066,5.2301,1.38006,-7.47713,-12.9914,-1.55,2.22,11.2614,2.00545,-42.2904,-49.1283,-2.42039,0.6,-24.6934,0.0,27.8351,22.8886,12.1077,-1.9036,-11.5411,17.6989,73.4172,-50.0044,14.8278,1.0,0.0,0.2133875790797342
F_S_WWS_WM_067,1.49218,8.4468,2.79728,0.958303,1.92,-0.78,-5.37821,3.33305,3.07468,143.336,-1.86766,0.7,34.8825,0.7,-0.856744,26.9475,-8.05447,33.613,95.5656,42.4647,124.918,30.161,-84.0097,1.0,0.0,0.2533700660498338
F_S_WWS_WM_068,8.65745,8.99024,8.79453,5.66608,1.03,0.58,-0.314952,-0.52494,-47.5101,-76.7586,-2.10159,0.1,32.8529,0.4,45.495,25.0571,-16.1636,-3.88847,-30.522,-48.5251,40.6694,15.8643,-113.417,1.0,0.0,0.2325027330664451
F_S_WWS_WM_069,9.10558,-0.0274714,10.5647,0.424774,-0.09,1.77,11.5991,4.59013,49.5104,-30.1779,1.29387,0.1,-26.9947,0.3,52.2213,27.7962,16.6171,32.1607,-22.0515,4.02767,141.99,-17.4389,147.641,1.0,0.0,0.2232934674551495
F_S_WWS_WM_070,6.81563,0.386117,-6.56008,3.60531,-0.1,-0.8,8.96836,-2.91352,32.3345,17.598,-6.61017,0.5,10.329,-0.1,-21.4003,27.084,-2.6999,47.5399,81.92,37.2096,-8.55409,-3.92932,-195.616,1.0,0.0,0.253294066192691
F_S_WWS_WM_071,5.16265,-6.99089,7.00028,-8.09272,1.48,-0.58,11.8357,8.37785,2.67085,-82.9623,1.50487,0.7,-22.1097,0.4,21.5526,19.2907,24.3591,-21.4439,-10.7403,-6.54833,-20.5518,63.0411,-109.202,1.0,0.0,0.2189931233189369
F_S_WWS_WM_072,-7.08536,-7.41645,1.70528,-13.4914,-0.31,-1.27,11.4561,8.06763,10.9957,-17.2091,-12.8885,0.7,-19.2613,0.6,35.0653,5.39458,8.69396,51.0981,-6.44178,5.14348,72.1611,80.6637,54.7768,1.0,0.0,0.2780713481627907
F_S_WWS_WM_073,2.01438,-2.96881,5.55751,-18.067,0.56,-0.64,-8.02077,1.02883,43.3045,32.9451,-0.158323,0.5,38.9495,-0.3,15.1732,18.1055,1.18185,-2.38861,78.2988,11.1016,74.281,63.3661,-195.349,1.0,0.0,0.211263483923588
F_S_WWS_WM_075,13.9331,-1.16466,14.343,19.3653,-0.78,1.1,4.48063,7.32167,31.6496,144.769,-9.27697,-0.2,-6.11959,0.9,16.5981,0.144484,4.85756,-16.2127,-17.7229,20.8284,12.0725,66.794,0.458509,1.0,0.0,0.2303353340963455
F_S_WWS_WM_076,8.47163,1.92059,-6.37973,-7.61462,0.15,0.44,14.657,6.57401,-42.583,9.89722,4.78586,0.6,-8.42237,-0.1,24.7564,-15.6695,-2.88566,-7.45974,119.717,-39.6603,122.338,-9.38895,-108.961,1.0,0.0,0.2157511164352159
F_S_WWS_WM_077,-1.52524,2.35977,13.6815,-12.2887,-0.89,2.1,17.1326,-2.56972,35.7446,-73.1301,-7.65598,0.1,-25.4996,0.4,57.8685,7.98449,12.6356,26.7613,107.132,-34.2082,132.781,27.1138,-185.266,1.0,0.0,0.2534340867740864
F_S_WWS_WM_078,6.0752,3.63529,1.03659,-3.17428,-0.18,2.08,18.0556,4.34223,-12.2671,148.793,-7.482,-0.1,-39.8823,0.0,27.6621,-18.8328,17.7967,23.1288,60.3413,-8.55942,27.2912,-59.2143,21.7907,1.0,0.0,0.2546979905182724
F_S_WWS_WM_079,11.1432,6.30253,-5.30186,15.2918,1.21,2.18,-1.05702,0.780783,-18.8297,54.3632,-0.115303,0.5,-0.348883,-0.2,35.8074,25.1178,-15.5874,11.4857,-41.883,1.44293,-51.6168,80.0676,-33.5897,1.0,0.0,0.240242226641196
F_S_WWS_WM_080,3.63991,-2.08332,15.3919,-3.92246,1.66,0.06,4.66926,8.96062,37.9358,-83.2544,-12.3034,0.3,-30.676,-0.1,-1.89964,-13.7564,3.5526,50.6538,62.4915,21.847,-2.42089,-47.77,104.271,1.0,0.0,0.2622661378504983
F_S_WWS_WM_081,-6.43278,-3.23396,3.62362,5.6013,1.36,1.75,7.88908,6.53094,-0.48562,-39.8002,4.87345,-0.3,34.5849,0.7,2.37074,4.30935,-25.1647,16.16,103.569,35.2674,-12.6869,19.5177,60.0568,1.0,0.0,0.2262203906810631
F_S_WWS_WM_082,-4.21357,-0.0894318,7.11488,-8.87454,-1.4,-1.62,-3.1281,6.55532,24.3209,-43.8126,-12.6938,0.7,16.9512,0.9,12.3103,9.58312,-17.8279,16.741,40.1414,27.2799,22.9983,-54.4601,115.332,1.0,0.0,0.2423226205083056
F_S_WWS_WM_083,0.847271,12.4724,4.15309,12.9717,-0.62,0.64,13.1116,-2.31166,-47.2688,-10.7007,-1.78618,0.0,12.8097,0.8,-9.6818,-18.461,19.6548,24.2571,-44.7912,40.6658,69.4386,17.4182,92.1014,1.0,0.0,0.2301909280465116
F_S_WWS_WM_084,12.1194,-5.72543,8.67513,5.90266,-0.76,0.73,5.39813,-0.0200747,-12.4536,40.1784,-9.46416,-0.2,35.3167,0.4,56.1875,23.7151,-1.59406,44.2848,59.9544,45.2873,107.081,-44.8365,-153.417,1.0,0.0,0.2262682343122923
F_S_WWS_WM_085,10.1618,-5.90353,19.5827,-14.1443,-0.88,0.43,-2.65709,-4.06031,29.5708,83.4885,-5.30543,-0.1,7.88542,0.8,25.0686,-5.64847,13.0466,45.8151,45.9269,32.1505,109.008,23.4909,117.017,1.0,0.0,0.2419865571495016
F_S_WWS_WM_086,-0.527802,-4.58863,13.2854,-16.9344,2.07,1.22,-7.14646,-1.25088,3.7399,-26.3253,-5.15837,0.6,-18.6296,-0.3,25.3921,-1.47266,16.9421,-0.0188411,61.7582,-22.4399,65.4327,-59.7181,-37.9416,1.0,0.0,0.2261125784418604
F_S_WWS_WM_087,-4.76577,8.51474,-5.75477,8.8656,1.97,-0.72,18.6646,-3.50066,22.5832,-69.6234,-1.98936,0.5,20.6193,0.8,-13.785,7.75658,-16.3899,2.35485,29.7169,13.2822,75.8858,23.5726,130.706,1.0,0.0,0.2364898351328903
F_S_WWS_WM_088,11.3461,7.75124,19.663,11.7301,2.44,-0.9,0.993177,2.71796,7.84573,127.433,1.89421,-0.2,26.0568,0.2,-5.80491,-1.93688,20.6478,-23.2979,4.79,-7.15741,28.5533,63.7636,6.22801,1.0,0.0,0.2231637958006644
F_S_WWS_WM_089,-0.0568439,-6.40049,-1.54967,-0.739422,0.65,2.36,-8.97293,5.3507,-43.4139,10.7673,3.70839,0.3,-22.8324,0.4,34.3541,1.23099,-12.6555,-10.4114,-9.33593,26.6183,46.96,38.8595,-50.0596,1.0,0.0,0.2087090374916943
F_S_WWS_WM_090,6.17557,13.0753,4.35773,18.7679,-0.9,0.78,1.88285,6.30112,-41.9653,115.69,-3.78206,0.1,-1.50266,0.0,-13.3246,-15.068,-25.8855,35.0147,-30.4024,-20.1443,-7.63838,66.9162,37.8277,1.0,0.0,0.2699590320166112
F_S_WWS_WM_091,13.9988,12.5763,14.7906,-0.256689,1.94,0.67,2.6472,5.826,-3.44286,-10.5869,-12.457,0.0,15.4767,-0.2,-12.3638,29.2967,13.0099,32.6107,-18.4644,9.43234,-59.486,41.6892,103.245,1.0,0.0,0.2871643143122924
F_S_WWS_WM_092,4.19069,-4.13208,8.91708,8.71621,-1.42,1.52,-3.65586,0.62972,-13.729,-19.3397,-8.76062,0.5,-7.03606,0.5,47.1069,20.5667,-20.0274,54.7295,-49.6694,-38.582,-32.0389,-54.8688,12.3691,1.0,0.0,0.2484564336777408
F_S_WWS_WM_093,5.06481,2.49074,12.2158,16.759,-0.79,-1.03,3.4795,-4.69645,-16.4054,93.7819,-13.5788,0.5,-31.496,-0.4,5.51448,23.5265,-7.88261,0.487496,53.0947,-35.4444,109.961,-32.319,-66.6255,1.0,0.0,0.2462078267408637
F_S_WWS_WM_094,12.0801,9.59945,12.5088,19.4906,1.75,0.72,4.72632,-3.42787,-35.7098,-15.3577,-1.0577,0.3,26.1749,-0.2,-2.48605,3.30694,25.5184,47.9609,40.7519,-32.8962,105.055,38.6734,-21.1387,1.0,0.0,0.2506794634352159
F_S_WWS_WM_095,2.14762,9.96602,2.87842,13.1608,-1.68,0.15,-3.6691,3.92401,0.160939,-0.424535,-9.8336,0.2,35.7901,0.8,42.8141,-11.5165,-25.3382,-17.4027,37.4045,-8.63785,-9.03726,88.5682,135.488,1.0,0.0,0.2309375050664451
F_S_WWS_WM_096,2.32805,-7.82788,-2.47309,18.1804,-0.03,0.88,10.4821,6.45353,39.5244,78.704,2.42086,0.8,28.8138,1.0,31.0421,10.4971,9.78999,-0.136251,-54.0827,35.9741,-7.3669,45.6949,-29.9495,1.0,0.0,0.2065947896146179
F_S_WWS_WM_097,0.997573,5.31814,7.99781,-16.7611,2.08,0.22,12.3594,3.19969,-22.7576,38.7674,-10.3502,0.1,33.2576,-0.4,45.9834,-3.09164,28.8369,40.6286,93.7792,28.1677,-5.96067,-44.4408,76.2592,1.0,0.0,0.2491789075614618
F_S_WWS_WM_098,6.49807,9.02438,-5.00505,5.54949,1.24,0.37,1.16697,-2.39352,-24.9142,-18.8325,-13.5189,0.7,30.444,0.6,-18.9716,-18.6849,0.0289985,5.9175,14.061,-5.0426,-40.511,78.9662,-89.1844,1.0,0.0,0.251412059730897
F_S_WWS_WM_099,7.55305,0.439101,-3.85085,0.0973435,-1.25,-1.01,-9.96959,-4.39533,40.1886,-87.0297,-6.76182,0.1,-7.73461,0.0,21.8623,8.29412,-10.5777,28.6874,-15.6898,37.3062,111.482,-32.812,84.6768,1.0,0.0,0.2517903673023256
F_S_WWS_WM_100,12.8486,13.2456,-4.49123,8.24463,-0.2,0.28,14.8651,-2.07286,-31.7686,96.1536,-11.9197,0.4,-34.3014,0.3,38.2047,0.465897,-1.9729,-23.9465,128.433,3.96813,-27.8243,-35.9679,-140.634,1.0,0.0,0.2376159088737541
F_S_WWS_WM_101,3.28302,-1.35015,13.7672,-9.41544,-0.64,1.93,18.4869,0.45914,46.5686,92.4451,-0.195517,0.2,-1.66649,0.7,-18.7878,28.4009,21.676,-2.34256,-26.6007,-42.1468,10.597,75.5029,-26.7505,1.0,0.0,0.2231468750199335
F_S_WWS_WM_102,-3.26263,10.1715,3.45405,-11.4947,-0.84,0.43,10.8037,-3.83319,22.4358,-9.14081,-9.98544,0.0,31.4751,0.7,-9.12984,-11.3595,22.9206,43.4589,82.7924,-26.3583,-56.6694,46.8354,-171.92,1.0,0.0,0.271725036627907
F_S_WWS_WM_103,13.829,14.8996,4.212,15.5196,0.21,0.25,-9.07096,0.19474,35.5994,-19.5455,-11.9519,0.7,-37.3888,0.3,25.2181,19.2037,-17.401,18.6596,41.2649,-10.6132,131.323,-26.3131,100.86,1.0,0.0,0.261735453295681
F_S_WWS_WM_104,12.2,-4.89283,-2.09734,-4.98482,-0.6,2.28,0.64675,0.360836,37.4293,-28.8691,-11.4976,0.7,7.04659,0.7,-10.3374,22.4881,-17.1686,46.4631,89.3351,6.90959,128.399,46.3363,-36.7533,1.0,0.0,0.2464322529833887
F_S_WWS_WM_105,-4.72684,-1.7724,16.2315,-1.63701,2.46,0.81,-7.57116,2.26483,45.4339,120.461,0.178894,0.4,2.53835,-0.2,-9.8215,-2.20998,4.48476,46.7063,-20.9021,-12.7937,-26.425,-1.98531,-41.5519,1.0,0.0,0.2405664430033222
F_S_WWS_WM_106,11.9958,-1.89559,0.253089,-16.6172,1.74,-1.49,1.94861,-2.36271,-30.5266,6.82413,-3.33724,0.3,3.36904,-0.1,-20.2772,-11.2895,-9.88517,2.90814,-46.5743,33.4251,-28.6665,-45.5858,-54.6862,1.0,0.0,0.2311543890465116
F_S_WWS_WM_107,10.4941,11.1875,-0.557074,7.0577,-1.71,0.89,1.75878,-3.32448,42.5855,118.676,-3.60287,0.5,-0.897932,-0.3,51.9195,20.756,12.0186,35.5237,89.1562,22.7526,117.698,-51.6693,49.3522,1.0,0.0,0.2557646344219269
F_S_WWS_WM_108,3.04517,-5.69137,-7.06383,14.0516,0.51,-1.06,-0.0555584,8.83285,-12.3244,-87.4172,-11.1921,0.6,5.17136,0.2,57.6249,9.57108,-18.8282,-5.77591,-6.21026,16.8692,-8.28156,68.1095,22.6623,1.0,0.0,0.2418585675315614
F_S_WWS_WM_109,-5.26863,7.4964,4.42385,-13.7415,-1.41,-1.73,-1.88508,4.88355,-4.30148,-41.1733,-6.50598,-0.1,8.21811,0.3,49.5118,-4.68787,29.2287,47.3148,-54.6857,-21.0715,15.9015,-30.3505,-164.859,1.0,0.0,0.2885269005913621
F_S_WWS_WM_110,0.302009,-2.33465,-1.01117,11.8945,1.09,0.75,8.10745,3.12041,-22.5406,49.0069,-14.6111,0.2,38.1247,0.0,52.3716,-14.5502,5.70773,-14.385,-13.2919,-19.1987,125.481,80.1462,-155.603,1.0,0.0,0.2289665578039867
F_S_WWS_WM_111,10.8562,-7.32506,12.8723,10.3035,2.45,0.62,3.9566,9.5718,10.6522,-65.3693,-5.60811,0.5,16.6025,0.5,11.1647,-16.601,2.63839,4.55287,47.3921,8.2157,43.7585,83.4744,-34.005,1.0,0.0,0.2289155234318937
F_S_WWS_WM_112,4.04673,13.6292,9.8183,6.98825,2.46,1.33,0.298866,0.87735,-28.5626,19.2116,-6.63254,-0.3,37.3649,0.0,24.9108,20.64,-27.724,4.92562,87.5543,38.1732,71.2524,60.8052,67.1078,1.0,0.0,0.2667042481495016
F_S_WWS_WM_113,2.1178,9.51522,6.6263,0.69824,1.79,1.2,17.8607,-0.195699,-33.2368,79.1923,-13.4689,-0.3,-28.7787,-0.2,53.5309,0.922133,-10.9001,15.9959,12.1133,-28.7107,109.437,-56.5256,-155.339,1.0,0.0,0.2716670167740863
F_S_WWS_WM_114,-7.47791,-5.5525,11.484,3.27255,-0.37,-0.55,-3.2747,-4.943,2.98276,-24.4732,-12.3482,-0.4,5.75019,0.4,28.9147,-8.22371,-8.73536,-19.9695,75.9365,-18.0685,67.696,38.4013,-159.6,1.0,0.0,0.2300028783521594
F_S_WWS_WM_115,-2.52446,14.6331,-0.344584,-10.3081,-0.79,0.53,16.573,6.16749,18.1891,138.513,0.642532,0.4,31.1083,0.8,56.746,18.0305,15.0287,8.95728,33.4603,-3.70869,46.6894,57.1647,72.0461,1.0,0.0,0.2425058449568106
F_S_WWS_WM_116,-6.22065,12.6457,12.996,6.05135,2.24,-1.55,14.9213,1.90335,30.0161,-16.8432,-8.91446,0.0,10.5965,0.5,46.9526,5.64683,-25.4865,37.4338,25.6821,-25.1029,0.726884,28.7896,-176.385,1.0,0.0,0.2863607094717608
F_S_WWS_WM_117,4.65458,0.1484,4.36947,8.1917,-1.04,1.48,-0.464017,-2.68854,-48.9644,43.4032,-7.912,0.6,8.48685,0.7,54.6697,-14.8994,-20.6482,2.19385,8.23756,30.0008,148.67,50.5422,20.9443,1.0,0.0,0.2111664012259136
F_S_WWS_WM_118,1.40431,7.85211,-0.954174,16.0316,-1.07,0.46,14.853,6.05978,12.6702,47.9322,-14.4971,0.1,7.35728,0.1,-18.8932,-3.1986,16.7206,26.6006,120.323,45.0572,-42.5025,18.6581,28.8173,1.0,0.0,0.2650239023122923
F_S_WWS_WM_119,-4.29811,-1.24288,12.5852,-3.87111,1.68,0.24,-0.843218,6.39564,-28.3721,142.531,-8.14007,0.6,-1.87584,0.3,37.2711,29.58,28.3378,-1.01412,126.329,2.71386,72.5323,3.44595,32.3426,1.0,0.0,0.2350427568239202
F_S_WWS_WM_120,14.82,1.96297,12.0954,-17.5664,1.2,0.54,4.29921,9.64745,-17.5065,124.931,-9.96652,0.1,-29.8007,-0.2,23.5152,14.7486,-3.22646,11.6669,64.3523,-36.7633,45.0383,-3.38397,149.899,1.0,0.0,0.24356919610299
F_S_WWS_WM_121,-5.78927,8.01461,17.3522,17.7157,-0.45,-1.66,4.38943,5.67173,18.5933,103.552,4.04274,0.3,-7.37957,0.3,-6.85351,-1.01756,20.9208,11.7774,123.375,-36.2265,34.3398,-25.5579,-50.5797,1.0,0.0,0.239165532730897
F_S_WWS_WM_122,-6.38714,-6.83096,12.6565,5.75115,1.23,2.41,5.01704,2.73699,28.4724,104.852,-6.06572,-0.3,-24.0745,-0.2,50.9937,16.3642,-11.7586,-15.4979,-35.2645,-39.097,37.1844,0.0145039,7.44808,1.0,0.0,0.2387350138870432
F_S_WWS_WM_123,3.24643,4.22421,-7.62668,0.899354,1.58,-0.73,10.2312,1.53289,47.5777,-12.7665,-3.05542,-0.4,-25.9746,-0.4,54.269,11.9984,15.6456,7.92492,70.8608,-3.04361,50.8536,0.856584,31.7001,1.0,0.0,0.2629814831362126
F_S_WWS_WM_124,14.4782,-5.47314,9.3969,-19.9964,0.66,-0.67,16.9473,4.37412,-45.4573,35.1791,-0.474693,0.4,-17.7253,-0.4,16.2301,-12.7816,-21.4135,46.9327,36.1635,-24.6535,-16.7591,-3.6792,21.3972,1.0,0.0,0.2464429501495016
F_S_WWS_WM_125,13.7712,-7.66466,13.4468,-11.3502,0.08,0.7,15.72,3.99054,-45.1881,46.1676,2.72893,0.4,39.9837,0.6,-1.09996,-2.26754,-10.2644,-0.498527,-21.3935,-7.68247,23.5452,67.4999,-124.397,1.0,0.0,0.2145811668305647
F_S_WWS_WM_126,13.9597,-0.00682322,9.91159,12.3221,2.05,2.04,16.1335,2.23673,6.89549,87.476,-12.1891,0.4,-27.1626,0.9,0.769032,17.766,13.4675,-17.0343,-10.4265,-25.1644,93.3799,-11.4725,25.1124,1.0,0.0,0.2339656587242524
F_S_WWS_WM_127,6.32029,-6.4984,-0.371285,0.535213,-1.46,2.39,-7.34102,1.78636,41.6876,17.7268,2.14181,0.1,-33.932,0.8,-6.4922,25.2573,-2.97597,-15.046,21.5952,-21.1801,-41.7293,-41.0648,13.9621,1.0,0.0,0.2190830002724252
F_S_WWS_WM_128,-3.83374,6.05572,0.920555,14.4129,-1.19,2.15,10.9461,0.647419,-0.375731,43.1274,-13.6464,-0.3,34.0254,0.6,1.12328,18.894,-28.2753,-15.7516,57.8887,-38.1549,79.1765,34.8968,-52.4367,1.0,0.0,0.2419113165016611
F_S_WWS_WM_129,9.81578,-5.17871,16.039,3.36547,0.68,0.57,-3.08273,-2.98412,17.1012,-94.2002,-8.96833,-0.3,-35.2907,0.5,12.2701,19.9064,-19.0778,35.8807,53.412,-40.1087,136.613,62.695,56.8716,1.0,0.0,0.2390226455182724
F_S_WWS_WM_130,-0.0121556,12.2774,6.46923,-19.4537,0.74,-1.56,4.64618,3.61512,32.9506,83.9049,-8.70262,-0.4,-16.7733,0.0,37.4068,2.73213,4.70346,39.2319,115.984,-48.757,7.39161,-13.8513,-14.8195,1.0,0.0,0.2685315795215947
F_S_WWS_WM_131,-2.69047,5.30688,5.97024,5.7979,1.47,-0.63,19.8958,6.89243,-13.8924,-88.1711,-9.9309,0.6,-35.4193,0.0,38.8875,-10.9339,4.58108,-15.3872,37.7564,14.1695,125.235,-33.4251,-41.0291,1.0,0.0,0.2328984298006644
F_S_WWS_WM_132,-4.69316,-2.99821,3.8054,-4.06097,1.42,-0.76,-3.33563,2.31578,7.63545,114.866,-14.0781,-0.1,0.568472,0.2,21.1696,17.2403,22.2805,-13.9736,-57.8626,-29.7812,-48.8409,47.3205,-120.061,1.0,0.0,0.2601977878803986
F_S_WWS_WM_133,5.25286,11.8674,-1.20408,10.5937,-0.23,0.86,-7.01534,8.77261,-27.1042,73.9865,-14.4183,0.0,2.96576,-0.3,55.2538,26.6472,-6.25036,13.6288,67.1369,-2.51593,18.1284,57.4883,124.906,1.0,0.0,0.2472350335548173
F_S_WWS_WM_134,-1.95605,5.00815,18.6836,-3.21044,2.44,0.87,12.2925,6.92883,-24.4003,-4.42535,-5.35319,0.4,-22.5212,0.3,-8.71387,-16.1673,19.0824,6.83643,69.8037,-23.1804,-59.007,6.48645,-109.935,1.0,0.0,0.2477033848205979
F_S_WWS_WM_135,3.78578,-0.50122,-3.14006,-16.3554,-0.81,1.08,8.05988,8.32206,12.0321,-27.4609,-5.51504,0.4,-31.1718,0.0,36.6822,7.61263,-26.1628,31.8127,68.7702,47.9533,-53.4803,2.00493,57.4909,1.0,0.0,0.2536427461760797
F_S_WWS_WM_136,9.22757,12.0024,-3.05127,-12.7879,-0.13,1.9,7.9656,-2.88544,-31.0989,41.1993,-2.93615,-0.3,39.2475,-0.1,-5.93147,-14.3889,27.2864,8.38197,68.2423,14.989,32.3977,86.6918,19.3706,1.0,0.0,0.2605914981960133
F_S_WWS_WM_137,-5.13496,9.76767,-2.68786,-14.0748,0.81,1.44,11.929,6.7307,45.1251,80.1932,-13.9148,0.3,37.9109,0.8,-5.39029,-7.7178,5.20351,30.973,-8.95169,14.4912,116.304,-0.132119,68.4255,1.0,0.0,0.2775858012857142
F_S_WWS_WM_138,3.00487,-5.01963,18.2613,9.51063,-1.05,0.52,16.6414,9.69717,11.6854,137.958,1.3357,-0.3,33.7059,0.0,28.2374,1.31296,2.92333,12.191,17.3711,18.7431,139.211,7.31932,-12.4749,1.0,0.0,0.2124042506179402
F_S_WWS_WM_139,-4.43033,-7.11563,16.7514,-5.76237,0.61,1.1,13.9135,-1.85339,27.6449,72.9825,1.58555,-0.3,4.17967,0.5,-13.1998,-17.2335,-24.8251,36.1192,64.2025,11.8037,17.4941,2.62575,-169.139,1.0,0.0,0.2434447482790697
F_S_WWS_WM_140,10.9028,2.98436,14.3026,-8.03838,1.5,1.22,15.9445,1.16413,41.9505,99.9412,-8.08929,0.4,-30.7598,-0.2,58.1043,6.77491,9.21934,32.4885,3.71275,49.411,-19.484,56.7341,87.5564,1.0,0.0,0.2432590926578073
F_S_WWS_WM_141,-3.08048,3.14297,1.06836,18.8463,2.17,1.09,0.903987,2.00937,37.5733,4.7164,2.07094,0.8,-16.5604,0.1,-3.30701,-4.54103,25.5535,8.33893,2.44344,-48.6856,100.599,1.78431,50.8333,1.0,0.0,0.2217861830830564
F_S_WWS_WM_142,13.8783,-7.88364,5.13693,4.44085,-0.21,-1.16,4.54058,-3.02449,-5.9037,71.9003,-9.05113,0.6,-18.9892,0.0,24.061,-13.6916,-1.21648,-10.7539,79.9992,42.1102,-51.9827,26.4749,59.2701,1.0,0.0,0.2452585212491694
F_S_WWS_WM_143,-6.94098,2.46668,10.6615,19.6272,1.4,0.12,10.8871,7.3606,-48.6467,101.391,0.623319,0.0,-26.1897,0.1,2.74293,-2.96076,11.3413,-22.2471,-47.4872,30.8719,98.627,25.6693,1.79322,1.0,0.0,0.2336381368970099
F_S_WWS_WM_144,3.87471,-6.05972,-3.58403,-1.85356,1.58,0.18,-6.48285,7.72903,-35.3988,-27.0547,4.09454,0.5,-10.6424,0.4,-17.1111,12.7976,-4.37053,51.3965,85.7814,-19.9662,-31.488,-12.7598,95.0328,1.0,0.0,0.2263623176245847
F_S_WWS_WM_145,-2.39651,1.10941,-3.16895,-13.9493,1.7,0.18,9.92338,-4.22263,-34.4093,3.91285,-6.34222,0.7,8.69859,1.0,-5.0717,-9.94009,8.90053,-23.7936,13.5134,-40.8828,66.5211,-16.9058,1.03757,1.0,0.0,0.2201586889966777
F_S_WWS_WM_146,-2.55144,2.06691,-5.99119,-7.19916,2.32,1.55,15.4928,3.29237,32.8137,-79.6718,-2.01186,0.4,27.9241,0.1,55.5993,-17.122,-17.6642,20.029,88.1854,3.32759,6.70881,6.86803,-61.7087,1.0,0.0,0.2376049952591362
F_S_WWS_WM_147,10.3885,-7.85919,16.3721,-9.58829,1.45,-0.19,6.93124,-2.60253,42.8236,21.1247,1.07315,-0.4,31.7414,-0.3,32.3662,-4.33259,-8.85512,-7.34826,70.4007,-16.1393,33.5204,-33.7808,102.234,1.0,0.0,0.2239337389003322
F_S_WWS_WM_148,5.87987,7.10137,8.72984,4.85906,-1.67,-0.68,19.2022,-4.52843,-11.1197,41.9435,0.993291,0.7,-23.6146,0.6,-13.83,5.90722,-25.4146,3.49098,73.7437,17.005,59.6911,-41.6326,-180.892,1.0,0.0,0.2283923252956811
F_S_WWS_WM_149,5.48757,-4.27259,-4.04946,-11.2819,-1.41,-0.41,-0.376644,1.45601,-3.37328,12.6176,1.73022,-0.3,-4.06182,-0.2,-19.1538,-16.7486,-27.8259,-14.1644,75.5069,-2.05553,33.7699,-39.7277,-190.472,1.0,0.0,0.2153320125282392
F_S_WWS_WM_150,14.7031,5.83089,8.97893,3.93312,0.25,1.14,7.66716,8.80573,-9.60977,69.475,2.37814,0.7,-13.1098,0.9,10.6465,-6.4317,29.8431,18.2301,-47.0998,-49.2349,-27.3362,18.4438,-2.77782,1.0,0.0,0.2332023855182725
F_S_WWS_WM_151,-0.167774,14.5905,3.84719,16.1221,1.55,2.05,-0.491868,-0.854262,11.9609,-36.4233,4.81635,-0.1,-35.7161,0.8,46.7225,3.87277,8.48957,-12.4918,20.3336,-43.8802,-36.6219,21.7126,-114.887,1.0,0.0,0.2371613251960133
F_S_WWS_WM_152,9.19503,8.05626,4.71091,8.83625,0.1,0.1,-0.541188,-3.96328,-34.2085,-68.9678,3.56084,0.6,-7.43575,1.0,-2.31034,14.8579,23.0092,19.4553,66.5,12.0658,138.831,-38.2566,143.065,1.0,0.0,0.2352610173222591
F_S_WWS_WM_153,9.14677,12.9197,15.1255,-10.7131,-1.11,-0.03,-4.76959,0.847138,8.10467,-59.9644,-6.83131,0.8,18.9429,0.3,-3.91867,-13.8512,9.1674,-3.54409,-34.5863,-12.6902,130.822,86.1164,39.8272,1.0,0.0,0.2588697254285714
F_S_WWS_WM_154,-0.877437,9.2751,11.873,7.09802,0.98,-0.43,19.9708,9.33911,38.1974,99.1247,-2.34691,-0.2,-18.326,0.8,40.7686,23.4294,-19.3991,-4.04101,-41.476,2.79051,67.3743,83.8549,101.381,1.0,0.0,0.2354488290465116
F_S_WWS_WM_155,3.75117,8.07338,14.3895,-16.1107,2.07,1.41,3.19128,5.7924,-29.0722,144.477,-6.57657,0.2,11.2327,-0.4,41.4211,28.5546,-18.5878,15.3154,-6.98644,27.8993,-28.3519,23.3243,-135.821,1.0,0.0,0.2524063660863787
F_S_WWS_WM_156,-1.9263,12.0603,15.5506,17.3574,0.64,-0.1,-9.64564,-3.43828,-35.8156,97.6255,-9.43109,0.4,3.05163,0.5,7.19865,4.3813,27.5968,38.3834,117.914,8.31351,-12.486,65.6668,-91.073,1.0,0.0,0.2490347228405315
F_S_WWS_WM_157,-6.16259,-6.47213,19.0643,3.72538,-0.42,1.64,15.6157,4.34346,-16.2415,63.1371,3.8811,-0.4,-3.62898,0.9,35.9741,11.4385,25.6356,38.6906,-33.5674,-17.2085,13.1542,-16.0539,-48.363,1.0,0.0,0.2390141469435215
F_S_WWS_WM_158,-1.85799,7.38313,-2.5473,2.82385,1.0,-0.01,17.389,0.820297,-19.5952,-94.811,-8.63977,-0.3,15.968,0.8,55.7593,23.2405,10.2473,29.5626,108.796,-45.3203,30.9112,36.6258,-0.732174,1.0,0.0,0.2700564966179402
F_S_WWS_WM_159,8.2911,4.35156,-4.98976,11.5417,2.1,-0.14,-8.49639,4.22641,14.0097,-18.348,-14.8608,0.5,-8.59417,0.1,5.069,-10.7396,-23.981,-19.425,27.9977,4.50615,-59.3546,-43.3703,30.0444,1.0,0.0,0.2410126106013289
F_S_WWS_WM_160,10.7738,-6.1157,11.6085,-15.383,0.94,0.67,7.62675,8.66377,-45.7607,64.0663,-14.9069,-0.2,-3.12154,0.3,-5.1535,2.70209,-23.4284,37.0708,106.086,10.1514,-35.8993,-53.8721,-139.882,1.0,0.0,0.2507285130996677
F_S_WWS_WM_161,5.75453,9.98111,17.6955,3.86368,0.21,1.84,14.3121,4.69484,-43.6054,58.9682,-2.49146,-0.3,-35.9855,0.5,40.2053,0.0750084,-20.8923,15.8399,88.3094,-36.9079,-43.6388,82.7745,2.38855,1.0,0.0,0.2521668310797342
F_S_WWS_WM_162,9.15217,-5.21013,9.10048,-6.02572,0.33,1.03,6.12711,-3.94171,47.0352,0.163785,-5.06199,0.2,12.0462,0.5,-22.7709,0.73718,15.8531,-5.23918,127.926,-40.6529,89.0359,-26.5734,-163.334,1.0,0.0,0.2153034745813953
F_S_WWS_WM_163,-5.719,0.344745,-3.4814,6.81424,0.83,1.84,-4.43365,-0.26357,25.4557,-33.4297,-14.0546,0.2,39.5264,0.6,30.6983,-6.21809,21.7415,26.1387,61.4989,49.6372,-24.1402,61.0919,46.3054,1.0,0.0,0.2508220471096345
F_S_WWS_WM_164,-4.35376,5.96096,-4.76194,-5.94266,0.98,-0.12,7.29332,0.0280631,-40.081,-80.3318,-12.7254,0.2,13.3514,-0.3,9.64635,-18.0053,19.4933,54.138,-10.091,-15.5757,10.1537,32.0535,34.1077,1.0,0.0,0.2788629220033223
F_S_WWS_WM_165,14.9994,6.79447,8.32477,10.9353,-0.7,-0.65,16.9043,5.05903,-35.1851,97.251,-14.7014,-0.2,21.978,-0.1,-6.70348,4.91595,-10.007,32.9451,75.3741,-47.9867,69.8634,49.4705,-56.6125,1.0,0.0,0.2592692569568106
F_S_WWS_WM_166,-3.30674,8.22246,19.1444,11.4807,1.82,-1.04,6.67948,-2.50124,-12.647,-61.0048,-7.1703,0.6,-20.9771,-0.2,15.9694,27.3883,-24.4784,21.3448,97.9841,40.3401,-18.5205,-27.3318,-45.2431,1.0,0.0,0.2610686234817276
F_S_WWS_WM_167,11.2161,4.60242,-1.84785,2.89339,2.48,-0.37,-6.53252,0.00704819,-4.80066,135.305,-2.52134,0.2,21.8923,0.1,43.9631,-2.30139,7.66551,-1.60506,115.754,-36.6637,127.369,-22.0096,-122.32,1.0,0.0,0.2179798998704319
F_S_WWS_WM_168,-5.22331,6.16382,16.9201,15.0307,1.93,2.32,19.0385,1.63973,-33.1165,33.9258,-12.6495,0.1,5.05902,0.7,17.4,16.4999,-14.095,9.72951,119.482,25.1527,29.1056,-12.4669,-181.206,1.0,0.0,0.247110058717608
F_S_WWS_WM_169,14.8888,10.7689,11.3797,7.23696,-1.51,-0.33,14.5749,0.948831,48.4669,-46.6596,-11.3214,0.7,-34.0474,0.2,-7.60229,-1.86093,25.9499,44.9548,33.9264,14.74,-32.4806,24.1191,115.706,1.0,0.0,0.2778515438837209
F_S_WWS_WM_170,-6.86378,11.0894,-5.55715,-2.89642,0.35,-0.91,-7.80238,1.48268,-20.5981,-7.56337,-7.1142,0.4,-14.3851,-0.3,31.3333,-3.93781,27.0913,31.4098,107.733,36.4558,78.6205,-27.9779,-92.4595,1.0,0.0,0.2747516056511628
F_S_WWS_WM_171,9.2592,13.2024,11.719,-17.2308,0.4,1.04,3.92436,9.11155,-39.2776,-36.7446,0.0757825,0.0,25.1133,-0.2,17.2705,-2.72914,20.4537,-21.1825,-4.38928,24.9924,80.7779,-46.5058,134.359,1.0,0.0,0.2357783971860464
F_S_WWS_WM_172,-5.2993,-1.37923,16.2762,-0.544374,0.48,-1.64,-4.53625,3.89664,36.7545,63.8911,-14.1424,0.4,-9.94364,0.8,-22.5182,13.2993,21.1606,3.27375,71.6819,23.6697,117.904,-19.5614,-178.088,1.0,0.0,0.2429215178837209
F_S_WWS_WM_173,-7.91976,10.6489,6.71093,-16.8797,2.42,1.67,2.60556,3.13514,16.2468,-58.8338,0.235262,0.2,6.16848,0.3,2.60224,2.79919,-24.8888,-8.57594,78.8963,-23.4214,129.655,-26.5439,105.396,1.0,0.0,0.2376834262990033
F_S_WWS_WM_174,14.3171,0.800555,3.36829,-5.83018,-1.79,-1.51,18.901,5.02336,-29.1622,-78.0554,2.49586,-0.1,-20.0893,0.4,16.3332,4.11563,6.64123,-13.0761,77.1772,-9.7414,41.9973,39.9591,-10.4763,1.0,0.0,0.2176667580897009
F_S_WWS_WM_175,7.72664,0.953152,7.73208,-13.1055,0.73,1.12,8.99763,2.46397,40.3959,102.681,-14.9336,0.2,16.2887,0.2,14.9324,-3.02737,-29.1147,-24.5308,80.2135,-46.6826,-39.2846,29.6093,-44.9067,1.0,0.0,0.2329679532458471
F_S_WWS_WM_177,-4.13834,12.3258,2.02037,-0.378287,-0.86,2.01,-7.09843,5.22996,-45.9282,77.3809,-10.3163,0.7,-26.7662,0.8,17.772,14.5492,22.0725,26.3912,1.03962,44.5355,83.9674,-42.7442,122.234,1.0,0.0,0.2565900010963455
F_S_WWS_WM_178,2.4146,-1.27814,18.3514,-8.67436,0.49,2.21,18.8262,4.94487,23.2228,-23.977,-4.07047,0.3,10.464,0.9,-16.178,-10.4183,-2.41841,17.3548,126.183,-4.40546,67.8185,50.2196,73.9531,1.0,0.0,0.2258269700963455
F_S_WWS_WM_179,2.72894,5.88339,4.63623,-5.34354,2.05,0.31,-7.54053,7.56156,-33.3987,67.6668,3.36564,-0.3,-2.59648,-0.2,29.5285,-6.6733,-13.9057,29.3338,54.7002,-33.4415,134.059,74.7741,72.8665,1.0,0.0,0.2413527329867109
F_S_WWS_WM_180,9.40968,14.3077,15.2811,16.9873,-0.59,-0.82,7.06062,2.566,-1.7452,129.871,-3.63203,-0.2,13.9177,0.9,12.7885,0.943999,0.755337,39.2196,73.843,-14.8761,-18.9194,-53.2994,110.437,1.0,0.0,0.2522323540299003
F_S_WWS_WM_181,3.52084,11.3509,8.12782,4.77205,2.43,1.14,3.98753,3.66717,-29.71,14.2002,-5.63448,0.1,-39.5641,0.7,22.6845,29.0044,24.9272,38.7954,-59.2583,-3.49747,82.4644,-23.0017,-63.2239,1.0,0.0,0.2603426148770765
F_S_WWS_WM_182,4.59633,14.9648,13.653,-12.3967,0.55,0.42,3.44704,-1.97843,-13.4179,-47.4233,4.53588,0.1,6.75565,-0.4,11.6731,1.4249,5.05688,11.1706,96.3636,-28.044,-21.4356,-10.6512,-192.02,1.0,0.0,0.2530237871428571
F_S_WWS_WM_183,-0.772398,8.41772,-4.63488,14.9643,1.25,1.01,18.363,5.87275,42.5343,6.30452,-6.70934,0.6,-24.5565,0.8,35.1424,16.5948,26.0829,6.11666,91.4767,35.7724,-17.4143,-24.3362,112.524,1.0,0.0,0.2437075408604651
F_S_WWS_WM_184,3.46125,8.93755,5.25293,17.4998,-1.17,0.99,9.77937,8.1145,-33.7451,-78.9377,-0.63019,0.7,-18.9424,0.9,37.7456,-15.8395,-4.99665,25.3551,-12.1255,4.7092,73.7231,76.5761,-196.151,1.0,0.0,0.2213799328106312
F_S_WWS_WM_185,9.61686,4.50221,-5.70982,-13.832,1.8,1.93,2.97206,8.16735,26.4843,138.125,-5.9827,-0.1,16.0171,-0.3,44.8676,-5.36598,25.7246,25.8662,-36.5061,-10.5352,115.919,-3.11164,108.361,1.0,0.0,0.2482880497774086
F_S_WWS_WM_186,-5.64637,5.57163,-7.59475,18.9555,0.82,-0.08,1.63999,8.9153,28.9221,59.6389,2.85187,-0.1,4.38743,0.8,14.9939,15.2922,20.5174,53.8305,105.533,41.238,15.1338,60.1368,-22.6824,1.0,0.0,0.2386812726112957
F_S_WWS_WM_187,2.59026,1.58141,-2.60367,11.6422,1.38,-1.56,12.9047,-4.35544,32.6311,-88.6172,3.43432,-0.2,-37.5716,0.5,2.94523,11.2253,-2.06747,33.1993,9.83359,-44.2325,129.931,-18.1536,-74.6984,1.0,0.0,0.2636652180830565
F_S_WWS_WM_188,10.5341,5.17264,-2.56484,-1.71248,-0.41,1.92,-1.62657,-3.62132,-38.9001,63.5105,-8.84782,0.6,-36.137,0.8,27.727,17.1154,21.9921,8.52823,7.35779,-38.0643,-54.8365,32.2645,-149.626,1.0,0.0,0.2333548775315614
F_S_WWS_WM_189,0.927547,5.01659,-3.9235,1.26512,0.62,-1.78,7.78386,4.20915,-45.3066,16.9091,-10.1891,-0.1,-14.4586,0.8,7.79045,2.47609,-0.360752,16.9459,104.721,48.9616,-58.2445,1.23452,-197.504,1.0,0.0,0.24376632210299
F_S_WWS_WM_190,11.004,-6.76392,0.224627,8.06024,0.7,0.13,13.7383,1.70202,-25.018,-5.67779,-13.9054,0.6,-15.2625,-0.2,-21.9082,0.336808,0.91996,24.5074,21.3104,15.6381,144.461,13.6728,-160.809,1.0,0.0,0.2320036909169435
F_S_WWS_WM_191,5.11771,2.4227,11.0998,1.71387,-0.3,0.66,16.9628,0.0644063,-34.5179,143.578,-7.43789,0.7,14.0597,0.2,28.9058,-0.222137,25.304,-18.2463,-58.5285,23.7536,-36.5606,53.4796,-13.0334,1.0,0.0,0.2285080744916943
F_S_WWS_WM_192,9.07108,-7.57954,-1.0615,-14.9855,2.21,1.49,8.29195,1.55338,-40.9042,25.5345,0.842821,0.1,11.4584,0.6,22.9419,19.6405,3.07641,-22.7019,90.0618,38.9867,-29.0416,-4.19041,-20.1866,1.0,0.0,0.220898417013289
F_S_WWS_WM_193,8.80929,-4.459,17.8141,12.08,1.32,-1.28,16.3192,0.677856,-19.1625,74.4945,4.2836,0.2,-12.5407,1.0,29.3806,-3.24623,5.76755,47.8844,41.0417,44.0062,131.751,34.157,-118.633,1.0,0.0,0.2314880446976744
F_S_WWS_WM_194,8.5541,10.6631,19.1044,-3.08968,1.34,-0.66,11.2558,5.03655,46.6988,-42.4613,-5.13467,-0.1,12.2714,0.0,7.1348,10.6845,26.8318,51.8572,118.594,15.4316,9.72493,10.4492,-124.93,1.0,0.0,0.2709389468837209
F_S_WWS_WM_195,-7.29033,-3.9189,8.57515,-4.17366,0.68,-0.65,-3.55507,4.42964,-23.7038,68.7752,-2.42858,0.8,3.7521,-0.1,37.0012,-18.6203,23.8732,54.4811,-24.6616,-9.99127,47.4296,87.4418,-136.079,1.0,0.0,0.2609052425747508
F_S_WWS_WM_196,7.81568,14.4599,6.3333,14.1386,1.73,-0.25,19.2781,-4.23628,5.92969,-4.71412,-2.99011,0.4,-27.4453,-0.1,45.2701,16.154,-5.34398,28.1542,-14.9876,-46.9154,58.5519,10.6289,141.981,1.0,0.0,0.264844654372093
F_S_WWS_WM_197,10.9345,14.6727,13.4165,-0.855498,0.78,1.25,12.216,8.87658,-32.2176,-22.3535,0.292545,0.7,15.3438,-0.1,56.9796,8.97038,-25.2059,27.7268,-48.1817,-3.33942,57.0938,41.548,18.847,1.0,0.0,0.2360021369069767
F_S_WWS_WM_198,13.2434,8.8819,-0.564139,-18.257,1.6,0.44,1.97327,9.2711,20.0433,62.1455,-3.75347,0.3,-20.3877,0.3,21.4776,-0.671307,-28.667,-18.7872,-55.1424,2.91642,59.2459,6.6592,-86.5653,1.0,0.0,0.2473231071362126
F_S_WWS_WM_199,11.7496,-4.94871,0.625722,5.23763,0.17,-0.34,11.5265,2.55804,20.2961,-20.174,-1.18453,0.1,22.6929,-0.2,6.12495,13.6692,0.32124,-23.6021,-34.019,-43.8282,-58.6187,44.2919,80.0057,1.0,0.0,0.2189689060299003
F_S_WWS_WM_200,8.25735,7.95606,6.97924,-18.0204,-0.01,2.16,1.38038,9.55982,-23.9486,-34.4437,4.74417,-0.1,-11.5303,0.7,50.7174,19.9768,26.5742,10.9229,80.43,-26.7271,60.975,10.9339,-20.9467,1.0,0.0,0.2412401550531561
F_S_WWS_WM_201,7.12951,1.43308,3.93348,-6.80876,-1.49,1.41,1.20192,-4.45535,-22.9875,108.99,-13.0214,0.0,15.586,0.4,-24.0964,15.2444,12.5042,6.3029,103.254,-49.4812,2.44929,87.1624,49.6413,1.0,0.0,0.2316497737275747
F_S_WWS_WM_202,9.02383,-5.07882,18.5968,15.8779,-1.7,-1.76,-5.27774,-0.718048,21.9391,-75.3777,-7.03858,0.3,-11.4279,-0.2,29.4216,24.7561,3.42281,-19.0408,38.2559,-1.78125,-2.12396,50.6445,43.8429,1.0,0.0,0.2282118349335548
F_S_WWS_WM_203,12.4362,12.7479,8.11738,4.2518,0.26,2.36,14.9553,7.5996,-32.4565,109.751,-12.9502,0.5,-35.8701,0.5,2.08997,6.07139,19.6025,42.1837,77.9009,39.4878,78.2033,31.1652,-154.907,1.0,0.0,0.2606315166744186
F_S_WWS_WM_204,14.5584,-5.79706,-1.65867,10.8444,-1.61,0.03,14.7149,-4.14535,34.0911,91.7723,0.258866,-0.2,-29.0615,0.2,-2.05918,-6.91544,18.547,30.68,-42.6974,-15.466,-3.91409,-2.96883,34.7559,1.0,0.0,0.2356300111528239
F_S_WWS_WM_205,6.82682,2.90433,3.42508,-15.5512,-0.77,-1.22,-8.41272,-3.59835,44.7212,25.2267,4.97848,0.7,11.0218,0.5,4.24551,6.42725,-20.5436,-11.6597,-28.0778,-2.87503,-21.9435,-5.82487,-97.416,1.0,0.0,0.2269688126146179
F_S_WWS_WM_206,3.02235,4.10775,11.143,-3.5264,-0.47,-0.2,-2.72728,-2.48433,-42.7358,-78.498,-14.7962,0.1,-0.746037,-0.3,56.099,22.6683,23.2846,1.68866,29.4715,44.9026,76.1914,-21.6042,5.89736,1.0,0.0,0.2448725630431893
F_S_WWS_WM_207,1.36967,-3.16809,17.7738,-2.54332,1.87,1.88,18.9373,5.15536,-3.88424,-66.9677,-6.08725,0.0,-11.6698,0.2,50.8495,24.9172,18.6509,46.0608,-29.2206,27.2975,-55.7472,59.8905,-162.31,1.0,0.0,0.2549079833156145
F_S_WWS_WM_208,10.0046,0.22122,12.7637,8.35649,0.01,-1.42,-1.73407,-1.41401,41.1775,-49.7484,-13.8246,0.6,13.0479,0.2,48.0994,-8.89436,-25.7605,45.6681,49.9998,22.3558,146.763,-18.6891,-145.899,1.0,0.0,0.2533878659335548
F_S_WWS_WM_209,12.7905,7.17771,12.6337,2.11372,0.11,-0.42,-4.35615,7.30589,23.0176,8.16151,-3.48798,0.8,-14.0892,-0.3,45.0656,-7.02795,-4.46149,32.7556,27.2829,-17.3449,-19.8127,81.4733,132.081,1.0,0.0,0.2388759052990033
F_S_WWS_WM_210,-6.24734,14.9672,3.91689,-1.38529,0.75,-0.02,-9.17799,3.77551,-10.471,111.729,2.15239,0.1,17.0583,0.3,17.0342,29.2069,-29.5358,13.263,-47.5779,9.93527,0.495898,37.8414,73.3081,1.0,0.0,0.2622441499700997
F_S_WWS_WM_211,6.33729,-3.39514,7.43494,3.01114,1.07,-1.7,-1.28752,8.43238,-2.64319,-6.90594,-12.272,0.7,10.0515,0.1,-1.2304,-7.5417,26.3288,30.8599,73.2367,-44.6663,-21.7546,28.6578,-166.138,1.0,0.0,0.2366065265614617
F_S_WWS_WM_212,0.806445,13.8181,-1.3865,-11.9741,1.52,2.49,12.4245,0.737345,35.9163,-16.3425,4.22312,0.1,-13.7675,0.9,7.62867,6.68814,-18.1975,38.1875,40.4591,21.4672,4.577,-36.5304,23.0567,1.0,0.0,0.2667437789568106
F_S_WWS_WM_213,0.895156,10.702,-3.0883,10.7134,-0.98,1.77,5.89468,6.85233,29.4197,-93.5708,0.00211947,0.6,-15.4274,0.5,-19.4642,0.220742,11.7442,35.4333,62.9398,-41.8928,-25.1621,78.5295,116.116,1.0,0.0,0.2638670559202657
F_S_WWS_WM_214,-2.25394,13.7218,11.479,-6.35573,-0.95,2.34,9.18169,3.48616,-32.9938,-57.8659,-3.40064,0.3,1.45088,0.0,50.1441,-19.549,12.6884,3.63845,23.1184,-46.0632,25.2348,67.7814,-42.0874,1.0,0.0,0.2420773155946843
F_S_WWS_WM_215,8.05856,-4.48591,11.0752,-19.5964,-1.56,1.3,2.56098,0.127388,-27.7507,1.06261,-0.694316,0.7,35.4901,0.7,-12.5838,8.53328,4.31735,6.00291,28.8622,-14.3701,60.274,-51.0257,140.564,1.0,0.0,0.2253727244817275
F_S_WWS_WM_216,-2.88024,-2.68446,13.1367,11.4187,-0.63,-1.5,18.4382,2.82074,1.71822,140.482,-9.34419,0.2,23.2907,0.3,47.3756,17.4287,7.04017,13.926,114.066,25.7735,-43.9415,-24.5309,101.642,1.0,0.0,0.2308755855813953
F_S_WWS_WM_217,0.473862,6.1195,10.4507,-6.43839,0.62,-0.44,19.4381,9.59469,-24.2439,-39.294,-3.65836,0.8,28.7989,-0.2,2.02057,15.7432,-5.73005,42.2534,104.04,-21.8255,103.623,-17.0107,-175.039,1.0,0.0,0.2483428334617939
F_S_WWS_WM_218,-2.65062,6.82613,17.5403,14.0672,1.62,1.22,-8.5976,1.32769,-31.9646,-2.5097,-6.45312,-0.4,-27.2199,0.5,-2.84197,12.9191,-28.9444,48.5099,29.9363,-6.81745,-42.9489,20.5198,-58.9729,1.0,0.0,0.2800149923289036
F_S_WWS_WM_219,-7.68514,10.3208,2.48667,-8.53467,0.28,0.56,-3.41463,7.79617,26.6708,1.65602,-3.46949,0.3,29.9839,-0.2,4.75773,9.75036,1.92608,40.3102,-58.2276,39.1553,-20.2238,55.3214,-165.605,1.0,0.0,0.2580181454219269
F_S_WWS_WM_220,4.47543,-2.38872,-6.75451,15.0988,0.13,-0.18,-2.2021,-0.0491714,-41.41,9.56241,-1.33666,0.0,-30.0841,0.7,42.9248,-2.84901,-28.1605,27.0356,40.278,40.8201,108.277,-51.3397,-185.965,1.0,0.0,0.2398061866877076
F_S_WWS_WM_221,-3.8653,0.303838,-2.15114,7.34209,-0.38,-0.97,17.9796,8.35114,-2.17241,82.0919,-1.75331,0.6,32.165,0.8,-8.57257,-18.7506,1.06723,22.8113,-28.7469,-39.3786,73.1607,88.7513,-18.2927,1.0,0.0,0.237327814026578
F_S_WWS_WM_222,6.52494,6.42728,-7.88709,17.8712,1.24,-1.29,8.22972,1.89152,28.5982,37.2739,-14.5834,-0.1,5.44611,0.8,-15.1129,29.9729,0.11858,-22.8289,2.22519,11.4883,33.2896,9.44326,47.7638,1.0,0.0,0.2497818389003322
F_S_WWS_WM_223,3.3496,11.2912,-6.07244,19.8848,0.0,-0.31,18.8502,8.04987,-29.7252,65.4931,-5.40356,0.5,23.3429,0.3,49.3888,-8.07595,14.731,17.9118,3.79462,39.9454,118.418,-8.68558,-106.507,1.0,0.0,0.2387428471461794
F_S_WWS_WM_224,14.2101,10.8446,-2.86887,-9.83662,1.07,-0.61,13.6039,-2.67401,28.364,66.1305,-9.82539,0.0,10.7405,0.8,39.2812,-1.23495,11.1262,10.1017,-59.4953,-42.7199,43.3257,-19.795,54.1384,1.0,0.0,0.2471874498172757
F_S_WWS_WM_225,-2.6128,8.77802,17.2538,-7.93298,0.25,-0.57,0.434415,-4.61343,15.5317,43.7109,-10.8651,0.5,36.3459,1.0,23.825,11.0501,-6.91895,45.0915,-21.0715,-13.2493,-6.43272,74.0918,121.333,1.0,0.0,0.2675298179302326
F_S_WWS_WM_226,14.4162,-6.88576,-3.32532,-1.55766,2.12,0.47,-5.45151,0.249939,-18.2395,-74.8555,-10.7967,0.4,-4.14061,0.7,47.4944,-9.6151,-26.6877,38.5706,19.6631,-20.4744,85.285,-5.52699,-29.4378,1.0,0.0,0.2415561001561461
F_S_WWS_WM_227,8.51229,5.67241,11.5818,-19.0403,2.03,1.37,12.1657,-1.68984,7.96589,103.148,1.66209,-0.4,13.6496,-0.1,36.9057,-12.0916,0.206553,36.0183,-2.79938,-42.6197,-51.1602,33.1235,-74.2472,1.0,0.0,0.2450117104983389
F_S_WWS_WM_228,-5.51067,6.60838,7.6418,6.07779,-1.68,2.23,19.1558,9.95368,44.4495,99.4931,-6.66131,-0.2,9.01162,0.1,-3.53813,-13.8866,-3.6302,5.18021,-8.57969,31.6445,-12.0689,42.2978,-73.885,1.0,0.0,0.2372063068372093
F_S_WWS_WM_229,5.82777,9.64976,2.69182,-4.76296,0.4,-0.8,3.30627,-0.353245,-21.7918,69.5444,4.02518,-0.3,4.77001,0.0,53.6377,14.028,-23.1821,-20.0291,19.944,30.1583,-11.1553,82.1602,-135.208,1.0,0.0,0.2286322211328903
F_S_WWS_WM_230,5.60208,3.99311,12.7023,3.08647,0.32,-1.29,-5.47171,5.94528,-47.9362,82.2121,-2.6242,-0.1,-25.4296,-0.1,36.3678,22.8491,22.7259,9.1218,-45.9869,21.977,-50.379,-28.5512,-193.215,1.0,0.0,0.2390867869069767
F_S_WWS_WM_231,13.6084,-0.664165,-2.89468,4.13989,1.14,1.89,0.148148,9.44921,-30.4038,89.8049,-6.89894,0.1,-10.4153,-0.3,-11.2182,29.7443,-4.68135,29.9492,-36.1534,29.0767,99.6222,-56.5993,-137.917,1.0,0.0,0.2406578343754153
F_S_WWS_WM_232,2.95889,1.15381,16.284,-15.9347,0.52,1.4,13.165,7.27373,-5.56808,20.7969,4.34056,0.2,-28.8589,0.7,55.0132,26.4923,10.5551,-13.8606,32.6383,33.8967,1.60328,89.7448,108.933,1.0,0.0,0.2146900735083056
F_S_WWS_WM_233,-0.484406,10.5856,18.6462,-0.974193,0.09,-1.66,7.33434,-3.67903,41.3734,84.5956,1.18043,0.7,-7.96866,0.0,40.8748,5.51846,-5.80817,-21.9306,-45.0068,-25.622,94.4802,10.788,23.6534,1.0,0.0,0.238109185461794
F_S_WWS_WM_234,12.3142,-3.51848,9.64618,14.9996,-1.2,1.61,16.4961,4.00111,-18.4549,128.032,-4.42262,0.8,-11.209,0.7,43.536,0.60785,-18.2926,36.8033,107.285,31.4584,-18.7895,66.6381,-97.6897,1.0,0.0,0.2310315766079734
F_S_WWS_WM_235,1.63491,-5.05559,18.7422,17.5872,1.03,-0.17,6.6357,6.78487,-41.8221,-46.3457,0.396017,-0.2,-6.21584,0.8,-0.812286,-12.324,4.24824,24.7258,29.2447,-29.4493,79.9161,-43.251,-57.7208,1.0,0.0,0.2265005972790697
F_S_WWS_WM_236,-7.95396,1.49643,1.55884,9.38687,0.88,-1.07,1.43783,9.80196,-4.0351,77.5608,2.97433,-0.3,-18.0366,1.0,17.5066,-3.84612,5.3187,4.29811,53.9652,-45.5227,-5.64189,-12.9934,128.7,1.0,0.0,0.2256054896179402
F_S_WWS_WM_237,0.967892,2.10049,5.16037,-7.08534,-0.85,-0.94,16.4747,4.67473,-25.4081,-64.9562,-7.24065,0.5,-39.6883,0.8,-19.6951,-0.0874523,-22.835,14.5184,-14.759,39.5858,98.16,57.3929,55.444,1.0,0.0,0.2303677986744186
F_S_WWS_WM_238,5.38701,0.81703,16.636,-14.6737,-0.35,-1.39,6.77434,3.34184,21.0104,55.5389,1.46013,0.6,29.2716,0.0,-12.8697,-7.15705,6.87263,23.3798,42.9624,46.2768,-33.3322,76.2291,8.69341,1.0,0.0,0.2303839383654485
F_S_WWS_WM_239,10.8002,6.86028,-2.97758,-1.90935,0.84,-0.95,16.439,-2.09392,30.4141,30.3365,-11.5263,0.5,36.195,0.5,57.2036,8.01022,-1.78252,-0.262679,96.9013,34.3663,126.003,64.2809,-168.699,1.0,0.0,0.2291772359036545
F_S_WWS_WM_240,12.4822,-7.50444,-6.48716,16.2164,0.71,0.12,1.23852,3.38913,-46.4914,-0.80509,0.759119,0.6,-16.8365,0.9,20.1134,25.7022,5.29959,14.3079,22.8602,-44.0773,114.962,52.6986,15.2008,1.0,0.0,0.2277545549501661
F_S_WWS_WM_241,3.40789,-0.173017,-0.273907,-10.0037,-0.92,0.21,9.65055,-4.74297,6.61181,23.3161,-2.58107,-0.2,-16.3513,0.7,38.8672,-9.78815,-1.85329,-23.6688,-56.2973,46.5323,21.6572,14.4077,-44.2832,1.0,0.0,0.2218662588837209
F_S_WWS_WM_242,2.07089,14.2762,14.5994,15.7486,-0.51,0.09,0.740756,9.7487,-8.10225,83.695,-9.14116,0.3,-13.4203,0.9,-10.5362,21.1562,-0.586023,45.4376,12.2811,29.9635,136.283,2.15251,-118.418,1.0,0.0,0.2589929819036545
F_S_WWS_WM_243,2.68419,10.0841,1.85258,-16.4886,0.33,0.11,-7.5057,8.18437,40.5595,24.7032,3.12307,-0.1,-13.9827,0.9,-0.0869685,-2.49035,14.3013,-1.78316,-43.5876,40.5084,113.675,80.5256,32.9668,1.0,0.0,0.2348380009401993
F_S_WWS_WM_244,-1.0384,-3.68599,3.55271,-3.57234,1.11,0.16,-2.78322,9.66029,-11.6622,4.88408,-7.70345,-0.4,-5.47595,0.9,42.6883,10.2812,-16.4911,34.6327,-53.9249,41.8835,-38.1779,-10.1085,-100.992,1.0,0.0,0.2497018495083056
F_S_WWS_WM_245,8.02721,11.7786,10.1211,-10.5732,2.37,-0.48,17.2891,3.02557,0.0794027,116.979,1.98087,0.0,16.4278,-0.2,-16.8598,6.63619,-14.7617,52.7176,-50.3741,13.0883,45.4243,-40.3591,2.59549,1.0,0.0,0.2748120668870432
F_S_WWS_WM_246,-2.82922,2.20918,-6.27928,-13.4538,0.57,2.42,6.50637,2.45244,-11.5706,-2.84335,-9.37488,-0.2,9.07614,0.7,58.425,28.6083,-7.08726,8.65484,-51.8824,-11.7011,54.1034,77.5939,-166.923,1.0,0.0,0.2400926648106311
F_S_WWS_WM_247,7.30043,1.31931,10.2295,12.5056,0.24,-1.12,-8.92369,1.30529,37.7291,11.0512,-0.980042,-0.2,-38.7153,0.6,19.9708,-6.61564,19.3879,20.7781,53.6096,2.011,-1.97849,27.3332,-149.254,1.0,0.0,0.2346472675946843
F_S_WWS_WM_248,-7.22523,-0.309216,5.67432,-0.870079,2.23,-1.67,-6.14544,2.20785,0.396249,52.1912,-8.29056,-0.2,16.5257,0.0,7.98313,-12.8155,17.4076,-10.9791,128.285,32.3899,132.048,47.6844,52.7462,1.0,0.0,0.2454796180431894
F_S_WWS_WM_249,1.15433,4.3197,14.6526,-10.9198,-0.43,1.35,5.50677,4.86283,-14.6686,-17.9342,-14.6804,-0.2,20.7408,0.1,-24.766,-19.1587,-4.81156,33.4947,79.393,-47.2908,-29.6719,-53.4186,134.885,1.0,0.0,0.2715383547109635
F_S_WWS_WM_250,5.84775,-1.57808,18.6277,0.275609,1.49,-1.23,-3.02137,4.85197,-9.32336,82.7019,-9.41067,0.8,-36.3157,-0.1,-16.3235,19.5412,-10.8781,-24.0637,-17.0164,48.738,35.0139,23.8289,-112.455,1.0,0.0,0.2321218462458471
F_S_WWS_WM_251,7.19238,3.80504,5.21182,-2.40014,-1.08,-1.67,-5.01073,4.80222,20.4568,145.554,-13.1425,0.3,39.1936,-0.3,-20.6237,23.3945,-4.4238,0.364613,-34.2784,20.9243,17.0757,51.8043,95.6528,1.0,0.0,0.2510287871461794
F_S_WWS_WM_252,6.22772,0.168285,-6.60915,-3.77392,1.35,2.34,2.2018,6.21938,29.6766,-89.8343,1.41757,-0.4,22.8675,0.4,5.94671,-13.3236,24.127,-13.582,-7.7495,30.3175,91.3247,51.4262,-43.0811,1.0,0.0,0.2206795124717608
F_S_WWS_WM_253,-0.221488,13.511,19.4458,-5.25255,0.91,-0.59,4.52132,-3.2007,-31.5369,-52.8942,-10.5757,-0.1,-16.1854,0.7,-18.0358,6.96623,19.1499,17.7448,-54.3884,-44.8697,106.451,70.9537,27.5881,1.0,0.0,0.2701503309601329
F_S_WWS_WM_254,-5.35411,1.24426,14.9861,-3.69877,0.93,-0.53,-5.9384,9.93062,21.2435,60.4742,-5.08793,0.2,37.2188,0.4,57.4185,-5.58234,-0.180289,41.1848,55.1332,10.8697,24.9894,-46.073,-72.964,1.0,0.0,0.2412693420033222
F_S_WWS_WM_255,4.25003,12.558,4.4412,10.4067,1.31,-0.93,-3.00575,8.93804,23.6581,128.574,-12.8437,0.3,0.847356,0.3,38.0374,7.24425,-21.1578,12.6295,111.719,42.2998,-6.83368,-36.0107,-146.35,1.0,0.0,0.256323601461794
F_S_WWS_WM_256,3.92431,7.62352,14.8468,10.1364,-1.57,0.2,-4.321,-2.83623,26.9704,65.6677,3.90474,-0.4,-6.64274,0.7,-18.6282,5.28446,-13.9924,31.9278,14.3101,2.25528,26.2424,66.1798,75.397,1.0,0.0,0.2563058920730897
F_S_WWS_WM_257,7.67499,2.53435,15.97,16.515,0.38,1.85,-9.13169,-0.640042,-17.0587,106.685,2.29397,-0.3,7.71707,0.6,26.2153,8.75794,-3.31884,1.97604,-48.7251,43.5382,38.1134,-8.29024,-111.911,1.0,0.0,0.2196607253122923
F_S_WWS_WM_258,-1.4418,2.70905,16.6656,13.9242,0.96,2.13,6.61746,-3.5352,42.3326,-58.4171,3.42379,0.3,-33.4119,0.2,15.2789,26.1394,10.4637,-21.9137,63.7893,7.25828,84.7291,-35.1545,-99.8148,1.0,0.0,0.225193752654485
F_S_WWS_WM_259,8.78978,-5.34889,4.8529,-4.50748,-1.6,-0.08,-6.88473,-1.84039,28.022,68.8934,-11.386,-0.2,-36.3758,-0.1,53.0762,5.13668,12.2938,-9.46379,52.6882,-47.6385,62.1503,4.10828,-46.5373,1.0,0.0,0.2342476155348837
F_S_WWS_WM_260,-3.51899,-1.31148,-1.1388,-7.33107,-1.73,-1.77,6.37069,5.27781,7.38669,67.9762,4.14493,-0.1,-33.6215,-0.4,16.4457,-16.0775,22.8524,10.2101,19.3367,22.123,4.87865,1.40551,-65.5942,1.0,0.0,0.2341550694318937
F_S_WWS_WM_261,13.5116,-2.12248,15.0124,-2.95051,2.32,2.21,0.172799,7.20081,-47.6531,109.582,-3.53949,0.7,-4.60236,0.0,8.18429,10.7241,23.1783,29.7642,-15.3828,34.83,8.10154,81.4034,-42.7554,1.0,0.0,0.232050758192691
F_S_WWS_WM_262,0.223555,4.18995,2.1117,16.8942,1.04,-0.71,18.7332,-1.19796,48.9089,-12.0638,-3.89634,0.3,-4.82007,0.1,-14.8344,-0.914121,-24.0764,53.3761,64.8038,-33.3417,-33.6252,-49.7657,-45.9437,1.0,0.0,0.2483734466245847
F_S_WWS_WM_263,6.65609,-1.55787,-4.93681,1.59994,0.51,1.29,5.24494,-0.900963,33.6654,-90.3368,2.59227,0.4,-16.6277,1.0,32.4802,4.73153,5.92247,13.7899,121.804,33.1532,129.119,11.767,-84.5713,1.0,0.0,0.2217805681328903
F_S_WWS_WM_264,2.77386,-4.99318,13.7386,-19.7136,-0.06,2.14,-3.79186,6.67938,42.9476,39.1053,-2.24455,0.3,0.42168,0.5,23.1013,-4.41586,-23.3503,40.8965,-1.62809,-40.2137,-49.4296,77.0716,-144.421,1.0,0.0,0.2510961383289036
F_S_WWS_WM_266,-3.97892,7.00355,-5.05328,10.8997,-1.22,2.04,-7.90374,-0.371956,48.6847,48.1872,-2.08017,-0.3,13.5717,0.3,12.5839,-6.54749,17.9901,9.87419,116.222,-42.9174,61.3216,-50.2549,57.8101,1.0,0.0,0.2501671789335548
F_S_WWS_WM_267,-2.06414,12.7153,-4.8019,8.53537,-1.78,0.15,5.07045,6.80788,23.8461,92.9042,-4.16834,0.2,-18.1516,0.6,26.7872,8.92369,17.1937,-22.4271,19.1961,-35.0221,144.037,-32.6558,-175.733,1.0,0.0,0.2298699081827242
F_S_WWS_WM_268,11.9226,-3.42358,14.0472,-17.5269,1.11,-0.55,18.2962,4.02436,-1.20435,-53.0807,-9.50299,0.8,13.7857,-0.4,54.8762,4.62244,-6.0545,13.5878,86.4707,17.9518,7.87287,43.7361,-71.3932,1.0,0.0,0.2295935936644518
F_S_WWS_WM_269,13.6918,12.0376,19.9859,4.46638,1.71,2.27,9.94203,7.46222,15.5792,-46.7676,-1.10397,0.5,-14.9321,-0.3,59.3543,-2.65733,12.2312,-11.7899,76.1762,24.0,107.342,-6.74932,-121.886,1.0,0.0,0.2425346968205979
F_S_WWS_WM_270,-5.93534,-4.75871,0.570191,16.9296,-1.3,-0.63,-7.82982,9.06089,5.40305,27.146,-2.34028,0.5,-22.8709,-0.1,10.1477,-11.448,-15.9961,-3.17335,23.4292,34.6269,122.753,-54.0557,-5.8394,1.0,0.0,0.2216706612225913
F_S_WWS_WM_271,-4.78849,-0.948227,17.2089,-18.1868,-1.43,0.68,8.671,-2.71706,6.15086,56.5993,-9.56481,0.3,-38.0618,-0.3,-11.869,-0.14394,25.4095,52.243,37.5586,-30.5558,-0.197107,12.7099,43.3271,1.0,0.0,0.260880892564784
F_S_WWS_WM_272,9.60013,0.586839,-4.27878,-18.8349,0.8,-0.85,-1.52171,7.23357,-27.4549,67.1858,1.64748,0.8,13.9858,0.9,37.1355,7.05442,-20.1551,17.5576,115.443,-7.29189,2.26356,69.4087,47.4082,1.0,0.0,0.2179866971428571
F_S_WWS_WM_273,5.54365,-7.94283,3.19505,7.19619,-0.46,0.56,0.0126929,8.75662,38.0219,-55.4329,4.29155,0.6,10.2429,-0.3,28.13,21.6262,19.841,4.68908,106.395,13.3047,18.3839,-52.7742,-130.722,1.0,0.0,0.2158296159800664
F_S_WWS_WM_274,3.84474,13.0337,-3.28122,-19.2828,1.4,-1.24,16.1712,-3.55434,-2.38142,-29.749,-3.09142,0.7,22.358,0.0,19.7746,16.504,16.4299,-2.68353,101.374,26.3907,-32.228,-7.85264,30.7055,1.0,0.0,0.2356746926279069
F_S_WWS_WM_275,7.05372,0.738763,-1.09279,1.43838,1.6,2.09,1.56286,-1.5399,-36.7985,-64.8447,-7.01683,0.8,-36.989,-0.3,52.7167,-11.0378,-7.73174,5.80449,100.795,0.604939,37.215,-9.11047,-190.702,1.0,0.0,0.228171328448505
F_S_WWS_WM_276,-1.42347,7.77924,14.8062,-11.0433,1.46,-1.18,-2.11525,1.67151,-11.3529,139.198,1.20937,-0.2,-24.197,0.9,19.3399,20.1812,-24.6107,-8.66586,117.672,6.08968,74.9302,18.1854,-182.521,1.0,0.0,0.2286224700531561
F_S_WWS_WM_277,9.76389,1.48148,-5.13615,8.7727,-0.49,-0.87,2.1693,3.72304,15.0696,-43.5462,4.37208,-0.2,18.0495,0.6,-10.9235,19.656,-23.9132,-7.69945,105.616,-33.7104,90.2659,-22.3764,51.7307,1.0,0.0,0.2036920402292359
F_S_WWS_WM_278,-2.04933,10.4441,1.09105,9.47049,-1.03,-1.34,8.00245,-3.8185,-37.5944,-32.9422,-11.7692,0.2,-39.8864,0.6,59.6055,-5.19861,5.91065,19.242,42.2961,-23.6833,46.3447,19.2952,-112.91,1.0,0.0,0.2392203840730896
F_S_WWS_WM_279,1.36342,-3.75004,2.47944,-2.30357,-0.7,0.92,-5.212,9.15599,32.4818,44.126,-8.82492,0.1,32.4805,0.4,-9.5336,-15.2414,28.444,-21.6806,90.9818,-14.8187,-26.0368,-8.39846,88.175,1.0,0.0,0.2275450603554817
F_S_WWS_WM_280,-6.47263,-7.03516,17.8458,-6.55448,-1.54,-0.92,8.49563,-2.34034,-22.6785,66.6108,-0.353306,0.0,-26.9433,0.0,44.0509,27.7251,-16.9724,27.2045,35.8308,29.6604,121.706,24.772,-146.552,1.0,0.0,0.2315876789202657
F_S_WWS_WM_281,14.5951,13.5628,0.642842,-14.8876,-1.39,-0.99,16.6591,5.55613,5.54013,-12.5098,-2.8508,0.4,-22.3548,0.8,58.8145,-16.546,3.26379,21.1602,-18.8161,22.9069,-35.4958,-16.1829,-107.237,1.0,0.0,0.2601462334916943
F_S_WWS_WM_282,-7.89774,9.4999,16.8649,-12.6474,1.92,2.22,0.248699,-4.02478,-9.93561,-24.8423,-10.5382,0.6,24.8703,0.5,-14.4984,26.0436,4.06417,13.0156,94.062,-39.8944,63.4463,33.379,18.0395,1.0,0.0,0.2557579786179402
F_S_WWS_WM_283,11.5401,-3.11507,19.3567,6.48823,-0.56,-1.76,-0.236057,7.10315,30.7436,96.7235,-3.08057,0.0,18.6468,0.4,-7.77825,-17.8447,-7.9263,22.9602,-32.4726,28.8659,60.4216,-23.3727,-107.926,1.0,0.0,0.2348997341362126
F_S_WWS_WM_284,-0.429287,12.0886,-3.26471,-0.155666,1.66,-1.01,15.5182,9.05396,27.0728,29.5847,4.70196,0.6,-28.189,0.5,-15.3336,-16.2434,-8.61486,22.5523,-30.1256,47.4491,128.407,-37.7172,-47.5564,1.0,0.0,0.2581077143322259
F_S_WWS_WM_285,-4.51749,-3.06863,9.00653,4.73164,2.35,-1.41,4.58587,-0.0932522,-39.8811,-26.4604,3.0374,-0.1,28.5731,0.0,-10.5937,8.25393,-14.3899,-6.33228,43.5731,18.5468,79.2354,-2.52697,-159.25,1.0,0.0,0.2197113791229236
F_S_WWS_WM_286,1.80063,14.9076,-3.21118,-4.90108,-1.69,-1.27,3.12244,2.60881,2.22937,-92.5715,0.336701,0.2,-2.42464,0.8,-20.1932,22.2204,21.2375,-10.6527,28.6437,9.11821,135.647,49.991,6.59501,1.0,0.0,0.2426359428006644
F_S_WWS_WM_287,14.0354,4.41639,19.251,-9.94093,2.15,0.89,0.854275,-3.27975,3.22664,-42.7217,2.88258,0.7,-12.9431,0.7,27.0889,9.3268,-15.1465,15.7063,16.3146,-9.58714,44.9152,89.9986,-78.6138,1.0,0.0,0.2189304364019933
F_S_WWS_WM_288,11.419,7.45066,5.60229,-1.20903,-1.73,2.02,13.0948,-4.96718,-16.5115,2.99137,-1.68298,-0.1,-38.3837,-0.2,46.0644,-0.59974,21.445,10.8624,30.2894,22.4668,141.854,20.7568,-81.6357,1.0,0.0,0.2443836114252491
F_S_WWS_WM_289,9.44002,2.63817,-7.66054,-10.5229,0.96,-1.43,18.797,7.16953,-13.4742,-28.51,-0.89665,0.1,30.2015,-0.4,18.7559,-1.6476,14.1683,32.0645,-25.9332,10.7233,-39.5577,-29.1427,-168.493,1.0,0.0,0.2585555501594684
F_S_WWS_WM_290,7.9238,10.8823,5.29618,1.64216,2.21,-1.7,4.87846,1.28015,-14.9909,131.088,-13.3842,0.8,-20.9077,0.6,6.66423,-9.13248,-10.6542,5.54563,-13.8392,4.37627,140.507,0.438993,61.6875,1.0,0.0,0.2532810883421927
F_S_WWS_WM_291,-5.40066,12.7748,12.3707,0.350041,1.63,1.46,4.96232,9.42964,25.1006,85.5621,-4.2394,-0.1,27.5618,-0.1,-20.1374,-1.76706,6.1639,19.6784,109.545,-22.2807,-17.3021,84.9481,40.6988,1.0,0.0,0.2804475991827242
F_S_WWS_WM_292,5.73214,7.19271,15.1837,10.3931,0.78,-1.52,10.7571,5.26305,-1.1386,-62.0949,-6.82612,0.7,-19.1703,1.0,56.7133,29.9001,1.35449,6.49994,-12.7259,-13.0713,56.2382,-34.2597,42.7355,1.0,0.0,0.2468629884053156
F_S_WWS_WM_293,-1.39565,12.7991,-4.35052,3.51466,1.37,-0.34,14.2918,6.28443,-10.7417,-87.8173,-1.46429,0.2,-4.29385,-0.3,13.6217,25.4316,-4.7306,3.95206,64.9182,28.4732,20.9089,87.7202,-193.562,1.0,0.0,0.2484192593488372
F_S_WWS_WM_294,1.50477,-6.06324,16.6952,-2.00787,0.65,0.09,8.85235,1.41637,22.3846,125.647,-10.6305,0.6,2.11806,-0.1,11.4054,25.1581,-16.2653,41.5112,76.5191,49.9911,114.366,-15.3953,148.354,1.0,0.0,0.240341625358804
F_S_WWS_WM_295,13.6247,11.5408,-4.66255,11.9434,-1.49,-1.37,11.1962,-0.157038,-5.34677,51.713,-1.49726,-0.1,12.2241,-0.3,-4.38629,-4.73001,5.13796,-15.1237,34.927,39.7311,50.4784,-48.3214,69.1962,1.0,0.0,0.2295272724584717
F_S_WWS_WM_296,12.7505,-3.26668,6.15034,-7.88473,1.41,-0.21,15.6385,2.68901,10.4233,-1.84681,-3.44487,0.3,-33.3353,0.1,46.4939,-2.60646,29.0666,-24.1021,113.506,24.3042,116.648,79.4331,65.8474,1.0,0.0,0.2287019867641195
F_S_WWS_WM_297,13.3154,4.54897,19.8819,10.1903,1.28,-0.26,8.1353,6.36584,14.8353,15.1127,-13.1998,0.6,-21.2102,0.7,-22.4316,15.9456,-5.11105,27.9334,112.035,35.442,97.2759,55.803,48.8339,1.0,0.0,0.2375594874119601
F_S_WWS_WM_298,7.03106,-2.36482,12.4279,-8.14613,-1.71,-0.83,-9.92392,-2.96069,-28.0041,12.9036,-8.59508,-0.3,12.3996,0.6,33.3036,21.2939,-14.5641,-8.00881,124.488,16.7698,47.1837,-16.4157,97.4683,1.0,0.0,0.225454694833887
F_S_WWS_WM_299,10.2562,-1.84284,0.0211153,2.64876,-0.33,1.8,4.08152,-2.45441,43.6365,81.4043,0.477623,0.0,34.0795,0.3,0.563805,9.1898,-25.7048,15.5143,108.355,9.63446,-47.5176,88.1792,-158.546,1.0,0.0,0.230378150551495
F_S_WWS_WM_300,3.94595,1.2949,19.4247,-12.1299,-0.74,-0.29,11.325,0.678617,-10.9234,49.7894,4.93685,0.6,2.26151,0.6,35.3033,-17.8902,-23.6194,-11.9808,88.8281,-7.72288,43.046,2.51209,148.89,1.0,0.0,0.2069989088671096
F_S_WWS_WM_301,-1.2433,-2.1805,-5.41271,-2.47286,-1.23,0.49,-6.28889,-3.85437,36.6154,135.903,-1.84638,0.1,23.0146,0.6,34.0607,29.362,2.45387,27.5635,-31.7729,12.2872,8.52555,-4.80833,-183.844,1.0,0.0,0.2299017358870432
F_S_WWS_WM_302,14.9612,2.40071,0.300317,1.99411,0.43,-0.05,-3.22732,-0.935731,18.5061,45.2784,-12.4612,-0.3,28.4221,0.4,12.6605,-18.0893,-22.4699,34.9708,0.4319,-37.0613,-57.6126,-28.7612,-128.633,1.0,0.0,0.2683584796710964
F_S_WWS_WM_304,11.6489,2.86378,11.2127,-8.49544,1.91,-0.5,7.02122,-0.160129,6.32423,137.129,-14.3827,-0.1,-5.56949,0.1,58.6442,18.7647,-11.1183,48.746,123.776,-24.8314,27.3181,63.6225,-101.49,1.0,0.0,0.2709526858837209
F_S_WWS_WM_305,2.88578,5.73816,3.7594,11.6635,-1.61,2.05,-6.83014,1.71567,-37.2904,-61.6196,-8.26742,-0.3,-12.1238,0.3,-7.64911,24.2013,20.1297,30.3321,-23.9172,-45.7609,41.5985,43.2712,88.6815,1.0,0.0,0.2516436850398671
F_S_WWS_WM_306,4.34403,-7.79045,18.5251,16.2913,0.58,1.51,3.22681,9.89428,-45.0098,117.447,-2.67495,0.8,-21.1268,0.3,29.1265,-10.3349,13.3125,-11.5905,39.2943,10.2992,11.8839,-19.9316,89.5178,1.0,0.0,0.2115010073056478
F_S_WWS_WM_307,-5.58072,-1.6187,-7.23821,-1.45477,0.95,0.9,16.7411,1.87136,47.7597,128.917,-5.47794,0.1,-1.01521,0.1,5.7541,1.88041,-9.5922,-15.8599,114.399,22.6932,118.609,-34.5028,-37.229,1.0,0.0,0.2236815230033222
F_S_WWS_WM_308,-1.57663,-1.09839,6.78325,18.5492,0.53,1.54,7.80453,5.99262,33.1547,-38.8581,-13.4194,-0.3,38.2036,0.2,-1.3985,13.7672,28.0424,34.1731,5.43624,-15.8874,3.08829,86.4245,-172.79,1.0,0.0,0.2611143236112956
F_S_WWS_WM_309,14.1591,8.12559,-1.71391,-1.18113,2.11,-0.04,17.0488,9.73358,-14.1848,25.839,-14.1889,-0.1,-14.1848,0.1,33.4087,17.8084,16.1799,22.215,122.614,26.9625,86.2692,-40.6231,-70.2568,1.0,0.0,0.2728583949302325
F_S_WWS_WM_310,1.02742,8.82451,1.96234,-15.7196,-0.49,-0.4,17.1081,1.12328,30.4841,7.67427,-14.3227,0.7,-13.2244,0.9,5.35008,6.56457,-13.3455,0.196185,27.4252,-44.772,130.506,25.7586,-105.167,1.0,0.0,0.2472540823754153
F_S_WWS_WM_311,-1.1241,-1.44458,14.8941,-9.31082,-0.16,1.79,4.81673,-4.32706,37.4084,18.3303,-14.9535,0.1,-32.4086,0.5,3.82697,13.5394,-6.39725,-2.49608,-55.7087,-7.888,-59.8167,1.65151,-156.493,1.0,0.0,0.2602486873953488
F_S_WWS_WM_312,11.1126,5.0649,5.9484,17.7853,-0.51,-1.4,11.8859,5.2019,-41.4857,-40.6129,3.7247,0.7,3.80026,-0.2,42.6311,-17.3981,6.37938,-17.2237,-25.0496,9.18631,-22.4838,9.23363,93.265,1.0,0.0,0.2204944551196013
F_S_WWS_WM_313,4.51894,-2.71435,-2.3958,-6.65489,-1.09,-1.74,-3.23126,-1.35035,-28.5944,118.225,-10.8118,0.8,-23.907,0.3,19.6448,2.95753,16.3292,43.1894,11.8435,-27.0774,28.8918,7.18355,135.814,1.0,0.0,0.2411898032292359
F_S_WWS_WM_314,2.84412,0.34647,0.0592328,17.6739,0.77,1.83,15.5814,7.91486,2.34503,-74.3475,-1.40184,0.5,35.6788,-0.3,13.827,3.49829,25.0691,50.6882,84.5339,20.3957,52.48,35.6355,78.3736,1.0,0.0,0.2414990440830564
F_S_WWS_WM_315,-4.55556,3.895,8.94136,-13.4166,1.72,-0.6,11.6052,4.4852,16.1003,50.7281,-3.81558,-0.1,-10.2403,0.8,51.0832,-14.0563,26.1902,25.6208,-11.8919,-5.24025,-34.539,40.3375,140.186,1.0,0.0,0.2453858375714285
F_S_WWS_WM_316,8.13704,1.84053,15.6019,15.7932,0.77,-1.13,17.4985,0.178346,-18.0008,-63.0264,-10.6622,-0.3,-37.7944,-0.2,23.9763,2.14968,-13.6652,-18.0836,94.8608,33.0452,62.6375,26.1701,-186.477,1.0,0.0,0.2343575136146179
F_S_WWS_WM_317,7.61576,-2.08584,9.25048,-2.06074,2.49,-1.58,-4.10263,3.0795,-43.5714,-67.3735,-4.60972,0.2,16.1855,0.9,20.6025,1.67658,19.365,-16.5754,21.149,-10.3004,29.4231,-19.194,139.083,1.0,0.0,0.219746271475083
F_S_WWS_WM_318,-7.13859,-7.36357,5.34268,-11.6574,0.47,1.47,13.9392,6.43901,-19.921,141.354,-0.925265,0.1,28.0516,0.2,-9.03067,16.2567,23.6412,29.0546,77.0487,45.2412,56.0321,52.1454,-103.728,1.0,0.0,0.2354616235747508
F_S_WWS_WM_319,3.81305,-6.73659,0.517518,-3.31192,0.7,2.46,6.73566,0.550374,12.9162,-20.6931,-0.33828,-0.2,36.5894,-0.1,-10.0766,28.3408,11.9657,22.4806,-51.1018,13.642,17.3783,-45.6562,-68.1126,1.0,0.0,0.2285943965813953
F_S_WWS_WM_320,8.85139,10.9891,8.31232,6.66824,-0.88,-1.62,-5.18334,-0.838345,26.2574,-11.2609,-9.86611,0.3,-1.75144,0.8,-23.355,23.6506,10.633,46.2599,110.729,-46.2295,62.7956,9.03106,27.4284,1.0,0.0,0.2511602309435216
F_S_WWS_WM_321,12.5445,12.6951,-6.15302,-7.76348,0.55,1.95,-8.52558,1.97035,17.3019,14.8661,-1.22459,0.2,6.00033,0.1,49.5611,28.8385,21.8699,-10.9055,69.1513,6.19894,36.3244,-35.4888,138.52,1.0,0.0,0.2299740138637873
F_S_WWS_WM_322,8.22373,14.7945,-5.51231,-19.3203,1.1,1.41,17.4485,1.14789,-5.2707,-75.8094,-2.37348,0.3,-13.5945,0.5,-2.22129,-5.27623,17.6737,2.71491,1.92591,-49.3805,42.7231,-43.8154,-152.187,1.0,0.0,0.2432073397574751
F_S_WWS_WM_323,-5.30894,2.59603,1.94322,-8.72595,1.74,0.02,15.0607,7.79115,-36.3385,38.5029,-5.37978,0.2,-33.5641,-0.1,-19.359,22.0625,-26.5341,-3.49731,107.976,0.272774,145.939,44.065,-130.157,1.0,0.0,0.2407135535315614
F_S_WWS_WM_324,-3.54572,-1.2177,-4.20175,6.9087,-0.78,-1.32,12.5627,8.73415,34.2574,123.084,-4.90479,-0.3,-13.3259,-0.2,-7.47745,22.7164,-14.858,40.447,-4.02362,-13.3279,115.658,67.5647,-174.355,1.0,0.0,0.2697019448936877
F_S_WWS_WM_325,4.07337,-1.68879,17.7434,9.36038,-0.28,0.22,16.0067,-4.30345,-34.0052,115.842,-1.51735,0.1,-31.0162,0.4,31.4591,-4.4384,2.72946,3.17062,-45.501,-49.6043,91.7901,-7.28688,-197.095,1.0,0.0,0.2109587689667774
F_S_WWS_WM_327,0.578123,2.27971,9.94859,-18.5218,1.89,-1.4,2.07114,1.96365,-7.87191,-22.6639,1.87187,0.4,-39.4617,0.6,-11.659,16.0878,29.4995,25.2039,42.623,-28.9677,70.601,65.4928,117.88,1.0,0.0,0.2389897853654485
F_S_WWS_WM_328,-4.64991,10.8228,17.6653,0.627791,0.52,0.86,17.6039,6.51122,29.2445,87.3078,-0.222949,0.3,-10.855,0.0,33.0101,-13.448,24.0058,26.2915,-57.4584,29.8563,68.4703,-53.6718,-138.686,1.0,0.0,0.2454337090797342
F_S_WWS_WM_329,-0.691483,7.53214,14.9443,-8.45043,2.4,1.25,6.47098,0.429876,30.7141,-5.30879,-3.02358,-0.1,-0.615178,-0.2,59.2509,-17.9923,-4.91649,30.5582,21.8469,41.0286,133.31,-45.1614,93.6969,1.0,0.0,0.2569537384983389
F_S_WWS_WM_330,14.8494,9.39904,19.7403,3.21728,-0.75,-1.04,-6.42852,1.36552,5.1957,2.28945,3.5865,0.4,25.6196,-0.2,9.98785,7.33804,-22.1975,7.58401,3.22246,21.3981,106.687,18.9376,126.947,1.0,0.0,0.2344136197607974
F_S_WWS_WM_331,10.586,1.00995,13.4826,7.96967,-1.17,2.11,8.3587,-1.64504,-37.8606,130.283,-10.4429,0.0,36.9015,-0.2,26.1141,-10.284,-23.7288,42.5289,100.212,-19.3371,-51.3009,-20.6588,45.6537,1.0,0.0,0.2429838319468438
F_S_WWS_WM_332,5.63807,-3.43814,15.7931,7.30633,-1.77,0.27,12.0608,4.74947,8.21663,-92.2399,-1.37703,0.4,-20.162,-0.3,-16.1026,-17.6361,-4.59733,-1.33546,6.68258,-17.6554,55.4154,-13.9458,81.3644,1.0,0.0,0.2215861747375415
F_S_WWS_WM_333,13.545,9.84003,-0.499089,-4.03165,1.8,0.55,2.37659,9.8686,17.4565,-66.3368,2.20959,-0.3,-5.60642,0.5,-21.1481,4.99187,0.530137,23.0463,80.7643,41.6849,-46.2898,42.675,-162.86,1.0,0.0,0.2682849100830564
F_S_WWS_WM_334,10.2953,-5.80348,-3.97651,19.2681,2.36,2.25,7.57503,5.91881,26.0856,-63.4925,-3.96946,0.0,-1.0535,0.4,0.642986,11.0792,-18.3488,19.8868,1.11919,0.0909229,146.432,-4.69452,63.7962,1.0,0.0,0.2320225819069767
F_S_WWS_WM_335,3.98138,6.02578,-6.42705,16.6888,2.2,0.76,-5.08257,4.75031,-28.8902,-64.0702,-0.873988,0.0,-0.141037,-0.2,-24.2463,-1.57356,17.1321,41.1256,6.30713,41.3073,26.0093,-20.4731,-105.964,1.0,0.0,0.254759506
F_S_WWS_WM_336,-2.73459,14.4885,10.9803,10.2719,-1.24,-0.52,6.01954,1.49856,-27.3903,-32.6618,-13.7654,-0.3,-23.7475,-0.2,10.5327,1.1944,-22.9689,-4.66281,91.8881,-35.7358,-0.687429,-10.0153,130.385,1.0,0.0,0.2573796329900332
F_S_WWS_WM_337,0.485376,-1.79022,7.94027,19.1819,1.43,0.77,-9.89439,5.46766,32.0757,35.6164,-5.95721,0.8,-32.9958,0.1,54.4999,-11.8715,-27.5163,12.0772,120.104,25.6094,-5.39398,26.8087,-51.4571,1.0,0.0,0.2206332519999999
F_S_WWS_WM_338,9.48387,10.1073,-4.88153,-5.45173,0.41,-1.04,17.1947,9.88094,45.725,124.721,-2.73426,0.0,35.3009,0.2,-11.5755,-4.24152,-20.2315,7.9137,4.24155,-10.1332,-22.5075,30.6879,106.988,1.0,0.0,0.2543449524352159
F_S_WWS_WM_339,5.3344,-4.93146,-1.42886,9.92113,1.33,1.59,18.414,-0.402171,-35.055,35.2679,-10.0082,-0.1,-15.7797,0.4,7.30739,-12.2769,-25.0979,-9.78623,7.27882,-43.5174,5.60799,2.94371,133.222,1.0,0.0,0.2299071351129568
F_S_WWS_WM_340,-2.32102,-4.42296,11.3489,-4.67531,0.35,0.51,19.2499,9.51431,-38.2635,-27.3067,-6.39124,0.0,5.58556,0.4,30.9092,-19.2919,-24.9713,-20.4376,111.342,26.0964,-15.7481,43.5469,-43.7585,1.0,0.0,0.2224374021096345
F_S_WWS_WM_341,-4.97236,-2.65602,12.0259,5.49031,1.14,-0.26,14.4313,0.521936,-47.0265,-14.4551,-0.0769903,-0.2,-35.4985,0.1,26.629,24.0664,-5.97266,32.8625,54.2156,-0.225372,-4.61546,-47.325,139.751,1.0,0.0,0.2400259419202657
F_S_WWS_WM_342,-5.87982,1.55394,10.0661,18.8625,-1.35,1.12,-0.942221,1.21741,-18.3253,-84.114,-9.90453,0.4,-10.8872,1.0,24.3726,23.1316,1.66263,4.7929,108.891,-30.0856,-14.4892,61.5793,-157.568,1.0,0.0,0.2251920370132891
F_S_WWS_WM_343,-6.32991,3.83745,12.0419,-18.8721,0.37,0.59,19.0692,3.6922,49.2893,10.2517,-14.5269,-0.1,-28.5063,0.7,18.6404,-4.18289,-0.660401,-14.5609,87.0901,-18.5243,39.3032,-43.6017,103.999,1.0,0.0,0.2460769793355481
F_S_WWS_WM_344,6.20808,3.31576,10.7985,18.3301,1.59,-0.22,-8.33386,7.64278,-33.4666,-65.8647,-13.7773,0.8,14.493,0.5,-4.22358,-2.01732,-24.1291,38.4497,-28.5142,27.4636,81.5825,37.0564,-60.7902,1.0,0.0,0.2352751288737541
F_S_WWS_WM_345,-1.63974,9.31955,-4.5816,19.7768,1.18,0.84,-7.25578,-0.877639,47.9153,-39.5349,4.59889,0.1,-8.2692,-0.2,9.52686,10.5311,-9.7603,1.06402,98.9452,43.2338,39.8811,29.0997,105.553,1.0,0.0,0.2312106909401993
F_S_WWS_WM_346,0.332503,14.4037,3.12827,-8.62491,-0.18,-1.63,10.5353,-2.02046,43.0641,-81.4516,-1.31163,0.6,8.83937,0.3,43.6951,-10.0433,-12.4623,37.3579,5.32761,34.0184,-5.04661,56.7958,114.208,1.0,0.0,0.2568344487408638
F_S_WWS_WM_347,-0.473037,13.6551,7.28715,16.4632,0.22,-0.45,12.8766,2.85356,4.80683,30.9418,-9.65864,0.8,-5.18552,0.7,-2.02852,12.7063,-27.6812,21.5156,-52.7742,9.3598,-55.2232,-19.4294,83.5642,1.0,0.0,0.2651154892425249
F_S_WWS_WM_348,-6.27783,-0.783989,12.9271,-7.37605,-0.53,0.94,-2.30362,8.23073,40.9023,-23.8102,-5.4467,0.6,20.1726,-0.4,58.9702,-16.0472,-16.7554,12.5853,-2.22323,-15.2432,125.788,54.518,-82.9837,1.0,0.0,0.234135037910299
F_S_WWS_WM_349,3.15792,3.73065,14.0155,5.3823,-1.27,1.07,8.93641,9.84712,45.6116,94.9647,-12.5037,0.3,31.5435,-0.3,13.0789,24.4482,15.3211,25.993,97.8507,28.831,81.1154,56.449,-131.02,1.0,0.0,0.2477587600764119
F_S_WWS_WM_350,13.4581,-6.79542,14.6127,-6.74857,-1.29,0.23,-4.2173,7.70076,-33.602,70.9935,3.60083,-0.2,18.5584,-0.3,-2.61646,13.3578,12.8251,-16.8857,15.2655,36.0278,-19.5615,-2.16728,-48.5334,1.0,0.0,0.2275049462392026
F_S_WWS_WM_351,4.84757,13.0059,1.74703,17.24,0.15,2.15,-0.147528,-4.09049,-3.75876,53.2789,-0.817519,0.3,-27.9788,-0.2,-16.495,0.833722,15.4496,5.29214,127.109,-7.53458,35.8837,-17.9835,147.043,1.0,0.0,0.2582655579601329
F_S_WWS_WM_352,-3.17322,14.2414,18.4322,8.29903,-0.4,0.4,-1.5856,-1.49466,-30.0122,22.9067,-0.300608,0.8,1.99376,-0.1,31.6455,28.8627,10.7747,41.7755,47.9311,-13.8272,30.106,7.57855,78.6861,1.0,0.0,0.2540708344983388
F_S_WWS_WM_353,9.31104,-7.39272,11.1683,-14.2673,1.12,0.99,-6.9402,1.60513,15.4103,89.1901,-0.0932664,0.3,-23.4371,0.3,53.8794,29.653,-21.9431,15.099,81.5343,-17.0359,149.714,-5.61891,-55.1418,1.0,0.0,0.2182117503388704
F_S_WWS_WM_354,8.12596,-6.67286,11.9785,-8.98283,-0.81,-0.39,-6.73768,6.1938,11.4337,118.117,-7.99107,-0.4,27.7914,0.2,-17.5656,14.8317,20.758,43.3811,58.1828,-49.8203,41.3639,-58.6145,-116.689,1.0,0.0,0.2396371552292358
F_S_WWS_WM_355,1.86703,-4.6621,13.6343,-7.13771,1.76,0.71,-5.86515,-4.4013,-8.60109,-17.3792,2.94954,-0.4,0.157388,0.4,56.3069,18.612,26.8253,8.11013,123.199,27.7021,14.3116,17.2681,-122.695,1.0,0.0,0.2262852419833887
F_S_WWS_WM_356,-3.61504,-6.45093,14.4931,-9.03637,2.29,-0.06,19.7522,0.491693,33.3304,57.6658,2.88953,-0.2,-7.56957,0.6,33.2672,8.37078,6.21442,9.26996,94.3988,-17.869,119.175,86.2322,-31.641,1.0,0.0,0.2253389880730897
F_S_WWS_WM_357,11.617,13.9885,16.4494,-13.2253,-1.5,1.66,9.49699,-2.93264,-24.6629,90.519,-5.0181,-0.3,25.4068,0.6,13.5794,19.4566,-1.31774,-23.5018,-50.562,-34.3143,18.7359,53.2325,-132.207,1.0,0.0,0.2494899118073089
F_S_WWS_WM_358,5.4187,6.41443,7.82808,-6.61939,1.35,-1.19,7.91727,4.18703,-39.5568,64.7429,0.421409,0.4,-9.20463,-0.2,-15.5479,20.8719,27.7582,53.7426,10.2358,42.1983,137.682,61.7457,-176.855,1.0,0.0,0.2602536639136213
F_S_WWS_WM_359,2.37588,-6.38791,-0.87376,5.30754,1.44,2.14,18.6772,-0.988683,12.4493,148.181,-7.92863,0.6,19.7468,-0.2,3.28324,-7.58902,2.08518,34.8248,96.8637,-35.3489,21.3784,69.6224,-40.2284,1.0,0.0,0.2286931471295681
F_S_WWS_WM_360,-0.747814,3.04446,16.915,0.165864,2.39,0.5,-8.6869,0.906423,-38.7447,-36.1935,-12.3884,0.0,-19.3227,0.3,11.616,27.2134,0.347212,20.2945,-5.06857,44.7741,126.505,51.5428,-187.497,1.0,0.0,0.2487664737475083
F_S_WWS_WM_361,2.8104,1.6694,11.7988,18.3652,2.35,0.01,19.6107,-2.17657,17.7035,78.4531,-13.3023,0.6,-5.00691,0.2,18.0641,12.4071,-13.5425,-20.7425,86.7176,3.57326,-13.2865,54.3636,136.244,1.0,0.0,0.2389161341594684
F_S_WWS_WM_362,1.20711,9.41738,9.5308,-1.07127,2.47,2.5,7.22347,4.91627,34.773,120.828,2.76623,-0.2,6.46758,0.4,58.695,11.5283,6.77011,18.7916,44.542,3.2606,36.7026,-6.36975,-198.146,1.0,0.0,0.2497127691694352
F_S_WWS_WM_363,8.67264,11.2424,11.9546,-5.96281,2.38,0.17,14.1884,8.78816,21.4809,-8.33879,2.35115,0.5,-1.27164,0.9,23.2965,3.21889,17.3063,52.9781,60.8169,-11.0801,100.947,-5.15437,118.253,1.0,0.0,0.2633750665813953
F_S_WWS_WM_364,7.98791,11.59,19.6197,-17.4366,1.57,1.81,-3.78131,-1.79265,22.2452,-63.6515,-8.49431,-0.1,28.3363,-0.2,24.8546,15.5748,-15.1906,35.6022,36.3962,5.53025,123.629,36.0543,-170.943,1.0,0.0,0.2637504383820598
F_S_WWS_WM_365,-0.9414,9.16835,11.8847,1.71706,2.12,1.47,-5.33695,-4.50356,11.0413,-91.538,-8.42369,0.0,5.8797,0.1,-11.5129,-15.5052,-5.57883,45.9545,125.062,35.4192,7.74439,16.1663,-1.72516,1.0,0.0,0.2544905035348837
F_S_WWS_WM_366,-2.12652,-2.92043,10.8535,17.9469,1.78,0.46,17.5953,-0.0774861,43.2239,5.50685,-3.88322,0.3,24.4654,-0.4,44.3144,24.3002,12.5548,6.68629,6.81047,-34.7361,-31.1444,13.0898,-127.21,1.0,0.0,0.2327571503355482
F_S_WWS_WM_367,-1.48067,12.4366,10.28,13.8782,-0.27,2.08,5.64358,4.26591,-28.2529,36.6587,-4.19927,0.5,-30.9238,-0.3,44.1145,6.26847,-0.0114416,54.0266,27.8576,32.5931,-13.8043,-50.7219,-189.558,1.0,0.0,0.2671480205847176
F_S_WWS_WM_368,2.16049,14.8068,-0.445845,-9.62795,0.34,-0.69,-5.68636,-3.35797,-16.0728,36.2341,0.671944,0.0,20.4228,0.4,-23.6682,2.13762,-21.5449,36.8671,79.0221,39.3492,103.843,-41.9721,110.946,1.0,0.0,0.2604441299036544
F_S_WWS_WM_369,14.2746,-7.30354,17.9064,-12.8253,-0.23,-1.0,14.6135,1.24,-26.7376,-31.1449,-11.5907,-0.1,30.6858,0.2,14.8051,-9.30925,24.5642,24.9023,-0.150447,-2.83929,38.6138,-14.5143,98.5961,1.0,0.0,0.2383636166013289
F_S_WWS_WM_370,0.0321028,14.4162,16.5636,4.08502,1.56,0.97,14.0934,-4.58198,-8.4606,-37.3915,3.23229,-0.3,-14.9819,0.3,1.24733,-3.34723,3.94085,-2.00967,44.1109,19.0562,148.058,8.56311,145.963,1.0,0.0,0.2260337443122923
F_S_WWS_WM_371,7.15261,3.67897,-7.871,1.38921,-1.15,1.98,-2.93004,8.5266,-8.92593,90.273,-12.4167,0.2,-18.5388,-0.3,47.8279,-14.9851,-18.9918,-0.384915,-12.8169,24.0643,-45.1738,-9.70051,-123.595,1.0,0.0,0.2366188952624584
F_S_WWS_WM_372,-5.43353,2.2491,-1.59471,14.6848,-1.1,2.24,10.8492,7.42514,-29.8766,46.9333,2.22963,0.1,-28.6427,-0.4,59.5076,-7.83249,-0.704175,14.3318,-5.3357,-31.738,73.9349,-23.9256,98.1639,1.0,0.0,0.2237032859833886
F_S_WWS_WM_373,2.56111,0.454952,11.6737,1.91896,1.85,0.64,19.9271,-1.72269,-11.2404,-13.1895,-12.7985,0.5,9.28576,0.3,-13.6907,-12.9642,-29.7375,-17.9474,-40.2496,41.5646,101.901,-25.429,-139.33,1.0,0.0,0.2334693580664452
F_S_WWS_WM_374,-7.86397,14.5624,14.7193,0.805103,0.64,0.14,16.359,4.12307,-5.04534,-44.7844,-9.62279,0.5,14.3055,0.8,2.88088,5.34397,8.62141,20.2547,91.4513,47.1253,87.9634,-57.3813,-7.74828,1.0,0.0,0.2634605020299003
F_S_WWS_WM_375,7.84568,12.9478,-7.92613,-2.22962,-0.76,-0.79,7.5682,4.65175,8.39538,106.244,-13.9971,0.1,13.1504,0.7,55.0952,7.1754,-12.3933,37.95,-56.0634,1.94394,-10.2436,82.6033,-34.7023,1.0,0.0,0.2901705972126245
F_S_WWS_WM_376,9.5338,-5.61979,10.4146,0.173714,0.05,2.33,-7.68093,3.21573,-39.6617,24.6649,-10.9848,-0.2,20.5469,0.7,22.7503,13.9426,-2.22478,36.2583,-29.7137,14.1063,-25.5642,73.4766,145.119,1.0,0.0,0.240976390192691
F_S_WWS_WM_377,6.59004,13.4543,16.0419,15.6572,-1.28,-0.74,4.14508,6.6148,-26.2223,-53.3626,3.33563,0.7,33.5095,0.2,23.6494,9.24327,-23.2451,-11.338,105.041,6.61633,10.3986,67.1766,-147.121,1.0,0.0,0.2294442421495016
F_S_WWS_WM_378,-5.85281,11.4331,6.66028,10.0776,-1.76,1.26,3.68875,8.27648,-48.2206,-50.8239,-10.4232,0.4,19.3068,0.3,25.5269,-3.42303,-4.24254,6.63292,-7.07266,1.38409,-18.2984,-45.4098,36.4189,1.0,0.0,0.2466281279501661
F_S_WWS_WM_379,4.64433,-3.60484,2.92762,7.73074,1.5,0.79,-2.86282,0.60241,-48.4737,87.8047,-3.58177,-0.4,-2.10274,1.0,-11.1022,-3.76751,-2.77237,-8.19073,102.337,-17.4333,-55.9908,52.4174,-76.5285,1.0,0.0,0.2288647548770764
F_S_WWS_WM_380,5.67397,14.5288,0.807548,-4.35435,-1.44,1.61,11.7567,9.02932,-39.7583,146.815,-0.743109,0.0,33.8092,0.4,14.2119,7.56756,27.6696,43.8311,-49.1799,7.83182,19.207,-18.9778,-60.3991,1.0,0.0,0.2673877953156147
F_S_WWS_WM_381,-2.90758,9.13463,2.88421,-9.32652,1.31,-0.81,8.38636,5.5701,-31.4208,116.714,-8.47613,0.5,19.8356,-0.3,1.84827,-19.6366,-24.3739,15.1146,55.8722,30.8079,65.8409,68.4052,146.609,1.0,0.0,0.2642217577707641
F_S_WWS_WM_382,1.89212,-7.68803,2.73007,15.3968,-0.44,0.25,19.6459,-0.785801,-1.86547,-9.33251,-10.1392,0.1,10.8328,0.9,28.0148,15.8398,-8.36349,28.8714,22.4127,18.5936,49.4075,89.4154,-71.723,1.0,0.0,0.243290140950166
F_S_WWS_WM_383,-2.60186,7.7218,-7.75726,-10.7556,2.08,-0.56,-5.14719,9.28748,23.5045,-0.991177,-5.23517,0.0,-3.96847,0.3,-23.244,5.62955,27.3481,31.2438,55.5281,-49.9954,127.691,37.5974,-35.403,1.0,0.0,0.2768581106677741
F_S_WWS_WM_384,8.59772,4.63143,0.156322,4.84134,0.46,-0.15,15.2317,-3.13467,40.6232,13.3265,2.03825,0.1,-29.6662,0.7,-3.05084,-19.8407,-28.4745,54.601,23.6312,38.6043,58.2851,78.7151,-49.9506,1.0,0.0,0.2645091348903654
F_S_WWS_WM_385,-3.14828,2.76065,6.09792,19.1134,0.82,1.78,16.2891,-4.72003,-24.4879,-30.5641,-4.13897,0.1,-3.32492,-0.1,43.1421,1.44728,-16.8341,-7.54443,-48.0185,15.0011,30.7021,-58.7705,3.85971,1.0,0.0,0.2228568427508305
F_S_WWS_WM_386,0.527561,-7.91724,-2.94028,3.97372,0.22,2.44,-4.18284,-3.24658,-6.06023,70.5622,-6.94273,0.1,29.7702,0.0,54.5683,-5.53382,11.0007,-20.789,49.5375,26.5475,84.4414,-47.118,28.4923,1.0,0.0,0.2176955237940199
F_S_WWS_WM_387,14.6463,-4.16083,-5.10818,12.0063,-0.22,1.71,13.2762,4.13569,8.96469,-83.6888,-6.55919,0.1,1.04996,0.9,58.3076,-6.82119,13.1947,46.1433,-22.549,18.2405,-8.94963,40.2147,91.0721,1.0,0.0,0.2519985460730897
F_S_WWS_WM_388,10.33,-5.87381,3.29697,-17.3444,1.53,0.97,3.25755,-1.24872,1.3804,-69.9979,-12.1129,0.4,-17.2391,0.5,-7.14909,-3.86524,13.856,-7.03706,-25.4774,46.9032,77.4226,40.8695,112.462,1.0,0.0,0.2441989388837208
F_S_WWS_WM_389,-6.14087,6.46432,17.1183,-5.48761,-0.98,-1.53,15.7004,4.55267,-8.34048,-22.9008,-11.4772,-0.1,-10.5341,-0.1,-22.1195,-8.64281,7.92801,-14.7974,-44.3192,1.26988,-39.7845,55.2295,13.2679,1.0,0.0,0.2539180299169435
F_S_WWS_WM_390,0.701956,-1.65459,14.227,9.75977,-0.32,1.45,14.5273,7.60283,-17.6361,-76.9116,4.65238,-0.4,-24.8032,-0.1,-0.695343,12.7802,-29.8139,26.9966,-34.8687,21.0976,71.9866,31.618,-147.65,1.0,0.0,0.2243177742325581
F_S_WWS_WM_391,-1.15704,8.96239,-4.29931,4.35183,1.09,-1.14,6.92097,6.74524,19.5231,-31.8395,-11.5429,-0.4,-23.1532,0.9,30.8026,-10.1637,-19.3145,49.6223,63.0152,30.5056,58.016,32.5952,113.509,1.0,0.0,0.2852168738604651
F_S_WWS_WM_392,6.14936,-5.38067,8.69459,-15.652,-1.12,0.32,12.9629,8.62648,-24.7714,94.4304,-10.2686,0.5,-5.03499,0.7,23.3975,-12.7008,16.4618,-16.4713,-38.3875,-21.4186,119.823,-55.7661,-8.04637,1.0,0.0,0.2245567079767442
F_S_WWS_WM_393,9.96875,8.1573,5.42343,1.85171,-0.69,1.44,18.1307,3.46428,-46.0045,124.084,1.55275,0.2,20.9864,0.8,-7.21598,-14.1388,12.9352,-21.2877,35.3315,-29.3607,-38.4619,-33.5665,-143.672,1.0,0.0,0.2327275715182724
F_S_WWS_WM_394,-5.04629,-0.391359,13.9459,0.0486168,1.18,2.35,1.8379,2.19943,-6.92668,52.3717,-8.44396,-0.3,34.2851,0.9,-12.4483,-10.1318,-25.6061,48.6872,-48.5693,-28.5554,53.5058,-35.1178,81.7505,1.0,0.0,0.2549914317541528
F_S_WWS_WM_395,-7.161,-0.727486,8.61681,-16.3348,2.19,-0.75,18.2407,-0.615154,49.8153,31.4745,-9.53954,0.2,15.2555,0.5,-16.606,-8.69527,-23.5298,37.0079,-49.7578,36.3101,38.964,52.8865,44.0016,1.0,0.0,0.2639833658272425
F_S_WWS_WM_396,-5.48116,-1.01507,-0.439375,15.2265,-0.74,0.36,5.51759,9.16987,11.7326,122.147,-11.6486,0.6,-31.3464,0.7,3.96411,-9.64584,20.8958,49.6942,65.8209,-42.503,116.999,-20.9259,69.6894,1.0,0.0,0.2352078372890365
F_S_WWS_WM_397,2.27182,4.80003,4.27007,-2.77402,0.54,-0.96,0.343692,-4.17042,-16.9389,149.635,-3.21889,0.5,29.0038,0.7,13.3462,-8.16057,16.8631,-20.162,126.635,-11.9349,-38.7619,44.5215,142.64,1.0,0.0,0.2269397040764119
F_S_WWS_WM_398,9.79815,12.1323,0.696858,18.4005,1.99,-0.37,9.37729,7.48259,-27.8662,-38.6477,-1.64281,-0.1,31.0485,0.7,59.709,-8.97862,7.48059,-6.93095,116.992,-8.94796,56.7094,46.546,65.2239,1.0,0.0,0.2277104787508305
F_S_WWS_WM_399,6.88572,10.4193,3.49369,-11.813,-0.28,1.56,4.32482,-3.77643,47.4764,51.5344,3.22638,-0.2,-36.4648,0.3,13.4191,6.89176,28.4938,-5.9574,56.3836,42.9073,-54.0833,-15.7797,4.62645,1.0,0.0,0.2371618078903654
F_S_WWS_WM_400,1.8435,8.91185,-0.772013,-17.1215,-1.16,2.42,-0.417599,-0.208327,9.4161,-86.7644,4.06274,-0.1,20.0129,0.1,53.2284,-0.455877,8.92921,30.1461,41.6967,19.9115,111.706,72.8517,82.8182,1.0,0.0,0.2339621934950166
F_S_WWS_WM_401,-5.14978,8.49075,-2.33954,0.999843,0.86,2.27,-6.48748,7.96489,10.8414,21.7297,-7.73273,-0.2,-38.2057,-0.2,-0.410378,15.1631,-19.1516,39.5206,18.866,-32.0346,104.199,-31.4131,26.0451,1.0,0.0,0.2477293150365448
F_S_WWS_WM_402,2.44122,1.72096,-1.6032,-2.69761,1.64,1.13,6.82224,-4.48384,3.88655,-15.8704,-10.1683,0.8,-18.4819,0.0,-20.635,21.2803,-16.6661,16.8775,15.8297,-5.79851,31.3063,-58.1025,121.918,1.0,0.0,0.2463671784518272
F_S_WWS_WM_403,2.62663,-6.02601,7.56793,-4.73718,-0.19,2.43,19.3819,-0.66019,46.0644,100.728,-1.81477,0.5,17.8669,0.6,44.3628,7.69291,21.5221,51.3145,59.5509,24.8454,36.2868,-20.2421,35.9781,1.0,0.0,0.2281467557375415
F_S_WWS_WM_404,2.93651,14.652,13.2719,-19.1316,-0.15,0.03,-1.48428,-1.29683,49.5735,92.0976,-1.93786,-0.1,30.3784,0.6,8.9231,13.1191,-20.3884,-1.13637,67.5769,-46.8539,53.7001,-0.927132,17.1109,1.0,0.0,0.2360429269601329
F_S_WWS_WM_405,5.29664,0.555752,-6.8122,-6.86644,-0.17,-1.1,5.15605,2.95354,41.8146,28.5261,-3.98494,0.6,30.8131,0.0,3.75731,-3.67179,21.0387,-24.9415,-20.2762,-1.60361,140.828,-25.9217,127.047,1.0,0.0,0.2125129558504983
F_S_WWS_WM_406,0.1613,13.8057,11.8155,1.10384,0.12,-1.47,10.6014,9.81659,-25.2674,76.6626,0.944067,-0.1,-22.2043,-0.2,51.4735,-18.1615,-18.8998,5.4409,84.115,10.0595,86.7482,-31.2261,-62.7159,1.0,0.0,0.2586493011694352
F_S_WWS_WM_407,-1.08891,-5.32645,4.51134,4.20272,-1.79,0.3,2.02646,9.48621,-46.7905,-51.195,-0.85004,0.0,-9.93815,0.2,54.3971,10.2089,2.87109,-13.2991,120.504,40.1373,134.522,-24.1495,83.0912,1.0,0.0,0.207389155282392
F_S_WWS_WM_408,12.3417,-1.9992,0.529818,-5.27558,1.02,-0.11,17.736,-0.678109,-44.2696,17.2428,-10.4993,0.5,9.52403,0.5,50.3094,26.2319,26.9692,46.6213,-3.54104,-12.314,-24.7006,-36.7484,-93.502,1.0,0.0,0.247654995295681
F_S_WWS_WM_409,-1.90626,10.0552,0.0805201,-11.6002,-0.35,1.88,-7.25845,0.931802,-25.7963,75.4375,4.24351,0.4,11.384,0.5,15.7247,-0.0712194,2.2374,50.5181,-53.1378,-27.4403,112.168,12.3265,-177.049,1.0,0.0,0.2525390571594684
F_S_WWS_WM_410,-1.21586,-0.865469,18.0805,-8.76359,1.15,2.4,11.9995,-0.499579,-40.5443,133.06,-0.40191,0.1,1.35789,-0.4,12.1193,0.371146,-21.1987,-1.44597,33.1141,-14.6893,99.5598,75.1326,-115.045,1.0,0.0,0.2227449305448504
F_S_WWS_WM_411,5.63189,-3.48744,6.37581,14.3066,0.5,-0.86,8.3388,-0.296016,-36.6226,78.1785,-13.0838,-0.4,6.57527,0.3,-4.85982,5.49508,29.4178,-9.09088,-17.2526,45.8004,147.656,-8.79242,61.0775,1.0,0.0,0.2265267781727574
F_S_WWS_WM_412,3.5788,14.7044,14.4543,-9.52161,-0.68,-1.13,13.5301,4.51195,-0.620434,57.3013,-11.1078,0.0,2.40277,0.9,41.2372,-10.8076,11.4024,26.796,129.304,-36.1402,92.229,87.2278,-157.19,1.0,0.0,0.2440820602491694
F_S_WWS_WM_413,7.79357,-0.68509,5.88542,19.9386,-1.06,0.48,2.87412,5.95522,-21.6769,-41.9598,-3.55548,0.7,14.5735,0.4,-10.869,-17.4621,23.9249,43.6892,118.286,38.5471,114.822,-49.0755,-24.089,1.0,0.0,0.2257571691627906
F_S_WWS_WM_414,5.36709,-0.810618,5.07765,-19.9174,0.69,0.7,14.0106,-0.327991,39.048,-70.65,-4.49386,0.3,39.4068,0.7,-5.51463,-16.8061,1.46699,44.7529,-32.1158,46.3765,-17.7737,-44.0992,-161.346,1.0,0.0,0.2529357306777408
F_S_WWS_WM_415,-6.40737,9.72755,1.32949,13.4195,1.82,2.31,8.73696,5.74279,-10.4077,-25.9797,-2.79473,0.5,11.1193,0.7,-19.214,3.69856,8.48357,-23.1329,-24.7455,-23.5425,143.438,71.4388,-32.6806,1.0,0.0,0.2379351347342193
F_S_WWS_WM_416,11.1563,13.3958,13.098,16.2405,1.51,-0.92,-1.31205,-3.88137,-15.1298,23.0432,-12.8845,0.3,-26.1502,0.4,45.6052,10.8949,15.587,-22.7606,-18.712,10.5701,94.173,75.7774,-132.92,1.0,0.0,0.2582223417109634
F_S_WWS_WM_417,-6.62923,-3.99629,10.6385,9.6809,1.06,0.07,-8.83108,-2.22128,-15.3576,108.392,-14.8349,0.7,22.8439,-0.2,-15.2223,-11.7401,-8.75506,20.4072,26.2965,22.1671,14.5495,-25.0282,68.603,1.0,0.0,0.2564241323222592
F_S_WWS_WM_418,-0.324772,0.613478,17.6344,-18.7735,1.08,-0.78,0.563054,-0.416002,-38.1293,-51.7996,-4.85442,-0.1,-32.5164,0.4,58.2082,4.19707,-10.518,-7.78533,39.8031,49.7478,-55.0908,4.63293,-19.2733,1.0,0.0,0.2323861678139535
F_S_WWS_WM_419,7.87336,-3.81831,6.81819,19.7659,0.39,-1.79,1.82426,-1.52546,-12.1366,14.1337,2.45827,0.0,-27.3875,0.1,-24.5354,19.2643,-27.4453,2.7963,-10.9733,3.84176,17.9362,19.7153,116.633,1.0,0.0,0.2168730793920265
F_S_WWS_WM_420,-6.11757,-6.27523,6.0652,9.06811,2.28,0.91,16.053,5.89764,17.2811,-56.6598,-14.0078,0.5,-12.3195,0.4,-7.94541,25.9918,18.1287,48.144,46.9778,-4.15952,34.5256,-39.341,-39.1505,1.0,0.0,0.2506012050930232
F_S_WWS_WM_421,10.097,-0.117722,0.753637,17.1042,-0.41,-1.73,-7.06534,-1.05309,-49.193,-35.3888,-14.6558,0.1,27.6727,0.7,0.147791,-12.6308,-3.79551,28.7964,78.5063,14.6786,30.5561,-52.4882,33.9347,1.0,0.0,0.2460355376611295
F_S_WWS_WM_422,-2.24712,13.5409,10.8289,7.83779,-0.9,-0.53,-2.35988,7.28698,49.879,115.141,-8.62212,-0.1,23.9942,-0.4,38.4377,-13.1497,10.8679,-6.51723,-37.4661,-28.2366,47.8546,15.6029,70.4325,1.0,0.0,0.2700630378770764
F_S_WWS_WM_423,13.0709,6.36022,-1.97063,12.2498,-1.49,-0.7,9.54025,2.89357,26.7287,123.026,0.884533,0.3,-38.0052,0.0,35.4487,26.3098,9.5965,-9.25673,11.3461,37.5699,-9.35381,36.4283,-181.799,1.0,0.0,0.2258699716910299
F_S_WWS_WM_424,-1.34732,11.4684,1.14319,-15.246,1.98,2.1,-0.908618,7.72743,-2.1378,-62.4354,0.489951,0.4,-35.6553,0.5,22.4554,22.3271,-8.18059,44.6946,4.55185,47.2429,137.073,64.8065,-5.42799,1.0,0.0,0.2438968387707641
F_S_WWS_WM_425,0.407562,-2.44012,4.04619,19.019,0.11,-1.69,9.27999,3.81856,-6.519,-8.85926,-8.31891,0.0,-3.80685,0.9,52.5162,1.63284,18.4457,54.2891,121.445,-8.09683,138.117,-11.8186,-4.25558,1.0,0.0,0.2446072452890365
F_S_WWS_WM_426,14.6342,4.68227,7.27204,17.4545,0.88,0.29,12.4824,8.2065,30.2653,57.1707,4.73158,-0.3,14.7234,-0.1,46.5296,9.82516,-8.23979,39.7762,85.7022,15.8736,84.2084,-50.9106,64.7028,1.0,0.0,0.24413515710299
F_S_WWS_WM_427,-2.9735,-3.58513,8.23361,-14.6219,-1.28,-0.48,9.74008,7.85563,-39.061,-74.5279,2.81582,0.4,-36.6596,0.4,43.4663,10.6242,-16.0847,39.6174,0.0596398,-38.9952,57.4138,-29.444,-70.6681,1.0,0.0,0.2350307646810631
F_S_WWS_WM_428,11.7152,10.9957,17.4755,-5.69315,0.05,0.58,19.8599,2.66639,13.1465,-54.3218,2.64218,0.3,-36.0512,0.7,14.3133,10.0591,-1.11511,-20.6443,-45.1315,18.0511,20.3003,-44.1485,12.8688,1.0,0.0,0.2379181859169435
F_S_WWS_WM_429,7.09676,-0.764586,-2.73747,12.588,2.0,1.6,1.11928,4.97435,45.3263,124.189,-2.04119,0.2,-9.33658,0.9,41.4966,-18.354,-18.4509,24.3443,48.3756,-46.5115,52.7448,64.0531,-3.46932,1.0,0.0,0.2414718618571428
F_S_WWS_WM_430,-3.43939,-6.31613,13.033,-13.6993,1.77,-1.33,-6.63036,7.05882,-37.5014,111.926,-4.93634,0.6,-15.1609,0.6,12.9486,-14.3121,-18.1052,25.8353,90.8391,46.79,2.08694,-7.17131,-150.058,1.0,0.0,0.2434857417807308
F_S_WWS_WM_431,14.7223,1.8634,-2.43144,-15.8479,0.42,1.06,-3.89937,-3.98273,-36.0713,79.4957,1.95288,0.1,37.7908,-0.2,5.62305,20.3696,15.8816,49.1617,57.7261,-1.22757,15.6596,-17.2048,-153.697,1.0,0.0,0.2491157856079734
F_S_WWS_WM_432,7.5353,10.3602,2.41098,-7.01823,0.28,1.58,8.88303,-1.60328,19.2962,-60.3356,-11.8077,0.7,-10.2917,-0.3,-23.5549,9.11898,25.8356,11.0479,113.215,32.801,-23.4102,75.974,-69.7664,1.0,0.0,0.2599779407275748
F_S_WWS_WM_433,6.103,12.1773,15.7105,13.2481,1.03,1.74,3.36924,9.42012,4.98349,130.554,3.97785,0.5,0.0419959,0.1,4.52622,25.6418,-15.8715,24.6691,92.4183,-21.8776,100.331,39.4602,-199.761,1.0,0.0,0.2422612269867109
F_S_WWS_WM_434,12.4639,2.33578,13.1765,13.0931,-1.7,0.39,-6.35203,2.05664,37.1317,-21.2464,-8.88751,-0.2,-12.8319,-0.2,-19.6094,7.90228,-29.449,27.8621,100.114,-15.0586,107.566,14.0802,-156.544,1.0,0.0,0.2475434948936877
F_S_WWS_WM_435,-1.32028,10.9343,-4.8503,-2.17317,-1.21,-0.59,17.3132,5.70146,4.32712,116.172,-8.02314,-0.2,33.4455,0.8,10.3682,9.38984,-26.0957,42.3504,42.3561,31.8706,87.5471,-49.2869,-148.474,1.0,0.0,0.2723416751860464
F_S_WWS_WM_436,-3.41426,13.116,-6.69738,-14.9632,-1.72,-1.18,-7.41436,2.3308,5.85069,3.11396,-8.68466,0.2,-25.2619,0.3,32.9192,-12.0222,-19.5293,26.488,-8.12081,-39.162,124.688,81.7802,-91.7151,1.0,0.0,0.2833142366445182
F_S_WWS_WM_437,-4.51607,0.0916819,0.971945,-9.95208,-0.83,0.74,13.8009,0.0451047,-46.2154,121.626,-14.2076,-0.2,-12.7628,0.7,56.4072,9.97766,-19.5982,9.29156,122.315,11.2777,-20.8976,28.0341,16.8754,1.0,0.0,0.2403593629169435
F_S_WWS_WM_438,6.7342,14.3183,7.77849,-15.2921,-1.57,0.77,-2.04962,5.32154,1.68521,-89.5726,-8.03779,0.3,-13.6784,-0.2,3.64164,29.5282,-21.7019,49.284,48.827,-21.58,66.0453,34.6818,129.617,1.0,0.0,0.2809052192325581
F_S_WWS_WM_439,-5.79868,3.88237,1.62385,6.55569,0.9,-0.04,-7.18599,7.50636,5.10994,-90.6736,-4.63234,-0.1,34.3944,0.0,-19.8234,-18.3907,-28.3127,-16.3738,48.0667,-16.9327,48.3969,53.811,-49.3928,1.0,0.0,0.2297380552126245
F_S_WWS_WM_440,4.69164,-1.52197,19.1802,-0.40938,-1.36,0.34,19.0052,-1.15468,-16.6626,69.8798,-13.7329,-0.2,1.8745,0.2,6.28872,27.9779,11.2274,47.3845,124.719,-18.612,8.78044,-55.6394,-24.8767,1.0,0.0,0.2428117196578073
F_S_WWS_WM_441,9.72236,-0.619883,3.08507,-6.93841,2.1,0.82,-0.301438,-3.58009,8.70673,136.337,-0.0380798,0.8,-32.005,-0.1,1.43523,-8.8442,20.2293,-18.6247,-46.7934,-2.26014,-3.22803,15.1001,-179.803,1.0,0.0,0.2217457344252491
F_S_WWS_WM_442,10.3506,0.676918,11.4032,2.34248,-1.01,0.79,15.0154,8.30006,25.7406,88.3484,-1.23183,0.0,1.72252,0.2,51.332,8.17577,28.7192,1.24957,129.134,-28.7793,-10.9616,34.0063,-129.837,1.0,0.0,0.2289492424518272
F_S_WWS_WM_443,-0.0916211,14.8464,-6.00009,13.5171,-0.43,0.62,13.0341,7.12278,24.0747,-30.9248,-11.6971,0.3,26.4734,-0.1,-3.82904,-12.906,-16.8929,-9.11786,99.2403,-10.8921,127.814,-58.4115,56.2542,1.0,0.0,0.252089664192691
F_S_WWS_WM_444,1.23307,4.75972,-7.69255,8.92607,2.48,-1.41,4.77101,6.00373,-21.9135,-81.972,-7.12025,0.7,1.18686,-0.1,44.6263,-0.832106,-7.3497,41.3319,129.475,-30.6781,53.0453,6.26975,99.2559,1.0,0.0,0.233704154551495
F_S_WWS_WM_445,-1.80006,1.33829,-3.91754,7.56929,1.61,-0.47,9.84571,7.8909,-4.47754,101.955,-9.32394,0.6,38.3169,0.0,-22.8497,11.8696,-0.275121,-11.2833,112.408,-18.369,-44.7929,-18.6048,-86.2632,1.0,0.0,0.222093650269103
F_S_WWS_WM_446,1.74024,5.85407,15.4493,7.64628,-1.02,-0.86,8.63848,2.4957,-38.6187,-6.09754,0.0532965,-0.3,-38.8299,1.0,7.7316,16.6501,20.6737,-6.21194,-39.7778,49.4905,110.851,73.2415,-123.175,1.0,0.0,0.2219898200066445
F_S_WWS_WM_447,-2.80775,3.98771,-6.16839,-9.09353,1.84,0.23,11.0396,5.58716,-41.0869,39.877,-1.13751,0.1,-7.25626,-0.1,49.9798,26.5512,-21.077,43.1085,-41.8124,48.0236,96.5049,-18.2738,52.1802,1.0,0.0,0.2329077321063123
F_S_WWS_WM_448,-0.935673,0.925159,-4.00809,-5.16344,-0.83,1.8,11.495,5.2947,33.5015,65.2471,-9.15881,0.4,-5.78926,-0.1,-11.9928,-16.6972,3.83635,-17.7765,-48.9373,-44.4566,26.7566,12.0141,-167.254,1.0,0.0,0.2301814607076411
F_S_WWS_WM_449,6.63981,3.56234,15.2639,19.2389,-1.79,-0.8,12.694,8.46845,-23.3352,27.3129,0.544804,0.0,-32.2055,0.2,-2.75811,-0.365825,-18.7559,52.2595,50.8984,29.2313,-42.7588,1.03778,17.571,1.0,0.0,0.2385073369800665
F_S_WWS_WM_450,-3.57802,6.96881,10.9269,-10.46,-0.6,0.5,3.54988,9.62433,-7.69552,-93.7667,-14.8213,0.3,32.7355,0.0,34.7805,18.4819,7.16593,-15.7141,-1.27621,-12.125,103.322,69.7365,132.809,1.0,0.0,0.2413358384983388
F_S_WWS_WM_451,6.26519,-7.46145,2.2564,-9.47998,-1.6,0.35,8.77888,5.00104,9.9787,50.2228,-10.7137,-0.2,21.4435,-0.3,10.7997,12.2602,-14.4471,-23.0304,110.544,3.47847,149.036,72.0194,-21.5835,1.0,0.0,0.2151691609501661
F_S_WWS_WM_452,-7.72726,6.89642,6.17078,11.1239,-1.31,-0.46,15.4014,-4.77133,6.7148,89.5403,1.74299,0.4,-4.55173,0.2,19.8762,12.5555,14.4955,19.7012,-16.3424,1.70069,134.316,80.9828,-141.018,1.0,0.0,0.2449698785714285
F_S_WWS_WM_453,1.71507,4.85202,2.59573,-10.1617,0.14,1.45,13.2299,8.6347,-13.1651,98.4883,3.77963,0.5,34.4295,-0.4,-1.46384,24.8158,-22.3906,0.841294,-28.8321,-41.0702,16.6164,-28.1286,-13.5497,1.0,0.0,0.2191839538604651
F_S_WWS_WM_454,-0.210201,8.1871,9.14885,-18.9723,-1.15,1.02,1.34318,-0.56055,-3.14007,60.943,-7.55754,-0.4,28.127,0.2,-17.7427,4.82363,1.8141,-4.49989,-43.9378,36.9325,-45.5281,20.2403,144.146,1.0,0.0,0.2380715338039867
F_S_WWS_WM_455,7.27606,3.95079,9.61736,-18.4379,-1.2,-1.59,-4.60726,8.43806,-47.7511,119.764,-2.56468,0.4,0.698004,0.6,-20.947,12.352,-24.2851,18.5333,28.3285,-0.0409913,123.189,-22.7807,-53.2464,1.0,0.0,0.2365328845880399
F_S_WWS_WM_456,11.5836,11.1043,15.8236,19.5628,-0.39,1.24,2.81542,-0.580985,25.2465,-91.4144,-8.51475,0.2,-17.0474,0.0,-13.0146,-3.45519,16.253,1.895,-21.487,-44.3376,-0.329092,50.7866,-160.305,1.0,0.0,0.250061679833887
F_S_WWS_WM_457,-2.09493,-3.76243,3.06457,18.4984,-0.64,-0.77,-4.93985,-3.19546,-44.3993,-71.8895,-7.81306,0.2,-3.20629,0.3,-23.9161,18.2686,-16.3239,13.1473,85.4465,47.4212,128.971,22.5237,-80.0455,1.0,0.0,0.2246000688803986
F_S_WWS_WM_458,7.37789,7.56294,-5.81386,-19.2081,-1.3,-0.03,15.837,8.59228,-34.6977,110.628,-4.57981,-0.1,26.0818,-0.3,56.5419,3.10447,-11.6556,-19.3252,52.0434,-13.5993,24.0031,-13.7097,-92.8308,1.0,0.0,0.2201373446013289
F_S_WWS_WM_459,4.48924,5.40258,12.3566,-13.7719,1.83,-0.45,19.4856,-2.42611,18.7551,86.5938,-10.5645,-0.3,5.34517,-0.3,9.11199,25.8368,18.9791,6.9113,-13.4148,16.5088,95.3716,62.3958,26.6613,1.0,0.0,0.2684981455016611
F_S_WWS_WM_460,7.47952,2.57958,-5.25793,13.4324,2.43,1.72,3.66169,6.05222,-44.1067,90.8984,-14.5685,0.4,21.6613,0.1,35.9352,15.7077,21.4176,29.0986,52.2688,-42.0241,25.7159,-17.7011,-6.64424,1.0,0.0,0.2511416050033222
F_S_WWS_WM_461,6.98398,9.85984,-7.51176,-10.8301,1.88,-0.09,19.712,2.78101,-37.7676,-3.84253,-7.96619,-0.3,-37.0827,0.3,-8.85254,-1.30711,0.440214,-12.7016,-9.55203,20.2744,-7.87102,48.6286,-90.1858,1.0,0.0,0.2596227749900332
F_S_WWS_WM_462,10.7021,-3.85183,18.7853,-7.2322,1.17,1.89,-5.56534,-3.15517,1.89103,107.224,-1.5811,0.3,11.5858,0.0,27.4638,25.7427,7.00244,-22.3355,98.3182,-37.9775,-26.2084,66.4116,-188.554,1.0,0.0,0.2219864461627907
F_S_WWS_WM_463,13.2092,-5.52905,13.0451,-8.93235,0.29,1.55,3.01814,1.20952,7.4973,117.531,-11.8334,0.3,-33.1049,0.2,39.6505,-11.2503,23.3555,51.1757,-0.783167,-31.0079,92.4457,-25.9364,-158.345,1.0,0.0,0.2485052536245847
F_S_WWS_WM_464,-0.869616,-0.0541968,18.955,-14.3321,0.66,-0.99,11.107,7.13064,33.9598,5.39139,-9.07794,0.3,23.0913,0.6,18.3665,16.0552,22.4146,42.6832,-45.6924,-41.5928,126.626,5.33056,-87.947,1.0,0.0,0.2464296889601328
F_S_WWS_WM_465,6.94925,9.67803,17.186,-16.4125,2.27,-0.54,6.42536,2.24477,-13.0257,-78.7228,-13.7142,0.5,1.61959,0.3,27.3363,5.94821,7.29631,31.6547,-50.9923,-22.6828,-30.0556,-42.3428,-25.5712,1.0,0.0,0.2663585861661129
F_S_WWS_WM_466,-7.80991,-6.85375,17.37,14.2213,0.31,1.33,-9.43143,3.58033,-9.24869,40.8899,-2.62906,0.6,-34.1564,0.7,-8.46242,21.7031,18.8091,14.1319,-40.0792,14.3807,59.7039,69.1681,-108.319,1.0,0.0,0.2410145554418604
F_S_WWS_WM_467,3.1989,-1.93819,-7.19903,-17.0844,0.16,-0.89,13.3327,-0.736289,-25.5223,126.624,-1.54964,0.0,-26.5699,0.2,-8.07235,9.0142,29.3575,17.4459,60.5302,-39.7325,-40.0668,-22.6611,-137.044,1.0,0.0,0.2326091268504983
F_S_WWS_WM_468,11.8366,-5.75465,-4.40903,-6.10936,-0.82,2.12,6.21928,4.93156,-9.5333,133.902,-12.0624,0.2,39.0698,0.5,20.2346,-18.5253,9.44947,-17.5478,116.784,27.7239,4.04172,48.9029,-128.437,1.0,0.0,0.2221347671495017
F_S_WWS_WM_469,6.00715,-4.74442,-7.53334,18.6822,0.49,1.28,-0.733007,3.40983,5.65822,-19.8315,-5.87663,0.1,-19.9517,-0.1,15.8686,14.1902,-15.5023,12.3721,87.1372,-48.3422,-11.7773,-31.7624,-125.202,1.0,0.0,0.2329597706279069
F_S_WWS_WM_470,6.48065,1.16874,1.59285,-16.2652,-1.47,1.36,19.5626,-2.20158,34.9474,86.1804,-11.3552,0.3,36.2681,0.4,31.9125,11.6322,-22.3465,19.5479,-53.7065,-5.46479,97.5067,-49.6676,-66.2152,1.0,0.0,0.2445942287906977
F_S_WWS_WM_471,2.23695,-3.29338,8.07505,15.1689,0.2,2.07,-8.09814,-3.16617,8.47876,50.9723,-12.3302,0.0,19.9785,-0.1,55.8969,28.9669,-22.6398,27.2823,-24.2997,-14.1759,93.2972,30.5423,-102.171,1.0,0.0,0.2385190747740863
F_S_WWS_WM_472,7.57616,13.9566,19.9334,-9.73043,0.04,-1.32,-0.98594,3.79981,-36.9208,23.8944,-12.1215,-0.1,38.6347,0.6,-4.6538,29.43,-6.66621,17.0968,108.124,5.31486,7.13734,38.2076,-72.2595,1.0,0.0,0.2595670276777408
F_S_WWS_WM_473,0.437422,10.7379,-6.09542,9.26516,-0.33,-0.56,-1.72091,-3.3997,-20.3879,-57.1084,0.520774,0.6,1.59872,-0.4,16.7638,-9.36673,-26.9378,-12.1932,-42.9548,37.9459,44.2768,31.9074,-81.1225,1.0,0.0,0.2179895733056479
F_S_WWS_WM_474,7.47206,-4.84255,7.20428,13.2818,0.92,0.19,-3.71549,-4.98489,48.1842,-20.9868,-7.26933,0.7,-21.5865,0.3,-15.6561,-13.0701,8.12409,36.2512,92.7637,0.344664,63.7422,70.302,137.721,1.0,0.0,0.244850634564784
F_S_WWS_WM_475,8.29876,-6.53659,14.0974,-0.305176,2.27,-0.88,15.0838,-0.242565,-16.7225,96.9481,-3.73485,0.0,39.7948,0.6,-7.01129,-5.47783,16.6304,9.48931,92.9837,30.6153,-10.7236,-40.7498,-192.509,1.0,0.0,0.2333783340697674
F_S_WWS_WM_476,9.34228,-4.53654,0.783355,-1.11424,0.25,0.59,4.12493,-4.72144,-36.4542,-50.3603,-14.089,0.7,35.92,-0.1,21.1242,18.9705,3.72991,-10.3105,114.915,-29.1653,69.0283,30.386,-10.6985,1.0,0.0,0.21612307920598
F_S_WWS_WM_477,-4.98776,9.22232,-2.65771,2.17476,2.16,-1.68,7.5255,3.36028,0.568186,-68.4063,1.83126,0.7,-19.7201,0.5,-0.151568,-17.0134,-0.0952003,-7.22275,118.736,-19.5903,71.4622,46.0755,-134.673,1.0,0.0,0.2307747976611295
F_S_WWS_WM_478,-6.98766,5.25679,11.2655,18.013,-0.73,1.31,6.88274,-2.82949,-13.6614,19.9748,-13.5015,0.4,-14.5461,0.6,40.39,-2.12336,22.1676,-20.3442,95.4085,32.568,76.7355,3.89962,90.7903,1.0,0.0,0.2294732190730896
F_S_WWS_WM_479,-7.46355,9.19522,-4.72255,11.2959,1.68,-0.31,-3.92593,0.305473,45.866,112.236,-4.55339,0.0,-9.755,0.7,43.7722,14.219,-5.56467,19.1485,2.83157,-24.2103,-53.0151,-57.457,48.4067,1.0,0.0,0.2767379426179402
F_S_WWS_WM_480,12.5195,-4.05757,-3.00006,-7.50774,-0.25,-0.51,2.31325,2.12208,14.937,40.7353,-13.0568,-0.2,-30.6057,0.9,32.1416,3.51763,7.87314,37.8178,87.699,-32.5867,-56.876,87.9912,85.3475,1.0,0.0,0.2708122374352159
F_S_WWS_WM_481,-4.61875,-0.247541,9.76116,-12.4133,0.07,1.81,-9.22453,-3.46384,38.7624,-56.0578,1.15648,-0.1,18.3749,1.0,22.2709,-16.3199,-0.990484,15.4139,-5.59761,-23.8446,22.7867,-9.64204,3.42872,1.0,0.0,0.2272876595813953
F_S_WWS_WM_482,4.79361,4.89431,1.91858,-0.171758,1.38,1.58,18.0981,2.87678,-1.6859,139.904,4.43019,0.7,-32.5876,0.9,4.04501,4.5303,-2.55646,-4.63858,-19.8139,23.5325,119.48,84.6687,-167.56,1.0,0.0,0.2214408283621262
F_S_WWS_WM_483,9.70899,12.8963,8.44016,-17.3756,0.97,0.9,-8.77331,5.75744,-27.1686,-13.9267,2.68983,0.6,17.244,0.4,-17.0752,-16.4597,-10.2885,3.45189,82.7455,16.4151,51.6959,15.7301,-77.8813,1.0,0.0,0.2325658272757474
F_S_WWS_WM_484,4.56304,5.34724,7.36034,17.6166,2.41,1.39,12.7145,-4.01332,22.9152,-51.4419,-0.535212,-0.3,23.7445,0.6,39.7832,20.8215,15.6972,39.8728,13.244,37.7717,102.812,41.8437,-131.571,1.0,0.0,0.2523064442126246
F_S_WWS_WM_485,-7.98577,-1.88573,-0.97753,-19.4096,-0.17,0.16,-0.0686506,0.342698,24.627,-75.6599,-8.24217,0.2,26.5554,0.1,-3.24966,27.2607,-15.019,5.05745,16.198,-1.04761,-50.6772,-12.0845,-4.84133,1.0,0.0,0.2463133361063123
F_S_WWS_WM_486,-7.76337,0.49401,5.01404,-14.5404,-0.3,1.38,3.10555,7.01077,-42.1001,81.3638,-3.2731,0.0,-31.9916,0.7,-17.3467,29.2464,-0.497473,24.0653,11.0536,-26.6786,-21.0328,14.8136,79.5103,1.0,0.0,0.2417714977940199
F_S_WWS_WM_487,-1.00282,9.09375,15.102,2.72671,-0.61,0.52,-6.7479,2.40991,39.7109,-72.7078,-10.4647,0.7,29.9224,0.4,14.0916,-1.10552,14.584,-6.77694,34.5071,43.5769,-48.5761,-1.63761,-141.711,1.0,0.0,0.2465600218172757
F_S_WWS_WM_488,-2.21213,2.04421,8.3926,-15.3467,0.47,1.07,16.8488,-2.74531,20.7993,-70.3878,1.26841,0.0,-30.181,0.2,-5.61959,-1.80526,-11.898,0.783284,16.7348,-41.8475,-57.0275,70.0555,127.773,1.0,0.0,0.2287791064285714
F_S_WWS_WM_489,9.85023,-4.57939,13.5815,-10.2335,1.82,1.84,-4.06937,5.4101,-10.5889,44.7179,-12.7692,0.6,32.3759,-0.3,-4.01857,2.92234,15.3994,45.3637,117.328,31.1315,133.51,-15.5761,-102.555,1.0,0.0,0.2404414725348837
F_S_WWS_WM_490,12.275,6.08096,11.7464,11.1593,-0.08,1.97,-3.14621,4.57333,-22.2054,75.5718,-12.2506,-0.3,-6.61694,0.4,0.114685,-4.81509,-17.9567,16.6766,72.3818,24.6815,113.809,-37.446,138.361,1.0,0.0,0.2490904054418604
F_S_WWS_WM_492,0.252634,12.2698,13.9097,-1.96293,-1.32,-0.34,6.40887,3.27062,1.51725,26.6677,-5.94068,0.4,-37.8997,0.3,2.48682,27.9127,-16.5735,-20.2987,8.01649,-21.5572,-23.0147,71.8829,-67.6825,1.0,0.0,0.2365532313887043
F_S_WWS_WM_493,9.87846,12.9883,10.549,-16.8075,2.03,1.09,-8.25619,5.80511,29.1357,9.11563,-12.6832,0.4,-34.5436,0.8,32.5963,-7.23184,13.5795,-5.1635,50.493,-35.208,-25.4546,39.1905,71.3119,1.0,0.0,0.2616081369403973
F_S_WWS_WM_494,13.05,9.45609,16.3521,-13.2836,0.18,0.65,17.3687,-2.3783,-15.4403,86.7495,2.55908,0.2,37.1297,0.3,49.6848,17.1585,-26.3806,40.014,38.8182,21.649,-29.1789,10.2255,109.608,1.0,0.0,0.2569208015880398
F_S_WWS_WM_495,-3.67123,-2.23315,12.4647,16.1141,2.22,1.05,17.5276,1.06589,-8.80952,126.36,-1.01156,0.2,26.7459,0.1,49.1517,-0.567055,-26.7538,53.8965,74.884,-20.7042,123.918,-32.0126,29.8824,1.0,0.0,0.2261206560797342
F_S_WWS_WM_496,-0.730784,-0.564574,2.33321,-16.6971,0.08,2.26,10.1255,-4.6494,-23.2156,11.9388,-10.0355,-0.1,-5.86992,-0.3,-0.544273,20.0431,6.03442,-6.61567,79.7296,33.5842,104.5,-42.9486,-191.452,1.0,0.0,0.2254033945880398
F_S_WWS_WM_497,11.0325,2.79293,16.1679,18.7311,-1.14,0.93,17.0063,-2.44776,-4.71235,13.7681,1.3477,0.1,-1.25275,-0.1,21.6736,27.5146,-21.794,6.34482,84.1938,-32.2753,84.9804,65.0984,42.1215,1.0,0.0,0.2191171413621262
F_S_WWS_WM_498,-4.33683,5.1253,12.74,-4.26684,-0.92,2.19,8.19858,9.21937,4.049,61.4438,-4.7943,0.8,22.4025,0.5,52.6086,24.939,7.24491,-6.41052,-39.1275,-1.40313,-52.2842,20.9754,-129.029,1.0,0.0,0.2343650254318937
F_S_WWS_WM_499,-6.83696,-0.205503,3.57313,-10.2072,1.15,2.25,-0.815763,-1.99733,-0.851894,8.64786,-11.0279,0.7,-16.2593,0.3,47.1461,16.3541,-26.4205,-24.5699,56.1111,16.0193,-31.7377,59.0999,-110.571,1.0,0.0,0.2352547243754152
F_S_WWS_WM_500,3.30602,5.65423,7.60156,14.8246,1.26,2.17,0.505814,7.03939,26.3574,-64.2514,-10.0819,0.6,39.6758,1.0,31.2077,-12.5678,2.22478,46.8448,24.0143,-31.6174,113.009,-21.7949,-82.4127,1.0,0.0,0.2441408078870431
F_S_WWS_WM_501,11.3192,12.1565,-4.55923,-1.33486,-0.02,1.42,14.7322,-3.48872,-1.31035,0.359371,4.88698,0.1,17.5277,1.0,26.883,3.85122,-27.073,-12.8179,11.5018,-16.4974,80.246,33.7133,-142.749,1.0,0.0,0.2288473277707641
F_S_WWS_WM_502,7.66194,4.44226,19.0366,-5.39317,-1.48,-0.69,13.6346,9.23108,-26.0898,113.997,-7.79581,0.6,29.4748,0.1,35.5202,16.9072,9.62087,47.7791,49.6705,-38.7991,-50.0762,39.7921,90.2908,1.0,0.0,0.2504521412558139
F_S_WWS_WM_503,13.6842,14.1241,-1.28114,-14.3915,-1.75,-1.75,-1.35672,2.1,38.3744,93.6162,-6.12789,-0.2,20.2477,0.0,40.5454,21.3648,-12.5585,9.62728,-5.96286,13.9231,-23.8676,-42.1739,10.6805,1.0,0.0,0.265424219923588
F_S_WWS_WM_504,-0.248724,7.33671,-3.71871,-17.8643,1.29,1.32,7.47271,-2.13589,33.0237,107.725,-5.72514,0.0,-33.1943,0.0,-23.1533,13.4623,-15.7912,-0.545885,25.4095,48.3562,24.6439,71.3469,-164.195,1.0,0.0,0.2539287183455149
F_S_WWS_WM_505,1.54088,7.65222,4.98593,-17.3092,1.01,-1.09,-9.48085,-1.77806,-2.75982,131.241,-1.43833,0.3,-35.0543,0.9,34.8682,-15.9701,-10.41,34.6663,54.47,-16.7664,35.2671,-33.8811,67.9496,1.0,0.0,0.2281647213189368
F_S_WWS_WM_506,11.2471,6.25249,3.20399,18.1257,0.63,-1.54,4.84072,8.57802,-17.2367,38.1143,-12.5394,-0.3,33.0832,0.6,46.2559,8.6003,24.737,22.095,-40.8077,0.934264,-48.2837,-22.1755,36.9132,1.0,0.0,0.2604396895315614
F_S_WWS_WM_507,12.6404,12.5129,0.166011,-4.44108,-0.54,-0.89,-4.7983,-1.90773,-44.4561,80.5526,2.2854,-0.3,-33.8188,0.9,17.968,4.03055,4.78584,-0.959704,-22.8674,-11.1429,121.16,5.73284,104.946,1.0,0.0,0.2544166271096345
F_S_WWS_WM_508,2.7798,-0.602776,16.4215,6.7236,-0.21,-1.19,16.8222,9.18879,34.6547,95.8915,1.62517,0.4,-24.4199,0.9,2.24076,-9.7475,-12.2597,-19.5934,74.1891,7.69723,-30.8071,35.9148,-113.612,1.0,0.0,0.2141683830830565
F_S_WWS_WM_509,9.47041,7.5883,-0.810148,5.32752,1.62,2.37,-8.56091,-3.08404,14.3115,121.273,-13.3394,-0.2,-22.978,0.5,9.45075,-17.2909,13.9952,-4.81778,122.9,-14.0738,88.5985,48.2412,-15.8021,1.0,0.0,0.2447954164252492
F_S_WWS_WM_510,14.1127,0.646894,8.52585,2.62713,-0.93,0.42,-6.01023,-4.56139,-44.7464,136.366,-8.56909,0.2,-11.0565,0.2,-10.6831,-9.20828,27.9298,24.9802,56.6608,-9.46237,141.069,6.13296,-38.2299,1.0,0.0,0.2348350904385382
F_S_WWS_WM_511,5.9458,5.09834,-3.55224,16.8202,1.22,-0.31,-9.37088,1.17269,0.706734,-32.3172,2.42915,0.4,-0.279375,1.0,48.8431,-19.4607,-7.66716,34.2112,-51.5318,41.853,82.0061,58.4512,122.871,1.0,0.0,0.2396027644883721
F_S_WWS_WM_512,12.9715,8.67421,-1.75644,19.6864,-0.96,-1.1,-6.95945,0.408796,-25.6027,45.7585,0.807063,0.2,31.9684,0.6,11.5188,0.0454157,-14.7032,36.3853,-19.1517,25.4514,-32.8444,59.5482,-183.169,1.0,0.0,0.2572675429867109
F_S_WWS_WM_513,5.10347,10.9189,-7.02597,0.746453,-1.55,-1.31,-1.47128,6.9579,2.80278,47.5294,3.48116,0.0,0.229022,0.1,42.0806,17.6627,-1.44996,52.4091,62.2288,-18.9949,93.7837,-5.00073,-31.0973,1.0,0.0,0.2671383592524917
F_S_WWS_WM_514,13.725,-0.34494,11.5353,-18.3682,-1.16,-1.25,-2.25807,0.866853,20.8713,109.348,0.690414,0.2,-28.2806,0.6,17.0039,14.0781,22.6441,-13.6956,99.7152,5.63858,-27.9599,-32.5081,106.276,1.0,0.0,0.2281111972292359
F_S_WWS_WM_515,2.53704,1.05902,-5.20168,17.4173,-1.43,1.97,15.3148,-1.5833,4.58489,11.6853,-3.25527,0.2,21.1829,0.8,-14.2606,6.07731,29.607,19.041,50.211,-8.20921,131.467,-21.0844,-104.661,1.0,0.0,0.2258306752558139
F_S_WWS_WM_517,4.12887,14.1989,4.10576,-9.16673,0.58,1.31,5.91374,9.01102,46.2466,138.836,-7.36818,0.8,-17.5554,-0.3,-15.8327,13.8959,-21.6201,40.8262,-26.9337,36.6636,57.6133,9.86148,37.2866,1.0,0.0,0.277088852807309
F_S_WWS_WM_519,11.0838,4.97219,10.5096,-0.794204,-1.69,-0.32,3.72183,9.5339,-31.6763,42.5079,-7.66944,0.1,30.5745,0.2,29.8585,-9.03334,-28.9743,22.0071,-18.1159,-27.2888,139.677,20.0571,-177.835,1.0,0.0,0.2289836938438538
F_S_WWS_WM_520,4.71812,-6.94967,-6.22147,-2.14607,-1.06,1.12,-8.63355,2.59004,-17.408,-52.3539,-7.58671,0.1,-26.3712,0.0,3.47669,-13.9675,24.5038,31.4924,22.2001,12.8001,-35.2866,78.3138,-28.8651,1.0,0.0,0.2486682323289036
F_S_WWS_WM_521,7.37577,9.91737,16.8205,-5.04371,-1.44,-1.02,7.70847,1.59655,30.8985,-47.8677,-2.80782,0.4,27.3667,0.9,45.8102,-5.90544,25.1944,-13.5171,92.2248,-12.431,104.759,-51.4902,-79.0637,1.0,0.0,0.2427638363255814
F_S_WWS_WM_522,13.5785,3.4445,12.1517,-6.1504,-1.56,2.41,11.0778,0.331546,23.9847,-1.40711,-14.7701,0.0,-14.7819,0.4,30.5898,-16.4161,-17.0776,10.0026,18.4678,2.42851,5.36799,56.3022,62.9305,1.0,0.0,0.2524269208737541
F_S_WWS_WM_523,1.93658,1.09396,15.335,-12.4759,1.13,-0.39,-2.84249,-0.698839,-19.5561,-13.5135,-3.71092,0.0,-31.5968,0.1,-23.9011,-15.1505,-19.6913,37.7312,-32.7952,-27.1694,61.5868,41.0406,-179.392,1.0,0.0,0.2641463403887043
F_S_WWS_WM_524,-3.90617,1.64675,-5.17005,-0.651179,2.27,2.03,9.10784,-1.74344,-23.5679,62.5738,-4.2041,-0.2,19.35,0.8,15.4645,10.3053,10.9086,51.4872,9.1966,24.4549,-57.509,-47.4218,-133.3,1.0,0.0,0.2453872026445182
F_S_WWS_WM_525,11.4664,-3.17759,2.61581,-4.52159,0.84,-0.07,11.3869,4.29414,-49.027,-91.1366,-12.9195,0.7,-29.9708,0.9,8.30071,-6.20428,-3.93899,21.6595,-42.5313,-48.2403,31.9609,-52.5836,60.7266,1.0,0.0,0.2421354776478405
F_S_WWS_WM_526,4.387,-3.71917,8.24371,11.3701,-0.48,0.78,-3.36421,4.60214,-29.3732,66.8465,-4.99508,0.4,27.1705,-0.4,10.9926,3.2028,-13.2105,-21.486,-52.4354,-0.314495,43.9054,-42.6067,-196.518,1.0,0.0,0.2132988770431894
F_S_WWS_WM_527,5.44555,7.6859,18.8317,6.18597,-0.07,1.72,6.1674,0.465503,4.18956,-85.021,-4.44865,0.2,-11.1433,0.6,33.6372,-4.97448,-24.2065,49.4953,126.797,-11.3883,32.716,-29.7276,-180.492,1.0,0.0,0.2596223737840531
F_S_WWS_WM_528,10.6488,0.840446,18.8817,0.500045,1.32,1.62,-2.4755,-1.10668,-9.06565,34.3945,4.50102,-0.3,-29.2579,0.2,8.14908,-6.99006,23.4766,42.9495,86.2581,-34.8844,-23.1748,-34.8363,86.1186,1.0,0.0,0.2263391608637874
F_S_WWS_WM_529,10.0239,8.31584,2.06877,-16.1494,1.52,-0.19,-6.10652,2.97371,42.0621,-94.3469,1.24588,0.1,14.2559,0.5,-3.72343,3.03978,-9.20327,50.8957,-21.9224,-45.2636,18.919,49.8403,66.8057,1.0,0.0,0.2490466985681063
F_S_WWS_WM_530,8.08445,-7.73847,4.79741,-7.54517,-1.01,0.96,12.1503,6.48621,40.8481,15.3194,0.145422,-0.4,11.9996,0.8,21.9543,-18.2612,14.8883,-14.0347,65.3761,-43.1347,55.0293,88.3009,50.2399,1.0,0.0,0.2163733705847176
F_S_WWS_WM_531,-4.07887,11.9669,2.17828,-5.78257,-0.12,1.17,13.69,-4.80803,-25.8747,62.3606,-14.1623,0.7,19.1047,0.0,46.3037,-9.54185,-20.0744,31.7121,-7.36983,-20.1331,-52.6958,-0.651336,-68.7896,1.0,0.0,0.2700836990631229
F_S_WWS_WM_532,5.97188,11.6352,4.55541,-12.1133,-0.99,2.0,18.6161,4.24606,-18.9902,45.5871,-10.9575,0.5,-22.4092,0.6,44.4888,25.5614,-8.5562,1.56144,59.1047,-45.638,-26.7921,-31.5236,119.036,1.0,0.0,0.2554211312624584
F_S_WWS_WM_533,-3.46887,1.41274,-4.71363,12.4018,-1.0,1.59,-0.669129,-0.765125,27.5606,121.699,-13.1089,0.6,9.18358,-0.3,-4.25754,18.2027,28.1729,-0.731802,15.5568,44.1529,49.7118,3.39124,-18.7048,1.0,0.0,0.2368228920996677
F_S_WWS_WM_535,10.9888,-5.17209,5.73731,9.23348,1.95,0.72,11.7995,9.77056,-15.9054,24.2723,3.95709,-0.1,-14.7037,-0.3,39.0337,-1.37854,6.28546,7.18941,-53.2342,-24.0397,-7.08287,-57.6878,-94.0099,1.0,0.0,0.2206525374651162
F_S_WWS_WM_536,13.4044,-6.5746,18.9722,14.3906,1.75,-1.37,9.32773,3.71388,-5.77822,-86.1915,0.10988,0.1,16.7644,0.3,-10.2056,20.975,-14.9403,37.5907,101.609,-25.9856,-16.2278,47.5309,-51.5957,1.0,0.0,0.2392744869867109
F_S_WWS_WM_537,12.1654,10.5604,-3.83545,-5.55156,-1.62,-1.48,17.8211,2.5134,-6.28835,133.552,-5.18845,0.4,3.25816,0.3,-9.31917,-8.51155,28.6893,33.9874,90.3981,17.3887,14.9901,72.5043,-89.8418,1.0,0.0,0.2427695341794019
F_S_WWS_WM_538,8.58383,-0.525139,8.87364,13.3286,-0.66,2.2,15.1378,-4.89761,-7.26715,-40.9603,0.452838,0.6,5.69355,0.1,-0.329476,-14.7607,-12.038,43.9546,12.5542,-30.9543,-13.6062,21.5445,-144.972,1.0,0.0,0.2390155051362126
F_S_WWS_WM_539,-2.17589,7.0698,18.1287,-4.12416,-1.52,-0.24,-4.82116,1.74023,-15.6038,133.231,-4.26678,0.7,27.484,0.5,9.30188,-19.0824,-17.5703,14.6393,-23.6493,-49.0891,-42.0005,14.7766,-38.6292,1.0,0.0,0.2588169242890365
F_S_WWS_WM_540,4.30293,-1.13045,1.38683,-13.6233,1.98,-1.57,19.5277,2.92604,-37.2644,93.1968,-0.245702,0.4,22.1952,-0.3,56.8862,28.0982,9.92662,25.1551,69.5631,-24.4808,68.2794,24.474,96.676,1.0,0.0,0.2335518693488372
F_S_WWS_WM_541,3.56341,-2.20172,9.57447,10.048,-0.14,-0.5,-3.85515,0.549449,-0.0745922,-82.5548,3.80147,0.5,-20.2554,-0.4,9.1439,1.50769,-11.1888,50.8296,119.36,28.2908,-40.8258,71.7715,-103.446,1.0,0.0,0.2399979698538206
F_S_WWS_WM_542,5.02169,-3.65874,-6.91182,-6.48143,1.41,-0.14,-4.14919,7.87478,35.4583,-48.5096,-5.49294,0.4,-21.4726,0.6,-16.6717,28.7176,-18.0808,-9.41808,35.597,36.8486,88.4317,-34.3746,-75.9987,1.0,0.0,0.2170536815116278
F_S_WWS_WM_543,4.97512,-3.86561,4.18916,-13.594,-0.6,-1.15,-7.71687,7.98638,-9.71761,147.198,-4.75407,-0.3,13.0189,0.5,51.5371,3.37309,24.2956,4.44398,84.8078,49.0135,113.389,-6.91682,-93.2021,1.0,0.0,0.2167976634418604
F_S_WWS_WM_544,-3.7605,-5.86005,7.3471,-2.68092,0.06,0.83,6.08786,7.64298,44.3523,-3.33358,-8.79569,-0.4,-20.716,0.0,22.065,-10.6672,10.0473,7.7442,46.4662,48.6499,124.361,-1.33481,-184.879,1.0,0.0,0.2303598599036545
F_S_WWS_WM_545,3.38561,2.1687,14.1433,-4.33536,2.37,2.44,6.99469,-3.34877,13.5263,-77.7737,-11.906,-0.4,-2.20687,-0.1,-16.9315,-8.32451,24.8088,13.3628,17.954,-16.1978,108.595,-11.3015,-114.222,1.0,0.0,0.259444646950166
F_S_WWS_WM_547,-3.01301,-2.84553,11.3016,19.0663,0.03,-0.97,-4.86326,6.71762,12.2629,104.414,3.85627,0.1,4.81133,0.9,53.7238,26.5953,4.13309,16.1121,54.9976,-0.852069,102.422,85.8489,-126.333,1.0,0.0,0.2132265173023255
F_S_WWS_WM_548,1.58885,10.144,-6.53278,6.75159,0.44,1.28,-3.52195,-3.73546,6.00359,141.855,-3.13219,0.4,22.5363,-0.1,-13.4696,26.387,-19.756,-21.0421,68.5683,-23.9572,50.157,82.4501,77.5709,1.0,0.0,0.2324018423554817
F_S_WWS_WM_549,11.3568,12.6235,13.3874,-4.96924,-0.27,0.29,-2.08385,-4.2911,-47.3891,-89.0215,-4.00347,-0.2,-17.3896,0.6,48.7277,-14.6453,-1.68627,36.5672,8.43573,-29.6801,-30.5225,-23.5821,-6.17395,1.0,0.0,0.2457602616710963
F_S_WWS_WM_550,1.68991,10.373,9.22663,-11.4558,0.3,0.81,16.7576,3.16646,-35.9328,-40.165,-7.62494,-0.4,36.0614,0.1,22.2016,-15.7502,3.21105,54.3282,-56.9881,18.3414,105.439,-0.397391,-116.286,1.0,0.0,0.2695692136478406
F_S_WWS_WM_551,2.46309,8.37191,-1.48758,-17.6349,0.76,0.05,2.69672,6.60787,31.189,134.648,4.61054,0.3,12.6155,0.2,52.9037,-13.1263,-29.1429,40.0625,83.587,48.4429,137.331,4.38192,0.854219,1.0,0.0,0.2412838327707641
F_S_WWS_WM_552,2.21616,10.6198,14.4003,-19.1839,-1.63,1.16,1.46098,-1.01411,39.3246,-23.5649,-10.7593,0.5,-39.222,0.7,45.6727,-3.58049,0.813722,40.2331,14.8005,31.4011,49.0395,-21.4154,-11.1424,1.0,0.0,0.2672246164152824
F_S_WWS_WM_553,13.364,-0.458843,-0.602948,12.7009,-0.98,1.21,13.4844,4.83162,14.2589,27.6753,-5.79173,-0.2,-29.44,0.6,-15.4934,-11.9521,-10.0495,2.61047,44.8577,19.5859,-54.5029,-59.1351,-170.221,1.0,0.0,0.2342185464086378
F_S_WWS_WM_554,-6.06116,6.70392,-6.29713,-11.8965,-0.95,-0.01,5.70517,-3.89387,12.3684,31.1158,1.82854,0.3,24.4167,-0.3,29.2518,-18.9656,-15.7505,11.8439,34.3661,-45.0522,74.591,-39.0517,9.46173,1.0,0.0,0.245055452936877
F_S_WWS_WM_555,10.5997,-4.64135,-0.10001,4.55399,-1.53,0.95,18.1897,5.85594,19.5862,127.009,-10.8328,0.7,-39.1425,0.1,5.16006,23.5811,-15.4048,12.746,41.9722,-22.0421,65.148,45.3258,74.0766,1.0,0.0,0.234248136282392
F_S_WWS_WM_556,-1.2651,-3.96128,15.9204,-1.53862,-1.26,-1.8,0.213405,6.40842,-44.6483,88.815,-6.41938,-0.1,-24.9146,0.5,6.74988,-5.97248,-2.62035,-7.09992,57.4535,-23.0547,123.55,83.1189,92.6275,1.0,0.0,0.2298998086146179
F_S_WWS_WM_557,5.5215,11.5791,-2.82065,15.9959,0.18,-1.01,13.9769,9.70427,41.4572,-80.9151,-11.2646,-0.1,-2.0515,-0.3,33.7089,14.3738,-7.39884,-14.9002,-23.6252,-18.7457,79.5348,-13.1143,-98.4809,1.0,0.0,0.2566452417840532
F_S_WWS_WM_558,-4.2838,13.9033,-3.36748,-15.1478,0.37,0.05,3.85522,0.39777,13.0642,144.038,-9.78265,0.2,-8.16942,-0.3,57.3284,-5.72467,-4.14031,-9.67088,35.2409,26.765,-24.3031,5.48121,97.7686,1.0,0.0,0.2588986784019934
F_S_WWS_WM_559,-4.92424,0.895484,0.354838,13.7902,1.06,-1.15,-6.80241,-3.79826,1.22897,-34.7824,-7.21616,0.7,14.8828,-0.2,25.7593,21.8057,15.9841,-19.8109,3.46825,-4.85603,117.044,-11.6082,-169.842,1.0,0.0,0.2243220304152824
F_S_WWS_WM_560,-1.67382,-1.04231,-5.67642,19.9607,-0.87,-0.11,15.8699,1.65931,31.0002,-38.142,4.46698,0.4,-34.7095,0.6,35.6554,-15.3379,9.34171,-11.512,22.6206,-8.42526,49.9737,68.1871,31.1657,1.0,0.0,0.2136063338870432
F_S_WWS_WM_561,-3.29506,13.1896,7.06808,-15.5004,1.37,-0.84,-8.45119,-4.11547,-4.20289,-15.9987,-14.2658,0.2,36.7197,-0.1,18.9543,-4.11835,-7.50245,2.48649,-27.7673,36.1476,111.266,15.3524,-0.491471,1.0,0.0,0.2696362388504983
F_S_WWS_WM_562,0.139506,-4.79609,-7.27312,-15.7722,-0.94,0.65,9.81705,-1.87984,-7.09834,113.011,-6.28567,0.5,-17.8378,0.2,59.9709,13.0317,26.6937,20.6623,71.2083,28.0109,138.518,58.755,-15.096,1.0,0.0,0.2261088077508305
F_S_WWS_WM_563,-7.65277,11.7228,4.57014,5.01851,-0.57,-0.74,13.2143,-2.76557,-32.0541,123.579,-6.34429,0.3,-11.8288,0.4,29.9026,27.6209,-20.7815,-5.85364,-3.76732,28.6939,108.615,-47.8591,131.762,1.0,0.0,0.2533669879734219
F_S_WWS_WM_564,5.78348,3.63073,19.4955,-17.9221,1.64,-1.46,5.81735,-2.52684,-22.4155,103.811,-12.5747,0.0,9.82797,0.8,28.7113,-17.7099,-2.26839,-8.30319,33.7812,25.8742,51.909,79.5368,-53.5541,1.0,0.0,0.239856855475083
F_S_WWS_WM_565,-0.826919,14.0608,-6.65047,12.8295,0.86,-0.82,-5.61405,6.26651,18.3298,-41.7799,3.68451,0.0,24.9398,0.9,-8.83247,-11.61,0.981035,11.2857,-33.3707,4.26239,-41.6793,5.92892,-64.9391,1.0,0.0,0.2369193240332226
F_S_WWS_WM_566,11.2647,12.8381,-3.79118,1.04384,-0.72,1.69,0.930061,-4.83628,-3.24396,-68.366,-6.25479,0.5,12.4959,0.6,-17.6654,11.1949,7.99157,34.4793,-38.223,23.1208,-3.89743,-50.4913,-30.6928,1.0,0.0,0.2560062134883721
F_S_WWS_WM_567,-2.7443,3.10722,17.4801,18.2491,0.31,0.17,-5.29082,-1.81284,27.8546,144.16,-8.74129,0.6,-31.2895,0.8,48.5189,26.1689,10.352,-17.2365,4.89163,-37.5988,22.0911,29.1739,-17.0629,1.0,0.0,0.2300872067375415
F_S_WWS_WM_568,1.0805,8.24602,0.429682,-9.2503,0.72,-0.49,-9.50749,2.39164,-49.4084,-69.3381,-5.57075,0.7,-9.05756,0.2,25.4817,19.0752,-29.9826,-23.2011,89.6997,-5.63558,9.51692,7.80634,119.77,1.0,0.0,0.2299249850830564
F_S_WWS_WM_569,-0.279307,13.1459,-1.91957,-17.1611,-0.32,1.19,18.524,7.67686,25.6846,-25.3726,-7.38477,-0.3,37.9819,0.0,11.1897,15.8925,11.8795,-14.309,31.1844,-35.6411,-38.0357,31.0043,-106.407,1.0,0.0,0.2502610754119601
F_S_WWS_WM_570,13.8159,-2.79856,18.0775,8.59173,1.91,1.06,6.29084,-1.71998,4.44405,132.246,-4.39714,0.5,37.4122,0.3,19.0981,27.4684,-2.36888,20.935,116.677,-47.811,56.507,-55.3158,123.352,1.0,0.0,0.2315019740963455
F_S_WWS_WM_571,-7.02086,-7.983,7.54547,0.639528,1.05,0.38,3.52777,-4.5334,-40.295,100.378,-14.3513,0.3,-31.8211,0.0,1.5525,21.862,11.6486,45.2122,-14.0231,6.8167,95.0458,54.9323,79.0117,1.0,0.0,0.2684417544219269
F_S_WWS_WM_572,-6.74543,-4.31862,12.2778,-15.4808,1.95,2.48,5.43654,-0.338092,-21.1429,12.2363,-9.09356,0.4,24.1073,0.1,49.916,-11.0906,-10.7582,48.1174,9.58088,38.0502,63.0888,16.7249,-191.549,1.0,0.0,0.2530829434285714
F_S_WWS_WM_573,13.0228,-0.415405,16.0873,5.06396,1.79,0.04,3.83212,0.273084,47.3836,-9.68008,4.35607,-0.2,-3.07849,0.1,21.3257,7.44187,-27.909,34.4141,0.580288,47.7322,-47.1534,-14.8737,-32.3928,1.0,0.0,0.2392345216445183
F_S_WWS_WM_574,4.83321,1.79902,-7.34453,5.15762,1.57,1.25,-9.05438,7.76872,3.60451,110.989,1.43015,0.5,32.0394,0.9,7.47847,-7.09639,-3.95085,-13.3873,81.2466,8.87441,77.2617,-24.6631,99.8328,1.0,0.0,0.209443664564784
F_S_WWS_WM_575,-3.70872,-1.42296,2.83622,4.61736,-0.71,0.94,-7.86963,-4.89229,-20.5492,103.034,-2.70066,0.4,-35.1993,0.5,6.03349,-1.18633,-26.0361,29.4526,94.6397,35.7001,11.2745,42.0122,111.056,1.0,0.0,0.2359799035946844
F_S_WWS_WM_576,-4.17696,-7.10514,16.9969,-13.1506,0.46,0.61,-8.23621,0.970734,9.22828,16.6006,-13.2416,0.3,17.343,-0.1,39.4957,21.44,15.1984,52.5457,100.558,13.7289,-45.6162,42.9522,-39.6955,1.0,0.0,0.2531104388737542
F_S_WWS_WM_577,6.86793,6.75439,8.18432,8.01674,-0.97,-1.53,19.7925,-3.03373,-6.57517,-54.6837,2.53205,-0.1,22.0669,0.3,53.4411,-10.6109,-11.282,7.46256,-19.4964,-19.4952,142.257,-10.9906,24.0573,1.0,0.0,0.2329348264684385
F_S_WWS_WM_578,13.1866,3.29367,-7.3186,-3.47592,1.95,2.06,-2.02714,-3.38919,44.6983,52.978,-5.20515,0.3,3.18939,0.4,-14.7988,-5.34954,1.98219,1.30102,36.7198,-29.0975,-37.0024,22.398,120.975,1.0,0.0,0.2463298803388704
F_S_WWS_WM_579,11.7955,4.69168,17.593,10.7523,-1.47,-0.36,-1.23038,1.01573,-0.86367,2.55163,2.18541,0.3,-17.3369,0.2,-12.2334,17.538,28.573,51.9544,-23.2928,8.08094,51.0343,-54.8254,-83.2595,1.0,0.0,0.2575690789003322
F_S_WWS_WM_580,0.555189,6.75126,5.58703,-6.20011,-0.68,-1.72,14.1384,-2.1215,9.0838,5.97437,-12.055,-0.3,-28.0752,0.1,-15.9886,-5.78727,-17.3082,41.9257,110.033,13.4874,135.577,-10.7594,-126.79,1.0,0.0,0.246501535295681
F_S_WWS_WM_581,-4.23496,-2.04782,15.0674,-19.7322,-1.58,-0.2,-0.752536,8.15162,2.47067,1.3483,-2.88107,0.4,-7.85667,0.8,42.1771,2.26709,-18.6787,-17.6351,45.315,47.6882,83.3592,64.4413,-161.692,1.0,0.0,0.2173037474518272
F_S_WWS_WM_582,12.2492,2.65808,-1.44176,13.6033,0.91,1.5,5.78489,-1.13419,32.1572,-18.3791,3.06029,0.7,26.3565,0.5,41.1008,-7.88592,-27.9599,23.5688,-41.1385,-19.8007,6.28414,-44.6455,58.7152,1.0,0.0,0.2331433573255813
F_S_WWS_WM_583,14.4085,0.0588059,-4.13792,15.567,-0.52,0.61,-3.583,3.24038,-12.8377,34.7772,-9.71066,-0.2,-23.4028,-0.3,37.6053,11.7736,13.929,49.7805,-57.7769,-6.1887,103.199,17.8351,25.9025,1.0,0.0,0.2581349299468439
F_S_WWS_WM_584,13.1174,4.20175,18.4656,12.1262,1.22,1.69,-4.55802,3.94572,-11.8498,0.581666,-4.68689,0.8,6.91763,0.3,47.6776,1.81866,23.5655,21.9639,-56.6559,-20.753,141.403,28.1708,-142.31,1.0,0.0,0.2304032299468438
F_S_WWS_WM_585,12.0169,-2.51612,-4.45141,17.8863,1.89,-1.36,19.6887,-1.4409,9.82031,132.798,-4.68118,0.2,4.5037,0.7,50.5629,-10.4927,-14.182,-12.2594,-1.06874,21.2528,90.5598,22.0074,-35.5266,1.0,0.0,0.2265810071328903
F_S_WWS_WM_586,11.8657,4.15602,-2.2383,-19.7845,-0.12,0.1,-4.49331,1.35906,9.43991,21.9394,-13.6805,-0.1,21.1191,0.7,-21.758,8.1428,25.0159,-9.87203,49.1689,23.2261,54.8543,35.2459,-143.21,1.0,0.0,0.2366498718305647
F_S_WWS_WM_587,-2.01592,7.02784,2.21081,-12.884,-1.65,-1.61,-5.6334,1.06309,-34.992,-28.0307,1.3975,-0.2,23.8615,-0.2,-14.0855,13.6122,-10.1609,7.2693,76.799,-13.8963,11.4878,89.0972,89.4922,1.0,0.0,0.2221084478073089
F_S_WWS_WM_588,2.03537,11.9385,16.5391,13.5964,0.06,-1.21,17.2196,-0.924998,-12.8832,125.311,-6.9806,0.5,39.6499,0.5,-19.9655,19.8097,7.62489,-5.39217,32.4454,-24.3542,105.635,46.0407,41.3324,1.0,0.0,0.2358597640398671
F_S_WWS_WM_589,-2.85381,-7.73654,9.16648,-6.32098,2.06,1.99,4.40229,5.64465,-42.9137,19.7039,-10.7227,0.5,14.748,1.0,-22.6081,14.4992,-22.2446,-8.79346,9.27478,0.538401,1.25778,-39.611,-78.379,1.0,0.0,0.2356345125714285
F_S_WWS_WM_590,0.663193,14.7661,-4.36653,-15.1062,0.26,1.15,3.40647,2.70282,-32.5999,-14.6191,-9.72453,0.3,-2.64579,0.0,53.1205,12.4459,-28.5853,-22.0445,-57.0766,-42.3998,122.545,-36.2487,-27.4278,1.0,0.0,0.2420258531727574
F_S_WWS_WM_591,9.36503,-2.55852,12.8849,3.45222,0.19,0.63,8.57573,5.19427,-32.3002,-60.5136,-4.33851,-0.2,-29.9366,0.4,-13.4537,22.5396,25.2839,3.83742,114.539,46.0408,-40.4637,27.7288,63.1587,1.0,0.0,0.2385020972026578
F_S_WWS_WM_592,0.609382,-5.25609,-0.889506,14.5061,0.02,-1.77,5.37748,5.65478,24.8304,134.539,-10.6008,-0.1,9.6055,-0.2,22.5247,-6.11222,-29.6222,29.2151,12.767,-17.7841,20.6852,-37.7017,107.81,1.0,0.0,0.2436516970531561
F_S_WWS_WM_593,12.8188,-4.22356,-1.80295,-8.32174,1.25,0.33,-9.74551,4.39928,48.7436,-35.8413,-1.60737,0.6,15.8518,0.7,25.7193,-9.89498,24.2171,28.4315,-40.5175,25.1012,-46.0676,21.0167,-94.9144,1.0,0.0,0.2272703509302326
F_S_WWS_WM_594,-2.29347,-6.62604,3.3483,-5.61567,2.0,1.7,9.42337,9.4788,-11.9331,142.665,-13.2614,0.7,33.2175,-0.1,30.0094,10.3922,-11.0161,30.4499,-11.3884,-9.18312,140.34,34.3867,39.0198,1.0,0.0,0.2354423525415282
F_S_WWS_WM_595,8.70444,5.48396,14.7328,-19.6241,-0.77,-1.47,-1.97592,7.19071,48.4036,28.1675,-9.59642,0.5,-36.8341,0.0,0.486038,-13.6355,-19.8568,-2.86714,74.5498,-28.2993,75.5302,16.5057,-52.8713,1.0,0.0,0.236056115385382
F_S_WWS_WM_596,5.92184,-6.59348,2.67267,-15.675,-0.56,0.07,0.82621,2.04071,-17.7311,145.242,-3.16577,-0.2,7.1948,-0.3,34.4277,29.1099,-27.104,54.7826,106.385,-5.94168,-3.56137,11.2807,58.1358,1.0,0.0,0.2430686895548172
F_S_WWS_WM_597,8.72771,-6.14775,7.46641,19.3909,2.3,0.48,-7.98183,-2.58163,27.2601,-37.628,-4.2957,0.3,31.3132,0.6,44.9977,10.8048,-21.2684,-3.76045,17.0421,27.0816,-47.0149,29.4227,96.1793,1.0,0.0,0.2293700436744186
F_S_WWS_WM_598,10.2158,-6.7143,-1.34658,15.4852,1.49,-0.62,2.26838,5.71535,40.1419,49.2607,-11.68,-0.1,-26.5093,0.2,-21.0316,-12.1794,-9.06121,-4.96613,-29.3629,-22.8981,-15.5666,81.1945,-61.2226,1.0,0.0,0.2583206756046512
F_S_WWS_WM_599,12.8844,11.1302,5.4515,-8.28457,2.46,-1.48,-1.1788,7.93556,-7.34777,42.6054,-13.884,0.1,32.9609,1.0,6.48456,-2.90313,-20.9554,48.8496,58.4153,-38.2885,76.3067,13.4241,-16.7113,1.0,0.0,0.2830720679501661
F_S_WWS_WM_600,-3.38782,13.9445,19.7099,7.46483,-0.11,-0.43,10.2134,0.710599,16.7818,72.3164,-2.11612,0.6,29.6922,-0.4,-22.0063,-6.35841,-23.0128,32.3817,46.1293,-2.69544,106.073,-48.464,-117.451,1.0,0.0,0.280625445372093
F_S_WWS_WM_601,8.38386,-6.21495,-5.63015,-6.28017,-0.05,1.19,10.3564,9.3154,-49.9646,54.0643,-0.961029,-0.3,-36.7175,0.3,-5.22627,-14.8047,-9.61105,36.6956,-31.6822,-0.497491,86.6966,5.12939,-19.8532,1.0,0.0,0.2323681411328904
F_S_WWS_WM_602,13.2846,9.30947,12.1608,9.15321,-1.26,1.91,-2.16796,6.029,21.3213,15.9462,3.53338,0.4,34.749,0.1,31.7787,-13.2455,22.3418,41.6862,97.6481,16.6617,-44.6991,-3.51956,-54.3615,1.0,0.0,0.254522039166113
F_S_WWS_WM_603,-2.36326,-2.30408,4.03537,-7.28276,-1.13,-0.41,-3.48386,-0.122375,35.0345,141.069,4.1427,0.4,9.86097,0.2,0.894393,9.64931,-5.2878,19.9494,110.282,-24.9085,149.538,8.33861,141.343,1.0,0.0,0.2140966062325581
F_S_WWS_WM_604,-4.47151,6.26811,-6.86849,-15.0382,2.31,0.85,-2.44764,-3.00413,-46.884,129.463,-5.03799,0.1,23.5552,0.7,24.6246,14.6708,-13.7991,14.0502,32.1409,-11.8129,142.873,22.0897,41.9228,1.0,0.0,0.2361460269833887
F_S_WWS_WM_605,3.10536,11.0414,2.14109,-6.71047,-0.37,-1.44,0.47146,6.34085,45.1514,107.348,-0.450964,-0.4,17.4418,0.1,-24.6637,1.72951,0.620405,-16.0845,115.072,-15.8553,118.997,37.2119,-165.214,1.0,0.0,0.2308892180431893
F_S_WWS_WM_606,3.72014,3.47633,15.8978,14.6998,-0.68,2.12,-5.89548,9.12958,-30.1757,39.6959,-5.27786,0.5,7.45288,0.9,-4.79101,18.5075,17.8755,18.1888,90.2586,-26.47,6.31215,-59.4618,22.4051,1.0,0.0,0.2441351359501661
F_S_WWS_WM_607,11.6831,5.97576,15.2358,-0.615172,0.73,-1.2,15.2614,8.24795,14.5341,-45.6788,-6.45991,0.2,25.4866,0.8,20.4629,8.83803,-20.4819,8.7543,-9.88547,43.9944,-50.7183,79.2109,-121.484,1.0,0.0,0.2410246859003322
F_S_WWS_WM_608,-5.46888,4.45433,15.7313,-18.4652,0.23,1.99,14.4762,8.02222,-14.7673,102.215,-7.52675,0.4,-12.6211,0.6,54.1627,2.58285,-29.29,25.7061,15.0914,17.5118,77.8287,-36.9926,51.1106,1.0,0.0,0.2539549535016611
F_S_WWS_WM_609,-0.656325,13.3335,-5.94355,-10.3708,-0.53,1.56,1.60238,-3.29662,19.0942,-73.321,-13.3591,-0.2,-34.2125,0.2,19.2931,2.50125,-24.7169,16.4904,-44.2424,-5.38091,70.0409,25.3102,111.681,1.0,0.0,0.2644175617109635
F_S_WWS_WM_610,0.716267,0.276843,18.8735,-14.473,0.87,2.19,4.19496,8.41012,15.788,31.9314,-14.4357,0.0,-34.4508,0.1,14.528,3.60969,29.1905,10.6563,72.6831,8.79912,64.6186,77.3826,-55.8265,1.0,0.0,0.2532050485946843
F_S_WWS_WM_611,7.33329,-7.20446,10.9126,-3.38945,2.14,-1.17,-7.73161,8.707,-3.70739,60.3158,-4.71554,0.5,-5.94578,-0.4,37.9798,16.9562,-19.2109,50.3396,-25.6334,-3.89354,70.2379,-45.8956,91.8619,1.0,0.0,0.2470849783554817
F_S_WWS_WM_612,12.238,-3.01917,13.2362,-3.32001,-0.34,1.5,2.24947,5.62344,24.1958,147.489,4.19226,0.7,-6.42694,0.0,-14.3892,7.07684,-22.79,-18.8832,109.125,-10.2127,5.83501,-14.6009,-14.3981,1.0,0.0,0.2251235540299003
F_S_WWS_WM_613,-5.03014,4.91857,-5.79647,2.51025,-0.46,-1.07,-8.88564,-3.65379,-4.98514,-70.8767,-2.47683,-0.1,-15.7129,0.6,55.4126,2.03339,29.99,-16.9719,63.3007,-27.8561,132.994,-35.6353,100.016,1.0,0.0,0.2268463977707641
F_S_WWS_WM_614,0.100708,12.3742,16.1569,14.6215,2.39,-1.65,10.0466,3.84393,-26.3305,-45.5067,-7.76669,0.0,21.5442,-0.1,39.1773,14.2903,18.904,-2.7223,-37.9832,42.62,27.6519,22.7945,-30.3691,1.0,0.0,0.2526431552657807
F_S_WWS_WM_615,12.5966,6.58033,10.3661,-16.182,2.35,-0.57,17.7241,1.57323,3.55727,-4.0376,-9.30434,0.4,27.268,0.6,-6.19504,27.0065,-17.844,-18.2874,119.105,-6.85966,34.1199,-30.9924,62.1126,1.0,0.0,0.2378359024817275
F_S_WWS_WM_616,-6.81073,11.2804,4.90908,12.7945,-0.66,0.68,-7.45434,2.53469,43.9096,119.238,-7.42486,0.8,-21.7366,0.5,-5.96309,13.0,-23.8274,2.28813,124.059,-34.0716,82.6484,60.6053,-23.0121,1.0,0.0,0.2485548762358803
F_S_WWS_WM_617,-1.85554,11.8244,1.48267,-17.9644,2.2,0.51,7.41279,-4.79008,17.8542,58.1814,-0.668011,0.2,35.628,0.7,34.506,-9.46788,5.44871,5.63605,85.1278,25.3404,110.582,-53.1279,-199.063,1.0,0.0,0.2468993805913621
F_S_WWS_WM_618,-5.60722,1.61822,7.68768,-1.74459,2.3,-0.24,2.10719,5.09249,18.9938,7.25564,-13.5527,-0.4,15.1693,0.9,8.46223,21.0126,-5.15436,16.4663,13.777,-40.7772,92.9973,85.2275,86.9726,1.0,0.0,0.2786250538637873
F_S_WWS_WM_619,8.92915,7.27947,-0.0500485,16.6507,1.27,0.31,17.9182,6.3212,-37.0373,127.612,4.83236,0.0,-20.5121,0.6,34.0031,19.0453,-27.2249,27.4418,24.1803,-6.11133,14.0236,-1.76436,-67.4281,1.0,0.0,0.2428609981827242
F_S_WWS_WM_620,2.6654,-2.5844,17.4051,-3.72039,-1.36,-0.22,-8.13057,5.52991,29.8873,-72.4825,1.03461,-0.4,2.33464,-0.3,43.0263,20.7025,10.173,33.6361,-16.7711,-26.2308,13.2233,-41.4987,29.1317,1.0,0.0,0.2293961114584717
F_S_WWS_WM_621,8.4575,3.19469,10.7587,8.16114,-0.95,-1.3,12.5249,-1.17144,42.2067,146.008,-9.65324,0.3,38.4104,-0.1,4.37704,0.555643,26.2357,23.989,-1.80468,-31.3325,2.94207,-38.4328,-104.253,1.0,0.0,0.2578260085348837
F_S_WWS_WM_622,-6.48858,14.3562,-2.25059,8.43034,1.54,2.31,7.18255,-1.01507,-18.6228,95.1981,-6.54108,0.5,-30.4927,1.0,42.4271,4.42878,-27.311,42.8098,-12.2591,-33.8419,60.7175,57.9219,-140.269,1.0,0.0,0.2753659787541528
F_S_WWS_WM_623,-7.34743,0.517883,9.51802,-10.0991,1.86,0.26,9.15566,2.36039,-19.8316,131.727,-13.1436,0.1,-32.2373,0.9,-7.32919,-17.2123,2.79894,27.6521,125.505,6.36251,102.135,-30.486,-96.6291,1.0,0.0,0.2485330006677741
F_S_WWS_WM_624,2.2952,11.4954,14.5212,2.13926,2.13,0.41,-5.74791,9.39902,20.2244,110.128,2.78916,0.3,17.6962,0.7,48.1418,19.7752,-9.28226,-16.7673,-36.8096,-18.2581,130.437,-52.1665,-36.3104,1.0,0.0,0.2278803685481727
F_S_WWS_WM_625,3.49275,-5.93881,7.50694,-17.7318,-1.42,1.87,-7.60599,1.76257,17.948,112.879,-2.94925,0.8,18.1028,0.0,21.0157,-1.56477,-26.6039,8.89853,-14.5115,43.2878,82.9657,3.10714,11.8894,1.0,0.0,0.2236417933189368
F_S_WWS_WM_626,-4.03789,13.2845,6.4372,-10.8834,2.04,0.34,16.2022,2.29189,11.3486,53.6548,-8.20529,0.7,-22.6999,0.2,24.237,-8.04703,-1.95898,44.1254,73.527,40.9141,44.6433,84.5899,-96.1021,1.0,0.0,0.2622926976478405
F_S_WWS_WM_627,-7.39109,3.34317,-4.16627,11.2146,-1.75,-1.45,0.0478577,-1.37427,46.7191,-35.0817,-5.58687,0.5,-29.1673,0.2,18.3195,-4.58128,-6.45637,-22.559,102.593,7.38511,-9.98026,-4.37738,-95.6567,1.0,0.0,0.225223984578073
F_S_WWS_WM_628,4.18754,-4.3554,-0.182915,-17.7123,-0.4,0.36,-4.71688,7.81767,-20.041,54.9436,-11.793,0.4,4.05915,-0.4,-24.3128,23.0518,8.28864,42.0238,-2.69987,-22.4024,64.0143,70.7942,-120.596,1.0,0.0,0.2605624552923588
F_S_WWS_WM_629,-7.60222,-7.25178,6.93562,-11.7484,0.92,1.95,-4.26541,0.576225,-35.5371,-58.1932,-4.80477,-0.1,-15.5659,0.3,38.7349,-3.50536,-3.01264,49.9202,127.392,-12.1467,42.4128,70.6553,44.8064,1.0,0.0,0.256279418282392
F_S_WWS_WM_630,14.1196,-0.976126,6.00304,-14.7948,-1.39,-1.45,9.06128,-0.507852,-44.9908,82.9066,-6.30292,0.5,34.7055,0.2,36.5503,14.5892,-8.93864,-24.3708,1.62667,8.48769,89.4294,59.3505,107.267,1.0,0.0,0.2225166462657807
F_S_WWS_WM_631,4.88157,-5.1143,2.28885,6.36091,2.16,1.63,10.1716,4.0546,36.3251,26.1575,2.09383,0.1,-38.4813,-0.3,-6.11444,-9.26011,14.7616,16.3105,77.3889,38.8238,3.51334,82.0547,128.01,1.0,0.0,0.2275175503687707
F_S_WWS_WM_632,9.93163,-1.47881,-6.79629,9.83528,2.25,1.53,15.1783,-2.63363,-26.5129,108.195,-10.0951,-0.1,-6.85984,-0.4,57.5234,6.8398,13.2515,-5.50572,46.7184,16.1785,13.6081,62.0319,-125.835,1.0,0.0,0.2431557810996677
F_S_WWS_WM_633,10.881,-4.68785,13.8075,17.0545,1.28,1.73,14.3976,1.44711,28.8219,100.271,-7.30406,-0.1,31.8821,0.5,10.2606,20.4771,-9.7842,52.0318,-31.0419,-4.07798,-56.1541,-25.2242,-69.2458,1.0,0.0,0.2463142274584717
F_S_WWS_WM_634,8.92026,0.743232,-1.24568,-2.58153,2.01,-0.95,11.9752,-2.29422,-30.7901,10.6472,-9.01439,-0.4,18.4138,0.1,-11.3822,9.90983,-19.9425,50.0853,67.4253,2.50672,-41.3256,58.1781,114.527,1.0,0.0,0.2556289676744185
F_S_WWS_WM_635,-7.2086,13.3778,13.5213,12.3637,1.39,0.92,-6.02653,1.25812,6.55767,94.3083,3.30376,0.6,24.1714,0.9,41.5787,-11.2036,23.0647,20.5607,38.3587,-38.4816,9.07389,60.9193,70.6911,1.0,0.0,0.2398487062458471
F_S_WWS_WM_636,-0.357469,-4.33703,-1.77143,-0.954274,2.02,-1.62,-0.578024,-4.62914,16.6036,-6.62423,-8.98883,0.4,3.47603,0.2,10.9374,7.84816,28.2167,50.2406,-59.9125,39.071,59.0862,37.9884,-57.0252,1.0,0.0,0.2504377792059801
F_S_WWS_WM_637,0.764904,7.90004,19.3937,-12.9339,1.65,2.29,17.7764,9.37148,39.1704,-84.5359,-6.78225,0.6,-3.50408,0.1,8.85438,23.1629,-15.2673,-3.70989,10.3125,7.90215,41.0008,16.3814,-11.5565,1.0,0.0,0.248885537730897
F_S_WWS_WM_638,10.0401,2.94791,10.6834,-12.6899,-1.52,0.82,3.77169,9.96033,27.3679,-72.1825,3.49757,0.6,19.508,0.8,-9.98477,16.7393,14.9701,28.2997,38.5373,-39.4814,28.0688,48.6987,-173.263,1.0,0.0,0.2277936150199335
F_S_WWS_WM_639,6.76173,1.75572,-2.16443,-4.61217,2.17,-1.78,2.74223,8.54309,46.983,98.7461,-1.90909,-0.2,30.1073,0.5,4.49291,25.3365,17.3806,47.157,14.5019,9.77373,66.679,-10.2982,7.92333,1.0,0.0,0.2505766620631229
F_S_WWS_WM_640,12.9212,5.56472,-7.38987,3.07793,0.97,0.8,4.23273,6.84916,8.77497,-14.8695,-11.1651,-0.3,-9.02695,0.8,51.2385,-0.957591,3.11821,-19.2389,60.117,-41.5564,138.992,58.5213,-79.8697,1.0,0.0,0.2480548752857142
F_S_WWS_WM_641,-0.12966,7.21909,3.27384,-11.1758,1.88,-1.35,18.5846,6.66055,35.2915,119.041,-10.9403,0.2,21.2683,0.1,42.3273,-7.45628,17.4925,-24.8261,7.59335,19.2118,15.3978,32.867,-189.353,1.0,0.0,0.2487461790099668
F_S_WWS_WM_642,-5.09464,2.28841,13.33,14.5567,-1.25,-1.11,-8.17002,9.09608,36.2046,61.5226,-13.622,0.1,-24.3176,0.5,-4.58096,21.5205,21.849,51.6505,1.52027,-33.2626,-27.2831,42.4568,-47.4626,1.0,0.0,0.2711798084186046
F_S_WWS_WM_643,11.3972,5.19093,15.4863,2.37547,1.86,1.86,-1.13579,1.38658,13.9352,-10.0574,-10.203,0.0,23.503,0.8,55.681,-16.889,14.3982,-11.1652,-16.2919,10.672,-2.73959,-40.1516,-58.2181,1.0,0.0,0.2321638084019933
F_S_WWS_WM_644,-6.97501,5.43781,5.76662,-18.2945,-1.38,-1.05,2.40887,8.34568,24.8792,111.287,-9.19082,0.2,6.18971,-0.2,59.8252,22.1166,26.5054,-8.92706,97.2023,-41.2978,126.936,54.1213,-3.82555,1.0,0.0,0.2371190337209302
F_S_WWS_WM_645,10.4494,10.2655,11.0398,10.6622,-0.92,-0.68,11.7248,3.05666,-48.0158,58.3152,0.905203,0.4,36.998,0.7,51.9943,6.33989,23.8169,47.672,58.8346,49.1972,32.5243,83.3368,55.9193,1.0,0.0,0.244129074398671
F_S_WWS_WM_646,9.67147,1.22362,0.908839,-18.1709,1.96,-0.98,2.8031,7.36683,-48.3127,59.2556,-7.0831,0.0,8.65736,0.4,-8.34413,-19.6513,20.3771,21.4199,123.682,-31.5429,71.0917,-38.7234,71.9545,1.0,0.0,0.2306934237209302
F_S_WWS_WM_647,-0.615806,-0.905738,18.0251,11.5578,-1.14,0.45,-9.84809,-1.66975,18.0234,64.3248,0.728531,0.1,34.9795,0.9,42.0216,-6.72329,-29.8534,9.79953,121.02,-26.9409,78.5386,18.3372,-85.2746,1.0,0.0,0.2126661445681063
F_S_WWS_WM_648,-7.06221,5.72028,17.05,11.8465,0.0,2.26,1.27978,3.88061,31.8933,-2.02938,0.937835,-0.2,35.1582,0.4,36.6968,28.2259,-12.855,-12.5742,18.3337,17.8059,12.5537,77.1592,-16.2072,1.0,0.0,0.2248417037641195
F_S_WWS_WM_649,13.4515,11.8105,-0.724237,1.1699,1.29,1.11,9.35298,4.71037,21.7173,-89.1915,-2.18488,0.7,-8.72894,0.2,28.5381,28.0587,-6.96152,48.4513,44.44,-32.4228,-53.7334,-2.73694,-62.0779,1.0,0.0,0.2538778265448505
F_S_WWS_WM_651,11.8991,8.5318,18.2017,-8.82177,0.8,-1.51,-4.03107,3.47031,-14.4631,76.8757,-11.4101,0.1,-10.1655,0.1,33.1491,13.8023,-28.3854,39.1011,-52.3788,45.4762,87.7792,76.2989,45.151,1.0,0.0,0.2548031779833887
F_S_WWS_WM_652,6.37871,-4.3914,15.5957,10.5563,2.19,0.11,2.49968,-3.70986,11.2098,73.2503,-0.569034,0.7,-39.4149,0.8,47.3475,10.9705,5.52002,24.4114,82.2922,29.5448,-1.21948,-46.7595,5.16425,1.0,0.0,0.2352565774950166
F_S_WWS_WM_653,-0.548153,-5.4625,-0.306051,-5.0992,-1.64,2.17,1.69334,1.09163,37.1911,-31.3437,-3.36425,0.5,-9.56867,0.4,51.7211,-6.0692,-21.4751,-21.7035,72.1543,-47.1879,81.848,23.1056,82.1942,1.0,0.0,0.2093943640299003
F_S_WWS_WM_654,12.0451,-5.40904,12.8085,6.58543,-1.09,0.3,13.7501,-3.92397,36.0333,-3.21977,-11.2049,0.7,11.8591,0.0,50.2388,16.8318,2.50592,-3.0717,-33.8118,12.6996,39.1891,-27.8196,124.137,1.0,0.0,0.2256994507774086
F_S_WWS_WM_655,-6.65975,8.63977,6.88821,-0.462653,-0.53,-1.27,10.2986,5.13453,-41.6468,-76.3152,3.75571,-0.3,30.9573,0.1,30.4776,28.6935,16.0299,13.4251,96.3386,-1.45945,-34.4428,8.77489,-111.395,1.0,0.0,0.244223540282392
F_S_WWS_WM_656,-3.06135,-7.16518,9.46763,9.12016,-0.05,1.0,1.05186,8.89138,-10.2844,-71.2809,-7.86969,0.1,38.8328,0.7,-21.5014,12.0606,4.45587,23.8489,112.801,-48.0429,146.173,39.244,10.3845,1.0,0.0,0.2165600828571428
F_S_WWS_WM_657,0.21306,8.6935,-2.78645,19.4537,1.85,2.07,10.7363,2.83711,-43.7666,126.067,-3.28942,0.4,8.08556,0.5,-14.9242,-19.4157,15.1054,50.1461,104.803,0.769931,37.9308,12.6017,-171.459,1.0,0.0,0.2630298263089701
F_S_WWS_WM_658,-4.86201,0.0283161,10.0879,-2.9783,1.34,-0.26,12.8039,-1.27733,-49.4909,101.068,2.02304,0.6,25.2935,0.8,-14.6239,21.0826,-17.6415,43.2354,61.8747,-33.007,31.5284,51.196,-63.8137,1.0,0.0,0.2304937218671096
F_S_WWS_WM_659,7.23519,-2.75033,10.17,-7.69095,-1.21,-1.6,5.97905,-0.280635,23.3473,-62.6804,-1.7173,-0.2,-8.0831,0.9,5.45043,27.6731,-12.9698,14.8459,-58.9085,-16.6665,89.3249,35.0962,-87.1701,1.0,0.0,0.2316732741528238
F_S_WWS_WM_660,-5.90288,-2.46694,15.6414,-0.0358234,-0.25,-0.23,15.7949,7.55469,-26.6092,-44.4814,-13.4429,-0.3,24.7826,-0.2,48.4333,11.3565,-7.18515,48.2731,66.8221,33.477,110.319,31.4914,74.7253,1.0,0.0,0.258984307345515
F_S_WWS_WM_661,-7.24458,9.8841,2.36779,5.1009,-1.65,1.18,2.44185,2.42196,-10.1092,73.4475,-1.34992,0.2,24.6266,0.9,50.502,5.06062,6.51221,32.2828,128.819,34.9304,4.21809,8.83583,-127.547,1.0,0.0,0.2429860434119601
F_S_WWS_WM_662,-1.72328,0.978148,3.66799,4.6315,2.15,1.82,-2.56101,-3.06516,46.4132,55.406,-5.8395,0.3,12.6945,0.9,17.2074,24.5449,24.6285,44.1818,112.13,-19.0137,97.8469,72.913,-64.1774,1.0,0.0,0.2431691376943521
F_S_WWS_WM_663,14.4602,2.73056,-0.236769,-19.842,-0.57,-0.75,6.56771,-4.4375,0.784581,-45.0964,-4.87226,0.0,-16.9436,-0.2,26.6068,22.6033,22.5804,31.0868,24.6156,-0.988351,-15.0242,47.7861,144.523,1.0,0.0,0.2407298976611295
F_S_WWS_WM_664,-7.79268,9.63668,-3.67587,2.27114,-0.16,0.35,-6.07674,5.44685,-43.9785,85.767,-14.3125,-0.4,18.2561,0.4,-1.68981,-5.10835,11.7259,14.9076,-43.2089,-43.3116,23.9732,-6.20915,-75.2615,1.0,0.0,0.2743835629468439
F_S_WWS_WM_665,-4.00355,6.51376,3.71245,11.7828,2.04,2.2,11.145,-0.450606,-19.0952,-85.8349,-6.94604,0.3,-13.8493,0.1,30.3474,6.48348,23.701,1.83801,31.9697,5.05007,-47.8863,89.1595,149.291,1.0,0.0,0.2393455850199335
F_S_WWS_WM_666,1.60259,9.05816,16.7964,14.7924,0.99,2.38,14.3466,0.102146,38.5525,75.9177,-11.083,0.0,6.63711,0.2,23.765,-14.1531,10.4434,49.3825,72.8536,-22.7958,68.8717,19.1285,120.244,1.0,0.0,0.2693389452591362
F_S_WWS_WM_667,1.29557,8.61282,1.76388,1.80805,-0.06,2.03,-3.97907,6.13164,36.4446,-85.3367,-4.53901,0.3,-25.6441,0.1,37.8127,4.66907,25.9741,-4.27476,-39.4115,-31.2785,-1.58575,-59.9832,-9.60573,1.0,0.0,0.2310905309401993
F_S_WWS_WM_668,2.49977,-2.62006,5.49599,-14.0463,-0.38,1.75,16.0711,-2.03617,-30.6323,-56.3825,-2.22682,-0.3,33.8572,0.4,52.2886,-4.89548,-7.54908,-3.32784,102.109,-37.7165,-29.7325,-37.9899,-77.0602,1.0,0.0,0.216129639013289
F_S_WWS_WM_669,13.3402,11.199,4.92569,17.1536,0.38,1.37,-4.9674,3.64302,-1.45206,-91.8862,-13.8515,-0.3,6.34737,-0.1,37.5055,19.415,6.51483,3.01426,25.0402,32.9121,-44.2028,-51.973,-85.5948,1.0,0.0,0.253988326372093
F_S_WWS_WM_670,-6.59056,-7.2277,1.47352,15.6346,1.72,0.0,12.0998,4.51472,38.7112,106.344,-14.4793,-0.4,-7.18514,0.5,53.9478,2.4151,-23.1253,18.5805,26.9653,38.3217,136.193,53.0754,-7.45913,1.0,0.0,0.2618928344285714
F_S_WWS_WM_671,4.93033,4.58184,9.07404,4.02426,2.09,0.26,-8.29727,-4.35918,21.7038,44.3813,4.67482,0.2,-19.7884,-0.2,40.21,15.0771,29.0557,-8.35653,-1.97348,-20.9176,10.9543,74.9937,53.9155,1.0,0.0,0.2186706335016611
F_S_WWS_WM_672,-7.52904,4.73333,-7.97739,-14.4221,-0.65,1.0,-5.05428,4.16714,22.128,122.637,-1.97015,-0.1,-8.90403,0.4,11.9368,-15.413,-6.59796,17.9752,75.0628,-3.15975,-49.6834,49.2412,-99.0218,1.0,0.0,0.2448039801362126
F_S_WWS_WM_673,1.45564,3.51997,-5.90472,8.47689,2.4,1.23,-1.40314,4.06437,19.2036,22.3813,-10.9032,0.1,7.96427,0.5,-18.3424,-7.94585,-20.7405,10.3278,88.6777,44.3613,147.229,86.9035,-117.961,1.0,0.0,0.236122859820598
F_S_WWS_WM_674,0.799976,6.21425,6.74231,13.6789,1.67,-0.28,3.59959,4.63519,-23.1197,135.175,-11.0434,-0.2,-37.1664,-0.4,-18.1788,17.0091,9.03141,-15.2615,70.759,11.295,12.6264,85.7089,64.4904,1.0,0.0,0.2524886204651163
F_S_WWS_WM_675,4.7714,-4.0526,6.2876,-12.6024,-0.14,1.57,-6.21613,-1.32577,-8.27849,129.07,-12.1652,0.6,29.5836,1.0,18.9732,5.15889,-11.7164,33.7888,81.0894,-4.60111,-35.079,-26.9094,-163.514,1.0,0.0,0.2508640185681062
F_S_WWS_WM_676,-1.77687,-0.899217,5.82266,3.82373,-1.35,1.97,-9.27498,8.69263,25.3634,91.3046,-0.27493,-0.2,-21.9421,-0.1,25.9672,21.7619,11.5319,11.4068,24.7887,42.8154,48.0168,84.1677,75.671,1.0,0.0,0.2374074799269102
F_S_WWS_WM_677,-3.35211,14.0997,19.8605,4.91664,1.45,0.6,2.9083,2.08426,0.889515,84.2305,0.201602,0.0,4.60924,0.6,-21.6427,22.1957,-5.83504,-4.19263,51.24,33.7763,-53.3333,-37.1463,-40.904,1.0,0.0,0.240448543269103
F_S_WWS_WM_678,14.7557,-1.7482,-0.669415,-16.0151,0.6,-1.39,0.409288,3.29448,-5.71133,28.5999,-1.28116,-0.3,3.93027,0.2,26.4148,-19.2361,-14.2297,53.0906,51.4293,24.2522,117.52,59.7062,-80.9827,1.0,0.0,0.2307009314784053
F_S_WWS_WM_679,7.76582,14.1689,1.19552,-7.43203,-0.04,1.94,7.12814,9.2934,-15.2094,32.6501,-8.8746,0.3,-25.2017,1.0,20.744,-8.76952,-15.6008,1.40378,111.2,17.2422,115.488,65.8777,-9.4962,1.0,0.0,0.2524238047109634
F_S_WWS_WM_680,-2.48645,12.3649,9.87665,14.2848,1.55,-1.38,-4.38741,-2.16703,-49.6033,47.119,-6.01564,-0.1,25.7488,0.9,36.297,23.8644,8.31832,28.043,61.2235,-9.00923,64.9416,-46.3293,-150.934,1.0,0.0,0.2594170976943522
F_S_WWS_WM_681,-0.578123,6.33684,3.79055,7.9076,-0.5,2.37,18.0014,2.94968,-34.8121,98.1723,3.17253,-0.2,8.41164,0.0,15.628,20.33,13.4196,30.0554,125.336,32.0324,101.384,-7.59267,129.067,1.0,0.0,0.224895985744186
F_S_WWS_WM_682,8.176,2.92595,9.30914,6.32041,2.29,-0.13,12.2676,2.99789,43.458,29.6314,-2.89352,0.6,-9.62174,-0.2,48.9547,-17.5313,-9.44041,-2.98264,-51.8421,15.7335,67.074,48.1612,-186.6,1.0,0.0,0.2327385620764119
F_S_WWS_WM_683,14.225,14.0428,8.48388,6.2545,-1.23,1.36,5.1749,-2.87182,31.4852,-52.2153,-12.2084,-0.2,28.4951,0.3,6.97536,7.40338,16.9986,-24.2034,31.3474,3.13608,99.0032,9.83525,35.1907,1.0,0.0,0.2483420871893688
F_S_WWS_WM_684,8.97993,7.11873,6.49443,14.8911,-1.59,1.48,5.32439,-1.06147,-48.8044,-33.9988,-2.16327,0.6,-37.323,0.5,4.72482,-15.6274,29.7005,-7.95544,93.5208,-11.5578,-1.03522,60.2739,-28.0429,1.0,0.0,0.2254305512026578
F_S_WWS_WM_685,-2.46233,3.70282,13.9702,-18.6714,-1.33,1.67,9.55295,6.4806,28.2581,20.4572,0.796125,0.8,-25.0312,0.6,16.1551,-19.0507,3.61427,21.8427,-31.3631,-29.9379,142.527,25.053,80.5362,1.0,0.0,0.2199299802624584
F_S_WWS_WM_686,14.9117,11.6903,8.42473,-7.78832,1.3,1.43,-1.10682,-4.04779,39.9716,80.8977,3.10296,-0.1,-2.35146,0.3,20.8245,26.7196,3.4496,30.212,-37.1721,-30.8091,143.825,57.7055,11.3666,1.0,0.0,0.2466657249534884
F_S_WWS_WM_687,-7.56836,7.25832,1.22504,-8.21326,1.01,-1.3,10.9997,-0.605805,-6.77908,33.6585,4.54363,0.5,-37.7032,-0.3,-20.7657,11.8264,-8.09008,33.883,-8.36711,-9.30651,-16.0296,-6.43075,-119.57,1.0,0.0,0.2623757614950166
F_S_WWS_WM_688,3.13035,3.42508,18.1855,-11.1309,-0.91,0.69,7.24799,6.14556,31.8177,-58.9711,3.92818,0.1,-32.8295,-0.2,33.8697,-10.9198,-11.5174,-11.9691,122.109,34.4452,145.534,43.4288,-8.75718,1.0,0.0,0.2143766853455149
F_S_WWS_WM_689,-2.42027,-5.27693,1.8372,13.0724,0.67,-1.25,17.6627,-0.812788,33.7603,48.618,-13.2002,-0.4,-24.6054,-0.1,-12.6768,20.2159,14.4443,-18.4996,103.026,-25.7842,19.9365,-30.1989,-95.1769,1.0,0.0,0.2452234804883721
F_S_WWS_WM_690,-6.0247,-5.96851,17.9524,6.4,1.69,-0.46,15.4196,5.34369,-40.7466,32.2258,-4.08795,0.7,4.30522,0.9,43.265,12.1007,12.358,4.15964,56.9466,48.2634,-49.0516,74.2109,-59.6409,1.0,0.0,0.2316498493421926
F_S_WWS_WM_691,8.3489,2.0005,4.31193,16.4241,-0.44,-1.08,-1.00204,8.49113,44.0123,41.6157,-7.19333,0.8,-25.7833,0.2,15.3162,28.4966,6.79044,18.9536,-30.7934,26.1719,98.7231,74.5018,-17.8464,1.0,0.0,0.2361503521262458
F_S_WWS_WM_692,-0.984406,8.56897,13.845,11.0611,-1.18,1.79,8.4556,8.50611,-17.9458,7.09599,-6.19086,0.5,-17.7082,-0.1,-22.3219,-19.9227,-22.1116,53.413,101.178,-43.2823,120.702,4.8239,-33.4671,1.0,0.0,0.2599495275182724
F_S_WWS_WM_693,10.4231,-3.35733,1.64205,-18.7413,1.21,-1.21,5.27698,6.99778,13.3546,-22.0784,1.70953,0.3,-0.00628341,0.8,57.7151,-15.1186,-6.14367,-5.05854,-27.2674,-36.421,101.413,-27.0193,131.183,1.0,0.0,0.2094009896212624
F_S_WWS_WM_694,4.99589,10.0179,17.9732,2.76096,1.19,1.86,10.6332,-1.45041,-24.0492,72.0605,-0.388454,0.8,36.5369,0.5,17.623,10.1165,19.9466,-10.0019,129.84,19.4551,132.599,-29.936,-22.2441,1.0,0.0,0.2311819149933554
F_S_WWS_WM_695,-1.72994,-3.32696,18.2957,-1.80484,-1.66,-0.3,8.72573,-2.55329,-6.16984,-81.0808,-0.51302,0.0,24.2504,0.6,32.2072,2.29186,27.9652,33.3519,71.562,6.4821,-9.75925,65.2299,4.13438,1.0,0.0,0.2215749618770764
F_S_WWS_WM_696,-6.78225,7.35284,12.5561,-3.63019,-0.24,0.55,10.0909,-3.11099,48.0564,50.5379,-11.2561,-0.3,18.836,0.1,41.6691,15.0459,-13.3777,4.98423,83.2855,34.2759,-6.21867,-56.0253,-100.029,1.0,0.0,0.255874477089701
F_S_WWS_WM_697,9.57647,-4.20234,2.98236,-2.38679,1.52,1.03,14.0645,-4.66051,44.2323,132.149,2.62056,-0.2,29.0986,-0.1,31.5132,15.3858,-8.45925,-24.7427,-27.6356,40.1925,95.8385,62.1508,-76.3287,1.0,0.0,0.2122040185747508
F_S_WWS_WM_698,14.7942,-1.70443,4.66415,12.5388,-1.1,-0.61,8.54318,2.16372,49.087,29.2328,1.10453,0.6,37.5516,0.9,51.8538,18.3489,-3.55027,44.5543,-19.8305,-33.9209,54.3266,26.6718,-145.471,1.0,0.0,0.2207887403355481
F_S_WWS_WM_699,3.22923,7.82559,-7.11964,0.299608,-0.66,-0.18,4.94164,-0.958639,38.9943,59.7656,-5.32869,0.6,-26.6591,0.7,-21.2378,-6.31918,19.736,35.7931,-35.5609,-2.36745,89.7489,55.6363,-187.533,1.0,0.0,0.2658618708737541
F_S_WWS_WM_700,-1.60505,10.4698,9.9764,9.62379,-0.09,-1.57,18.28,-2.66116,7.14904,149.948,-9.22691,0.0,-27.7653,0.4,4.98828,-8.39301,-12.7634,47.0086,-35.9059,-37.4068,26.6962,79.922,8.04395,1.0,0.0,0.2749307605182725
N_S_WWC_WM_001,10.1099,11.4064,-5.46415,-12.0162,2.26,-0.5,-5.53895,0.988306,-14.3908,88.4825,-12.8101,0.7,-15.4682,-0.3,-9.34836,24.939,1.58493,21.2484,103.785,-25.4121,-15.0242,28.4813,16.4525,0.0,1.0,0.2780587215747508
N_S_WWC_WM_002,1.03776,-2.50048,7.12164,-13.0736,0.43,2.0,-2.40291,2.64545,-23.748,105.888,4.40581,0.7,-6.34908,-0.4,-1.07422,-16.9495,8.157,8.14634,45.08,-36.497,-16.9201,47.0299,125.643,0.0,1.0,0.2239793576378737
N_S_WWC_WM_003,10.4231,7.9281,1.25661,-11.5463,-0.55,1.27,-5.84264,7.94372,49.2193,-33.3192,-5.88646,0.4,11.756,0.6,41.8471,17.3775,1.7845,-14.6882,127.773,35.0857,3.74546,64.5279,-56.1091,0.0,1.0,0.2378389648970099
N_S_WWC_WM_005,12.4013,13.5985,-7.42478,1.53958,1.61,1.65,9.68012,1.45601,-42.2052,-84.3797,1.01613,-0.2,21.7387,0.0,24.237,-12.3992,-6.84681,35.6022,93.1151,-10.7627,134.9,-23.1996,94.305,0.0,1.0,0.2620274559335548
N_S_WWC_WM_009,-3.21032,-5.6486,19.5418,-13.942,0.32,1.33,-9.58623,-1.39111,-32.8516,74.847,-6.86976,-0.1,32.6224,0.0,-17.4558,17.9963,-12.1105,37.9954,47.7272,-34.6912,90.9158,29.8537,146.229,0.0,1.0,0.2536846497142858
N_S_WWC_WM_010,6.97352,-2.88655,9.75021,-11.8799,0.19,-0.01,-6.24626,8.85415,27.9209,-25.1838,-14.9975,-0.3,10.8894,-0.3,1.80588,-2.36095,-24.5383,15.6597,20.4083,37.1007,0.165822,61.3787,9.76996,0.0,1.0,0.2605303315315614
N_S_WWC_WM_014,-2.96256,-7.55522,0.399867,7.48649,1.81,-0.72,-6.57662,9.95368,-46.6874,-59.3641,-11.6008,-0.2,20.9111,0.0,30.1805,4.22348,18.7686,28.5819,-14.1449,12.8771,94.6877,-38.9676,-26.1092,0.0,1.0,0.2584523408803987
N_S_WWC_WM_015,13.8832,12.4585,13.4468,-17.006,-1.72,1.29,16.2663,3.56231,44.9859,114.335,-1.04122,0.2,-11.6541,-0.3,3.07575,6.19208,-1.46832,-0.873207,39.4812,5.72965,120.126,32.523,53.4,0.0,1.0,0.2394410488604651
N_S_WWC_WM_018,8.42412,13.4793,3.00788,2.44136,-0.36,-0.29,-7.37007,1.82983,-36.1622,19.0177,-11.6486,0.3,7.30238,-0.2,23.015,18.6451,-28.74,40.5623,77.7317,-32.8365,40.3494,-56.188,-188.105,0.0,1.0,0.274672095089701
N_S_WWC_WM_019,-7.3255,2.8285,4.73723,12.9687,-0.51,0.38,1.71146,-0.474428,16.3957,-55.0455,-4.03375,-0.2,11.2327,-0.3,48.6114,-15.9121,3.99588,44.8749,84.115,4.74663,-46.5623,-15.0785,94.766,0.0,1.0,0.274983688358804
N_S_WWC_WM_020,7.94051,-1.956,5.39829,-7.96629,0.36,1.39,14.2488,6.66055,25.8901,55.8636,-3.91464,0.3,-38.9589,1.0,28.3864,24.3715,-11.3817,53.1882,-3.18943,37.6009,35.4897,17.73,-172.043,0.0,1.0,0.2453439031893687
N_S_WWC_WM_021,-6.86378,5.51033,-0.685933,-0.0671004,-0.26,-0.1,9.60067,5.42122,34.4282,-11.3987,-0.010091,-0.3,-1.46415,0.3,-23.0138,-0.756505,-1.08802,14.7459,-9.08559,19.8305,46.111,-57.1347,142.137,0.0,1.0,0.2554048274485049
N_S_WWC_WM_022,3.52084,-2.83567,18.3826,-19.5256,1.46,-0.28,11.3657,3.54719,22.7839,-53.719,-11.7221,0.2,37.7065,-0.1,39.8712,-17.7849,-25.9193,3.79363,6.0343,-27.9975,95.4318,-55.1658,-119.453,0.0,1.0,0.2384889030797342
N_S_WWC_WM_023,-4.87858,5.45388,-3.42238,-12.2633,-1.46,-1.34,-2.91008,8.30006,-22.051,113.641,1.92105,-0.3,18.4138,0.9,34.6579,-17.6361,-11.9337,-10.1461,-22.3522,15.2236,64.442,24.2438,24.6809,0.0,1.0,0.2228100331893687
N_S_WWC_WM_024,4.4463,-4.57939,2.54147,-10.6458,1.69,-0.94,5.6076,7.44182,16.9014,136.853,3.14941,-0.3,-32.7334,0.8,-3.39338,-3.84612,9.96939,54.9885,66.2325,-30.3773,87.0861,53.6408,-152.546,0.0,1.0,0.2397649312790697
N_S_WWC_WM_025,-4.39241,10.2037,8.72984,3.39793,-0.71,1.63,10.4966,0.0918085,1.13379,-29.2698,0.587417,-0.2,-21.98,0.9,18.493,11.379,-3.76446,51.7605,38.3587,-48.862,149.105,75.2262,-46.0773,0.0,1.0,0.2755203462026578
N_S_WWC_WM_026,-6.31272,13.3011,5.68266,15.9415,0.85,1.51,12.7882,-2.07286,-28.7895,149.3,3.28345,0.1,-15.9103,0.8,6.3967,-8.4709,-12.189,-15.6113,66.0353,14.989,-34.0072,68.7317,19.6924,0.0,1.0,0.2398450947873754
N_S_WWC_WM_027,-3.10985,5.92065,17.0092,-11.2134,1.43,1.6,10.69,3.86315,19.9555,137.495,-11.303,-0.1,-12.0609,0.2,-20.4407,25.9192,-0.932244,27.7268,-6.61818,-40.3024,48.7746,-48.0673,-148.771,0.0,1.0,0.2769308651993355
N_S_WWC_WM_028,-5.56375,11.3824,17.3038,8.7727,-1.62,1.89,13.4901,6.24127,7.1409,-47.2417,-10.2319,-0.3,-5.37119,-0.1,41.0484,24.7076,28.9555,-4.40516,45.6425,-1.99856,61.8086,35.5504,-182.001,0.0,1.0,0.2722112879800665
N_S_WWC_WM_029,12.9335,-4.0526,6.26527,13.7199,0.94,2.45,0.772729,9.37148,-14.0135,147.634,3.3902,0.2,16.8725,0.7,-8.13199,-0.32454,4.94047,53.5322,30.7721,-4.53353,22.2615,13.7652,49.6413,0.0,1.0,0.2336353518106312
N_S_WWC_WM_030,-4.61031,-3.5626,7.19624,12.2256,-1.53,2.47,0.596081,-1.61839,31.3813,-67.2589,-3.39965,0.0,-29.5612,0.1,46.8148,-7.35808,-4.09663,17.2496,-35.5609,31.1653,55.6087,62.8302,-154.038,0.0,1.0,0.2399547246578073
N_S_WWC_WM_031,7.43103,5.77852,8.83336,2.56593,1.77,-1.09,-6.68081,-3.63749,34.4601,76.493,3.01195,0.5,-28.456,0.2,-6.6081,-7.30691,-13.1767,-17.9121,121.107,45.674,91.8386,-13.3508,-2.20381,0.0,1.0,0.2241324062325581
N_S_WWC_WM_032,9.01404,6.63156,6.23093,-14.1893,0.58,2.39,5.72979,-1.95351,-38.5537,37.864,-14.2378,0.2,-27.6258,0.7,-12.8077,-14.2347,15.9841,44.4371,26.3825,18.933,-43.3371,-41.191,40.0421,0.0,1.0,0.2808224193953488
N_S_WWC_WM_033,-6.59056,5.21053,-2.28445,16.3777,0.26,1.35,7.85351,4.10143,-30.938,105.464,-1.69803,0.8,-2.86719,0.1,27.1462,11.6582,-28.8417,-2.08886,67.9503,46.6781,85.6384,14.2271,-134.24,0.0,1.0,0.2295293301328903
N_S_WWC_WM_034,1.78754,-6.93043,14.263,9.98018,0.83,1.52,-0.108049,-2.78134,-27.6149,-57.2714,-6.16182,0.4,10.0594,-0.1,-18.2871,17.3151,29.7656,-12.3409,-26.0983,-13.4829,-33.2747,1.40551,33.2938,0.0,1.0,0.2301050702923588
N_S_WWC_WM_035,6.69669,10.2843,19.2933,5.84961,0.89,1.68,1.07035,5.37716,-21.5282,-73.9516,-4.96107,0.2,-38.5239,0.1,16.7989,-14.587,-9.35402,17.6741,-20.4865,43.8277,28.2571,40.5237,123.512,0.0,1.0,0.2669589692358804
N_S_WWC_WM_036,5.20527,-7.05529,-6.98621,-2.83808,0.22,0.08,0.698215,0.178346,15.1586,142.078,-3.83046,-0.4,-11.9176,0.4,14.4584,18.4153,-0.85356,-5.65076,17.3291,11.6634,77.0161,41.3316,147.043,0.0,1.0,0.2281819772857143
N_S_WWC_WM_038,14.3719,3.37511,-3.45133,-8.35168,0.01,1.74,-9.66225,0.754837,41.0307,-66.2037,1.13868,0.1,-31.7043,0.2,6.91594,-19.719,-14.5817,-18.4117,95.0554,-20.3612,53.1141,73.5296,-88.8425,0.0,1.0,0.2070868328704319
N_S_WWC_WM_039,0.352927,4.27399,-3.73338,17.2916,0.1,-1.64,4.04963,0.789449,-7.53291,30.1667,4.96599,0.6,17.7352,0.1,40.021,29.7907,27.0799,7.4309,82.09,20.0841,45.6146,72.3531,66.1779,0.0,1.0,0.2336205855016611
N_S_WWC_WM_040,11.5596,3.03627,-2.04842,-18.6151,-1.77,2.3,-0.215358,4.46855,-2.52196,104.738,-1.14567,0.4,-2.79636,1.0,38.5593,24.5908,2.33707,38.2728,-33.1039,-4.92039,83.4428,25.2022,136.714,0.0,1.0,0.2354590505614617
N_S_WWC_WM_042,6.39585,6.92739,0.457716,10.9882,-1.37,-1.69,14.7947,7.52365,-39.3882,-28.3226,-0.585328,0.5,2.78356,0.8,-23.4437,21.44,-6.27271,0.994433,125.836,31.8473,19.5392,-1.10282,109.13,0.0,1.0,0.2380241212558139
N_S_WWC_WM_043,1.31979,13.6947,9.42833,2.03442,0.89,-0.4,-2.50209,5.16144,-49.7657,83.9049,2.66687,0.1,27.0032,0.7,20.3743,-11.657,18.3606,-16.1725,32.8735,20.4385,139.896,73.8565,-173.595,0.0,1.0,0.2299075014152823
N_S_WWC_WM_044,4.40908,-3.07673,15.8467,9.38687,2.14,0.73,12.6016,6.95339,-42.4619,-6.37813,-9.76115,0.3,-19.5622,-0.2,29.7575,23.3228,-6.74542,-8.5401,-59.1558,-31.9442,109.725,78.0195,84.2819,0.0,1.0,0.2340040804252491
N_S_WWC_WM_045,-1.54275,8.26849,8.02276,-14.6896,0.19,-0.84,10.3785,3.60404,-20.7554,-55.5229,-14.7152,-0.2,-28.9246,-0.3,31.9796,22.4257,-27.3962,52.865,-4.13193,1.80785,0.943952,45.055,-136.784,0.0,1.0,0.2924732698704319
N_S_WWC_WM_047,10.7475,-1.88573,6.85358,1.20524,-1.07,-0.91,11.66,8.09691,-7.7568,-92.998,-5.76663,0.0,7.63005,0.1,-6.36764,24.0717,18.0311,0.43422,5.93888,15.3816,122.096,-27.6029,-194.365,0.0,1.0,0.2223135178172757
N_S_WWC_WM_048,8.87437,9.5542,19.8196,-11.3892,-1.03,-0.38,-2.16796,3.99054,-29.468,146.33,-6.22511,0.5,-23.8553,0.6,59.0362,-4.00774,12.5042,-10.5057,70.0449,7.06585,-4.26026,49.6234,-110.053,0.0,1.0,0.2392643830332226
N_S_WWC_WM_049,-3.78489,-5.5895,-5.57345,9.59035,0.79,0.84,-4.67783,3.96676,-21.1336,95.5069,1.53689,0.0,-38.9717,-0.3,18.1899,5.75139,27.8176,-10.129,95.8695,-7.12425,143.377,17.0441,87.1995,0.0,1.0,0.2153555198405315
N_S_WWC_WM_050,12.7292,8.3514,-6.93812,6.1202,0.45,1.66,11.325,-2.81128,-38.326,8.37807,-11.9864,0.7,-6.78611,0.4,32.711,0.683829,-7.2127,52.7046,-17.5864,-27.62,114.124,44.9356,133.68,0.0,1.0,0.2635482369900332
N_S_WWC_WM_051,4.01519,1.78951,3.97158,8.68468,0.75,-1.12,-8.04017,4.31784,-2.88838,37.4139,-11.4571,-0.3,-18.7737,0.8,10.5327,13.1763,-26.2913,-12.9201,-42.1535,-15.2952,147.512,-48.9059,-59.4077,0.0,1.0,0.2384215099667774
N_S_WWC_WM_053,-3.64647,11.6744,19.2246,-13.3196,-0.29,1.76,0.0795703,1.81397,-46.3118,3.68666,-9.56481,-0.2,3.59731,1.0,14.5889,1.05082,11.2466,-19.7039,57.099,-8.83084,112.34,-0.641698,-65.1885,0.0,1.0,0.2566676633920265
N_S_WWC_WM_055,13.1353,0.0283161,9.46763,-10.9935,0.59,-1.24,-1.64344,-4.92366,14.5829,-61.2858,-7.48999,0.3,8.32843,-0.1,9.89929,-7.68389,-26.8854,23.6259,104.28,-45.9744,16.2842,-57.8694,85.6533,0.0,1.0,0.2492184045116278
N_S_WWC_WM_057,-5.98851,4.07936,19.7971,18.6016,0.72,-1.23,1.48677,1.84382,45.866,4.22485,-8.37552,0.0,-21.6,0.4,38.3261,-15.4442,-21.8855,4.0334,-4.87615,14.6786,90.8275,-14.2313,59.9834,0.0,1.0,0.2466095433189368
N_S_WWC_WM_058,-6.8927,0.191741,5.08488,2.95786,0.44,-1.36,-2.67982,5.09923,-33.9468,-86.4654,-2.27495,0.6,29.165,0.5,8.59919,-12.4803,-3.45668,48.9472,45.9269,1.12825,148.312,30.386,137.382,0.0,1.0,0.240849852089701
N_S_WWC_WM_059,1.16844,8.81047,7.91095,-3.98225,-0.61,-0.13,9.98959,3.75343,-43.0258,70.4447,-5.71221,0.2,-12.4045,-0.1,-24.4181,8.45809,27.5041,-13.1739,43.9449,-47.0876,80.607,-29.3383,113.353,0.0,1.0,0.2419723941495016
N_S_WWC_WM_060,-6.70991,-6.24441,6.3333,1.3463,-0.58,-1.5,13.4125,2.1444,21.9391,-8.04368,-2.28827,0.5,38.5761,-0.1,40.6825,1.12416,9.69321,23.7555,113.983,-46.3008,96.9151,45.4771,-90.8983,0.0,1.0,0.2365800782259136
N_S_WWC_WM_061,-3.95586,3.57233,-2.00879,-16.6812,0.06,2.29,-1.84489,4.78959,2.02552,-50.1428,-8.07586,0.7,-23.2956,0.9,-17.8994,3.72529,20.2116,39.4137,99.5412,-14.486,42.0532,-7.94132,-138.19,0.0,1.0,0.2586681168006644
N_S_WWC_WM_065,3.68679,3.21829,-5.85023,-12.2034,-1.08,0.21,-6.36673,6.64293,-44.1067,-79.4199,0.120779,-0.2,-19.4659,0.9,0.36407,18.8088,-17.3213,46.3782,51.6223,19.2904,37.765,51.8599,-115.612,0.0,1.0,0.2423606828372093
N_S_WWC_WM_066,5.2301,1.38006,-7.47713,-12.9914,-1.55,2.22,11.2614,2.00545,-42.2904,-49.1283,-2.42039,0.6,-24.6934,0.0,27.8351,22.8886,12.1077,-1.9036,-11.5411,17.6989,73.4172,-50.0044,14.8278,0.0,1.0,0.2188651663687707
N_S_WWC_WM_067,1.49218,8.4468,2.79728,0.958303,1.92,-0.78,-5.37821,3.33305,3.07468,143.336,-1.86766,0.7,34.8825,0.7,-0.856744,26.9475,-8.05447,30.1461,95.5656,42.4647,129.561,30.161,-84.0097,0.0,1.0,0.2592875838504983
N_S_WWC_WM_068,8.65745,8.99024,8.79453,5.66608,1.03,0.58,-0.314952,-0.52494,-47.5101,-70.65,-2.10159,0.1,32.8529,0.4,45.495,25.0571,-16.1636,-8.30319,-30.522,-48.5251,40.6694,15.8643,-113.417,0.0,1.0,0.2326784211162791
N_S_WWC_WM_070,6.81563,-1.2177,-6.56008,3.60531,-0.1,-0.8,8.96836,-2.91352,32.3345,17.598,-6.61017,0.5,10.329,-0.1,-21.4003,27.084,-2.6999,47.5399,81.92,37.2096,-0.329092,-3.92932,-195.616,0.0,1.0,0.2420073044651162
N_S_WWC_WM_071,5.16265,-6.99089,7.00028,-8.09272,1.48,-0.58,14.1384,8.37785,2.67085,-82.9623,1.50487,0.7,-22.1097,0.4,24.9108,19.2907,24.3591,-21.4439,-10.7403,-6.54833,-20.5518,63.0411,-109.202,0.0,1.0,0.2161674432657807
N_S_WWC_WM_072,-7.08536,-7.41645,1.70528,-13.4914,-0.31,-1.27,11.4561,8.06763,10.9957,-17.2091,-12.8885,0.7,-19.2613,0.6,35.0653,5.39458,8.69396,51.0981,-6.44178,5.14348,72.1611,80.6637,54.7768,0.0,1.0,0.2703264482259136
N_S_WWC_WM_073,2.01438,-2.96881,5.55751,-18.067,0.77,-0.64,-8.02077,1.02883,43.3045,32.9451,1.89421,0.4,38.9495,-0.3,15.1732,18.1055,1.18185,-2.38861,78.2988,11.1016,74.281,63.3661,-195.349,0.0,1.0,0.2130347369568106
N_S_WWC_WM_075,13.9331,-1.16466,14.343,19.3653,-0.78,1.1,4.48063,7.32167,31.6496,144.769,-9.27697,-0.2,-6.11959,0.9,16.5981,0.144484,4.85756,-16.2127,-17.7229,20.8284,12.0725,66.794,0.458509,0.0,1.0,0.236771614627907
N_S_WWC_WM_078,6.0752,3.63529,1.03659,-3.17428,-0.18,2.08,18.0556,4.34223,-12.2671,148.793,-7.482,-0.1,-39.8823,0.0,27.6621,-18.8328,17.1321,23.1288,71.2083,-8.55942,27.2912,-59.2143,21.7907,0.0,1.0,0.2588444286478406
N_S_WWC_WM_079,11.1432,5.25679,-5.30186,15.2918,1.21,2.18,-1.05702,0.780783,-18.8297,54.3632,-0.115303,0.5,-0.348883,-0.2,35.8074,25.1178,-14.182,11.4857,-41.883,1.44293,-51.6168,80.0676,-33.5897,0.0,1.0,0.2267808507906976
N_S_WWC_WM_080,3.63991,-0.602776,15.3919,-3.92246,1.66,0.06,2.8031,8.96062,37.9358,-83.2544,-12.3034,0.3,-30.676,-0.1,-1.89964,-13.7564,6.64123,50.6538,62.4915,21.847,-2.42089,-47.77,104.271,0.0,1.0,0.2671091852558139
N_S_WWC_WM_081,-6.43278,-3.23396,3.62362,5.6013,1.36,1.75,9.37729,6.53094,-0.48562,-39.8002,4.87345,-0.3,34.5849,0.7,2.37074,4.30935,-25.1647,16.16,106.746,35.2674,-12.6869,19.5177,60.0568,0.0,1.0,0.2318821736877076
N_S_WWC_WM_082,-4.21357,-0.0894318,7.11488,-8.87454,-1.4,-1.62,-3.1281,6.55532,24.3209,-43.8126,-12.6938,0.7,7.04659,0.9,12.3103,9.58312,-17.8279,16.741,40.1414,27.2799,22.9983,-54.4601,115.332,0.0,1.0,0.2616346985481727
N_S_WWC_WM_084,12.1194,-5.72543,8.67513,5.90266,-0.76,0.73,4.38943,-0.0200747,-12.4536,40.1784,-9.46416,-0.2,35.3167,0.4,56.1875,23.7151,-1.59406,44.2848,59.9544,45.2873,107.081,-44.8365,-153.417,0.0,1.0,0.2390132511229236
N_S_WWC_WM_085,10.1618,-4.48591,19.5827,-14.1443,-0.88,0.43,-2.65709,-4.06031,29.5708,83.4885,-5.30543,-0.1,7.88542,0.8,25.0686,-5.64847,13.0466,45.8151,59.1773,32.1505,109.008,23.4909,117.017,0.0,1.0,0.243899217847176
N_S_WWC_WM_087,-4.76577,8.51474,-5.75477,8.8656,1.74,-0.72,18.6646,-3.50066,22.5832,-69.6234,-1.98936,0.5,20.6193,0.8,-13.785,7.75658,-17.0776,2.35485,29.7169,13.2822,75.8858,23.5726,130.706,0.0,1.0,0.2365613805448504
N_S_WWC_WM_088,11.3461,7.75124,19.663,11.7301,2.44,-0.9,0.993177,2.71796,7.84573,127.433,-0.158323,-0.2,34.2851,0.2,-5.80491,-1.93688,20.6478,-23.2979,4.79,-7.15741,28.5533,63.7636,6.22801,0.0,1.0,0.2289911211960132
N_S_WWC_WM_089,-0.0568439,-6.40049,-1.54967,-0.739422,0.65,2.36,-8.97293,5.3507,-43.4139,10.7673,3.70839,0.3,-22.8324,0.4,34.3541,1.23099,-12.6555,-14.0347,-9.33593,26.6183,46.96,38.8595,-50.0596,0.0,1.0,0.2091014278039867
N_S_WWC_WM_090,6.17557,13.0753,4.35773,18.7679,-0.9,0.78,1.88285,6.30112,-41.9653,115.69,-3.78206,0.1,-1.50266,0.0,-13.3246,-15.068,-25.8855,35.0147,-30.4024,-20.1443,-7.63838,66.9162,37.8277,0.0,1.0,0.2752749941495016
N_S_WWC_WM_091,13.9988,12.5763,14.7906,-0.256689,1.91,0.67,2.6472,5.826,-3.44286,-12.5098,-12.987,0.0,15.4767,-0.2,-12.3638,29.2967,13.0099,32.6107,-18.4644,9.43234,-59.486,41.6892,103.245,0.0,1.0,0.2875205066843854
N_S_WWC_WM_092,4.19069,-4.13208,9.68052,8.71621,-1.42,1.52,-3.65586,0.62972,-13.729,-19.3397,-8.76062,0.5,-7.03606,0.5,47.1069,20.5667,-20.0274,54.7295,-49.6694,-38.582,-32.8444,-54.8688,12.3691,0.0,1.0,0.2552238420730897
N_S_WWC_WM_093,5.06481,2.49074,12.2158,16.759,-0.79,-1.03,3.4795,-4.69645,-16.4054,93.7819,-13.5788,0.5,-31.496,-0.4,5.51448,23.5265,-7.88261,0.487496,53.0947,-35.4444,109.961,-39.611,-66.6255,0.0,1.0,0.2392506611594684
N_S_WWC_WM_094,12.0801,9.59945,12.5088,19.2681,1.75,0.69,4.72632,-3.42787,-35.7098,-15.3577,-1.0577,0.3,26.1749,-0.2,-2.48605,3.30694,25.5184,47.9609,40.7519,-32.8962,105.055,34.157,-21.1387,0.0,1.0,0.2501572001362126
N_S_WWC_WM_095,2.14762,9.96602,2.59573,13.1608,-1.68,0.15,-3.6691,3.92401,0.160939,-0.424535,-9.8336,0.2,30.444,0.8,42.8141,-11.5165,-25.3382,-17.4027,37.4045,-8.63785,-9.03726,88.5682,135.488,0.0,1.0,0.2426550166279069
N_S_WWC_WM_096,2.32805,-7.82788,-2.47309,13.5964,-0.03,0.88,10.4821,6.45353,39.5244,78.704,2.42086,0.8,28.8138,1.0,31.0421,10.4971,9.78999,-0.136251,-54.0827,35.9741,-7.3669,45.6949,-29.9495,0.0,1.0,0.2138561956976744
N_S_WWC_WM_097,0.997573,5.31814,6.78325,-16.7611,2.08,0.22,12.3594,3.19969,-22.7576,38.7674,-10.3502,0.1,33.2576,-0.4,44.8676,-3.09164,28.8369,40.6286,93.7792,28.1677,-5.96067,-44.4408,76.2592,0.0,1.0,0.2729391185913621
N_S_WWC_WM_099,7.55305,0.439101,-3.85085,0.0973435,-1.25,-1.01,-9.96959,-4.39533,45.725,-87.0297,-6.76182,0.1,-7.73461,0.0,21.8623,8.29412,-10.5777,28.6874,-15.6898,37.3062,111.482,-32.812,84.6768,0.0,1.0,0.2527848678405315
N_S_WWC_WM_100,12.8486,11.8244,-4.49123,8.24463,-0.2,0.28,14.8651,-1.926,-31.7686,96.1536,-11.9197,0.4,-34.3014,0.3,38.2047,0.465897,-1.9729,-23.9465,128.433,3.96813,-27.8243,-39.7277,-146.552,0.0,1.0,0.2362755891594684
N_S_WWC_WM_104,12.2,-4.89283,-2.09734,-4.98482,-0.6,2.28,0.64675,0.360836,37.4293,-28.8691,-11.4976,0.7,16.9512,0.7,-10.3374,22.4881,-17.1686,46.4631,89.3351,6.90959,128.399,46.3363,-36.7533,0.0,1.0,0.2366832467142857
N_S_WWC_WM_106,11.9958,-1.89559,0.253089,-16.6172,2.05,-1.49,1.94861,-2.36271,-30.1757,6.82413,-3.33724,0.3,3.36904,-0.1,-17.0752,-11.2895,-9.88517,2.90814,-46.5743,33.4251,-28.6665,-45.5858,-54.6862,0.0,1.0,0.2348917364252491
N_S_WWC_WM_107,10.4941,11.1875,-0.557074,7.0577,-1.71,0.89,1.75878,-3.32448,42.5855,118.676,-3.60287,0.5,-0.897932,-0.3,51.9195,20.756,12.0186,35.5237,89.1562,22.7526,117.698,-51.6693,49.3522,0.0,1.0,0.2669123559468438
N_S_WWC_WM_108,3.04517,-5.69137,-7.06383,14.0516,0.51,-1.06,-0.0555584,8.83285,-12.3244,-87.4172,-11.1921,0.6,5.17136,0.2,57.6249,9.57108,-18.8282,-5.77591,-6.21026,16.8692,-8.28156,68.1095,22.6623,0.0,1.0,0.2450891608438538
N_S_WWC_WM_109,-5.26863,7.4964,4.42385,-13.7415,-1.41,-1.73,-1.88508,4.88355,-4.30148,-41.1733,-6.50598,-0.1,8.21811,0.3,49.5118,-4.68787,29.2287,47.3148,-54.6857,-21.0715,15.9015,-30.3505,-164.859,0.0,1.0,0.2895533127641195
N_S_WWC_WM_110,0.302009,-2.33465,-1.01117,11.8945,1.09,0.75,8.10745,3.12041,-22.5406,49.0069,-14.6111,0.2,38.1247,0.0,52.3716,-14.5502,5.70773,-14.385,-13.2919,-19.1987,125.481,80.1462,-155.603,0.0,1.0,0.2344780590099667
N_S_WWC_WM_112,4.04673,13.6292,9.8183,6.98825,2.46,1.33,0.298866,0.87735,-28.5626,19.2116,-6.63254,-0.3,37.3649,0.0,21.5526,20.64,-27.724,4.92562,87.5543,32.3899,71.2524,60.8052,67.1078,0.0,1.0,0.2686912959999999
N_S_WWC_WM_114,-7.47791,-5.5525,11.484,3.27255,-0.37,-0.55,-3.2747,-4.943,2.98276,-24.4732,-12.3482,-0.4,5.75019,0.4,28.9147,-8.22371,-8.73536,-19.9695,75.9365,-18.0685,67.696,38.4013,-159.6,0.0,1.0,0.2363733110431893
N_S_WWC_WM_115,-2.52446,14.6331,-0.344584,-10.3081,-0.79,0.53,16.573,6.16749,18.1891,138.513,0.642532,0.4,31.1083,0.8,56.746,18.0305,15.0287,8.95728,33.4603,-12.314,46.6894,57.1647,72.0461,0.0,1.0,0.2517371054219269
N_S_WWC_WM_116,-6.22065,12.6457,12.996,6.05135,2.24,-1.55,14.9213,1.90335,30.0161,-16.8432,-8.91446,0.0,10.5965,0.5,46.9526,5.64683,-25.4865,37.4338,25.6821,-25.1029,0.726884,25.053,-176.385,0.0,1.0,0.2911512370431894
N_S_WWC_WM_117,4.65458,0.1484,4.36947,8.1917,-1.04,1.48,-0.464017,-2.68854,-48.9644,43.4032,-7.912,0.6,8.48685,0.7,54.6697,-14.8994,-20.6482,2.19385,8.23756,30.0008,148.67,50.5422,20.9443,0.0,1.0,0.2274026134717608
N_S_WWC_WM_118,1.40431,7.85211,-0.954174,16.0316,-1.07,0.46,14.5749,6.05978,12.6702,47.9322,-14.4971,0.1,7.35728,0.1,-18.8932,-3.1986,16.7206,26.6006,120.323,48.3562,-42.5025,18.6581,28.8173,0.0,1.0,0.2718921669136213
N_S_WWC_WM_119,-4.29811,-1.24288,12.5852,-3.87111,1.68,0.24,-0.843218,6.39564,-28.3721,142.531,-8.14007,0.6,-1.87584,0.3,37.2711,29.58,28.3378,-1.01412,126.329,2.71386,72.5323,3.44595,32.3426,0.0,1.0,0.2322594664916943
N_S_WWC_WM_121,-5.78927,8.01461,17.3522,16.9873,-0.45,-1.66,5.39813,5.67173,18.5933,103.552,4.04274,0.3,-7.37957,0.3,-6.85351,0.371146,20.9208,11.7774,123.375,-36.2265,34.3398,-25.5579,-50.5797,0.0,1.0,0.2568550748504983
N_S_WWC_WM_122,-6.38714,-6.83096,12.6565,5.75115,1.33,2.41,5.01704,2.73699,28.4724,104.852,-6.06572,-0.3,-24.0745,-0.2,50.9937,16.3642,-11.7586,-15.4979,-35.2645,-39.097,37.1844,7.18355,47.4082,0.0,1.0,0.2399928916345515
N_S_WWC_WM_123,3.24643,4.22421,-7.62668,0.899354,1.58,-0.73,10.2312,1.53289,47.5777,-12.7665,-3.05542,-0.4,-25.9746,-0.4,54.269,11.9984,15.6456,7.92492,70.8608,-3.04361,50.8536,0.856584,31.7001,0.0,1.0,0.2476027915415282
N_S_WWC_WM_125,13.7712,-7.66466,16.1569,-11.3502,0.08,0.54,15.72,5.51706,-45.1881,46.1676,2.72893,0.4,39.9837,0.6,-1.09996,-2.26754,-10.2644,0.196185,-21.3935,-9.99127,23.5452,67.4999,-124.397,0.0,1.0,0.2135646275348837
N_S_WWC_WM_127,6.32029,-6.4984,-0.371285,0.535213,-1.27,2.27,-7.34102,1.78636,41.6876,17.7268,2.14181,0.1,-33.932,0.8,-6.4922,25.2573,-2.97597,-15.046,21.5952,-21.1801,-41.7293,-41.0648,13.9621,0.0,1.0,0.2164475518571428
N_S_WWC_WM_129,9.81578,-5.17871,16.1679,3.36547,0.68,0.57,-3.08273,-2.98412,17.1012,-94.2002,-8.96833,-0.3,-35.2907,0.5,12.2701,19.9064,-19.0778,35.8807,53.412,-40.1087,136.613,62.695,56.8716,0.0,1.0,0.2486101593521595
N_S_WWC_WM_130,-0.0121556,12.2774,6.46923,-19.4537,0.74,-1.56,4.64618,4.24606,32.9506,74.3345,-8.70262,-0.4,-16.7733,0.0,37.4068,2.73213,4.70346,39.2319,115.984,-48.757,7.39161,-13.8513,-14.8195,0.0,1.0,0.2892540376378738
N_S_WWC_WM_131,-5.04629,5.30688,5.97024,5.7979,1.47,-0.63,19.8958,6.89243,-13.8924,-88.1711,-9.9309,0.6,-36.989,0.0,38.8875,-11.8167,4.58108,-15.3872,37.7564,14.1695,125.235,-33.4251,-41.0291,0.0,1.0,0.23721388430897
N_S_WWC_WM_132,-4.69316,-2.99821,3.8054,-4.06097,1.42,-0.76,-3.33563,2.31578,7.63545,114.866,-13.9148,-0.1,0.568472,0.2,21.1696,17.2403,22.2805,-13.9736,-57.8626,-29.7812,-48.8409,47.3205,-120.061,0.0,1.0,0.2517787395049833
N_S_WWC_WM_135,3.78578,-0.50122,-3.14006,-16.3554,-0.81,1.08,8.05988,8.32206,12.0321,-27.4609,-5.51504,0.4,-31.1718,0.0,36.6822,7.61263,-26.1628,31.8127,68.7702,47.9533,-53.4803,2.00493,57.4909,0.0,1.0,0.257072095730897
N_S_WWC_WM_136,9.22757,12.0024,-3.05127,-12.7879,-0.13,1.9,7.9656,-2.88544,-31.0989,33.6585,-2.93615,-0.3,39.2475,-0.1,-5.93147,-14.3889,27.2864,8.38197,68.2423,5.92867,32.3977,86.6918,19.3706,0.0,1.0,0.2543461850996678
N_S_WWC_WM_137,-5.13496,9.76767,-2.68786,-12.2887,0.81,1.44,11.929,6.7307,45.1251,80.1932,-14.4793,0.3,37.9109,0.8,-5.39029,-7.7178,5.20351,30.973,-8.95169,14.4912,116.304,-0.132119,68.4255,0.0,1.0,0.2898025108671095
N_S_WWC_WM_138,3.00487,-5.01963,18.2613,9.51063,-1.05,0.52,16.6414,9.69717,11.6854,137.958,1.3357,-0.3,33.7059,0.0,28.2374,1.31296,2.92333,12.191,17.3711,13.7289,139.211,7.31932,-12.4749,0.0,1.0,0.2126225159202658
N_S_WWC_WM_139,-4.43033,-7.11563,16.7514,-5.76237,0.61,1.1,13.9135,-1.85339,27.6449,72.9825,1.58555,-0.3,4.17967,0.5,-13.1998,-17.2335,-24.8251,36.1192,64.2025,11.8037,17.4941,2.62575,-169.139,0.0,1.0,0.2432842076079734
N_S_WWC_WM_140,10.9028,2.98436,14.3026,-8.03838,1.5,1.22,15.9445,1.16413,41.9505,99.9412,-8.08929,0.4,-30.7598,-0.2,58.1043,6.77491,9.21934,32.4885,-1.80468,49.411,-22.5075,56.7341,87.5564,0.0,1.0,0.2693814777375415
N_S_WWC_WM_141,-3.08048,3.14297,1.06836,18.8463,2.17,1.09,0.903987,2.00937,37.5733,4.7164,2.07094,0.8,-16.5604,0.1,-3.30701,-4.54103,25.5535,8.33893,2.44344,-48.6856,100.599,1.78431,50.8333,0.0,1.0,0.2224869751328903
N_S_WWC_WM_142,13.8783,-7.88364,5.13693,4.44085,-0.21,-1.16,4.54058,-3.02449,-5.9037,71.9003,-9.05113,0.6,-18.9892,0.0,24.061,-13.6916,-1.21648,-10.7539,74.5498,42.1102,-51.9827,26.4749,59.2701,0.0,1.0,0.2342964151295681
N_S_WWC_WM_144,3.87471,-6.05972,-3.58403,-1.85356,1.58,0.18,-6.48285,7.72903,-35.3988,-27.0547,4.09454,0.5,-10.6424,0.4,-17.1111,12.7976,-0.497473,51.3965,85.7814,-19.9662,-31.488,-12.7598,95.0328,0.0,1.0,0.2337739476378737
N_S_WWC_WM_146,-2.55144,2.06691,-5.99119,-7.19916,2.32,1.55,15.4928,3.29237,32.8137,-79.6718,-2.01186,0.4,27.9241,0.1,55.5993,-17.122,-17.6642,20.029,88.1854,3.32759,6.70881,6.86803,-61.7087,0.0,1.0,0.2448614601262458
N_S_WWC_WM_147,10.3885,-7.85919,16.3721,-9.58829,1.45,-0.19,6.93124,-2.60253,42.8236,21.1247,0.937835,-0.4,31.0485,-0.4,32.3662,-4.33259,-11.1888,-7.34826,70.4007,-16.1393,33.5204,-26.5734,121.333,0.0,1.0,0.2128260847408637
N_S_WWC_WM_148,5.87987,7.10137,10.3576,4.85906,-1.67,-0.68,19.2022,-4.52843,-11.1197,41.9435,0.993291,0.7,-23.6146,0.6,-13.83,5.90722,-25.4146,3.49098,73.7437,17.005,59.6911,-41.6326,-180.892,0.0,1.0,0.2344907952990033
N_S_WWC_WM_149,5.48757,-4.27259,-4.04946,-11.2819,-1.41,-0.41,-0.376644,1.93187,-3.37328,12.6176,1.73022,-0.3,-4.06182,-0.2,-19.1538,-14.1388,-27.8259,-14.1644,75.5069,-2.05553,33.7699,-35.9679,-190.472,0.0,1.0,0.2172664878870432
N_S_WWC_WM_150,14.7031,5.83089,8.97893,3.93312,0.25,1.14,7.66716,8.80573,-9.60977,69.475,2.37814,0.7,-13.1098,0.9,10.6465,-6.4317,29.8431,18.2301,-47.0998,-49.2349,-27.3362,18.4438,-2.77782,0.0,1.0,0.2412384256744186
N_S_WWC_WM_151,-0.167774,14.5905,3.84719,16.1221,1.55,2.05,-0.491868,-0.854262,11.9609,-36.4233,4.81635,-0.1,-35.7161,0.8,46.7225,3.87277,8.48957,-12.4918,20.3336,-43.8802,-36.6219,21.7126,-114.887,0.0,1.0,0.2310484793554817
N_S_WWC_WM_153,9.14677,12.9197,15.1255,-10.7131,-1.11,-0.03,-4.76959,0.847138,8.10467,-59.9644,-6.83131,0.8,18.9429,0.3,-3.91867,-13.8512,9.1674,-3.54409,-34.5863,-12.6902,130.822,86.1164,39.8272,0.0,1.0,0.2578776279667774
N_S_WWC_WM_155,3.75117,8.07338,14.3895,-16.1107,2.07,1.41,3.19128,5.7924,-29.0722,144.477,-6.57657,0.2,14.9894,-0.4,41.4211,28.5546,-18.5878,15.3154,-6.98644,26.3907,-28.3519,14.4077,-143.672,0.0,1.0,0.2630707440863787
N_S_WWC_WM_156,-1.9263,12.0603,15.5506,17.3574,0.64,-0.1,-9.64564,-3.43828,-35.8156,97.6255,-9.43109,0.4,3.05163,0.5,9.30188,4.3813,27.5968,38.3834,117.914,8.31351,-12.486,65.6668,-91.073,0.0,1.0,0.2832418974850498
N_S_WWC_WM_159,8.2911,4.35156,-4.98976,11.5417,2.1,-0.14,-8.49639,4.22641,14.0097,-18.348,-14.8608,0.5,-8.59417,0.1,5.069,-10.7396,-23.981,-19.425,27.9977,4.50615,-59.3546,-43.3703,30.0444,0.0,1.0,0.2482137801827242
N_S_WWC_WM_160,10.7738,-6.1157,11.6085,-15.383,0.94,0.67,7.62675,8.66377,-45.7607,61.4438,-14.9069,-0.2,-3.12154,0.3,-5.1535,2.70209,-23.4284,37.0708,106.086,10.1514,-35.8993,-53.8721,-139.882,0.0,1.0,0.2539377752757475
N_S_WWC_WM_161,5.75453,9.98111,17.6955,3.86368,0.21,1.84,14.3121,4.69484,-43.6054,58.9682,-2.49146,-0.3,-35.9855,0.5,40.2053,0.0750084,-20.8923,15.8399,88.3094,-36.9079,-43.6388,82.7745,-0.732174,0.0,1.0,0.2493486091362126
N_S_WWC_WM_162,9.15217,-5.21013,9.10048,-6.02572,0.33,1.03,6.12711,-3.94171,47.0352,0.163785,-5.63448,0.2,12.0462,0.5,-22.7709,2.26709,15.8531,-3.70989,127.926,-40.6529,89.0359,-33.7808,-163.334,0.0,1.0,0.2274961043355481
N_S_WWC_WM_164,-4.35376,5.96096,-4.76194,-5.94266,0.98,-0.2,7.29332,0.0280631,-40.081,-80.3318,-12.7254,0.2,13.3514,-0.3,9.64635,-18.0053,19.4933,54.138,-10.091,-15.5757,10.1537,32.0535,34.1077,0.0,1.0,0.2939609657043189
N_S_WWC_WM_166,-3.30674,8.22246,19.1444,11.4807,1.82,-1.04,6.67948,-2.50124,-12.647,-61.0048,-7.55754,0.6,-20.9771,-0.2,15.9694,27.3883,-24.4784,21.3448,97.9841,40.3401,-18.5205,-27.3318,-45.2431,0.0,1.0,0.2789370878438539
N_S_WWC_WM_168,-5.22331,6.16382,16.9201,15.0307,1.93,2.32,19.0385,2.94968,-33.1165,33.9258,-12.6495,0.1,5.05902,0.7,17.4,16.4999,-14.095,9.72951,119.482,25.1527,29.1056,-12.4669,-157.568,0.0,1.0,0.2531793794717608
N_S_WWC_WM_169,14.8888,10.7689,11.3797,7.23696,-1.51,-0.33,14.853,0.948831,40.5595,-46.6596,-11.083,0.7,-34.0474,0.2,-7.60229,-1.86093,25.9499,44.9548,33.9264,18.3414,-32.4806,24.1191,115.706,0.0,1.0,0.2776806558272425
N_S_WWC_WM_170,-7.62291,11.0894,-4.09792,-2.89642,0.35,-0.91,-7.80238,1.48268,-19.5952,-7.56337,-7.1142,0.4,-14.3851,-0.3,31.3333,-3.93781,27.0913,31.4098,107.733,36.4558,78.6205,-27.9779,-92.4595,0.0,1.0,0.2826626426744186
N_S_WWC_WM_171,9.2592,13.2024,11.719,-17.2308,0.4,1.04,3.92436,9.11155,-39.2776,-36.7446,0.0757825,0.0,25.1133,-0.2,17.772,-2.72914,20.4537,-21.1825,-4.38928,30.1583,80.7779,-46.5058,134.359,0.0,1.0,0.2364385729401993
N_S_WWC_WM_172,-5.2993,-1.37923,16.2762,-0.544374,0.48,-1.64,-4.53625,3.89664,36.7545,63.8911,-14.1424,0.4,-9.94364,0.9,-22.5182,13.2993,21.1606,3.27375,71.6819,23.6697,117.904,-19.5614,-178.088,0.0,1.0,0.2448778192524917
N_S_WWC_WM_174,14.3171,0.800555,3.36829,-5.83018,-1.79,-1.51,18.901,5.02336,-29.1622,-78.0554,2.49586,-0.1,-20.0893,0.4,19.8762,4.11563,3.5526,-13.0761,77.1772,-9.7414,41.9973,39.9591,-10.4763,0.0,1.0,0.203393977744186
N_S_WWC_WM_175,7.72664,0.953152,7.73208,-13.1055,0.73,1.12,8.99763,2.46397,40.3959,85.767,-14.9336,0.2,16.2887,0.2,14.9324,-3.02737,-29.1147,-24.5308,80.2135,-46.6826,-41.6793,29.6093,-44.9067,0.0,1.0,0.2373854044518272
N_S_WWC_WM_176,-5.17724,-7.52126,15.4382,-1.30527,2.34,-0.88,-5.77759,4.42041,39.8559,-67.7209,-11.1355,0.2,-25.9329,0.2,3.39039,12.5734,-22.5565,-6.08505,102.004,-6.66508,21.2802,54.6728,-12.8479,0.0,1.0,0.2495608409900332
N_S_WWC_WM_177,-4.13834,12.3258,2.02037,-0.378287,-0.86,1.99,-7.09843,5.22996,-45.9282,77.3809,-10.3163,0.7,-26.7662,0.8,17.2705,14.5492,22.0725,26.3912,1.03962,44.5355,83.9674,-42.7442,122.234,0.0,1.0,0.2770785355149501
N_S_WWC_WM_178,2.4146,-1.27814,18.3514,-8.67436,0.49,2.21,18.8262,4.94487,18.9938,-23.977,-4.07047,0.3,10.464,0.9,-16.178,-10.4183,-2.41841,17.3548,126.183,-4.40546,67.8185,50.2196,73.9531,0.0,1.0,0.2317369686578073
N_S_WWC_WM_180,9.40968,14.3077,15.2811,17.7157,-0.59,-0.82,7.06062,2.566,-1.7452,129.871,-3.63203,-0.2,13.9177,0.9,12.7885,-2.20998,0.755337,39.2196,73.843,-14.8761,-18.9194,-53.2994,109.608,0.0,1.0,0.2740565362358804
N_S_WWC_WM_182,4.59633,14.9648,13.653,-12.3967,0.55,0.42,3.44704,-1.97843,-13.4179,-47.4233,4.53588,0.1,6.75565,-0.4,11.6731,1.4249,5.05688,11.1706,96.3636,-28.044,-34.539,-10.6512,-192.02,0.0,1.0,0.2550816804684385
N_S_WWC_WM_183,-0.772398,8.41772,-4.63488,14.9643,1.25,1.01,18.363,5.87275,42.5343,6.30452,-6.70934,0.6,-24.5565,0.8,35.1424,17.4287,26.0829,6.11666,91.4767,35.7724,-17.4143,-24.3362,91.8619,0.0,1.0,0.2474674197508305
N_S_WWC_WM_186,-5.64637,5.57163,-7.59475,18.9555,0.82,-0.08,1.63999,8.9153,28.9221,59.6389,2.85187,-0.1,4.38743,0.8,14.9939,15.2922,20.5174,53.8305,105.533,41.238,15.1338,60.1368,-22.6824,0.0,1.0,0.2631757435382059
N_S_WWC_WM_187,2.37588,1.58141,-2.60367,11.6422,1.38,-1.48,12.9047,-4.35544,32.6311,-88.6172,3.10296,-0.2,-37.5716,0.5,6.03349,11.2253,-2.06747,33.1993,9.83359,-44.2325,129.931,-18.1536,-74.6984,0.0,1.0,0.2441845954651163
N_S_WWC_WM_189,1.8435,5.01659,-3.9235,1.26512,0.62,-1.78,7.78386,4.20915,-45.3066,16.9091,-10.1891,-0.1,-14.4586,0.8,7.79045,2.47609,-0.360752,16.9459,104.721,48.9616,-58.2445,1.23452,-197.504,0.0,1.0,0.2657710330531562
N_S_WWC_WM_190,11.004,-6.76392,0.224627,8.06024,0.7,0.13,13.7383,1.70202,-25.018,-5.67779,-13.9054,0.6,-15.2625,-0.2,-21.9082,0.336808,0.91996,24.5074,21.3104,15.6381,144.461,13.6728,-160.809,0.0,1.0,0.2501375182358804
N_S_WWC_WM_191,5.11771,2.4227,11.0998,1.71387,-0.3,0.66,16.9628,0.0644063,-34.5179,143.578,-7.43789,0.7,14.0597,0.2,28.9058,-0.222137,25.304,-18.2463,-58.5285,23.7536,-36.5606,53.4796,-13.0334,0.0,1.0,0.2373224286511627
N_S_WWC_WM_193,8.80929,-4.459,17.8141,13.8782,1.32,-1.28,16.3192,0.677856,-19.1625,74.4945,4.2836,0.2,-12.5407,1.0,29.3806,-3.24623,5.76755,47.8844,41.0417,44.0062,131.751,38.6734,-118.633,0.0,1.0,0.2324509302093023
N_S_WWC_WM_194,8.5541,10.6631,19.1044,-3.08968,1.13,-0.66,11.2558,5.03655,46.6988,-42.4613,-5.13467,-0.1,12.2714,0.0,7.1348,10.6845,26.8318,53.413,118.594,15.4316,9.72493,10.4492,-124.93,0.0,1.0,0.2745075439767442
N_S_WWC_WM_195,-6.06116,-3.9189,8.57515,-4.17366,0.68,-0.65,-3.55507,4.42964,-23.7038,68.7752,-2.42858,0.8,3.7521,-0.1,37.0012,-18.6203,23.8732,54.4811,-24.6616,-7.68247,47.4296,87.4418,-136.079,0.0,1.0,0.2565262276345514
N_S_WWC_WM_196,7.81568,14.4599,5.16037,14.1386,1.73,-0.25,19.2781,-4.23628,5.92969,-4.71412,-2.99011,0.4,-27.4453,-0.1,45.2701,16.154,-5.34398,28.1542,-14.9876,-46.9154,58.5519,10.6289,141.981,0.0,1.0,0.2720250167209302
N_S_WWC_WM_199,11.7496,-4.94871,0.625722,5.23763,0.17,-0.34,11.5265,2.55804,20.2961,-20.174,-1.18453,0.0,22.6929,-0.2,6.12495,13.6692,0.32124,-23.6021,-34.019,-43.8282,-58.6187,44.2919,80.0057,0.0,1.0,0.2135374957342193
N_S_WWC_WM_201,7.12951,1.43308,3.93348,-6.80876,-1.49,1.41,1.20192,-4.45535,-22.9875,108.99,-13.0214,0.0,13.5717,0.4,-24.0964,15.2444,13.679,6.3029,103.254,-49.4812,2.44929,87.1624,46.79,0.0,1.0,0.2419517825747508
N_S_WWC_WM_203,12.4362,12.7479,8.11738,4.2518,0.42,2.36,14.9553,7.5996,-32.4565,109.751,-12.9502,0.5,-35.8701,0.5,2.08997,6.07139,19.6025,42.1837,77.9009,39.4878,78.2033,31.1652,-154.907,0.0,1.0,0.2754623447209302
N_S_WWC_WM_205,6.82682,2.90433,3.42508,-15.5512,-0.77,-1.22,-8.41272,-3.59835,44.7212,25.2267,4.97848,0.7,11.0218,0.5,4.24551,6.42725,-20.5436,-11.6597,-28.0778,-2.87503,-21.9435,-5.82487,-97.416,0.0,1.0,0.2230046947873754
N_S_WWC_WM_206,3.02235,4.85202,11.143,-3.5264,-0.47,-0.2,-2.72728,-2.48433,-42.7358,-78.498,-14.7962,0.1,-0.746037,-0.3,56.099,22.6683,23.2846,1.68866,29.4715,44.9026,76.1914,-21.6042,5.89736,0.0,1.0,0.2520601233189368
N_S_WWC_WM_209,12.7905,7.17771,12.6337,2.11372,0.11,-0.42,-4.35615,7.30589,23.0176,8.16151,-3.53949,0.8,-14.0892,-0.3,45.0656,-7.02795,-4.46149,32.7556,27.2829,-17.3449,-19.8127,81.4733,132.081,0.0,1.0,0.257400005654485
N_S_WWC_WM_210,-6.24734,14.652,3.91689,-1.38529,0.75,-0.02,-9.17799,3.77551,-9.5333,111.729,2.15239,0.1,17.0583,0.3,17.0342,29.2069,-29.5358,13.263,-47.5779,9.93527,0.495898,37.8414,73.3081,0.0,1.0,0.2635996069966778
N_S_WWC_WM_211,6.33729,-2.44012,7.43494,3.01114,1.07,-1.7,-1.28752,8.43238,-2.64319,-6.90594,-12.272,0.7,10.0515,0.1,-2.05918,-7.5417,26.3288,30.8599,73.2367,-44.6663,-21.7546,28.6578,-166.138,0.0,1.0,0.2562969271428571
N_S_WWC_WM_212,0.806445,13.8181,-1.3865,-14.2673,1.52,2.49,12.4245,0.737345,35.9163,-16.3425,4.22312,0.1,-13.7675,0.9,7.62867,6.68814,-18.1975,38.1875,40.4591,21.4672,4.577,-36.5304,23.0567,0.0,1.0,0.2701461594916943
N_S_WWC_WM_214,-2.25394,13.7218,11.479,-6.65489,-0.95,2.34,9.18169,3.48616,-32.9938,-57.8659,-3.40064,0.3,1.45088,0.0,50.1441,-19.549,12.6884,3.63845,23.1184,-46.0632,25.2348,67.7814,-42.0874,0.0,1.0,0.252132179551495
N_S_WWC_WM_215,8.05856,-5.90353,11.0752,-19.5964,-1.56,1.3,2.56098,0.127388,-27.7507,1.06261,-0.694316,0.7,35.4901,0.7,-12.5838,8.53328,4.31735,6.00291,28.8622,-14.3701,60.274,-51.0257,140.564,0.0,1.0,0.2236165182225914
N_S_WWC_WM_217,0.473862,6.1195,10.4507,-6.43839,0.62,-0.44,19.4381,9.59469,-24.2439,-39.294,-3.65836,0.8,28.7989,-0.2,2.02057,15.7432,-5.73005,42.2534,104.04,-21.8255,103.623,-17.0107,-175.039,0.0,1.0,0.2518941058504983
N_S_WWC_WM_218,-2.65062,6.82613,17.5403,14.0672,1.62,1.22,-8.5976,1.32769,-31.9646,-2.5097,-6.45312,-0.4,-27.2199,0.5,-2.84197,12.9191,-28.9444,48.5099,29.9363,-6.81745,-42.9489,20.5198,-58.9729,0.0,1.0,0.2768975070066445
N_S_WWC_WM_219,-7.68514,10.3208,2.48667,-7.28276,0.28,0.56,-3.41463,7.79617,26.6708,1.65602,-3.46949,0.3,29.9839,-0.2,4.04501,9.75036,1.92608,40.3102,-58.2276,39.1553,-20.2238,55.3214,-165.605,0.0,1.0,0.2827827828471761
N_S_WWC_WM_220,4.47543,-2.38872,-6.75451,15.0988,0.13,-0.18,-2.2021,-0.0491714,-41.41,9.56241,-1.33666,0.0,-30.0841,0.7,42.9248,-2.84901,-28.1605,27.0356,40.278,40.8201,108.277,-51.3397,-185.965,0.0,1.0,0.2318025553156146
N_S_WWC_WM_222,6.52494,6.42728,-7.88709,17.8712,1.24,-1.29,8.22972,1.89152,28.5982,37.2739,-14.5834,-0.1,5.44611,0.8,-15.1129,29.9729,0.11858,-22.8289,2.22519,11.4883,33.2896,9.44326,47.7638,0.0,1.0,0.253427469564784
N_S_WWC_WM_223,3.3496,11.2912,-6.07244,19.8848,0.0,-0.31,18.8502,8.04987,-29.7252,65.4931,-5.40356,0.5,23.3429,0.3,49.3888,-8.07595,14.731,17.9118,3.79462,39.9454,118.418,-8.68558,-106.507,0.0,1.0,0.2486687686013289
N_S_WWC_WM_224,14.2101,10.8446,-2.86887,-9.83662,1.07,-0.61,13.6039,-3.19546,28.364,66.1305,-9.82539,0.0,10.7405,0.8,39.2812,-1.23495,11.1262,10.1017,-59.4953,-42.7199,43.3257,-19.795,54.1384,0.0,1.0,0.2714365851727575
N_S_WWC_WM_228,-5.51067,6.60838,7.6418,6.07779,-1.68,2.23,19.1558,9.98946,44.4495,99.4931,-6.66131,-0.2,9.01162,0.1,-3.53813,-15.8395,-3.6302,5.18021,-8.57969,31.6445,-12.0689,42.2978,-73.885,0.0,1.0,0.2451732518073089
N_S_WWC_WM_229,4.93033,9.64976,2.69182,-4.76296,0.4,-0.84,3.30627,-0.640042,-21.7918,69.5444,4.02518,-0.3,4.77001,0.0,53.6377,14.028,-23.1821,-20.0291,19.944,24.9924,-11.1553,82.1602,-135.208,0.0,1.0,0.2299988390465116
N_S_WWC_WM_230,5.60208,3.99311,12.7023,3.08647,0.32,-1.29,-5.47171,5.94528,-47.9362,82.2121,-2.6242,-0.1,-25.4296,-0.1,36.3678,22.8491,22.7259,9.1218,-45.9869,21.977,-50.379,-28.5512,-193.215,0.0,1.0,0.2430490740498339
N_S_WWC_WM_231,13.6084,-0.664165,-2.89468,4.13989,1.14,1.89,0.148148,9.44921,-30.4038,89.8049,-6.89894,0.1,-10.4153,-0.3,-11.2182,29.7443,-4.68135,29.9492,-36.1534,29.0767,99.6222,-59.1351,-137.917,0.0,1.0,0.2470654452657807
N_S_WWC_WM_232,2.95889,1.15381,16.284,-15.9347,0.52,1.4,13.165,7.27373,-5.56808,20.7969,4.34056,0.2,-28.8589,0.7,55.0132,26.4923,10.5551,-13.8606,32.6383,33.8967,1.60328,89.7448,108.933,0.0,1.0,0.2107075527342193
N_S_WWC_WM_234,12.3142,-3.51848,9.64618,14.9996,-1.23,1.61,16.4961,4.00111,-18.4549,128.032,-5.08793,0.8,-11.209,0.7,43.536,0.60785,-18.2926,36.8033,107.285,31.4584,-10.2436,66.6381,-97.6897,0.0,1.0,0.2417800896744185
N_S_WWC_WM_235,1.63491,-5.05559,18.7422,17.5872,1.03,-0.17,6.6357,6.78487,-41.8221,-46.3457,0.396017,-0.2,-6.21584,0.8,-0.812286,-12.324,4.24824,24.7258,29.2447,-29.4493,79.9161,-43.251,-57.7208,0.0,1.0,0.2318520977906976
N_S_WWC_WM_236,-7.95396,1.49643,1.3033,7.78061,1.06,-1.07,1.43783,9.80196,-4.0351,77.5608,2.97433,-0.3,-18.0366,1.0,17.5066,-2.50247,5.3187,4.29811,53.9652,-45.5227,-5.64189,-12.9934,128.7,0.0,1.0,0.2261194617043189
N_S_WWC_WM_237,0.967892,2.10049,5.86238,-7.08534,-0.85,-0.94,16.4747,4.67473,-25.4081,-64.9562,-7.24065,0.5,-39.6883,0.8,-19.6951,-0.0874523,-27.2249,14.5184,-14.759,39.5858,98.16,57.3929,55.444,0.0,1.0,0.2484369023621263
N_S_WWC_WM_239,10.8002,6.86028,-2.97758,-1.90935,0.84,-0.95,16.439,-2.09392,30.4141,30.3365,-11.5263,0.5,36.195,0.4,57.2036,8.01022,-1.78252,-0.262679,96.9013,34.3663,129.655,64.2809,-168.699,0.0,1.0,0.2412386687906976
N_S_WWC_WM_240,12.4822,-7.50444,-6.48716,16.2164,0.71,0.05,1.23852,3.38913,-46.4914,-0.80509,0.759119,0.6,-16.8365,0.9,20.1134,25.7022,5.29959,9.87419,22.8602,-42.3998,114.962,52.6986,15.2008,0.0,1.0,0.216971316820598
N_S_WWC_WM_241,3.40789,-0.173017,-0.273907,-10.0037,-0.92,0.21,10.2134,-4.74297,6.61181,26.6677,-2.58107,-0.2,-16.3513,0.7,38.8672,-9.78815,-1.85329,-23.6688,-56.2973,46.5323,21.6572,23.3243,-44.2832,0.0,1.0,0.2116294677940199
N_S_WWC_WM_242,2.07089,14.2762,14.5994,15.7486,-0.48,0.09,0.740756,9.7487,-8.10225,83.695,-9.14116,0.3,-13.4203,0.9,-10.5362,21.1562,-0.586023,45.4376,12.2811,29.9635,136.283,4.38192,-118.418,0.0,1.0,0.2812670357674419
N_S_WWC_WM_243,2.68419,10.0841,1.85258,-16.4886,0.33,0.11,-7.5057,8.18437,48.4669,24.7032,3.12307,-0.1,-13.9827,0.9,-0.0869685,-2.49035,14.3013,-1.78316,-43.5876,40.5084,113.675,80.5256,32.9668,0.0,1.0,0.239388831
N_S_WWC_WM_244,-1.0384,-3.68599,3.55271,-3.57234,1.11,0.16,-2.78322,9.66029,-11.6622,4.88408,-7.70345,-0.4,-5.47595,0.9,42.6883,10.2812,-16.4911,34.6327,-53.9249,41.853,-38.1779,-10.1085,-100.992,0.0,1.0,0.2583332061428571
N_S_WWC_WM_245,8.02721,11.7786,10.1211,-10.5732,2.37,-0.48,17.2891,3.02557,0.0794027,116.979,1.98087,0.0,16.4278,-0.2,-16.8598,6.63619,-14.7617,52.7176,-50.3741,13.0883,45.4243,-40.3591,2.59549,0.0,1.0,0.2669067575847176
N_S_WWC_WM_246,-2.82922,2.20918,-6.27928,-13.4538,0.57,2.42,6.50637,2.45244,-11.5706,-6.62423,-9.37488,-0.2,9.07614,0.7,58.425,28.6083,-7.08726,8.65484,-51.8824,-11.7011,54.1034,77.5939,-166.923,0.0,1.0,0.2449420334584717
N_S_WWC_WM_248,-7.22523,-0.309216,5.67432,-0.870079,2.23,-1.67,-6.14544,2.20785,0.396249,52.1912,-8.29056,-0.2,16.5257,0.0,7.98313,-12.8155,17.4076,-10.9791,128.285,38.1732,120.702,47.6844,52.7462,0.0,1.0,0.2456700117375415
N_S_WWC_WM_249,1.15433,4.3197,14.6526,-10.9198,-0.43,1.35,5.50677,4.86283,-14.6686,-17.9342,-14.6804,-0.2,20.7408,0.1,-24.766,-19.1587,-4.81156,33.4947,72.8536,-47.2908,-29.6719,-53.4186,134.885,0.0,1.0,0.2796339058737542
N_S_WWC_WM_250,5.84775,-1.57808,18.6277,0.275609,1.49,-1.15,-3.02137,4.85197,-9.32336,90.519,-9.65324,0.8,-36.3157,-0.1,-16.3235,19.5412,-10.8781,-24.0637,-17.0164,48.738,35.0139,23.8289,-112.455,0.0,1.0,0.2305935256976743
N_S_WWC_WM_251,7.19238,3.895,3.57313,-2.40014,-0.8,-1.67,-5.01073,4.80222,20.4568,145.554,-13.1425,0.3,39.1936,-0.2,-20.6237,23.3945,-4.4238,0.364613,-34.2784,20.9243,17.0757,51.8043,95.6528,0.0,1.0,0.2549749062192691
N_S_WWC_WM_252,6.22772,1.92059,-6.60915,-3.77392,1.35,2.34,2.2018,6.21938,29.6766,-89.8343,1.41757,-0.4,22.8675,0.4,5.94671,-13.3236,24.127,-13.582,-7.7495,30.3175,91.3247,51.4262,-43.0811,0.0,1.0,0.2165488339202657
N_S_WWC_WM_253,-0.221488,13.511,19.4458,-5.25255,0.91,-0.59,4.52132,-3.2007,-31.5369,-52.8942,-10.5757,-0.1,-16.1854,0.7,-18.0358,6.96623,19.1499,17.7448,-54.3884,-44.8697,106.451,70.9537,27.5881,0.0,1.0,0.2776060360730896
N_S_WWC_WM_255,4.25003,12.558,4.4412,10.4067,1.31,-0.93,-3.00575,8.93804,23.6581,120.461,-12.8437,0.3,0.847356,0.3,38.0374,7.24425,-21.1578,12.6295,111.719,42.2998,-6.83368,-36.0107,-146.35,0.0,1.0,0.2656756565315615
N_S_WWC_WM_256,3.30602,7.62352,14.8468,10.1364,-1.57,0.2,-4.321,-2.83623,26.9704,65.6677,3.90474,-0.3,-6.64274,0.7,-18.6282,5.28446,-13.9924,31.9278,14.3101,2.25528,26.2424,66.1798,75.397,0.0,1.0,0.2468869815813953
N_S_WWC_WM_258,-1.4418,2.70905,16.6656,14.6848,0.96,2.13,6.61746,-3.5352,42.3326,-58.4171,3.42379,0.3,-33.4119,0.2,15.2789,26.1394,10.4637,-21.9137,63.7893,7.25828,84.7291,-35.1545,-99.8148,0.0,1.0,0.2202201635149501
N_S_WWC_WM_259,8.78978,-5.34889,4.8529,-4.50748,-1.79,-0.08,-6.88473,-1.84039,28.022,68.8934,-11.386,-0.2,-36.3758,-0.1,53.0762,5.13668,12.2938,-9.46379,52.6882,-47.6385,62.1503,4.10828,-46.5373,0.0,1.0,0.2314642193986711
N_S_WWC_WM_260,-3.51899,-1.31148,-1.1388,-7.33107,-1.73,-1.77,6.37069,5.27781,7.38669,67.9762,4.14493,-0.1,-33.6215,-0.4,16.4457,-16.0775,22.8524,10.2101,19.3367,22.123,1.25778,11.767,-65.5942,0.0,1.0,0.2300101928704319
N_S_WWC_WM_261,13.5116,-2.12248,15.0124,-2.95051,2.32,2.21,0.172799,7.20081,-47.6531,109.582,-3.48798,0.7,-4.60236,0.0,8.18429,10.7241,23.1783,29.7642,-15.3828,34.83,8.10154,81.4034,-42.7554,0.0,1.0,0.2472625059501661
N_S_WWC_WM_262,0.223555,4.18995,2.1117,16.8942,1.04,-0.71,18.7332,-1.19796,48.9089,-12.0638,-3.89634,0.3,-4.82007,0.1,-14.8344,-0.914121,-24.0764,47.7791,79.393,-33.3417,-33.6252,-52.5836,-45.9437,0.0,1.0,0.2724016260066446
N_S_WWC_WM_263,6.65609,-1.55787,-4.93681,1.59994,0.51,1.29,5.24494,-0.900963,33.6654,-90.3368,2.59227,0.4,-16.6277,1.0,32.4802,1.88041,5.92247,13.7899,121.804,33.1532,129.119,7.93756,-84.5713,0.0,1.0,0.2191924667973422
N_S_WWC_WM_264,2.77386,-4.99318,13.7386,-19.7136,-0.06,2.14,-3.79186,6.67938,42.9476,39.1053,-2.24455,0.3,0.42168,0.5,23.1013,-4.41586,-23.3503,40.8965,-1.62809,-40.2137,-40.0668,77.0716,-144.421,0.0,1.0,0.2524966500033223
N_S_WWC_WM_265,14.0784,9.37736,10.0382,12.7009,2.5,-1.44,3.0695,6.84916,-31.1671,21.2901,0.369002,0.5,-4.72497,0.5,39.4054,-13.4056,-13.0547,35.2396,25.8801,41.3073,23.344,-54.8254,20.3829,0.0,1.0,0.2571265250797342
N_S_WWC_WM_266,-3.97892,7.00355,-5.05328,10.8997,-1.22,2.04,-7.90374,-0.371956,48.6847,48.1872,-2.08017,-0.3,15.586,0.3,12.5839,-6.54749,18.8091,13.4251,116.222,-42.9174,61.3216,-50.2549,57.8101,0.0,1.0,0.2480398271162791
N_S_WWC_WM_267,-2.06414,12.7153,-4.8019,8.53537,-1.78,0.15,5.07045,6.80788,23.8461,92.9042,-4.16834,0.2,-18.1516,0.6,26.7872,8.92369,17.1937,-22.4271,19.1961,-35.0221,144.037,-32.6558,-175.733,0.0,1.0,0.2292196516146179
N_S_WWC_WM_268,11.9226,-3.42358,14.0472,-17.5269,1.11,-0.51,18.2962,4.02436,-1.20435,-53.0807,-9.50299,0.8,13.7857,-0.4,54.8762,4.62244,-6.0545,13.5878,86.4707,17.9518,15.6596,43.7361,-71.3932,0.0,1.0,0.2390157568272425
N_S_WWC_WM_269,13.6918,12.0376,19.9859,4.46638,1.71,2.39,6.0469,7.46222,15.5792,-46.7676,-1.10397,0.5,-14.9321,-0.3,59.3543,-2.65733,12.2312,-11.7899,72.3818,24.0,103.843,-6.74932,-121.886,0.0,1.0,0.2350967303023255
N_S_WWC_WM_270,-6.74543,-4.75871,0.570191,16.9296,-1.3,-0.7,-7.82982,9.06089,5.40305,27.146,-1.93786,0.5,-22.8709,-0.1,10.1477,-11.448,-15.9961,-3.17335,23.4292,34.6269,122.753,-54.0557,-5.8394,0.0,1.0,0.2250847509435216
N_S_WWC_WM_271,-4.78849,-0.948227,17.2089,-18.1868,-1.43,0.68,8.671,-2.71706,6.15086,56.5993,-9.25189,0.3,-38.0618,-0.3,-11.869,-0.14394,25.4095,52.243,49.6705,-30.5558,-0.197107,12.7099,43.3271,0.0,1.0,0.2758908398637874
N_S_WWC_WM_272,9.60013,0.586839,-4.27878,-18.8349,0.8,-0.85,-1.52171,6.71762,-27.4549,76.6626,1.64748,0.8,13.9858,0.9,37.1355,7.05442,-20.1551,17.5576,115.443,-7.29189,2.26356,69.4087,7.44808,0.0,1.0,0.2192413246910299
N_S_WWC_WM_274,3.84474,13.0337,-3.28122,-19.2828,1.4,-1.24,16.1712,-3.55434,-2.38142,-29.749,-3.09142,0.7,22.358,0.0,19.7746,16.504,16.4299,-2.68353,101.374,27.8993,-32.228,-7.85264,30.7055,0.0,1.0,0.2533121266445183
N_S_WWC_WM_276,-1.42347,7.77924,14.8062,-11.0433,1.46,-1.18,-2.11525,1.65931,-11.3529,139.198,1.20937,-0.2,-24.197,0.9,19.3399,20.1812,-24.6107,-8.66586,117.672,6.08968,74.9302,18.1854,-171.459,0.0,1.0,0.238208175654485
N_S_WWC_WM_277,9.76389,1.48148,-5.13615,7.41247,-0.49,-0.6,2.1693,3.72304,15.0696,-62.6804,4.37208,-0.2,18.0495,0.6,-10.9235,19.656,-22.6398,-7.69945,111.342,-33.7104,90.2659,-22.3764,51.7307,0.0,1.0,0.2097219452790697
N_S_WWC_WM_278,-2.04933,10.4441,1.09105,9.47049,-1.03,-1.34,8.00245,-3.8185,-37.5944,-32.9422,-11.7692,0.2,-39.8864,0.6,59.6055,-5.19861,5.91065,19.242,42.2961,-23.6833,46.3447,19.2952,-112.91,0.0,1.0,0.271664123192691
N_S_WWC_WM_279,1.36342,-3.75004,2.47944,-2.30357,-0.7,0.92,-5.212,9.15599,32.4818,44.126,-8.82492,0.1,32.4805,0.4,-9.5336,-15.2414,28.444,-21.6806,90.9818,-14.8187,-26.0368,-8.39846,88.175,0.0,1.0,0.228360823627907
N_S_WWC_WM_281,14.5951,13.5628,0.642842,-14.8876,-1.39,-0.99,16.6591,5.55613,5.54013,-10.5869,-2.8508,0.4,-22.3548,0.8,58.8145,-16.546,3.26379,21.1602,-18.8161,22.9069,-35.4958,-16.1829,-107.237,0.0,1.0,0.2612914813289037
N_S_WWC_WM_282,-7.89774,9.4999,16.8649,-12.6474,1.92,2.22,0.248699,-4.02478,-9.93561,-24.8423,-10.5382,0.6,24.8703,0.5,-14.4984,26.0436,4.06417,13.0156,94.062,-39.8944,63.4463,33.379,18.0395,0.0,1.0,0.2803711804053156
N_S_WWC_WM_283,11.5401,-3.11507,19.3567,6.48823,-0.56,-1.76,-0.236057,6.00373,30.7436,96.7235,-3.08057,0.0,18.6468,0.4,-7.77825,-17.8447,-7.9263,22.9602,-32.4726,28.8659,60.4216,-23.3727,-107.926,0.0,1.0,0.231253864578073
N_S_WWC_WM_284,-0.429287,12.0886,-3.26471,-0.155666,1.66,-1.01,15.5182,9.05396,25.4557,29.5847,4.70196,0.6,-28.189,0.5,-15.3336,-16.2434,-8.61486,22.5523,-30.1256,47.4491,128.407,-37.7172,-53.5541,0.0,1.0,0.2614587922259136
N_S_WWC_WM_285,-4.51749,-3.06863,9.00653,4.73164,2.4,-1.41,4.58587,-0.0932522,-39.8811,-26.4604,3.0374,-0.1,28.5731,0.0,-10.5937,8.25393,-12.5585,-6.33228,43.5731,18.5468,86.7482,-2.52697,-159.25,0.0,1.0,0.2272785265614617
N_S_WWC_WM_286,1.80063,14.9076,-3.21118,-4.90108,-1.69,-1.27,3.12244,2.60881,2.22937,-92.5715,0.336701,0.2,-2.42464,0.8,-20.1932,22.2204,21.2375,-10.6527,28.6437,9.11821,135.647,49.991,6.59501,0.0,1.0,0.2517145076112956
N_S_WWC_WM_289,9.44002,2.63817,-7.66054,-10.5229,0.96,-1.43,19.9708,7.16953,-13.4742,-28.51,-0.725153,0.1,30.2015,-0.4,18.7559,-1.6476,14.1683,32.0645,-25.9332,10.7233,-39.5577,-29.1427,-168.493,0.0,1.0,0.2541336931760797
N_S_WWC_WM_290,7.9238,11.1302,5.29618,1.64216,2.21,-1.7,4.87846,1.28015,-14.9909,131.088,-13.3842,0.8,-20.9077,0.6,6.66423,-9.13248,-10.6542,5.54563,-13.8392,4.37627,140.507,0.438993,61.6875,0.0,1.0,0.2755137086744186
N_S_WWC_WM_291,-4.61875,12.7748,12.3707,0.350041,1.63,1.46,4.96232,9.42964,25.1006,85.5621,-4.2394,-0.1,27.5618,-0.1,-20.1374,-1.76706,6.1639,19.6784,109.545,-22.2807,-17.3021,84.9481,40.6988,0.0,1.0,0.2795453696976744
N_S_WWC_WM_292,5.73214,7.19271,15.1837,10.5937,0.78,-1.75,10.7571,5.26305,-1.1386,-62.0949,-6.82612,0.7,-19.1703,1.0,56.7133,29.9001,1.35449,6.49994,-12.7259,-13.0713,56.2382,-34.2597,42.7355,0.0,1.0,0.2470082493687707
N_S_WWC_WM_294,1.50477,-6.06324,16.6952,-2.00787,0.65,0.09,8.85235,1.41637,22.3846,125.647,-10.6305,0.6,2.11806,-0.1,11.4054,25.1581,-16.0847,41.5112,76.5191,49.9911,114.366,-15.3953,148.354,0.0,1.0,0.2485850804318937
N_S_WWC_WM_295,13.6247,11.5408,-4.66255,11.9434,-1.49,-1.37,11.1962,-0.157038,-5.34677,51.713,-1.49726,-0.1,13.0479,-0.3,-4.38629,-6.20428,5.13796,-15.1237,34.927,42.1983,50.4784,-48.3214,69.1962,0.0,1.0,0.227030940923588
N_S_WWC_WM_297,13.3154,4.54897,19.8819,10.1903,1.28,-0.26,8.1353,6.36584,14.8353,15.1127,-13.1998,0.6,-21.2102,0.7,-22.4316,15.9456,-5.11105,27.9334,112.035,35.442,97.2759,55.803,48.8339,0.0,1.0,0.2500070737275747
N_S_WWC_WM_299,10.2562,-1.84284,0.0211153,2.64876,-0.33,1.8,4.08152,-2.45441,43.6365,81.4043,0.477623,0.0,34.0795,0.3,0.563805,9.1898,-25.7048,22.215,108.355,9.63446,-47.5176,88.1792,-158.546,0.0,1.0,0.2183397668903654
N_S_WWC_WM_300,3.94595,1.61822,19.4247,-12.1299,-0.74,-0.29,12.6331,0.678617,-10.9234,49.7894,4.93685,0.6,2.26151,0.6,35.3033,-17.8902,-24.1291,-11.9808,88.8281,-7.72288,43.046,2.51209,148.89,0.0,1.0,0.2114466535083056
N_S_WWC_WM_301,-1.2433,-2.1805,-5.41271,-2.47286,-1.2,0.49,-4.9674,-3.85437,36.6154,135.903,-1.84638,0.1,23.0146,0.6,34.0607,29.362,2.45387,27.5635,-31.7729,12.2872,7.87287,-4.80833,-183.844,0.0,1.0,0.2374128086146179
N_S_WWC_WM_302,14.7557,2.40071,0.300317,1.99411,0.43,-0.05,-3.22732,-0.935731,18.5061,45.2784,-12.4612,-0.3,28.4221,0.4,12.6605,-18.0893,-22.4699,34.9708,0.4319,-37.0613,-57.6126,-28.7612,-128.633,0.0,1.0,0.2640470523056478
N_S_WWC_WM_303,10.5297,6.14824,1.55884,-14.8537,1.9,2.47,19.1176,0.255709,15.8581,-36.9674,-10.3025,0.5,-30.2912,0.1,12.5053,3.97462,1.38108,42.5928,112.976,-41.1801,120.358,-40.0155,38.9798,0.0,1.0,0.2620038315946844
N_S_WWC_WM_304,11.6489,2.86378,11.2127,-8.49544,1.94,-0.5,7.02122,-0.416002,6.32423,137.129,-14.3827,-0.1,-5.56949,0.2,58.6442,18.7647,-11.1183,48.746,123.776,-24.8314,27.3181,63.6225,-101.49,0.0,1.0,0.2744309134684385
N_S_WWC_WM_305,2.88578,5.73816,3.12827,11.6635,-1.61,2.05,-6.83014,1.71567,-37.2904,-61.6196,-8.26742,-0.3,-12.1238,0.3,-7.64911,24.2013,20.1297,29.0986,-23.9172,-45.7609,41.5985,43.2712,88.6815,0.0,1.0,0.2675085567641196
N_S_WWC_WM_306,4.34403,-7.79045,18.5251,16.2913,0.58,1.51,3.22681,8.77261,-45.0098,117.447,-2.67495,0.8,-21.1268,0.3,29.1265,-10.3349,13.3125,-11.5905,39.2943,10.2992,11.8839,-19.9316,89.5178,0.0,1.0,0.2150020683056478
N_S_WWC_WM_307,-5.58072,-1.6187,-7.23821,-1.45477,0.95,0.9,16.7411,1.87136,47.7597,128.917,-5.47794,0.1,-1.01521,0.1,5.7541,4.73153,-9.5922,-15.8599,113.506,22.6932,118.609,-34.5028,-37.229,0.0,1.0,0.2189981434983389
N_S_WWC_WM_308,-1.57663,-1.09839,7.99781,18.5492,0.53,1.43,7.80453,5.99262,33.1547,-38.8581,-12.3302,-0.3,38.2036,0.2,-1.3985,13.7672,28.0424,34.1731,5.43624,-15.8874,3.08829,86.4245,-172.79,0.0,1.0,0.2624562940598007
N_S_WWC_WM_310,1.02742,8.82451,1.96234,-15.7196,-0.49,-0.4,17.1081,1.12328,30.4841,7.67427,-14.3227,0.7,-13.2244,0.9,5.35008,6.56457,-13.3455,-0.498527,27.4252,-44.772,130.506,25.7586,-110.571,0.0,1.0,0.2459863680299003
N_S_WWC_WM_311,-1.1241,-1.44458,14.8941,-9.31082,-0.16,1.79,4.81673,-4.32706,37.4084,18.3303,-14.9535,0.1,-32.4086,0.5,3.82697,13.5394,-6.39725,-2.49608,-55.7087,-7.888,-56.6694,1.65151,-156.493,0.0,1.0,0.2575384026345515
N_S_WWC_WM_312,11.1126,5.0649,5.9484,17.7853,-0.51,-1.08,11.8859,5.2019,-41.4857,-40.6129,3.7247,0.7,3.80026,-0.2,42.6311,-17.3981,6.37938,-17.2237,-25.0496,9.18631,-22.4838,9.23363,93.265,0.0,1.0,0.2192686833421926
N_S_WWC_WM_314,2.56111,0.34647,0.0592328,17.6739,0.56,1.83,15.5814,7.91486,2.34503,-74.3475,-1.40184,0.5,39.4068,-0.3,13.827,3.49829,25.0691,50.6882,84.5339,20.3957,52.48,35.6355,78.3736,0.0,1.0,0.2410075343421927
N_S_WWC_WM_315,-4.55556,3.80504,9.3969,-13.4166,1.72,-0.87,11.6052,4.4852,16.1003,50.7281,-3.81558,-0.1,-10.2403,0.8,51.0832,-14.0563,26.1902,25.6208,-11.8919,-5.24025,-36.0182,44.5215,140.186,0.0,1.0,0.272389599551495
N_S_WWC_WM_316,8.13704,1.84053,15.6019,15.7932,0.77,-1.19,17.4985,0.219354,-18.0008,-63.0264,-10.6622,-0.3,-37.7944,-0.2,23.9763,2.14968,-13.6652,-18.0836,94.8608,33.0452,62.6375,26.1701,-186.477,0.0,1.0,0.2315850170199335
N_S_WWC_WM_317,7.61576,-2.08584,9.25048,-2.06074,2.49,-1.58,-4.10263,3.0795,-46.0045,-67.3735,-4.60972,0.2,16.1855,0.9,20.6025,1.67658,19.365,-15.7141,21.149,-10.3004,29.4231,-19.194,139.083,0.0,1.0,0.2276838381096345
N_S_WWC_WM_319,3.81305,-6.73659,0.517518,-3.31192,0.7,2.46,6.73566,0.550374,12.9162,-20.6931,-0.33828,-0.2,36.5894,-0.1,-10.0766,28.3408,11.9657,22.4806,-51.1018,13.642,17.3783,-45.6562,-68.1126,0.0,1.0,0.2336543985315614
N_S_WWC_WM_321,12.5445,12.6951,-6.15302,-7.76348,0.55,1.74,-8.52558,1.97035,17.3019,14.8661,-1.22459,0.2,6.00033,0.1,49.5611,28.8385,21.8699,-10.9055,69.1513,6.19894,36.3244,-35.4888,138.52,0.0,1.0,0.2442989828006644
N_S_WWC_WM_322,8.38386,14.7945,-5.51231,-19.3203,1.1,1.41,17.4485,1.14789,-5.2707,-75.8094,-2.37348,0.3,-13.5945,0.5,-2.22129,-5.27623,17.6737,2.71491,1.92591,-49.3805,42.7231,-43.8154,-152.187,0.0,1.0,0.258035456
N_S_WWC_WM_323,-5.30894,0.454952,1.94322,-8.72595,1.74,0.02,15.0607,7.79115,-36.3385,38.5029,-5.37978,0.2,-33.5641,-0.1,-19.359,20.1422,-26.5341,-3.49731,107.976,0.272774,145.939,44.065,-130.157,0.0,1.0,0.2395160881727574
N_S_WWC_WM_324,-4.83583,0.386117,-4.20175,6.9087,-0.78,-1.32,12.5627,8.73415,34.2574,123.084,-4.90479,-0.3,-13.3259,-0.2,-7.47745,22.7164,-14.858,40.447,-4.02362,-13.3279,107.342,67.5647,-174.355,0.0,1.0,0.2729313143289036
N_S_WWC_WM_327,0.578123,2.27971,10.2434,-18.5218,1.89,-1.4,2.07114,1.96365,-7.87191,-22.6639,1.87187,0.4,-39.4617,0.6,-11.659,16.0878,29.4995,25.2039,42.623,-28.9677,70.601,65.4928,117.88,0.0,1.0,0.2441206912558139
N_S_WWC_WM_328,-4.64991,10.8228,17.6653,0.627791,0.52,0.86,17.6039,6.51122,29.2445,87.3078,-0.222949,0.3,-10.855,0.0,33.0101,-13.448,24.0058,26.2915,-57.4584,29.8563,68.4703,-53.6718,-138.686,0.0,1.0,0.257052653282392
N_S_WWC_WM_330,14.8494,9.39904,19.7403,3.21728,-0.57,-1.04,-6.42852,1.36552,5.1957,2.28945,3.5865,0.4,25.6196,-0.2,9.98785,7.33804,-22.1975,7.2693,3.22246,21.3981,106.687,18.9376,126.947,0.0,1.0,0.2354332526146179
N_S_WWC_WM_331,10.586,1.00995,13.4826,7.96967,-1.17,2.11,8.3587,-2.22128,-37.8606,130.283,-10.4429,0.0,36.9015,-0.2,26.1141,-10.284,-23.7288,42.5289,100.212,-19.3371,-51.3009,-20.6588,45.6537,0.0,1.0,0.2552630692757475
N_S_WWC_WM_332,5.63807,-3.43814,15.7931,7.30633,-1.77,0.27,12.0608,4.74947,8.21663,-92.2399,-1.37703,0.4,-20.162,-0.3,-16.1026,-18.8859,-4.59733,-1.33546,6.68258,-17.6554,55.4154,-13.9458,81.3644,0.0,1.0,0.2173575692458471
N_S_WWC_WM_334,10.2953,-5.80348,-3.97651,19.4906,2.36,2.25,7.57503,5.91881,26.0856,-63.4925,-3.96946,0.0,-1.0535,0.4,0.642986,11.0792,-18.3488,19.8868,1.11919,0.0909229,146.432,-4.69452,63.7962,0.0,1.0,0.2227371006910299
N_S_WWC_WM_336,-2.73459,14.4885,10.9803,10.2719,-1.24,-0.52,6.01954,1.49856,-27.3903,-32.6618,-13.7654,-0.3,-23.7475,-0.2,19.542,1.1944,-22.9689,-4.66281,91.8881,-35.7358,-0.687429,-10.0153,130.385,0.0,1.0,0.2572418131528239
N_S_WWC_WM_337,0.485376,-1.79022,10.28,19.1819,1.43,0.77,-9.89439,5.46766,32.0757,35.6164,-5.95721,0.8,-32.9958,0.1,54.4999,-11.8715,-27.5163,12.0772,120.104,25.6094,-5.39398,26.8087,-29.4378,0.0,1.0,0.2378633306910299
N_S_WWC_WM_338,9.48387,10.1073,-4.88153,-5.45173,0.41,-1.04,17.1947,9.88094,40.1886,124.721,-2.73426,0.0,35.3009,0.2,-11.5755,-4.24152,-20.2315,7.9137,4.24155,-12.8859,-23.1748,30.6879,106.988,0.0,1.0,0.2392823201428571
N_S_WWC_WM_339,5.3344,-4.93146,-1.42886,9.92113,1.23,1.59,18.414,-0.402171,-35.055,35.2679,-10.0082,-0.1,-15.7797,0.4,7.30739,-12.2769,-25.0979,-9.78623,7.27882,-43.5174,5.60799,2.94371,133.222,0.0,1.0,0.2359809649700997
N_S_WWC_WM_340,-2.32102,-4.42296,11.3489,-4.67531,0.35,0.51,19.2499,9.51431,-38.2635,-27.3067,-6.39124,0.0,5.58556,0.4,30.9092,-19.2919,-24.9713,-20.4376,109.759,26.0964,-15.7481,43.5469,-43.7585,0.0,1.0,0.2237429194983388
N_S_WWC_WM_341,-4.97236,-2.65602,12.0259,5.49031,1.14,-0.26,14.4313,0.521936,-47.0265,-14.4551,-0.0769903,-0.2,-35.4985,0.1,26.629,24.0664,-5.97266,36.6956,54.2156,-0.225372,-4.61546,-57.6878,139.751,0.0,1.0,0.2569457626511628
N_S_WWC_WM_342,-5.87982,1.55394,10.0661,18.8625,-1.35,1.12,-0.942221,1.21741,-20.3879,-84.114,-9.90453,0.4,-10.8872,1.0,24.3726,23.1316,1.66263,4.7929,108.891,-30.0856,-14.4892,61.5793,-181.206,0.0,1.0,0.227158360847176
N_S_WWC_WM_343,-6.32991,3.83745,12.0419,-18.8721,0.37,0.59,19.0692,3.6922,49.2893,10.2517,-14.5269,-0.1,-28.5063,0.7,18.6404,-4.18289,-0.660401,-14.5609,87.0901,-18.5243,39.3032,-43.6017,103.999,0.0,1.0,0.2589319565614618
N_S_WWC_WM_347,-0.473037,13.6551,7.28715,16.4632,0.22,-0.45,12.8766,2.85356,4.80683,33.4018,-9.65864,0.8,-5.18552,0.7,-2.02852,12.7063,-27.6812,26.796,-52.7742,9.3598,-55.2232,-19.4294,83.5642,0.0,1.0,0.2778360272956811
N_S_WWC_WM_348,-6.27783,-0.783989,12.9271,-7.69095,-0.53,0.94,-2.30362,8.23073,40.9023,-23.8102,-6.41938,0.7,20.1726,-0.4,58.9702,-16.0472,-16.7554,12.5853,-2.22323,-15.2432,125.788,54.518,-82.9837,0.0,1.0,0.2497640671328904
N_S_WWC_WM_349,3.15792,3.73065,14.0155,5.3823,-1.46,1.07,8.93641,9.84712,45.6116,94.9647,-12.5037,0.3,31.5435,-0.3,13.0789,24.4482,14.4955,25.993,97.8507,28.831,81.1154,56.449,-131.02,0.0,1.0,0.2541585422657807
N_S_WWC_WM_350,13.4581,-6.79542,14.6127,-6.74857,-1.29,0.23,-4.2173,7.70076,-33.602,70.9935,3.60083,-0.2,18.5584,-0.3,-2.61646,13.3578,12.8251,-16.8857,15.2655,36.0278,-19.5615,-0.651336,-31.0973,0.0,1.0,0.2079973967475083
N_S_WWC_WM_352,-3.17322,14.2414,18.4322,8.29903,-0.4,0.4,-1.5856,-1.71998,-30.0122,22.9067,-0.300608,0.8,1.8745,-0.1,31.6455,28.8627,10.7747,41.7755,47.9311,-13.8272,30.106,7.57855,78.6861,0.0,1.0,0.2654322529435216
N_S_WWC_WM_354,8.12596,-6.67286,11.9785,-8.98283,-0.81,-0.39,-6.73768,6.1938,11.4337,118.117,-7.99107,-0.4,27.7914,0.2,-17.5656,14.8317,20.758,43.3811,58.1828,-49.8203,41.3639,-58.6145,-116.689,0.0,1.0,0.2454546234219269
N_S_WWC_WM_355,1.86703,-4.6621,13.6343,-7.13771,1.76,0.71,-5.45151,-4.4013,-8.60109,-17.3792,2.94954,-0.4,0.157388,0.4,56.3069,18.612,26.8253,8.11013,123.199,27.7021,14.3116,17.2681,-122.695,0.0,1.0,0.2162326654318936
N_S_WWC_WM_356,-3.61504,-6.45093,14.4931,-9.03637,2.29,-0.06,19.7522,0.491693,33.3304,57.6658,2.88953,-0.2,-7.56957,0.6,33.2672,8.37078,6.21442,9.26996,94.3988,-17.869,119.175,86.2322,-31.641,0.0,1.0,0.2281585800598006
N_S_WWC_WM_358,5.4187,10.0552,6.49443,-6.61939,1.35,-1.19,7.91727,4.18703,-39.5568,64.7429,0.421409,0.5,-9.20463,-0.2,-15.5479,20.8719,27.7582,53.7426,10.2358,39.7311,137.682,61.7457,-176.855,0.0,1.0,0.2544689671960133
N_S_WWC_WM_359,2.59026,-6.38791,-0.87376,5.30754,1.44,2.14,18.6772,-0.988683,12.4493,148.181,-7.92863,0.6,19.7468,-0.2,3.28324,-7.58902,4.13309,34.8248,96.8637,-35.3489,21.3784,69.6224,-40.2284,0.0,1.0,0.2381618250166113
N_S_WWC_WM_360,-0.747814,3.04446,16.915,0.165864,2.39,0.5,-8.6869,0.906423,-38.7447,-36.1935,-12.3884,0.0,-19.3227,0.3,11.616,27.2134,0.347212,20.2945,-5.06857,42.9073,126.505,57.9219,-187.497,0.0,1.0,0.266601635730897
N_S_WWC_WM_365,-0.9414,9.16835,11.8847,1.71706,2.12,1.47,-5.33695,-4.50356,11.0413,-91.538,-8.42369,0.0,5.8797,0.1,-11.5129,-15.5052,-5.57883,45.9545,125.062,35.4192,7.74439,16.1663,-5.42799,0.0,1.0,0.2794890626312292
N_S_WWC_WM_366,-2.12652,-2.92043,10.8535,17.9469,1.78,0.46,17.5953,-0.0774861,43.2239,5.50685,-3.88322,0.3,24.4654,-0.4,44.3144,24.3002,12.5548,6.68629,6.81047,-34.7361,-31.1444,13.0898,-127.21,0.0,1.0,0.2390813251993355
N_S_WWC_WM_367,-1.48067,12.4366,7.94027,14.5567,-0.27,2.08,5.64358,4.26591,-20.041,36.6587,-4.19927,0.5,-30.9238,-0.3,45.4035,7.07684,-0.0114416,54.0266,27.8576,32.5931,-13.1113,-50.7219,-189.558,0.0,1.0,0.2783173354518272
N_S_WWC_WM_370,0.0321028,14.4162,16.5636,4.08502,1.56,0.97,14.0934,-4.58198,-8.4606,-37.3915,3.23229,-0.3,-14.9819,0.3,1.24733,-3.34723,3.94085,-2.00967,44.1109,19.0562,148.058,8.56311,145.963,0.0,1.0,0.2495570341196013
N_S_WWC_WM_372,-5.43353,2.2491,-1.59471,12.2498,-1.1,2.24,10.8492,7.42514,-29.8766,46.9333,2.22963,0.1,-28.6427,-0.4,59.5076,-7.83249,-0.704175,14.3318,-5.3357,-31.738,73.9349,-21.0844,98.1639,0.0,1.0,0.224335615551495
N_S_WWC_WM_373,2.84412,2.59603,11.6737,1.91896,1.85,0.64,19.9271,-1.72269,-11.2404,-13.1895,-12.7985,0.5,9.28576,0.3,-13.6907,-12.9642,-29.7375,-17.9474,-40.2496,41.5646,101.901,-25.429,-139.33,0.0,1.0,0.242557247
N_S_WWC_WM_375,7.84568,12.9478,-7.92613,-2.22962,-0.76,-0.79,7.5682,4.65175,8.39538,106.244,-13.9971,0.1,13.1504,0.7,55.0952,7.1754,-12.3933,37.95,-56.0634,1.94394,-18.7895,82.6033,-34.7023,0.0,1.0,0.2940504125415282
N_S_WWC_WM_376,9.5338,-5.61979,10.4146,0.173714,0.05,2.33,-7.68093,3.21573,-39.6617,24.6649,-10.9848,-0.2,20.5469,0.7,22.7503,13.9426,-2.22478,37.0079,-29.7137,14.1063,-25.5642,73.4766,145.119,0.0,1.0,0.2563159021993355
N_S_WWC_WM_377,6.86793,13.4543,16.0419,15.6572,-1.28,-0.74,4.14508,5.71535,-26.2223,-53.3626,3.33563,0.7,33.5095,0.2,23.6494,9.24327,-23.2451,-11.338,105.041,6.61633,10.3986,67.1766,-147.121,0.0,1.0,0.2287510221063123
N_S_WWC_WM_378,-5.85281,11.4331,6.66028,10.0776,-1.76,1.26,3.68875,8.27648,-48.2206,-50.8239,-10.4232,0.4,19.3068,0.3,23.2965,-3.42303,-4.24254,6.63292,-7.07266,1.38409,-18.2984,-45.4098,36.4189,0.0,1.0,0.266221926295681
N_S_WWC_WM_379,4.64433,-3.60484,2.92762,7.73074,1.5,0.79,-2.86282,0.60241,-48.4737,87.8047,-3.58177,-0.4,-2.10274,1.0,-11.1022,-3.76751,-2.77237,-8.19073,102.337,-17.4333,-55.9908,52.4174,-76.5285,0.0,1.0,0.2242203369136212
N_S_WWC_WM_380,5.67397,14.5288,0.807548,-4.35435,-1.44,1.61,11.7567,9.02932,-39.7583,146.815,-0.743109,0.0,33.8092,0.4,14.2119,7.56756,27.6696,43.8311,-39.4115,7.83182,19.207,-18.9778,-60.3991,0.0,1.0,0.268148893255814
N_S_WWC_WM_381,-2.90758,9.13463,2.88421,-9.32652,1.31,-0.81,8.38636,5.5701,-31.4208,116.172,-8.47613,0.5,19.8356,-0.3,1.84827,-19.6366,-24.3739,15.1146,55.8722,30.8079,65.8409,68.4052,146.609,0.0,1.0,0.262772971116279
N_S_WWC_WM_382,1.89212,-7.68803,2.73007,15.3968,-0.44,0.25,19.6459,-0.785801,-1.86547,-9.33251,-10.1392,0.1,10.8328,0.9,28.0148,15.8398,-8.36349,28.8714,22.4127,18.5936,49.4075,89.4154,-71.723,0.0,1.0,0.2484320517176079
N_S_WWC_WM_383,-2.60186,7.7218,-7.75726,-10.7556,2.08,-0.56,-5.14719,9.28748,23.5045,-8.33879,-5.23517,0.0,-3.96847,0.3,-23.244,5.62955,27.3481,31.2438,55.5281,-49.9954,127.691,37.5974,-35.403,0.0,1.0,0.2674116168172757
N_S_WWC_WM_384,9.02383,4.63143,0.156322,4.84134,0.46,-0.15,15.2317,-3.13467,40.6232,13.3265,2.03825,0.1,-29.6662,0.7,-3.05084,-18.2612,-28.4745,54.601,23.6312,38.6043,58.2851,78.7151,-49.9506,0.0,1.0,0.2533945211196013
N_S_WWC_WM_385,-3.14828,2.28841,6.09792,19.1134,0.82,1.78,16.2891,-4.72003,-24.4879,-30.5641,-4.13897,0.1,-3.32492,-0.1,43.0263,1.44728,-16.8341,-7.54443,-48.0185,15.0011,30.7021,-58.7705,3.85971,0.0,1.0,0.2347444106644517
N_S_WWC_WM_386,0.527561,-7.91724,-2.94028,3.97372,0.16,2.44,-4.18284,-3.24658,-6.06023,70.5622,-6.94273,0.1,29.7702,0.0,54.5683,-5.53382,11.0007,-20.789,43.3021,26.5475,84.4414,-47.118,28.4923,0.0,1.0,0.2184565824584717
N_S_WWC_WM_387,14.6463,-4.16083,-5.10818,12.0063,-0.22,1.71,13.2762,4.13569,8.96469,-83.6888,-6.55919,0.1,1.04996,0.9,58.3076,-6.82119,13.1947,46.1433,-22.549,18.2405,-8.94963,40.2147,91.0721,0.0,1.0,0.2474333019302325
N_S_WWC_WM_388,9.93163,-5.87381,3.29697,-17.3444,1.53,0.97,3.25755,-1.24872,1.3804,-69.9979,-12.1129,0.4,-17.2391,0.5,-7.14909,-3.86524,13.856,-7.03706,-25.4774,46.9032,77.4226,40.8695,112.462,0.0,1.0,0.2380594683754153
N_S_WWC_WM_389,-6.14087,6.46432,17.1183,-5.48761,-0.96,-1.53,15.7004,4.55267,-8.34048,-22.9008,-11.4772,-0.1,-10.5341,-0.1,-22.1195,-8.64281,7.92801,-14.7974,-44.3192,1.26988,-30.0556,55.2295,13.2679,0.0,1.0,0.2577857589335548
N_S_WWC_WM_390,0.1613,-1.65459,14.227,9.75977,-0.32,1.45,14.5273,7.60283,-17.6361,-77.7737,4.65238,-0.4,-24.8032,-0.1,-0.695343,12.7802,-29.8139,18.5805,-40.0792,21.0976,71.9866,31.618,-147.65,0.0,1.0,0.2321064912591362
N_S_WWC_WM_391,-1.15704,8.96239,-4.29931,4.35183,1.09,-1.14,6.92097,7.06984,19.5231,-31.8395,-11.5429,-0.4,-23.1532,0.9,30.8026,-10.1637,-19.3145,49.6223,63.0152,30.5056,58.016,32.5952,113.509,0.0,1.0,0.2969541629700997
N_S_WWC_WM_392,6.14936,-5.38067,8.69459,-15.652,-1.12,0.32,12.9629,8.62648,-23.5679,94.4304,-10.2686,0.5,-5.03499,0.7,23.3975,-12.7008,16.4618,-16.4713,-38.3875,-21.4186,119.823,-55.7661,-8.04637,0.0,1.0,0.2230504399568106
N_S_WWC_WM_395,-7.161,-0.727486,8.61681,-16.3348,2.19,-0.75,18.2407,-0.615154,49.8153,31.4745,-9.53954,0.2,15.2555,0.5,-16.606,-5.36598,-23.5298,36.2583,-53.2342,36.3101,38.964,52.8865,44.0016,0.0,1.0,0.2803178348471761
N_S_WWC_WM_397,2.27182,4.80003,4.27007,-3.72039,0.54,-0.96,0.343692,-4.5334,-16.9389,149.635,-3.21889,0.5,29.0038,0.7,13.3462,-8.16057,16.8631,-20.162,126.635,-11.9349,-38.7619,40.3375,142.64,0.0,1.0,0.2360133916644518
N_S_WWC_WM_398,9.79815,12.1323,0.696858,18.4005,1.99,-0.37,7.88908,7.48259,-27.8662,-38.6477,-1.64281,-0.1,31.7414,0.7,59.709,-8.97862,7.48059,-6.93095,119.36,-8.94796,56.7094,46.546,65.2239,0.0,1.0,0.2311668682358803
N_S_WWC_WM_399,6.88572,10.4193,3.49369,-11.813,-0.28,1.56,4.32482,-3.77643,47.4764,57.1707,3.22638,-0.2,-36.4648,0.3,13.4191,6.89176,28.4938,-5.9574,56.3836,44.7741,-54.0833,-15.7797,4.62645,0.0,1.0,0.234489025013289
N_S_WWC_WM_400,0.927547,8.91185,-0.772013,-17.1215,-1.16,2.42,-0.417599,-0.208327,9.4161,-86.7644,4.06274,-0.1,20.0129,0.1,53.2284,-0.455877,8.92921,33.613,41.6967,19.9115,111.706,74.0918,82.8182,0.0,1.0,0.2546770507275747
N_S_WWC_WM_401,-5.14978,8.49075,-2.33954,0.999843,0.86,2.27,-8.83108,7.96489,10.8414,21.7297,-8.49431,-0.2,-38.2057,-0.2,-0.410378,15.1631,-19.1516,39.5206,18.866,-30.8091,104.199,-31.4131,26.0451,0.0,1.0,0.2801161644318937
N_S_WWC_WM_402,2.44122,1.72096,-1.6032,-2.69761,1.64,1.13,6.82224,-4.48384,3.88655,-15.8704,-10.1683,0.8,-18.4819,0.0,-20.635,21.2803,-16.6661,16.8775,15.8297,-5.79851,31.3063,-58.1025,121.918,0.0,1.0,0.2478861758770764
N_S_WWC_WM_403,2.62663,-6.02601,7.56793,-4.73718,-0.19,2.43,19.3819,-0.66019,46.0644,100.728,-1.81477,0.5,17.8669,0.6,44.3628,7.69291,21.5221,51.3145,59.5509,24.8454,36.2868,-20.2421,35.9781,0.0,1.0,0.2379368017508306
N_S_WWC_WM_404,2.93651,14.9672,13.2719,-19.1316,-0.15,0.03,-1.48428,-1.29683,49.5735,92.0976,-2.34028,-0.1,30.3784,0.6,8.9231,14.6708,-20.3884,-1.13637,67.5769,-46.8539,53.7001,-2.96883,17.1109,0.0,1.0,0.2457552077242524
N_S_WWC_WM_405,5.29664,0.555752,-6.8122,-6.86644,-0.17,-1.1,5.15605,2.95354,41.8146,28.5261,-3.98494,0.6,30.8131,0.0,3.75731,-1.56477,19.9466,-24.9415,-20.2762,-1.60361,140.828,-25.9217,127.047,0.0,1.0,0.2211292113388704
N_S_WWC_WM_406,0.701956,13.8057,11.8155,1.10384,0.12,-1.47,10.6014,9.81659,-25.2674,67.1858,0.944067,-0.1,-22.2043,-0.2,51.4735,-18.1615,-18.8998,5.4409,103.569,10.0595,68.2794,-31.2261,-62.7159,0.0,1.0,0.2528068166943521
N_S_WWC_WM_407,-1.08891,-5.32645,4.51134,4.20272,-1.6,0.3,2.02646,9.48621,-46.7905,-51.195,-0.85004,0.0,-9.93815,0.2,54.3971,10.2089,2.87109,-13.2991,120.504,40.1373,134.522,-24.1495,83.0912,0.0,1.0,0.1998517627541528
N_S_WWC_WM_408,12.3417,-1.9992,0.529818,-5.27558,1.02,-0.11,17.736,-0.678109,-44.2696,17.2428,-10.4993,0.5,9.52403,0.5,50.3094,26.2319,26.9692,46.6213,-3.54104,-3.70869,-24.7006,-36.7484,-93.502,0.0,1.0,0.2585234093023256
N_S_WWC_WM_409,-1.90626,6.41443,0.0805201,-11.6002,-0.35,1.88,-7.25845,0.931802,-25.7963,75.4375,4.24351,0.4,11.384,0.5,15.7247,-0.0712194,2.2374,50.5181,-53.1378,-27.4403,112.168,12.3265,-177.049,0.0,1.0,0.262028005385382
N_S_WWC_WM_410,-1.21586,-0.865469,18.0805,-8.76359,1.15,2.4,11.9995,-0.499579,-40.5443,133.06,-0.40191,0.1,1.35789,-0.4,12.1193,-0.671307,-21.1987,-1.44597,33.1141,-14.6893,99.5598,75.1326,-115.045,0.0,1.0,0.2232316607774086
N_S_WWC_WM_411,5.63189,-3.48744,6.37581,14.3066,0.5,-0.86,8.3388,-0.296016,-36.6226,78.1785,-13.9682,-0.4,6.57527,0.3,-4.85982,5.49508,29.4178,-9.09088,-17.2526,45.8004,147.656,-8.79242,61.0775,0.0,1.0,0.2362254602425249
N_S_WWC_WM_412,3.5788,14.7044,14.4543,-9.52161,-0.68,-1.13,13.5301,4.51195,-0.620434,57.3013,-11.1078,0.0,2.40277,0.9,41.2372,-10.8076,11.4024,21.5156,129.304,-36.1402,92.229,87.2278,-157.19,0.0,1.0,0.2764385694518272
N_S_WWC_WM_414,5.36709,-0.810618,5.07765,-19.9174,0.69,0.7,14.0106,-0.327991,39.048,-76.7586,-4.49386,0.3,35.6788,0.7,-5.51463,-16.8061,1.46699,44.7529,-32.1158,46.3765,-17.7737,-44.0992,-161.346,0.0,1.0,0.2619386591063123
N_S_WWC_WM_415,-6.40737,9.72755,1.32949,13.4195,1.82,2.31,8.73696,5.74279,-10.4077,-25.9797,-2.79473,0.5,11.1193,0.7,-19.214,3.69856,8.48357,-23.1329,-24.7455,-23.5425,143.438,71.4388,-32.6806,0.0,1.0,0.2355153779634551
N_S_WWC_WM_416,11.1563,13.3958,13.098,16.2405,1.51,-0.92,-1.31205,-3.88137,-15.1298,23.0432,-12.8845,0.3,-26.1502,0.4,45.6052,10.8949,15.587,-22.7606,-18.712,10.5701,94.173,75.7774,-132.92,0.0,1.0,0.2643424892491694
N_S_WWC_WM_418,-0.324772,0.613478,17.6344,-18.7735,1.08,-0.78,0.563054,-0.160129,-38.1293,-51.7996,-4.85442,-0.1,-32.5164,0.4,58.2082,4.19707,-10.518,-7.78533,39.8031,49.7478,-55.0908,4.63293,-19.2733,0.0,1.0,0.2348253047043189
N_S_WWC_WM_421,10.097,-0.117722,0.753637,17.1042,-0.41,-1.73,-7.06534,-1.05309,-49.193,-35.3888,-14.6558,0.1,27.6727,0.7,0.147791,-12.6308,-1.11511,28.7964,78.5063,8.66135,30.5561,-52.4882,33.9347,0.0,1.0,0.256283996372093
N_S_WWC_WM_423,13.0709,6.36022,-1.97063,13.9242,-1.49,-0.63,9.54025,2.89357,26.7287,123.026,0.884533,0.3,-38.0052,0.0,35.4487,26.3098,9.5965,-9.25673,11.3461,37.5699,-9.35381,36.4283,-181.799,0.0,1.0,0.2274810922458472
N_S_WWC_WM_424,-1.34732,11.4684,1.14319,-15.246,1.98,2.1,-2.25807,7.72743,-2.1378,-62.4354,1.10453,0.4,-35.6553,0.5,22.4554,22.3271,-8.18059,44.6946,4.55185,47.2429,137.073,64.8065,-1.72516,0.0,1.0,0.259879485820598
N_S_WWC_WM_425,0.407562,-3.39514,4.04619,19.019,0.11,-1.69,9.27999,3.81856,-6.519,-8.85926,-8.31891,0.0,-3.80685,0.9,52.5162,1.63284,18.4457,54.2891,121.445,-8.09683,138.117,-11.8186,-4.25558,0.0,1.0,0.247469518192691
N_S_WWC_WM_427,-2.9735,-3.58513,8.23361,-14.6219,-1.28,-0.53,9.74008,8.41012,-39.061,-74.5279,2.81582,0.4,-36.6596,0.4,43.4663,10.6242,-16.2653,39.6174,9.27478,-38.9952,57.4138,-29.444,-70.6681,0.0,1.0,0.245140387295681
N_S_WWC_WM_428,11.7152,10.9957,17.4755,-5.69315,0.05,0.58,19.8599,2.66639,13.1465,-54.3218,2.64218,0.3,-36.0512,0.7,14.3133,10.0591,-3.79551,-20.6443,-45.1315,18.0511,20.3003,-44.1485,12.8688,0.0,1.0,0.2411568523023255
N_S_WWC_WM_429,7.09676,-0.764586,-2.73747,12.588,2.0,1.63,1.11928,4.97435,45.3263,124.189,-2.04119,0.2,-9.33658,0.9,41.4966,-18.354,-18.4509,24.3443,54.9976,-46.5115,52.7448,64.0531,-3.46932,0.0,1.0,0.2457876638039867
N_S_WWC_WM_430,-3.43939,-6.31613,13.2854,-13.6993,1.77,-1.33,-6.63036,7.05882,-37.5014,111.926,-4.93634,0.6,-15.1609,0.6,12.9486,-14.3121,-18.1052,25.8353,90.8391,46.79,2.08694,-7.17131,-150.058,0.0,1.0,0.2468603531860465
N_S_WWC_WM_431,14.7223,1.8634,-2.43144,-15.8479,0.42,1.06,-3.89937,-3.98273,-36.0713,79.4957,1.95288,0.2,37.7908,-0.2,5.62305,20.3696,15.8816,49.1617,57.7261,-1.22757,8.52555,-17.2048,-153.697,0.0,1.0,0.2414990883953488
N_S_WWC_WM_432,7.5353,9.22232,2.41098,-7.01823,0.28,1.58,8.88303,-1.60328,19.2962,-60.3356,-11.8077,0.7,-10.2917,-0.3,-23.5549,9.11898,25.8356,11.0479,113.215,32.801,-23.4102,75.974,-69.7664,0.0,1.0,0.2612921522192691
N_S_WWC_WM_433,6.103,12.1773,15.7105,13.2481,1.03,1.95,3.36924,9.42012,4.98349,130.554,3.97785,0.5,0.0419959,0.1,4.52622,25.6418,-15.8715,24.6691,92.4183,-21.8776,100.331,39.4602,-199.761,0.0,1.0,0.2485652531727574
N_S_WWC_WM_435,-1.32028,10.9343,-4.40903,-2.17317,-1.21,-0.59,17.3132,5.70146,4.32712,116.714,-8.02314,-0.2,33.4455,0.8,10.3682,9.38984,-26.0957,42.3504,42.3561,31.8706,87.5471,-49.2869,-148.474,0.0,1.0,0.2809019762392026
N_S_WWC_WM_436,-3.41426,13.116,-6.69738,-14.9632,-1.74,-1.18,-7.41436,2.3308,5.85069,3.11396,-8.68466,0.2,-25.2619,0.3,32.9192,-12.0222,-19.5293,31.0868,-8.12081,-33.007,124.688,81.7802,-91.7151,0.0,1.0,0.2708547223255814
N_S_WWC_WM_437,-4.51607,0.0916819,0.971945,-9.95208,-0.83,0.74,13.8009,0.0451047,-46.2154,121.626,-14.2076,-0.2,-12.7628,0.7,56.4072,9.97766,-19.5982,9.29156,122.315,11.2777,-20.8976,28.0341,16.8754,0.0,1.0,0.2502170904019933
N_S_WWC_WM_438,6.7342,14.3183,7.77849,-15.2921,-1.57,0.77,-2.04962,5.32154,1.68521,-89.5726,-8.03779,0.3,-13.6784,-0.2,3.64164,29.5282,-21.7019,49.284,48.827,-21.58,66.0453,34.6818,129.617,0.0,1.0,0.2765591343588039
N_S_WWC_WM_439,-5.79868,3.88237,1.62385,6.55569,0.9,-0.04,-7.18599,7.50636,5.10994,-90.6736,-4.63234,-0.1,34.3944,0.0,-19.8234,-18.3907,-28.3127,-16.3738,48.0667,-16.9327,48.3969,53.811,-49.3928,0.0,1.0,0.2278884091096345
N_S_WWC_WM_440,4.69164,-1.52197,19.1802,-0.40938,-1.36,0.34,19.0052,-1.15468,-16.6626,69.8798,-13.7329,-0.2,1.99376,0.2,6.28872,27.9779,11.2274,47.3845,124.719,-18.612,8.78044,-55.6394,-24.8767,0.0,1.0,0.247685439282392
N_S_WWC_WM_443,-0.0916211,14.8464,-6.00009,13.5171,-0.43,0.62,13.0341,7.12278,24.0747,-30.9248,-11.6971,0.3,26.4734,-0.1,-1.64247,-12.906,-16.8929,-9.11786,99.2403,-10.8921,132.048,-58.4115,56.2542,0.0,1.0,0.2535635357475083
N_S_WWC_WM_444,1.23307,4.75972,-7.69255,8.92607,2.48,-1.41,4.77101,7.10315,-21.9135,-81.972,-7.12025,0.7,1.18686,-0.1,44.6263,-0.832106,-7.3497,41.3319,129.475,-30.6781,53.0453,6.26975,99.2559,0.0,1.0,0.2646799516245847
N_S_WWC_WM_445,-1.80006,1.33829,-3.91754,7.56929,1.61,-0.45,9.84571,7.8909,-4.47754,101.955,-9.32394,0.6,38.3169,0.0,-22.8497,11.8696,-0.275121,-11.2833,112.408,-18.369,-44.7929,-18.6048,-86.2632,0.0,1.0,0.2384904389501661
N_S_WWC_WM_446,1.74024,5.85407,15.4493,7.64628,-1.02,-0.86,8.63848,2.4957,-38.6187,-6.09754,0.0532965,-0.3,-38.8299,1.0,7.7316,16.6501,20.6737,-6.21194,-39.7778,49.4905,110.851,73.2415,-123.175,0.0,1.0,0.2362291210531561
N_S_WWC_WM_448,-0.935673,0.925159,-4.00809,-5.16344,-0.83,1.7,11.495,5.2947,33.5015,65.2471,-9.15881,0.4,-5.78926,-0.1,-11.9928,-16.6972,3.83635,-17.7765,-48.9373,-44.4566,26.7566,12.0141,-167.254,0.0,1.0,0.2282599974252491
N_S_WWC_WM_449,6.63981,3.56234,15.2639,19.2389,-1.79,-0.8,12.694,8.46845,-23.3352,23.8944,0.544804,0.0,-32.2055,0.2,-2.75811,-0.365825,-18.7559,52.2595,50.8984,29.2313,-42.7588,1.03778,17.571,0.0,1.0,0.2578858743754152
N_S_WWC_WM_450,-3.57802,6.96881,10.9269,-10.46,-0.6,0.5,3.54988,9.62433,-7.69552,-93.7667,-14.8213,0.3,32.7355,0.0,34.7805,18.4819,5.52002,-16.5754,-1.27621,-12.125,103.322,69.7365,132.809,0.0,1.0,0.2495713868936877
N_S_WWC_WM_451,6.26519,-7.46145,2.2564,-9.47998,-1.6,0.35,8.77888,5.00104,9.9787,50.2228,-10.7137,-0.2,21.4435,-0.3,10.7997,12.2602,-14.4471,-23.0304,110.544,3.47847,149.036,72.0194,-21.5835,0.0,1.0,0.2163942649601329
N_S_WWC_WM_452,-7.72726,6.89642,6.17078,11.1239,-1.31,-0.46,15.4014,-4.77133,6.7148,89.5403,1.74299,0.4,-4.55173,0.2,16.3332,12.5555,15.3211,19.7012,-16.3424,1.70069,134.316,80.9828,-141.018,0.0,1.0,0.2382185970033222
N_S_WWC_WM_454,-0.210201,8.1871,9.14885,-18.9723,-1.15,1.02,1.34318,-0.56055,-3.14007,60.943,-7.1703,-0.4,28.127,0.2,-17.7427,4.82363,1.8141,-4.49989,-43.9378,36.9325,-45.5281,20.2403,144.146,0.0,1.0,0.2599294306445183
N_S_WWC_WM_455,7.27606,3.95079,9.61736,-18.4379,-1.2,-1.59,-4.60726,8.43806,-47.7511,119.764,-2.56468,0.4,0.698004,0.6,-20.947,12.352,-24.2851,18.5333,28.3285,-0.0409913,123.189,-22.7807,-53.2464,0.0,1.0,0.2447272655282392
N_S_WWC_WM_456,11.5836,11.1043,15.8236,19.5628,-0.39,1.24,2.81542,-0.580985,25.2465,-91.4144,-8.51475,0.2,-17.0474,0.0,-13.0146,-3.45519,16.253,1.895,-21.0715,-44.3376,-8.55409,50.7866,-160.305,0.0,1.0,0.2474010750199335
N_S_WWC_WM_457,-2.09493,-3.76243,3.06457,18.4984,-0.64,-0.77,-4.93985,-2.67401,-44.3993,-71.8895,-7.81306,0.2,-3.20629,0.3,-23.9161,18.2686,-16.3239,13.1473,85.4465,47.4212,128.971,22.5237,-80.0455,0.0,1.0,0.2371694392890365
N_S_WWC_WM_458,7.37789,7.56294,-5.81386,-19.2081,-1.3,-0.03,15.837,8.59228,-34.6977,110.628,-4.57981,-0.1,26.0818,-0.3,56.5419,3.10447,-11.6556,-19.3252,52.0434,-13.5993,24.0031,-13.7097,-92.8308,0.0,1.0,0.2282830193122923
N_S_WWC_WM_459,4.48924,5.40258,12.3566,-13.7719,1.79,-0.47,19.4856,-2.42611,18.7551,86.5938,-9.59642,-0.3,5.34517,-0.3,9.11199,25.8368,18.9791,6.9113,-13.4148,16.5088,95.3716,62.3958,26.6613,0.0,1.0,0.2719833697674418
N_S_WWC_WM_461,6.98398,11.2424,-7.51176,-10.8301,1.88,-0.09,19.712,2.78101,-37.7676,-3.84253,-7.96619,-0.3,-37.0827,0.3,-8.85254,-1.30711,0.440214,-12.7016,-9.55203,20.2744,-7.87102,48.6286,-90.1858,0.0,1.0,0.2492975386744186
N_S_WWC_WM_462,10.7021,-3.85183,18.7853,-7.2322,1.17,1.91,-5.56534,-3.15517,1.89103,107.224,-1.5811,0.3,11.5858,0.0,27.4638,25.7427,7.00244,-22.3355,98.3182,-37.9775,-26.2084,66.4116,-188.554,0.0,1.0,0.217460099564784
N_S_WWC_WM_463,13.2092,-5.52905,13.0451,-8.93235,0.29,1.55,3.01814,1.20952,7.4973,117.531,-11.8334,0.3,-33.1049,0.2,39.6505,-12.5678,23.3555,51.1757,-0.783167,-31.0079,92.4457,-25.9364,-158.345,0.0,1.0,0.2524826188272425
N_S_WWC_WM_465,6.94925,9.67803,17.186,-16.4125,2.27,-0.54,6.42536,2.24477,-13.0257,-78.7228,-13.7142,0.5,1.61959,0.3,27.3363,5.94821,9.41779,31.6547,-50.9923,-22.6828,-39.7845,-42.3428,-25.5712,0.0,1.0,0.282380443744186
N_S_WWC_WM_466,-7.80991,-6.85375,17.37,14.2213,0.31,1.33,-9.43143,3.58033,-9.24869,40.8899,-2.62906,0.6,-34.1564,0.7,-11.3822,21.7031,17.9901,14.1319,-34.8687,14.3807,59.7039,69.1681,-108.319,0.0,1.0,0.2351617269700996
N_S_WWC_WM_467,3.1989,-1.93819,-7.19903,-17.0844,0.16,-0.89,13.3327,-0.736289,-25.5223,126.624,-1.54964,0.0,-26.5699,0.2,-8.07235,9.0142,29.3575,17.4459,60.5302,-39.7325,-49.4296,-22.6611,-137.044,0.0,1.0,0.2401443769269103
N_S_WWC_WM_468,11.8366,-5.75465,-4.8503,-6.10936,-0.82,2.12,6.21928,4.93156,-10.471,133.902,-12.0624,0.2,39.0698,0.5,20.2346,-18.5253,9.44947,-17.5478,116.784,27.7239,4.04172,48.9029,-128.437,0.0,1.0,0.2229353754850498
N_S_WWC_WM_469,6.00715,-4.74442,-7.53334,18.6822,0.49,1.28,-0.733007,3.40983,5.65822,-19.8315,-5.87663,0.1,-19.9517,-0.1,15.8686,14.1902,-15.5023,14.9076,87.1372,-48.3422,-11.7773,-31.5236,-125.202,0.0,1.0,0.2445083779933554
N_S_WWC_WM_471,3.56341,-3.29338,8.07505,15.1689,0.2,2.07,-8.09814,-3.16617,8.47876,50.9723,-13.4194,0.0,19.9785,-0.1,55.8969,26.8499,-23.9132,27.2823,-24.2997,-14.1759,93.2972,30.5423,-102.171,0.0,1.0,0.2521889051328904
N_S_WWC_WM_472,7.57616,13.9566,19.9334,-9.73043,0.04,-1.32,-0.98594,3.79981,-36.9208,27.3129,-12.1215,-0.1,38.6347,0.6,-4.6538,29.43,-6.66621,15.9959,108.124,5.31486,7.13734,42.9522,-72.2595,0.0,1.0,0.2558745672757475
N_S_WWC_WM_473,0.847271,10.7379,-6.09542,9.26516,-0.33,-0.56,-1.72091,-3.3997,-18.3253,-57.1084,0.520774,0.6,1.59872,-0.4,16.7638,-9.36673,-26.9378,-12.1932,-42.9548,37.9459,44.2768,33.7133,-81.1225,0.0,1.0,0.2220669509202658
N_S_WWC_WM_474,7.47206,-4.84255,7.20428,13.2818,0.92,0.19,-3.71549,-4.98489,48.1842,-20.9868,-7.26933,0.7,-21.5865,0.3,-15.6561,-13.0701,8.12409,36.2512,92.7637,0.344664,63.7422,68.1871,137.721,0.0,1.0,0.2467103651495016
N_S_WWC_WM_476,9.34228,-4.53654,0.783355,-1.11424,0.25,0.59,4.12493,-4.72144,-36.4542,-50.3603,-14.089,0.7,35.92,-0.1,21.1242,18.9705,3.72991,-10.3105,114.915,-29.1653,69.0283,34.8968,-10.6985,0.0,1.0,0.22376821820598
N_S_WWC_WM_477,-4.98776,10.3602,-2.65771,2.17476,2.16,-1.68,7.5255,3.36028,0.568186,-68.4063,2.32905,0.7,-19.7201,0.5,-0.151568,-17.0134,-0.0952003,-7.22275,118.736,-19.5903,71.4622,46.0755,-134.673,0.0,1.0,0.2263389521129568
N_S_WWC_WM_478,-6.98766,6.30253,11.2655,18.013,-0.73,1.31,6.88274,-2.82949,-13.6614,19.9748,-13.5015,0.4,-14.5461,0.6,40.39,-2.12336,22.1676,-20.3442,95.4085,32.568,76.7355,3.89962,90.7903,0.0,1.0,0.240876846475083
N_S_WWC_WM_479,-7.46355,9.19522,-4.72255,11.2959,1.68,-0.31,-3.92593,0.305473,43.7524,112.236,-4.55339,0.0,-9.755,0.7,43.7722,14.219,-5.56467,19.1485,2.83157,-24.2103,-53.0151,-57.457,48.4067,0.0,1.0,0.2724895698504983
N_S_WWC_WM_480,12.5195,-4.05757,-3.00006,-7.50774,-0.07,-0.55,2.31325,2.12208,14.937,40.7353,-12.5747,-0.2,-30.6057,0.9,32.1416,3.51763,7.87314,37.8178,107.132,-32.5867,-56.876,84.1677,85.3475,0.0,1.0,0.2655973771362126
N_S_WWC_WM_481,-5.40066,-0.247541,9.76116,-12.4133,0.07,1.81,-9.22453,-3.46384,38.7624,-56.0578,1.15648,-0.1,18.3749,1.0,22.2709,-15.1505,-0.990484,15.4139,-5.59761,-23.8446,22.7867,-9.64204,3.42872,0.0,1.0,0.2462971770398671
N_S_WWC_WM_482,4.79361,4.89431,1.91858,-0.171758,1.38,1.58,18.0981,2.87678,-1.6859,139.904,4.43019,0.7,-32.5876,0.9,4.75773,4.5303,-2.55646,-4.63858,-19.8139,23.5325,119.48,84.6687,-167.56,0.0,1.0,0.2289220844784053
N_S_WWC_WM_484,4.56304,5.34724,7.36034,17.6166,2.41,1.39,12.7145,-4.01332,22.9152,-51.4419,-0.535212,-0.3,23.7445,0.6,39.7832,20.8215,15.6972,39.8728,13.244,37.7717,102.812,41.8437,-131.571,0.0,1.0,0.2527072805116279
N_S_WWC_WM_485,-7.98577,-2.27331,-0.97753,-19.4096,-0.17,0.16,-0.0686506,0.342698,24.627,-75.6599,-8.24217,0.2,26.5554,0.1,-3.24966,27.2607,-15.019,5.05745,16.198,-1.04761,-50.6772,-12.0845,-4.84133,0.0,1.0,0.2482447930963455
N_S_WWC_WM_486,-7.76337,0.49401,6.97924,-14.5404,-0.3,1.38,3.10555,7.01077,-42.1001,81.3638,-3.2731,0.1,-31.9916,0.7,-17.3467,29.2464,-4.37053,24.0653,7.35779,-26.6786,-21.0328,14.8136,79.5103,0.0,1.0,0.2579032937176079
N_S_WWC_WM_488,-2.21213,2.04421,8.3926,-15.3467,0.47,0.89,16.8488,-2.74531,20.7993,-70.3878,1.26841,0.0,-30.181,0.2,-5.61959,-1.80526,-11.898,0.783284,16.7348,-41.8475,-57.0275,70.0555,127.773,0.0,1.0,0.2389647182724252
N_S_WWC_WM_489,9.85023,-3.93421,13.5815,-10.2335,1.82,1.84,-4.06937,5.4101,-10.5889,44.7179,-12.7692,0.6,32.3759,-0.3,-4.01857,2.92234,15.3994,45.3637,117.328,31.1315,133.51,-15.5761,-102.555,0.0,1.0,0.245896761807309
N_S_WWC_WM_490,12.275,6.08096,11.7464,11.1593,0.15,1.97,-3.14621,4.57333,-22.2054,75.5718,-12.2506,-0.3,-6.61694,0.4,0.114685,-4.81509,-17.9567,14.8459,76.1762,24.6815,113.809,-37.446,138.361,0.0,1.0,0.2711833086644518
N_S_WWC_WM_491,-6.5347,10.5244,-6.4664,13.9859,-1.32,1.01,9.94203,6.08956,29.7767,85.0923,-5.82149,0.6,15.7247,-0.2,58.0526,27.3137,-13.6066,37.2613,-37.6371,-34.4377,37.215,-33.1988,-73.3159,0.0,1.0,0.2754301754219269
N_S_WWC_WM_494,13.05,9.45609,16.3521,-13.2836,0.18,0.65,17.3687,-2.3783,-5.77822,86.7495,2.55908,0.2,37.1297,0.3,49.6848,17.1585,-26.3806,40.014,38.8182,21.649,-29.1789,10.2255,110.437,0.0,1.0,0.2552439981362127
N_S_WWC_WM_498,-4.33683,5.1253,12.74,-4.26684,-0.92,2.19,8.19858,9.21937,4.049,62.5738,-4.7943,0.8,22.4025,0.5,52.6086,23.849,7.24491,-4.19263,-39.1275,-1.40313,-52.2842,20.9754,-129.029,0.0,1.0,0.2546699358139535
N_S_WWC_WM_499,-6.83696,-0.205503,5.21182,-10.2072,1.15,2.25,-0.815763,-1.99733,-0.851894,8.64786,-11.0279,0.7,-16.2593,0.3,47.1461,16.3541,-26.4205,-24.5699,56.1111,16.0193,-31.7377,59.0999,-105.167,0.0,1.0,0.235633849717608
N_S_WWC_WM_502,7.66194,4.44226,19.0366,-7.88473,-1.21,-0.69,13.6346,9.23108,-26.0898,113.997,-7.79581,0.6,29.4748,0.1,35.5202,16.9072,9.62087,53.3761,37.5586,-38.7991,-39.2846,39.7921,90.2908,0.0,1.0,0.2668599578936877
N_S_WWC_WM_504,-0.248724,7.33671,-3.71871,-17.8643,1.29,1.32,7.47271,-2.13589,33.0237,107.725,-5.72514,0.0,-33.1943,0.0,-22.6081,13.4623,-15.7912,-7.09992,25.4095,45.0572,24.6439,71.3469,-164.195,0.0,1.0,0.2455569276378738
N_S_WWC_WM_505,1.54088,7.65222,4.98593,-17.3092,1.01,-1.09,-9.48085,-1.77806,-2.75982,131.241,-1.43833,0.3,-35.0543,0.9,34.8682,-15.9701,-10.41,34.6663,54.47,-16.7664,35.2671,-33.8811,67.9496,0.0,1.0,0.2632736688305648
N_S_WWC_WM_506,11.2471,6.25249,3.20399,18.1804,0.63,-1.54,4.84072,8.57802,-17.2367,38.1143,-12.5394,-0.3,33.0832,0.6,46.2559,8.6003,24.737,22.095,-40.8077,0.934264,-48.2837,-22.1755,36.9132,0.0,1.0,0.268079206910299
N_S_WWC_WM_507,12.6404,12.5129,0.166011,-4.44108,-0.54,-0.89,-4.7983,-1.90773,-44.4561,80.5526,2.2854,-0.3,-33.8188,0.9,17.968,4.03055,4.78584,-0.959704,-22.8674,-11.1429,121.16,5.73284,104.946,0.0,1.0,0.2397270538372092
N_S_WWC_WM_509,9.47041,8.31584,-0.810148,5.32752,1.62,2.37,-8.56091,-3.08404,14.3115,121.273,-13.3394,-0.2,-22.978,0.5,9.45075,-17.2909,13.9952,-4.81778,122.9,-14.0738,88.5985,48.2412,-15.8021,0.0,1.0,0.2643154841196014
N_S_WWC_WM_511,5.9458,5.09834,-3.55224,16.8202,1.22,-0.31,-9.37088,1.17269,0.706734,-32.3172,2.42915,0.4,1.72252,1.0,48.8431,-19.4607,-7.66716,34.2112,-51.5318,41.8835,82.0061,58.4512,122.871,0.0,1.0,0.2284948126810631
N_S_WWC_WM_512,12.9715,8.67421,-4.5816,19.6864,-0.98,-1.1,-6.95945,0.408796,-25.6027,45.7585,0.807063,0.2,31.9684,0.6,11.5188,0.0454157,-14.7032,36.3853,-19.1517,25.4514,-32.0389,59.5482,-183.169,0.0,1.0,0.260615864538206
N_S_WWC_WM_513,5.10347,10.9189,-7.02597,2.76096,-1.55,-1.31,-1.47128,6.9579,2.80278,47.5294,3.48116,0.0,0.229022,0.1,42.0806,17.6627,-1.44996,52.4091,62.2288,-18.9949,93.7837,-5.00073,-48.5334,0.0,1.0,0.261521903385382
N_S_WWC_WM_514,13.725,-0.34494,11.5353,-18.3682,-1.16,-1.3,-0.908618,0.866853,20.8713,109.348,0.690414,0.2,-28.2806,0.6,17.0039,14.0781,22.6441,-13.6956,99.7152,5.63858,-27.9599,-32.5081,106.276,0.0,1.0,0.220326207667774
N_S_WWC_WM_515,2.53704,1.05902,-5.20168,17.4173,-1.43,1.97,15.3148,-1.5833,4.58489,11.6853,-3.25527,0.2,21.1829,0.8,-14.2606,6.07731,29.607,19.041,50.211,-8.20921,131.467,-23.9256,-104.661,0.0,1.0,0.239844628372093
N_S_WWC_WM_517,4.12887,14.1989,4.10576,-9.16673,0.58,1.31,5.91374,9.01102,46.2466,138.836,-8.37114,0.8,-17.5554,-0.3,-15.8327,13.8959,-21.6201,40.8262,-26.9337,36.6636,57.6133,9.86148,37.2866,0.0,1.0,0.2850645311063123
N_S_WWC_WM_521,7.37577,9.91737,16.8205,-5.04371,-1.44,-1.02,7.70847,1.59655,30.8985,-43.5462,-2.80782,0.4,27.3667,0.9,45.8102,-5.90544,25.1944,-13.5171,92.2248,-12.431,104.759,-51.4902,-79.0637,0.0,1.0,0.2454393425182724
N_S_WWC_WM_523,1.93658,1.09396,15.335,-12.4759,1.34,-0.39,-2.84249,-0.698839,-19.5561,-13.5135,-3.71092,0.0,-31.5968,0.1,-23.9011,-16.3199,-19.6913,37.7312,-32.7952,-29.6801,61.5868,41.0406,-179.392,0.0,1.0,0.25722607810299
N_S_WWS_WM_001,9.60013,11.4064,-5.46415,-12.0162,2.26,-0.84,-5.14719,0.988306,-23.7038,88.4825,-12.8101,0.7,-15.4682,-0.3,-9.34836,23.1316,1.58493,21.2484,95.5656,-25.4121,-14.3906,28.4813,16.4525,0.0,1.0,0.2789850220531562
N_S_WWS_WM_002,1.03776,-2.50048,7.12164,-15.8479,0.44,2.0,-2.40291,2.64545,-14.3908,105.888,4.40581,0.7,-6.34908,-0.4,1.43523,-16.9495,10.8679,8.14634,38.8182,-38.9952,-16.9201,47.0299,125.643,0.0,1.0,0.2283335257009966
N_S_WWS_WM_003,10.6885,7.9281,1.25661,-11.5463,-0.55,1.27,-5.84264,8.5266,49.2193,-33.3192,-5.88646,0.4,14.3055,0.6,41.8471,17.3775,1.7845,-14.6882,127.773,35.0857,3.74546,64.5279,-56.1091,0.0,1.0,0.2481878131196013
N_S_WWS_WM_005,12.4013,13.5985,-7.42478,1.1699,1.61,1.65,9.68012,1.93187,-42.2052,-80.3318,1.01613,-0.3,26.7459,0.0,26.2982,-14.5502,-1.46832,35.4333,70.0449,-5.94168,134.9,-23.1996,88.6815,0.0,1.0,0.2501866866079734
N_S_WWS_WM_009,-3.21032,-5.6486,19.5418,-13.942,0.32,1.14,-9.58623,-1.39111,-28.8902,70.4447,-8.03779,-0.2,32.6224,0.0,-17.4558,17.9963,-12.1105,37.9954,47.7272,-34.6912,90.9158,29.8537,146.229,0.0,1.0,0.2543974821960132
N_S_WWS_WM_010,7.57616,-2.88655,9.75021,-11.8799,0.19,0.18,-6.24626,8.85415,27.9209,-25.1838,-14.9975,-0.3,10.8894,-0.3,10.5327,-2.36095,-24.5383,15.6597,24.6156,37.1007,0.165822,69.6224,9.76996,0.0,1.0,0.2521002150299004
N_S_WWS_WM_014,-4.69316,-7.55522,0.399867,7.48649,1.81,-0.72,-3.48386,9.98946,-46.6874,-59.3641,-11.6008,-0.2,20.9111,0.0,30.1805,4.22348,18.6509,33.4947,-18.1159,12.8771,94.6877,-38.9676,-26.1092,0.0,1.0,0.2503987347641196
N_S_WWS_WM_015,13.8832,12.4585,18.0805,-19.5256,-1.74,1.29,16.2663,3.56231,44.9859,114.335,-1.04122,0.2,-15.5659,-0.3,3.07575,6.19208,-10.0495,-0.873207,45.6425,5.72965,120.126,32.523,53.4,0.0,1.0,0.2348558875382059
N_S_WWS_WM_017,1.97793,-6.7143,6.55712,-7.28276,-0.86,-0.92,10.4281,-3.73617,-44.1067,-43.1497,1.79762,0.7,-2.64579,0.4,1.69229,1.99823,19.2095,25.4256,-26.6365,45.9524,-37.3922,-28.46,-194.508,0.0,1.0,0.2327074880996678
N_S_WWS_WM_018,8.42412,13.2845,3.00788,2.44136,-0.36,-0.29,-7.37007,1.82983,-36.1622,15.3194,-11.878,0.3,7.30238,-0.3,18.493,18.6451,-28.74,40.5623,77.7317,-32.8365,40.3494,-56.188,-188.105,0.0,1.0,0.2680694190930232
N_S_WWS_WM_019,-7.3255,2.8285,4.73723,12.1262,-0.32,0.38,1.71146,-0.474428,16.3957,-39.5349,-4.42262,-0.2,14.9894,-0.3,48.6114,-14.1388,3.99588,44.8749,106.746,4.74663,-46.5623,-15.0785,94.766,0.0,1.0,0.2625428966378737
N_S_WWS_WM_020,8.58383,-1.956,5.39829,-7.96629,0.36,1.39,14.2488,6.78635,25.8901,55.8636,-3.91464,0.3,-38.9589,1.0,28.3864,23.7151,-11.3817,53.1882,-15.9314,37.6009,35.4897,17.73,-172.043,0.0,1.0,0.240372071295681
N_S_WWS_WM_021,-7.62291,5.51033,-0.685933,-0.0358234,-0.26,-0.1,8.93641,5.58716,29.6766,-11.3987,-0.010091,-0.3,-1.46415,0.3,-23.0138,-1.37854,-1.08802,14.7459,-9.08559,20.8284,46.111,-57.1347,142.137,0.0,1.0,0.2544757946013289
N_S_WWS_WM_022,3.63103,-2.83567,18.3826,-18.8349,1.46,-0.28,11.3657,2.66639,16.2468,-62.0949,-12.1652,0.2,37.7065,-0.1,51.7211,-17.7849,-25.9193,3.79363,5.32761,-27.9975,95.4318,-57.6878,-132.92,0.0,1.0,0.2335499143488372
N_S_WWS_WM_023,-4.87858,5.45388,-3.42238,-14.6896,-1.46,-1.34,-2.91008,8.07166,-18.8297,92.9042,1.15648,-0.3,13.4055,0.9,34.6579,-18.8859,-11.9337,-10.1461,-22.3522,16.0193,64.442,3.44595,24.6809,0.0,1.0,0.2245529784352159
N_S_WWS_WM_024,4.4463,-2.33465,2.54147,-10.6458,1.69,-0.94,5.6076,7.44182,16.9014,136.853,4.53588,-0.4,-32.7334,0.8,-3.39338,-2.50247,9.96939,54.9885,66.2325,-30.3773,87.0861,53.6408,-152.546,0.0,1.0,0.2417412799335547
N_S_WWS_WM_025,-4.39241,10.7379,10.3576,3.39793,-0.71,1.63,10.4966,-0.353245,-3.88424,-29.2698,0.587417,-0.2,-17.8378,1.0,23.015,10.6845,-3.76446,51.7605,31.6866,-48.862,148.312,80.6637,-49.3928,0.0,1.0,0.251156821910299
N_S_WWS_WM_026,-6.31272,13.3011,5.34268,16.4632,0.85,1.8,12.4824,-1.926,-33.2368,149.3,1.98087,0.1,-15.9103,0.8,6.3967,-8.4709,-12.189,-15.6113,71.562,5.92867,-24.7006,68.7317,19.6924,0.0,1.0,0.2281379351395348
N_S_WWS_WM_027,-3.10985,5.92065,16.4925,-9.41544,1.43,1.63,10.69,3.86315,22.9152,137.495,-11.303,-0.1,-12.0609,0.2,-20.4407,25.9192,-0.932244,31.1969,-14.5115,-40.3024,48.7746,-48.0673,-148.771,0.0,1.0,0.2779948494352159
N_S_WWS_WM_028,-5.56375,11.3824,14.5212,6.2545,-1.62,1.91,14.0645,6.24127,7.1409,-47.2417,-10.3502,-0.3,-5.37119,-0.2,41.0484,24.7076,28.9555,-4.40516,39.4812,-1.99856,71.2524,35.5504,-182.001,0.0,1.0,0.2577873627076412
N_S_WWS_WM_029,12.9335,-4.85098,6.26527,13.7199,0.94,2.45,0.772729,8.98432,-6.519,147.634,3.3902,0.2,16.8725,0.7,-8.13199,-0.32454,4.94047,50.3396,27.4252,-4.53353,22.2615,13.7652,46.79,0.0,1.0,0.2360498231960132
N_S_WWS_WM_030,-4.61031,-3.5626,7.19624,12.2256,-1.78,2.47,0.596081,-1.35035,31.3813,-62.6804,-3.39965,0.0,-29.5612,0.1,46.8148,-7.35808,-6.91895,17.2496,-38.7778,31.1653,55.6087,62.8302,-154.038,0.0,1.0,0.2367996572093023
N_S_WWS_WM_032,9.01404,6.63156,6.23093,-14.1893,0.58,2.18,5.72979,-1.60328,-38.5537,37.864,-14.2378,0.2,-30.0841,0.7,-12.8077,-14.2347,13.7608,43.6892,26.3825,19.9115,-43.3371,-41.191,40.0421,0.0,1.0,0.2804648655149501
N_S_WWS_WM_034,1.78754,-7.61369,14.263,9.98018,0.83,1.52,-0.108049,-2.78134,-27.6149,-44.0702,-6.16182,0.4,10.0594,-0.1,-18.2871,17.3151,26.1902,-8.92706,-26.0983,-13.4829,-33.2747,7.93756,35.1907,0.0,1.0,0.2270933177076411
N_S_WWS_WM_035,6.69669,10.2843,19.2933,5.84961,0.89,1.68,1.07035,5.46766,-21.5282,-73.9516,-4.96107,0.2,-38.5239,0.1,16.7989,-10.3349,-9.35402,17.6741,-20.4865,43.8277,28.2571,40.5237,123.512,0.0,1.0,0.25641639220598
N_S_WWS_WM_036,5.20527,-7.05529,-6.98621,-0.739422,0.16,0.26,0.698215,0.219354,9.82031,142.078,-4.2957,-0.4,-11.9176,0.4,14.4584,17.8084,-1.85329,-2.7223,17.954,11.6634,70.2379,41.3316,143.872,0.0,1.0,0.2344552747774086
N_S_WWS_WM_039,0.352927,4.27399,-4.00809,17.9469,0.1,-1.64,3.83212,0.789449,-7.53291,30.1667,4.61054,0.6,17.7352,0.1,40.021,29.7907,27.0799,9.1218,82.09,20.0841,45.6146,72.3531,92.6275,0.0,1.0,0.2280691219468438
N_S_WWS_WM_042,6.39585,6.92739,0.457716,10.9882,-1.37,-1.69,11.8859,7.52365,-39.3882,-33.9988,-0.585328,0.5,1.59872,0.8,-23.4437,23.9532,-6.27271,0.994433,125.836,31.8473,19.5392,-1.10282,109.13,0.0,1.0,0.2241674351561461
N_S_WWS_WM_043,1.31979,13.6947,9.42833,2.03442,0.89,-0.4,-2.50209,4.55267,-49.7657,60.4742,2.66687,0.1,27.0032,0.7,20.3743,-11.657,18.3606,-16.1725,32.8735,20.4385,139.896,73.8565,-173.595,0.0,1.0,0.2201472725847176
N_S_WWS_WM_044,4.40908,-3.07673,15.8467,7.78061,2.14,0.83,12.6016,6.95339,-42.4619,-6.37813,-9.76115,0.3,-13.4203,-0.2,29.7575,23.3228,-9.28226,-8.5401,-59.1558,-31.9442,109.725,79.5368,84.2819,0.0,1.0,0.2362349725514949
N_S_WWS_WM_047,10.586,-2.27331,6.85358,1.20524,-1.07,-0.91,11.66,8.09691,-7.7568,-92.998,-4.39714,0.0,7.63005,0.1,-6.36764,18.7647,18.0311,4.44398,5.93888,15.3816,130.506,-29.3383,-194.365,0.0,1.0,0.2239804283687707
N_S_WWS_WM_049,-3.78489,-5.5895,-6.35709,9.59035,0.79,0.84,-4.67783,3.96676,-21.1336,95.5069,1.53689,0.0,-38.9717,-0.3,18.1899,4.91595,27.8176,-10.5057,95.8695,-7.12425,143.377,17.0441,87.1995,0.0,1.0,0.2064937221362126
N_S_WWS_WM_050,12.7292,7.82559,-7.15801,6.1202,0.45,1.66,8.671,-2.81128,-38.326,2.99137,-11.9864,0.7,-14.1848,0.4,32.711,-1.30711,-7.2127,52.7046,-17.5864,-27.62,114.124,44.9356,142.64,0.0,1.0,0.2733974330166113
N_S_WWS_WM_051,4.01519,1.78951,3.97158,8.68468,0.75,-1.12,-8.04017,4.31784,-2.88838,37.4139,-11.4571,-0.3,-18.7737,0.8,19.542,13.1763,-26.2913,-12.9201,-42.1535,-15.2952,147.512,-48.9059,-57.0252,0.0,1.0,0.2367794193289036
N_S_WWS_WM_053,-3.64647,11.6744,19.2246,-14.1443,-0.29,1.76,0.0795703,3.34184,-43.6054,-20.174,-9.25189,-0.2,3.59731,1.0,14.5889,1.05082,11.2466,-19.7039,48.8926,-8.83084,111.706,-0.641698,-65.1885,0.0,1.0,0.2501540971661129
N_S_WWS_WM_055,13.5116,1.93078,9.32299,-12.2034,0.59,-1.07,-1.64344,-4.92366,14.5829,-61.2858,-7.48999,0.3,8.32843,-0.1,7.19865,-7.68389,-26.8854,25.7061,104.28,-45.9744,16.2842,-57.8694,85.6533,0.0,1.0,0.2539748064318937
N_S_WWS_WM_057,-7.2086,4.07936,19.7971,18.6016,0.9,-1.12,1.48677,1.84382,43.7524,4.22485,-8.37552,0.0,-21.6,0.4,38.3261,-15.4442,-22.835,4.0334,-4.87615,8.66135,90.8275,-14.2313,59.9834,0.0,1.0,0.2465649158305648
N_S_WWS_WM_058,-6.8927,1.05902,5.08488,2.95786,0.52,-1.36,-2.30362,5.09923,-33.9468,-82.2163,-2.27495,0.6,29.165,0.5,8.59919,-12.4803,-0.0952003,48.9472,59.1773,1.12825,149.105,26.0758,137.382,0.0,1.0,0.2342568688272425
N_S_WWS_WM_059,2.46309,8.81047,7.91095,-3.98225,-0.61,-0.13,9.98959,3.75343,-43.0258,82.0919,-5.71221,0.2,-12.4045,-0.1,-24.4181,7.1754,25.1944,-11.7899,43.9449,-47.0876,80.607,-41.6326,113.353,0.0,1.0,0.2384967630066445
N_S_WWS_WM_060,-6.70991,-6.24441,5.86238,1.3463,-1.16,-1.5,13.4125,2.1444,16.5428,-8.04368,-2.28827,0.5,38.5761,-0.1,40.6825,1.12416,9.69321,23.7555,113.983,-46.3008,96.9151,45.4771,-81.1225,0.0,1.0,0.2274032690232558
N_S_WWS_WM_061,-2.52446,3.57233,-3.83545,-12.4759,0.66,2.29,-1.72091,4.78959,-6.28835,-50.1428,-8.07586,0.7,-27.7653,0.9,-17.8994,3.72529,20.6478,39.4137,99.5412,-14.486,42.0532,-15.7797,-142.749,0.0,1.0,0.2435645721528239
N_S_WWS_WM_065,3.68679,2.76065,-5.85023,-10.9935,-0.8,0.21,-5.68636,6.64293,-41.2796,-85.3367,1.07315,-0.2,-19.4659,0.9,0.36407,21.9867,-13.2105,46.3782,51.6223,21.847,37.765,60.6053,-115.612,0.0,1.0,0.2422235013421927
N_S_WWS_WM_066,5.2301,1.38006,-7.47713,-13.3196,-1.55,2.22,11.2614,2.00545,-42.2904,-49.1283,-2.42039,0.6,-24.6934,0.1,27.8351,22.8886,12.1077,1.83801,-11.5411,21.4672,71.4622,-50.0044,2.59549,0.0,1.0,0.2326653675581395
N_S_WWS_WM_067,1.49218,8.4468,2.61581,0.958303,1.91,-0.78,-5.37821,3.33305,0.784581,143.336,-1.86766,0.7,34.8825,0.7,-2.02852,26.9475,-8.05447,33.613,106.385,42.4647,124.918,30.161,-84.0097,0.0,1.0,0.2555157760930233
N_S_WWS_WM_068,8.59772,8.99024,8.79453,5.66608,0.96,0.58,1.82426,-0.52494,-49.9646,-76.7586,-3.02358,0.1,32.8529,0.4,53.0762,25.0571,-9.61105,-1.9036,-40.0792,-48.5251,40.6694,15.8643,-116.689,0.0,1.0,0.2376656620099668
N_S_WWS_WM_070,6.81563,0.386117,-6.56008,3.60531,-0.1,-0.82,8.96836,-2.91352,32.3345,17.598,-6.61017,0.5,10.329,-0.1,-21.4003,27.084,-2.6999,47.5399,81.92,37.2096,-8.55409,1.78431,-195.616,0.0,1.0,0.2632569251295681
N_S_WWS_WM_071,5.60208,-6.99089,9.14885,-7.37605,1.48,-0.61,11.8357,9.02932,-4.0351,-82.9623,1.50487,0.7,-22.1097,0.3,21.5526,19.2907,24.5038,-21.4439,-10.7403,-3.15975,-20.5518,63.0411,-109.202,0.0,1.0,0.219216913833887
N_S_WWS_WM_072,-7.08536,-7.41645,1.70528,-13.4914,-0.48,-1.51,11.4561,8.06763,10.9957,-17.2091,-12.8885,0.7,-19.2613,0.6,35.0653,5.39458,8.69396,51.0981,-6.44178,5.14348,72.1611,75.2262,54.7768,0.0,1.0,0.2676181825614617
N_S_WWS_WM_073,2.01438,-2.96881,5.55751,-18.067,0.42,-0.64,-7.60599,0.550374,43.3045,32.9451,-0.158323,0.5,38.9495,-0.3,15.1732,18.1055,1.18185,-2.38861,78.2988,11.1016,74.281,63.3661,-195.349,0.0,1.0,0.2135785423820598
N_S_WWS_WM_075,13.9331,-1.16466,14.343,19.3653,-0.78,1.1,4.48063,6.6148,31.6496,144.769,-8.91446,-0.3,-9.05756,0.9,16.5981,0.144484,4.85756,-16.2127,-17.7229,19.8305,12.0725,66.6381,0.458509,0.0,1.0,0.2386718206810631
N_S_WWS_WM_078,6.0752,3.63529,1.03659,-3.17428,-0.18,2.24,19.3819,4.34223,-12.2671,148.793,-7.482,-0.1,-39.8823,0.0,29.9026,-18.8328,17.7967,23.1288,60.3413,-8.55942,27.2912,-59.2143,8.69341,0.0,1.0,0.2566218682292359
N_S_WWS_WM_079,11.1432,1.58141,-3.05127,15.2918,1.09,2.48,-1.78541,0.780783,-22.051,57.1707,-0.115303,0.5,-0.348883,-0.2,35.8074,25.1178,-13.9924,4.92562,-41.883,5.53025,-51.6168,80.0676,-33.5897,0.0,1.0,0.2224183264983388
N_S_WWS_WM_080,3.81305,-2.08584,12.8849,-7.69095,1.66,0.06,4.66926,8.96062,44.4495,-83.2544,-12.3034,0.3,-30.676,-0.1,2.94523,-13.7564,-0.990484,50.6538,78.5063,19.2904,-2.42089,-47.77,104.271,0.0,1.0,0.2738079265315614
N_S_WWS_WM_081,-6.43278,-3.17759,3.62362,5.6013,1.55,1.75,7.88908,6.53094,-0.48562,-39.8002,4.87345,-0.3,27.7914,0.7,2.37074,4.30935,-25.1647,16.16,103.569,35.2674,-12.6869,28.6578,60.0568,0.0,1.0,0.2294661161760797
N_S_WWS_WM_082,-4.21357,1.33829,7.11488,-8.35168,-1.4,-1.62,-3.1281,6.55532,22.3846,-36.4233,-12.6938,0.7,16.9512,0.9,12.3103,9.58312,-17.8279,16.741,31.9697,27.2799,22.9983,-54.4601,115.332,0.0,1.0,0.2548482825448505
N_S_WWS_WM_084,12.1194,-5.72543,5.88542,6.58543,-0.76,0.73,5.39813,-0.0200747,-16.0728,47.9322,-9.46416,-0.2,35.3167,0.4,56.1875,20.5667,-1.59406,44.2848,59.9544,45.2873,107.081,-44.8365,-153.417,0.0,1.0,0.2315975981694352
N_S_WWS_WM_085,10.1618,-5.90353,19.9859,-16.182,-0.88,0.43,-2.65709,-4.02478,29.5708,83.4885,-5.30543,-0.1,7.88542,0.8,25.0686,-5.64847,13.0466,45.8151,36.1635,32.1505,109.008,24.2438,117.017,0.0,1.0,0.2464848982126246
N_S_WWS_WM_087,-5.67476,8.51474,-6.42705,8.8656,1.97,-0.87,18.6646,-2.93264,22.5832,-69.6234,-1.98936,0.5,23.3429,0.8,-13.785,7.75658,-14.3899,2.35485,29.7169,13.2822,75.8858,23.5726,130.706,0.0,1.0,0.2336451706644518
N_S_WWS_WM_088,11.3461,7.75124,19.663,11.7301,2.44,-0.9,0.993177,1.48268,2.47067,127.433,1.89421,-0.2,26.0568,0.2,-5.80491,-1.93688,20.2116,-23.2979,4.79,-5.79851,7.39161,63.7636,6.22801,0.0,1.0,0.2278580610564784
N_S_WWS_WM_089,-0.0568439,-6.40049,-1.54967,-2.38679,0.44,1.99,-8.97293,5.3507,-43.4139,18.6714,3.70839,0.3,-22.8324,0.4,34.3541,1.23099,-12.6555,-10.4114,-9.33593,26.6183,46.96,38.8595,-50.0596,0.0,1.0,0.208163309744186
N_S_WWS_WM_091,13.9988,12.0024,14.7906,-3.38945,1.94,0.67,2.6472,5.826,-3.44286,-10.5869,-12.457,0.0,22.1952,-0.2,-12.3638,29.2967,13.0099,32.6107,-24.7455,3.57326,-59.486,41.6892,125.105,0.0,1.0,0.2951925673289036
N_S_WWS_WM_092,4.19069,-4.13208,8.91708,9.83528,-1.41,1.52,-3.65586,0.62972,-13.729,-6.90594,-8.76062,0.5,-7.03606,0.5,47.1069,26.8822,-20.0274,54.7295,-49.6694,-38.582,-32.0389,-54.8688,12.3691,0.0,1.0,0.2589167142923588
N_S_WWS_WM_093,5.4187,2.49074,11.8847,16.759,-0.79,-1.11,3.4795,-4.69645,-11.8498,93.7819,-13.5788,0.5,-31.496,-0.4,7.7316,23.5265,-7.88261,-12.8179,53.0947,-35.4444,103.199,-35.6353,-66.6255,0.0,1.0,0.2341640607707641
N_S_WWS_WM_094,11.617,9.59945,7.43494,19.4906,1.75,0.72,4.72632,-3.42787,-35.7098,-4.0376,-1.0577,0.3,26.1749,-0.2,-7.21598,3.30694,25.5184,47.9609,40.7519,-32.8962,105.055,38.6734,-0.732174,0.0,1.0,0.2579565186777409
N_S_WWS_WM_095,2.14762,9.96602,2.87842,16.6507,-1.68,0.15,-3.6691,4.20915,0.160939,-0.424535,-9.8336,0.2,35.7901,0.9,42.8141,-13.6355,-25.4865,-17.4027,37.4045,-8.63785,-9.03726,78.3138,143.065,0.0,1.0,0.2334377372657807
N_S_WWS_WM_096,2.32805,-7.82788,-2.47309,18.1804,-0.03,0.88,10.4821,7.01077,39.5244,78.704,2.42086,0.8,24.1073,1.0,31.0421,10.4971,9.78999,-0.136251,-54.0827,35.9741,-7.3669,45.6949,-15.8021,0.0,1.0,0.2049707219534883
N_S_WWS_WM_097,0.997573,5.31814,7.99781,-16.7611,2.08,0.22,12.3594,3.19969,-29.7252,38.7674,-10.2319,0.1,32.0394,-0.3,45.9834,-3.09164,28.1729,40.6286,99.2403,33.1532,-5.96067,-44.4408,76.2592,0.0,1.0,0.2640367689302326
N_S_WWS_WM_099,7.55305,2.2491,-3.85085,0.0973435,-1.25,-1.01,-9.96959,-4.39533,40.1886,-87.0297,-6.76182,0.1,-5.00691,0.0,21.8623,8.29412,-8.75506,28.6874,-15.6898,37.3062,111.482,-25.2242,84.6768,0.0,1.0,0.2539928757408638
N_S_WWS_WM_100,12.8486,13.2456,-4.49123,8.24463,-0.2,0.28,15.8699,-2.07286,-31.5369,87.476,-11.6486,0.4,-38.0618,0.3,38.2047,0.465897,-1.9729,-14.9002,128.433,3.96813,-27.8243,-35.9679,-168.493,0.0,1.0,0.2582443769601328
N_S_WWS_WM_104,12.2,-4.89283,-2.09734,-4.98482,-0.6,2.28,0.64675,0.360836,37.4293,-28.8691,-11.4976,0.6,2.11806,0.7,-10.3374,23.849,-17.1686,45.3637,89.3351,6.90959,149.714,46.3363,-36.7533,0.0,1.0,0.2305787989933554
N_S_WWS_WM_106,11.9958,-1.89559,0.253089,-17.5269,1.74,-1.49,1.94861,-2.36271,-30.5266,6.82413,-3.33724,0.3,3.36904,-0.1,-20.2772,-10.5186,-9.88517,2.90814,-46.5743,33.4251,-23.1748,-45.5858,-54.6862,0.0,1.0,0.2374295978504983
N_S_WWS_WM_107,10.4941,11.0894,-0.557074,7.0577,-1.49,0.89,1.75878,-3.06516,47.2631,125.647,-2.37348,0.5,-3.07849,-0.3,51.9195,22.6033,12.0186,30.3321,89.1562,24.2522,117.698,-51.6693,49.3522,0.0,1.0,0.2489086031129568
N_S_WWS_WM_108,3.04517,-5.69137,-7.06383,14.0516,0.29,-1.32,-0.0555584,8.83285,-4.71235,-72.4825,-10.7227,0.6,5.17136,0.2,57.6249,9.57108,-18.8282,-5.77591,-6.21026,16.8692,-8.28156,68.1095,22.6623,0.0,1.0,0.2397434326877076
N_S_WWS_WM_109,-5.26863,7.4964,5.29618,-13.7415,-1.3,-1.73,-1.88508,4.88355,-4.30148,-41.1733,-6.50598,-0.1,8.21811,0.3,49.5118,-4.68787,29.2287,47.3148,-22.8674,-26.0759,15.9015,-30.3505,-164.859,0.0,1.0,0.2787837418372093
N_S_WWS_WM_110,-0.826919,-3.93421,-1.01117,11.8945,1.09,0.75,8.10745,3.12041,-22.5406,49.0069,-14.6111,0.2,38.1247,0.0,48.5189,-13.4056,5.70773,-21.9137,-5.59761,-16.3181,125.481,80.1462,-155.603,0.0,1.0,0.234443872461794
N_S_WWS_WM_112,4.04673,13.6292,9.8183,6.98825,2.46,1.44,0.298866,1.12328,-32.0541,19.2116,-6.63254,-0.3,31.5435,0.0,24.9108,22.1166,-27.724,11.4857,87.5543,38.1732,61.8086,60.8052,67.1078,0.0,1.0,0.2744755034086378
N_S_WWS_WM_114,-6.98766,-5.5525,11.484,3.27255,-0.37,-0.55,-3.2747,-4.943,2.98276,-18.348,-12.3482,-0.4,5.75019,0.4,28.9147,-7.30691,-8.73536,-19.9695,75.9365,-18.0685,67.696,38.4013,-159.6,0.0,1.0,0.2303141200066445
N_S_WWS_WM_115,-3.95586,14.6331,-0.344584,-10.3081,-0.79,0.53,16.573,6.16749,18.1891,138.513,0.642532,0.4,31.1083,0.8,55.3732,16.504,15.0287,8.95728,20.6727,-3.70869,46.6894,57.1647,72.0461,0.0,1.0,0.2354473068073089
N_S_WWS_WM_116,-6.22065,12.6457,11.3489,6.05135,2.24,-1.55,14.9213,1.90335,34.4282,-16.8432,-9.27697,0.0,10.5965,0.5,46.9526,5.64683,-25.3382,37.4338,25.6821,-25.1029,0.726884,28.7896,-176.385,0.0,1.0,0.2948925462126245
N_S_WWS_WM_117,4.65458,0.1484,4.36947,8.1917,-1.04,1.48,-0.464017,-2.31166,-48.9644,43.4032,-7.912,0.6,8.48685,0.7,54.6697,-14.8994,-20.6482,2.19385,8.23756,30.0008,148.67,50.5422,20.9443,0.0,1.0,0.2225827321661129
N_S_WWS_WM_118,1.40431,7.85211,1.06836,16.0316,-1.24,0.46,14.853,6.05978,12.6702,40.1784,-14.4971,0.1,7.35728,0.1,-18.8932,-3.1986,16.7206,26.6006,115.754,43.2338,-49.6834,19.5177,28.8173,0.0,1.0,0.2733381513488371
N_S_WWS_WM_119,-4.29811,-1.24288,14.1433,-3.87111,1.33,0.24,-0.843218,6.30112,-28.3721,113.997,-8.14007,0.6,-7.25626,0.3,37.2711,29.58,28.3378,-1.01412,126.329,6.8167,67.8185,6.6592,32.3426,0.0,1.0,0.2427632505249169
N_S_WWS_WM_121,-5.78927,8.01461,17.3522,17.7157,-0.45,-1.62,4.38943,5.94528,18.5933,103.552,4.04274,0.3,-7.37957,0.2,-6.85351,-1.47266,20.9208,11.7774,123.375,-35.7358,34.3398,-25.5579,-50.5797,0.0,1.0,0.2489154503388704
N_S_WWS_WM_122,-6.38714,-6.83096,13.9459,5.75115,1.23,2.41,5.01704,2.566,28.4724,104.852,-6.06572,-0.3,-24.0745,-0.2,50.7174,16.3642,-11.7586,-15.4979,-44.2424,-39.097,37.1844,0.0145039,7.44808,0.0,1.0,0.2414110517840531
N_S_WWS_WM_125,13.7712,-7.66466,15.1837,-11.3502,0.08,0.7,16.5415,3.99054,-45.1881,46.1676,2.72893,0.4,39.9837,0.6,-1.09996,-2.26754,-10.2644,-0.384915,-21.3935,-7.68247,23.5452,67.4999,-124.397,0.0,1.0,0.2288080998239202
N_S_WWS_WM_129,9.81578,-5.17871,15.1255,3.36547,0.38,0.57,-3.08273,-2.98412,17.1012,-94.2002,-8.96833,-0.3,-35.2907,0.4,12.2701,19.9064,-19.0778,43.9546,53.412,-42.3998,135.577,62.695,56.8716,0.0,1.0,0.2493738958073089
N_S_WWS_WM_130,-0.0121556,12.2774,6.09792,-19.4537,0.62,-1.56,4.64618,2.97371,34.4601,86.7495,-8.70262,-0.4,-16.7733,0.0,39.2812,2.73213,4.70346,39.2319,115.984,-48.757,15.3978,-13.8513,-14.8195,0.0,1.0,0.2893119180166112
N_S_WWS_WM_131,-2.69047,5.30688,5.97024,5.7979,1.47,-0.63,19.8958,7.81767,-13.8924,-89.8343,-9.9309,0.6,-35.4193,0.0,33.0101,-10.9339,5.05688,-15.3872,37.7564,14.1695,126.505,-34.5028,-43.7585,0.0,1.0,0.2334777775215946
N_S_WWS_WM_132,-2.96256,-2.99821,4.83007,0.627791,1.42,-0.76,-3.33563,2.31578,7.63545,114.866,-14.0781,-0.1,0.568472,0.2,21.1696,18.9705,22.2805,-13.9736,-57.8626,-29.7812,-48.8409,47.3205,-126.79,0.0,1.0,0.2601551062491694
N_S_WWS_WM_135,3.78578,-0.50122,-3.14006,-16.3554,-0.81,0.97,6.42536,8.32206,12.0321,-27.4609,-5.51504,0.4,-31.1718,0.0,36.6822,7.61263,-26.1628,31.8127,68.7702,47.9533,-53.4803,2.00493,57.4909,0.0,1.0,0.2501701872524917
N_S_WWS_WM_136,9.22757,12.5763,-6.07244,-12.7879,-0.35,1.9,7.9656,-2.88544,-31.0989,41.1993,-2.49146,-0.3,37.7908,-0.1,-5.93147,-14.3889,27.2864,13.926,68.2423,22.1671,32.3977,86.6918,19.3706,0.0,1.0,0.2381487724053156
N_S_WWS_WM_137,-5.13496,9.76767,-1.65867,-12.2633,0.81,1.44,10.1255,6.7307,45.1251,80.1932,-13.9148,0.3,37.9109,0.8,-1.64247,-8.89436,-2.36888,30.973,-19.8139,14.4912,116.304,-0.132119,68.4255,0.0,1.0,0.2623408985116279
N_S_WWS_WM_138,3.00487,-5.01963,18.2613,9.51063,-1.05,0.52,16.6414,9.69717,11.6854,137.958,2.07094,-0.3,36.5369,0.0,28.2374,1.31296,2.92333,6.34482,17.3711,18.7431,130.437,7.31932,-12.4749,0.0,1.0,0.209139741
N_S_WWS_WM_139,-4.43033,-7.11563,17.5403,-4.96924,0.61,1.12,16.359,-1.85339,27.6449,72.9825,1.58555,-0.3,4.17967,0.5,-13.1998,-17.2335,-24.8251,32.9451,64.2025,21.3981,17.4941,2.62575,-169.139,0.0,1.0,0.2381761788172757
N_S_WWS_WM_140,12.633,2.86378,14.3026,-8.03838,1.5,1.22,15.5182,1.06589,48.1842,109.751,-7.42486,0.4,-30.7598,-0.2,58.1043,6.77491,9.21934,36.3853,5.43624,49.411,-19.484,56.7341,87.5564,0.0,1.0,0.2642331851428571
N_S_WWS_WM_141,-3.08048,3.14297,-0.602948,18.8463,2.17,1.09,0.903987,2.00937,37.5733,4.7164,3.0374,0.8,-16.5604,0.2,-3.30701,-4.54103,25.5535,8.33893,2.44344,-48.6856,100.599,-3.92932,50.8333,0.0,1.0,0.2215803319401993
N_S_WWS_WM_142,13.8783,-7.88364,5.13693,7.34209,-0.21,-1.16,4.54058,-3.02449,-5.9037,66.6108,-9.05113,0.6,-18.9892,0.0,24.061,-13.6916,-1.95898,-10.7539,67.5769,42.1102,-57.0275,56.7958,32.9668,0.0,1.0,0.2442880689036545
N_S_WWS_WM_144,3.87471,-6.05972,-3.58403,-0.855498,1.58,0.18,-6.48285,7.72903,-35.3988,-27.0547,4.09454,0.5,-10.6424,0.4,-18.7878,12.7976,-4.37053,51.3965,85.7814,-19.4952,-31.488,-12.7598,122.871,0.0,1.0,0.2291947417242525
N_S_WWS_WM_146,-2.55144,2.06691,-5.99119,-7.19916,2.32,1.55,13.9392,3.29237,32.8137,-69.9979,-2.01186,0.4,27.9241,0.1,55.5993,-17.122,-15.1465,16.4904,88.1854,3.32759,6.70881,6.86803,-61.7087,0.0,1.0,0.2429953623887043
N_S_WWS_WM_147,10.3885,-7.85919,16.3721,-9.58829,1.45,0.0,9.21375,-2.60253,42.8236,21.1247,0.120779,-0.4,31.7414,-0.4,32.3662,-4.33259,-8.85512,-7.34826,70.4007,-19.3371,33.5204,-49.2869,102.234,0.0,1.0,0.2210392323588039
N_S_WWS_WM_148,5.87987,7.10137,9.68052,4.85906,-1.67,-0.68,19.2022,-4.52843,-11.1197,41.9435,0.993291,0.7,-23.6146,0.6,-13.83,5.90722,-25.4146,3.49098,73.7437,17.005,59.6911,-35.1178,-180.892,0.0,1.0,0.2293889335980066
N_S_WWS_WM_149,5.48757,-4.27259,-4.04946,-11.2819,-1.42,-0.48,-0.376644,1.45601,-3.37328,12.6176,-0.0380798,-0.3,-4.06182,-0.2,-22.5182,-16.7486,-27.8259,-14.1644,72.8536,-2.05553,33.7699,-21.4154,-190.472,0.0,1.0,0.2108284709700996
N_S_WWS_WM_150,14.7031,5.83089,8.97893,1.64216,0.25,1.33,8.85235,8.80573,-9.60977,69.475,2.37814,0.7,-11.6541,0.9,10.6465,-7.88592,29.8431,18.5805,-47.0998,-49.2349,-27.3362,18.4438,-2.77782,0.0,1.0,0.2382631171129568
N_S_WWS_WM_153,9.14677,12.9197,16.039,-10.7131,-1.11,-0.03,-4.76959,0.847138,8.10467,-66.9677,-6.83131,0.8,16.0171,0.4,-3.91867,-13.8512,11.6486,-3.54409,-29.7137,-12.6902,130.822,86.1164,39.8272,0.0,1.0,0.2508400526112956
N_S_WWS_WM_155,3.75117,8.07338,14.9861,-15.5512,2.07,1.41,3.19128,5.7924,-29.0722,144.477,-6.57657,0.2,9.07614,-0.4,41.4211,28.5546,-18.5878,15.3154,-6.98644,27.8993,-28.3519,23.3243,-135.821,0.0,1.0,0.2614722051395349
N_S_WWS_WM_156,-1.9263,12.0603,16.6656,17.3574,0.64,-0.1,-9.64564,-3.43828,-35.8156,97.6255,-9.43109,0.4,6.75565,0.5,9.89929,4.3813,29.4178,38.3834,117.914,8.31351,-11.5449,65.6668,-91.073,0.0,1.0,0.260216852551495
N_S_WWS_WM_159,8.2911,4.35156,-4.98976,11.5417,2.1,-0.14,-8.49639,4.22641,6.32423,-24.4732,-14.8608,0.5,-8.59417,0.1,5.069,-10.7396,-23.981,-19.425,27.9977,6.08968,-51.9827,-43.3703,30.0444,0.0,1.0,0.2446315913953488
N_S_WWS_WM_160,10.7738,-4.57939,11.6085,-15.383,1.43,0.43,7.62675,8.66377,-45.7607,64.0663,-14.9069,-0.2,-3.12154,0.3,-5.1535,2.70209,-23.4284,37.0708,106.086,10.1514,-35.8993,-53.8721,-117.451,0.0,1.0,0.2567804339003322
N_S_WWS_WM_161,6.88572,11.8823,17.6955,3.86368,0.21,1.58,14.3121,4.69484,-46.3118,58.9682,-2.93615,-0.3,-35.9855,0.5,38.0374,0.0750084,-20.8923,15.8399,88.3094,-36.9079,-43.6388,82.7745,2.38855,0.0,1.0,0.2569770830365449
N_S_WWS_WM_164,-4.35376,5.96096,-4.76194,-5.94266,0.98,-0.12,7.29332,-1.01411,-40.081,-84.3797,-12.5037,0.2,13.3514,-0.3,11.9368,-18.0053,19.4933,54.138,-10.091,-12.125,10.1537,32.0535,34.1077,0.0,1.0,0.2831522169302326
N_S_WWS_WM_166,-3.30674,8.22246,19.1444,13.9859,1.82,-1.04,6.67948,-2.50124,-12.647,-61.0048,-7.1703,0.6,-20.9771,-0.2,15.9694,27.3883,-24.4784,21.3448,99.7152,36.0278,-18.5205,-27.3318,-45.2431,0.0,1.0,0.2641788838936876
N_S_WWS_WM_168,-5.22331,6.16382,16.9201,15.0307,1.89,2.32,19.0385,1.63973,-33.1165,33.9258,-12.6495,0.2,5.05902,0.7,17.4,16.4999,-14.095,9.72951,119.482,25.1527,35.2671,-12.4669,-181.206,0.0,1.0,0.2400790380996677
N_S_WWS_WM_169,14.8888,10.7689,14.6127,7.23696,-1.51,-0.33,14.5749,0.948831,48.4669,-46.6596,-11.3214,0.8,-33.1943,0.2,-7.60229,-1.86093,25.9499,44.9548,33.9264,14.74,-26.2084,24.1191,115.706,0.0,1.0,0.2747768257142857
N_S_WWS_WM_170,-6.86378,11.1875,-5.55715,-2.89642,0.35,-0.91,-7.80238,2.71796,-20.5981,-7.56337,-6.94273,0.5,-14.3851,-0.3,31.3333,-3.93781,29.7656,31.4098,90.0618,36.4558,78.6205,-27.9779,-92.4595,0.0,1.0,0.255171016578073
N_S_WWS_WM_171,9.2592,13.2024,11.719,-17.2308,0.4,1.04,3.92436,9.11155,-39.2776,-36.7446,0.0757825,0.0,25.1133,-0.2,20.4629,-2.72914,21.676,-21.1825,-4.38928,24.9924,80.7779,-46.5058,134.359,0.0,1.0,0.231480797820598
N_S_WWS_WM_172,-5.2993,-2.65602,17.9732,-0.544374,0.48,-1.64,-2.78322,3.89664,36.7545,63.8911,-14.1424,0.4,-12.3195,0.8,-19.1538,13.2993,21.1606,5.29214,71.6819,23.6697,118.997,-19.5614,-178.088,0.0,1.0,0.244795780833887
N_S_WWS_WM_174,14.3171,0.800555,3.36829,-9.7897,-1.79,-1.27,18.901,5.02336,-29.1622,-78.0554,3.33563,0.0,-20.0893,0.3,16.3332,4.11563,6.64123,-13.0761,61.2235,-9.7414,41.9973,39.9591,-10.4763,0.0,1.0,0.2143696377973422
N_S_WWS_WM_175,5.75453,0.953152,7.73208,-13.1055,0.73,1.08,9.06128,2.46397,40.3959,102.681,-14.9336,0.2,16.2887,0.2,15.2789,-3.02737,-29.1147,-24.5308,80.2135,-46.6826,-39.2846,29.6093,-44.9067,0.0,1.0,0.2390127339900332
N_S_WWS_WM_177,-4.13834,12.3258,-0.236769,0.165864,-0.86,2.01,-4.53625,5.22996,-45.9282,76.6626,-10.3163,0.7,-26.9947,0.8,11.8111,14.5492,22.0725,26.3912,1.03962,44.5355,87.7792,-42.7442,122.234,0.0,1.0,0.2614752727209302
N_S_WWS_WM_178,1.02742,-0.664165,18.3514,-8.67436,0.49,2.21,18.414,5.16144,23.2228,-23.977,-4.07047,0.3,10.464,0.9,-16.178,-10.4183,-0.0114416,20.2547,126.183,-4.40546,72.5323,49.8403,73.9531,0.0,1.0,0.2396995707076412
N_S_WWS_WM_180,10.6488,14.3077,15.2811,16.9873,-0.59,-0.86,7.06062,2.45244,0.706734,129.871,-3.63203,-0.2,13.9177,0.9,12.7885,-1.10552,0.755337,39.2196,79.9992,-11.1429,-2.12396,-48.3214,102.735,0.0,1.0,0.2635479154518272
N_S_WWS_WM_182,4.59633,14.9648,12.8723,-12.3967,0.55,0.42,3.44704,-1.97843,-13.4179,-47.4233,3.14941,0.1,3.05163,-0.4,11.6731,0.922133,6.21442,9.79953,106.395,-30.6781,-21.4356,-10.6512,-192.02,0.0,1.0,0.2531805369601329
N_S_WWS_WM_186,-6.56367,5.57163,-7.59475,18.9555,0.82,-0.08,1.63999,8.9153,28.9221,54.9436,2.85187,-0.1,4.38743,0.8,14.9939,15.2922,17.4925,53.8305,105.533,41.238,15.1338,60.2739,-22.6824,0.0,1.0,0.2270817280996678
N_S_WWS_WM_187,3.63991,3.24959,-2.2383,11.6422,1.38,-1.57,12.9047,-4.35544,28.364,-92.5715,3.43432,-0.3,-37.5716,0.5,-2.31034,11.2253,-2.06747,33.1993,24.1803,-44.2325,129.931,-18.1536,-74.6984,0.0,1.0,0.2457333637674419
N_S_WWS_WM_189,0.927547,5.01659,-2.60367,1.26512,0.74,-1.78,7.78386,3.92401,-45.3066,16.9091,-10.1891,0.0,-14.4586,0.8,7.79045,2.47609,-1.11511,16.9459,104.721,48.9616,-58.2445,1.23452,-197.504,0.0,1.0,0.252301882
N_S_WWS_WM_190,12.5445,-6.76392,0.224627,8.06024,0.7,0.13,13.2143,1.70202,-25.018,-5.67779,-13.9054,0.6,-15.2625,-0.1,-24.5354,0.336808,0.91996,24.5074,21.3104,15.6381,144.461,13.6728,-160.809,0.0,1.0,0.243671041654485
N_S_WWS_WM_191,5.11771,2.4227,11.0998,1.71387,-0.3,0.66,16.9628,0.0644063,-34.5179,143.578,-7.43789,0.7,14.0597,0.2,28.9058,-0.222137,25.304,-18.2463,-58.5285,23.7536,-30.5225,39.244,-13.0334,0.0,1.0,0.2467914309069767
N_S_WWS_WM_192,8.97993,-7.57954,-1.0615,-14.9855,2.21,1.49,8.29195,1.55338,-40.9042,25.5345,1.10453,0.1,11.4584,0.6,22.9419,19.6405,3.07641,-22.7019,107.733,38.9867,-29.0416,-2.16728,-20.1866,0.0,1.0,0.211792202372093
N_S_WWS_WM_194,6.17557,10.6631,18.5968,-3.08968,1.34,-0.66,11.2558,5.03655,46.6988,-50.8239,-5.13467,-0.1,12.2714,0.0,7.1348,11.379,26.8318,51.8572,118.594,15.4316,7.13734,10.4492,-124.93,0.0,1.0,0.2561626400996678
N_S_WWS_WM_195,-7.29033,-3.9189,8.57515,-1.38529,0.68,-0.65,-3.55507,4.42964,-14.4631,68.7752,-2.42858,0.8,3.7521,-0.1,37.0012,-18.6203,23.8732,54.4811,-19.1517,-9.99127,45.0383,87.4418,-136.079,0.0,1.0,0.2528281674717608
N_S_WWS_WM_201,7.37789,1.43308,3.93348,-6.80876,-1.71,1.41,1.20192,-4.45535,-22.9875,108.99,-13.0214,0.0,15.586,0.4,-24.0964,11.1949,12.5042,6.3029,88.6777,-49.4812,2.44929,87.1624,49.6413,0.0,1.0,0.2361205839069767
N_S_WWS_WM_203,12.4362,12.7479,8.11738,4.2518,0.26,2.36,14.9553,7.5996,-36.6226,124.189,-12.9502,0.5,-35.8701,0.5,2.08997,6.07139,19.6025,42.1837,77.9009,39.4878,78.2033,31.1652,-154.907,0.0,1.0,0.2546222665847176
N_S_WWS_WM_205,6.82682,2.90433,2.67267,-16.1107,-0.77,-1.22,-8.41272,-3.59835,44.7212,25.2267,4.97848,0.7,11.0218,0.5,4.24551,6.42725,-20.5436,-11.6597,-28.0778,-2.87503,-21.9435,-5.82487,-97.416,0.0,1.0,0.2285451075780731
N_S_WWS_WM_206,3.02235,3.10722,11.143,-3.5264,-0.56,-0.2,-2.72728,-2.48433,-42.7358,-88.1711,-14.7962,0.1,-0.746037,-0.3,56.099,22.6683,23.2846,-13.2991,29.4715,44.9026,76.1914,-31.2261,5.89736,0.0,1.0,0.2382104093521594
N_S_WWS_WM_209,12.9212,7.17771,12.6337,2.11372,0.11,-0.42,-4.35615,7.30589,23.0176,-1.40711,-3.48798,0.8,-14.0892,-0.3,45.0656,-7.02795,-4.46149,32.7556,27.2829,-17.3449,-19.8127,78.7151,132.081,0.0,1.0,0.2449984600664451
N_S_WWS_WM_210,-6.24734,14.9672,2.73007,-0.954274,0.75,-0.02,-7.68093,3.77551,-10.471,111.729,2.15239,0.1,17.0583,0.3,23.1013,29.2069,-29.5358,10.9229,-47.5779,9.93527,-3.89743,37.8414,73.3081,0.0,1.0,0.2485676095813953
N_S_WWS_WM_211,6.33729,-3.39514,12.5088,3.01114,1.03,-1.7,0.213405,8.43238,-2.64319,-26.3253,-12.272,0.7,15.2555,0.2,-1.2304,-7.5417,26.3288,30.8599,73.2367,-44.6663,-3.56137,18.6581,-166.138,0.0,1.0,0.2538107354451827
N_S_WWS_WM_212,0.806445,14.5624,-1.3865,-11.9741,1.52,2.49,12.4245,0.737345,35.9163,-16.3425,4.22312,0.1,-13.7675,0.9,7.62867,6.68814,-18.1975,38.5706,40.4591,21.649,4.577,-36.5304,23.0567,0.0,1.0,0.2731047210199336
N_S_WWS_WM_214,-2.73459,13.7218,11.479,-6.1504,-0.95,2.34,8.05988,2.4957,-32.9938,-57.8659,-3.40064,0.3,1.45088,-0.1,50.1441,-19.549,12.6884,3.63845,23.1184,-46.0632,39.8811,67.7814,-23.0121,0.0,1.0,0.2552432430564784
N_S_WWS_WM_215,7.66194,-4.48591,11.0752,-19.5964,-1.56,0.98,2.56098,0.273084,-27.7507,1.06261,-1.34992,0.7,35.4901,0.7,-12.5838,8.53328,4.31735,6.00291,34.927,-14.3701,60.274,-51.0257,140.564,0.0,1.0,0.2266420286345514
N_S_WWS_WM_217,0.473862,4.85202,9.00653,-6.43839,0.62,-0.5,19.4856,9.73358,-24.2439,-39.294,-3.65836,0.8,28.7989,-0.2,2.02057,15.7432,-1.31774,43.1085,104.04,-18.369,115.658,-3.11164,-175.039,0.0,1.0,0.2456151094086378
N_S_WWS_WM_218,-2.65062,6.82613,16.3521,14.0672,1.62,1.22,-8.5976,1.32769,-31.9646,-2.5097,-6.45312,-0.4,-27.2199,0.5,-4.85982,12.9191,-28.9444,48.5099,29.9363,-6.81745,-42.9489,20.5198,-58.9729,0.0,1.0,0.269522933282392
N_S_WWS_WM_219,-7.68514,10.373,2.48667,-8.53467,0.28,0.56,-3.41463,7.79617,26.6708,1.65602,-4.00347,0.3,29.9839,-0.2,4.75773,9.75036,1.92608,40.3102,-58.2276,39.1553,-20.2238,55.3214,-165.605,0.0,1.0,0.2599845039036544
N_S_WWS_WM_220,4.47543,-2.38872,-6.75451,15.0988,0.13,-0.18,-2.2021,-0.0491714,-41.41,9.56241,-1.33666,0.0,-27.6258,0.7,42.9248,-4.58128,-28.1605,27.0356,40.278,40.8201,129.655,-51.3397,-185.965,0.0,1.0,0.2372782919667774
N_S_WWS_WM_222,6.52494,6.42728,-7.88709,17.8712,1.24,-1.29,8.22972,2.53469,26.7287,37.2739,-14.7701,-0.1,9.82797,0.8,-15.1129,29.9729,0.11858,-22.8289,2.22519,11.4883,33.2896,9.44326,47.7638,0.0,1.0,0.2484465366544851
N_S_WWS_WM_223,3.3496,11.2912,-4.40903,19.8848,-0.27,-0.31,18.8502,8.04987,-32.5999,77.3809,-5.40356,0.5,20.6193,0.3,49.3888,-8.07595,14.1323,14.3079,3.79462,39.9454,118.418,-2.96883,-106.507,0.0,1.0,0.2219286861362126
N_S_WWS_WM_224,14.2101,10.8446,-2.86887,-8.93235,1.07,-0.58,13.3778,-2.67401,32.6311,66.1305,-9.82539,0.0,10.7405,0.7,39.8712,-1.23495,11.1262,10.1017,-59.4953,-42.7199,43.3257,-22.0096,54.1384,0.0,1.0,0.2570515945681063
N_S_WWS_WM_228,-5.51067,6.60838,7.6418,6.07779,-1.68,2.23,19.1558,9.95368,41.6876,99.4931,-8.20529,-0.2,9.01162,0.1,-3.53813,-13.8866,-3.6302,5.18021,-8.57969,31.6445,-12.0689,42.2978,-101.955,0.0,1.0,0.2447368794318936
N_S_WWS_WM_229,5.82777,9.64976,2.69182,-4.76296,0.4,-1.24,3.30627,0.0918085,-21.7918,69.5444,4.35607,-0.3,4.77001,0.0,53.6377,14.028,-23.1821,-20.0291,25.0402,30.1583,-11.1553,82.1602,-135.208,0.0,1.0,0.2248989021993355
N_S_WWS_WM_230,5.16265,3.99311,12.7023,3.08647,0.32,-1.44,-5.47171,5.67173,-46.2154,82.2121,-2.56468,-0.1,-25.4296,-0.2,36.3678,21.1562,22.7259,7.4309,-45.9869,21.977,-50.379,-25.0282,-193.215,0.0,1.0,0.2347915051395348
N_S_WWS_WM_231,13.6084,-1.27814,-2.89468,4.13989,1.14,1.89,0.148148,9.44921,-30.4038,85.767,-6.89894,0.1,-10.4153,-0.1,-9.8215,29.7443,-7.39884,29.9492,-36.1534,33.0452,99.6222,-56.5993,-185.266,0.0,1.0,0.2457684352126245
N_S_WWS_WM_232,2.95889,0.344745,16.284,-16.9344,0.52,1.4,13.165,7.27373,-5.56808,29.5847,4.02518,0.2,-28.8589,0.7,55.0132,26.4923,10.5551,-13.8606,31.1844,33.8967,1.60328,82.0547,108.933,0.0,1.0,0.2116803119468438
N_S_WWS_WM_234,12.3142,-5.79706,9.64618,14.9996,-1.2,1.61,16.4961,4.00111,-18.4549,128.032,-4.03375,0.8,-11.209,0.7,49.916,0.60785,-18.2926,36.8033,107.285,31.4584,-15.5666,66.794,-106.407,0.0,1.0,0.2354333589601329
N_S_WWS_WM_235,1.63491,-3.71917,18.7422,17.5872,1.03,-0.37,6.6357,7.46222,-41.8221,-55.5229,0.396017,-0.2,-10.5341,0.8,-0.812286,-12.324,4.24824,24.7258,29.2447,-29.4493,79.9161,-43.251,-57.7208,0.0,1.0,0.2303586928372093
N_S_WWS_WM_236,-7.95396,0.49401,1.55884,9.47049,1.02,-1.07,1.43783,8.87658,2.67085,80.5526,2.97433,-0.3,-18.0366,1.0,17.5066,-3.84612,5.3187,4.29811,53.9652,-45.5227,-25.1621,-12.9934,128.7,0.0,1.0,0.2197906762923588
N_S_WWS_WM_237,0.967892,2.10049,5.16037,-7.08534,-0.84,-0.94,16.4747,4.67473,-25.4081,-69.3381,-7.24065,0.5,-36.3758,0.8,-20.6237,-0.0874523,-21.8855,14.5184,-14.759,39.5858,98.16,57.3929,55.444,0.0,1.0,0.24169831120598
N_S_WWS_WM_239,10.8002,6.86028,-2.97758,-1.90935,0.84,-0.95,16.439,-3.00413,30.4141,30.3365,-11.5263,0.5,36.195,0.5,57.2036,8.6003,-1.78252,-4.66281,96.9013,34.3663,128.399,64.2809,-168.699,0.0,1.0,0.2430622041196013
N_S_WWS_WM_240,12.4822,-7.50444,-6.48716,16.2164,0.97,0.12,0.0126929,3.38913,-46.4914,-0.80509,1.73022,0.6,-16.8365,0.9,20.1134,25.7022,5.29959,17.9118,21.149,-44.0773,114.962,52.6986,15.2008,0.0,1.0,0.2127809569069767
N_S_WWS_WM_241,2.93651,-0.173017,-0.273907,-10.0037,-0.92,0.25,9.65055,-4.74297,6.61181,23.3161,-2.58107,-0.2,-16.3513,0.7,38.8672,-9.78815,-0.85356,-23.6688,-49.7578,46.5323,21.6572,14.4077,-44.2832,0.0,1.0,0.2237051196877076
N_S_WWS_WM_242,2.07089,14.6727,14.6526,15.7486,-0.51,0.09,1.11928,9.7487,-17.5065,83.695,-9.14116,0.3,-19.5622,0.8,-10.5362,26.3098,0.440214,45.4376,12.2811,29.9635,136.283,2.15251,-129.837,0.0,1.0,0.2682209189601329
N_S_WWS_WM_243,2.68419,9.63668,-0.810148,-16.4886,0.33,0.11,-7.5057,9.18879,40.5595,24.7032,3.12307,-0.1,-13.9827,0.9,-3.05084,-2.49035,15.1984,-1.78316,-43.5876,43.9944,134.059,80.5256,40.6988,0.0,1.0,0.2173649262159468
N_S_WWS_WM_244,-1.0384,-3.68599,3.55271,-3.57234,1.11,0.16,-5.18334,9.66029,-23.748,4.88408,-7.70345,-0.4,-5.47595,0.9,42.6883,10.2812,-16.4911,40.447,-53.9249,41.8835,-38.1779,-10.1085,-100.992,0.0,1.0,0.2390975465348837
N_S_WWS_WM_245,8.02721,11.7786,10.1211,-10.5732,2.37,-0.48,17.2891,3.02557,0.0794027,116.979,3.28345,-0.1,16.4278,-0.2,-16.8598,6.63619,-15.5874,52.7176,-50.3741,13.0883,45.4243,-40.3591,14.8278,0.0,1.0,0.2703336970431894
N_S_WWS_WM_246,-3.8653,2.20918,-6.00009,-12.6474,0.57,2.42,6.50637,3.48616,-11.5706,-2.84335,-9.37488,-0.2,11.2327,0.7,59.6055,28.6083,-8.93864,8.65484,-51.8824,-11.7011,54.1034,77.5939,-166.923,0.0,1.0,0.2547426220697674
N_S_WWS_WM_248,-7.22523,-0.309216,5.67432,-0.870079,2.23,-1.67,-6.14544,2.20785,0.396249,52.1912,-8.29056,-0.1,16.5257,0.0,7.98313,-12.8155,17.4076,-10.9791,128.285,32.3899,132.048,47.6844,52.7462,0.0,1.0,0.2459907727209302
N_S_WWS_WM_249,1.15433,3.37511,15.102,-10.9198,-0.43,1.35,8.00245,4.86283,-14.6686,-17.9342,-14.6804,-0.2,20.7408,0.1,-24.766,-19.1587,0.981035,28.5819,90.9818,-47.2908,-29.6719,-53.4186,134.885,0.0,1.0,0.2612506542558139
N_S_WWS_WM_250,5.84775,-1.57808,18.6277,0.275609,1.49,-1.23,-3.02137,4.85197,-8.92593,82.7019,-9.41067,0.7,-36.3157,-0.1,-15.5479,19.5412,-10.8781,-24.0637,-17.0164,48.738,35.0139,23.8289,-112.455,0.0,1.0,0.2345085457873754
N_S_WWS_WM_252,6.22772,-0.810618,-6.60915,-3.77392,1.35,2.34,2.2018,6.21938,30.0161,-87.4172,2.2854,-0.4,20.5469,0.4,5.94671,-13.3236,24.127,-13.582,-7.7495,30.3175,91.3247,51.4262,-43.0811,0.0,1.0,0.2090139926112956
N_S_WWS_WM_253,-0.221488,12.9478,19.4458,-5.25255,0.91,-0.59,4.52132,-3.2007,-31.7686,-52.8942,-10.5757,-0.1,-14.9321,0.7,-18.0358,6.96623,19.1499,20.5607,-54.3884,-44.8697,106.451,70.9537,27.5881,0.0,1.0,0.2831904274584718
N_S_WWS_WM_255,4.25003,12.558,4.4412,10.4067,1.31,-0.93,-5.56534,7.94372,17.8542,128.574,-12.8437,0.3,0.847356,0.3,38.4377,7.24425,-21.1578,12.6295,111.719,42.2998,-6.83368,-36.0107,-146.35,0.0,1.0,0.265295743757475
N_S_WWS_WM_256,3.92431,7.62352,14.8468,10.1364,-1.43,0.2,-2.4755,-2.83623,26.9704,65.6677,3.90474,-0.4,-6.64274,0.7,-18.6282,5.28446,-14.7617,31.9278,6.0343,2.25528,26.2424,62.1508,101.642,0.0,1.0,0.2430397544850498
N_S_WWS_WM_258,-1.4418,2.70905,15.5506,11.4807,1.08,2.13,6.61746,-3.5352,42.3326,-58.4171,3.42379,0.3,-33.4119,0.1,14.3133,26.1394,10.4637,-21.9306,62.2288,7.25828,84.7291,-35.1545,-99.8148,0.0,1.0,0.230509891986711
N_S_WWS_WM_259,8.78978,-5.34889,4.8529,-4.50748,-1.6,-0.08,-6.88473,-1.84039,28.022,76.8757,-10.4429,-0.2,-39.6883,-0.1,45.495,6.26847,12.2938,-9.46379,52.6882,-45.638,62.1503,4.10828,-46.5373,0.0,1.0,0.238204146641196
N_S_WWS_WM_260,-3.51899,-1.31148,-1.1388,-7.33107,-1.73,-1.77,6.37069,5.27781,7.38669,58.3152,4.14493,-0.1,-33.6215,-0.4,12.5053,-16.0775,23.0647,10.2101,19.3367,22.123,-5.04661,1.40551,-65.5942,0.0,1.0,0.2337342178604651
N_S_WWS_WM_261,13.1353,-2.12248,15.0124,-2.95051,2.32,2.21,0.172799,7.20081,-41.0869,109.582,-3.53949,0.7,-4.60236,0.0,8.18429,10.7241,23.1783,29.7642,-12.7259,34.83,8.10154,81.4034,-42.7554,0.0,1.0,0.2446206799966777
N_S_WWS_WM_262,0.223555,4.18995,2.1117,16.8202,1.04,-0.71,18.7332,-1.19796,47.4764,-12.0638,-3.89634,0.3,-4.82007,0.1,-15.2223,-0.914121,-24.0764,53.3761,64.8038,-33.3417,-33.6252,-41.9721,-45.9437,0.0,1.0,0.2503102222126246
N_S_WWS_WM_263,6.65609,-0.764586,-4.93681,1.59994,0.58,1.1,5.24494,-0.900963,33.6654,-90.3368,2.59227,0.4,-16.6277,1.0,32.4802,7.07684,5.92247,12.746,121.804,28.1677,129.119,11.767,-104.661,0.0,1.0,0.2156607970498338
N_S_WWS_WM_264,0.527561,-4.99318,13.7386,-19.7136,-0.06,2.14,-3.79186,7.32167,42.9476,39.1053,-2.24455,0.3,2.78356,0.5,17.0342,-4.41586,-23.3503,36.1192,-12.2591,-40.2137,-49.4296,77.0716,-144.421,0.0,1.0,0.2518805257973422
N_S_WWS_WM_265,12.0169,9.37736,10.0382,12.6549,2.5,-1.44,-0.147528,7.06984,-31.1671,21.2901,0.369002,0.5,-8.42237,0.5,47.8279,-12.3992,-13.0547,35.2396,25.8801,47.6882,23.344,-56.8255,20.3829,0.0,1.0,0.2579762774219269
N_S_WWS_WM_266,-3.97892,6.66561,-5.05328,10.8997,-1.22,2.04,-7.90374,-0.371956,48.6847,48.1872,-2.08017,-0.3,13.5717,0.4,12.5839,-6.54749,17.9901,7.00691,116.222,-42.9174,61.3216,-50.2549,57.8101,0.0,1.0,0.2496672722259136
N_S_WWS_WM_267,-2.06414,12.7153,-4.66255,6.48823,-1.53,0.1,5.07045,6.80788,23.8461,113.641,-4.75407,0.2,-18.1516,0.6,24.6246,8.92369,17.1937,-22.4271,19.1961,-35.0221,144.037,-25.9217,-175.733,0.0,1.0,0.2292856346511627
N_S_WWS_WM_268,11.9226,-3.42358,14.0472,-14.8876,1.11,-0.55,18.2962,4.02436,-1.20435,-53.0807,-9.50299,0.8,13.7857,-0.4,54.8762,4.62244,-6.0545,13.5878,86.4707,17.9518,7.87287,43.7361,-71.3932,0.0,1.0,0.2359299613920265
N_S_WWS_WM_269,13.6918,12.0376,19.5827,4.46638,1.44,2.27,9.94203,6.78487,19.9555,-46.7676,-0.535212,0.5,-16.1854,-0.4,59.3543,-2.65733,12.2312,1.68866,76.1762,24.0,107.342,-6.74932,-111.911,0.0,1.0,0.2342796592392026
N_S_WWS_WM_271,-4.78849,-0.948227,17.2089,-18.1868,-0.74,0.68,12.8766,-2.71706,6.15086,56.5993,-9.56481,0.3,-34.3014,-0.3,-11.869,-0.14394,25.4095,54.3282,37.5586,-30.5558,-0.197107,12.7099,43.3271,0.0,1.0,0.2734730960099668
N_S_WWS_WM_272,8.51229,0.586839,-4.27878,-16.2652,0.8,-0.85,-1.52171,7.23357,-27.4549,67.1858,0.0532965,0.8,13.9858,0.9,37.1355,7.90228,-20.1551,17.5576,127.392,-1.45945,2.26356,69.4087,61.6875,0.0,1.0,0.2170153345249169
N_S_WWS_WM_274,3.84474,13.0337,-3.28122,-19.2828,1.4,-1.09,16.1712,-3.3997,4.32712,-29.749,-3.09142,0.7,32.4805,0.0,19.7746,21.862,16.4299,-2.68353,101.374,26.3907,-32.228,-7.85264,30.7055,0.0,1.0,0.2400116793521594
N_S_WWS_WM_276,-1.42347,7.77924,14.8062,-11.0433,1.46,-1.18,-2.11525,1.30529,-11.3529,139.198,1.20937,-0.2,-24.197,0.9,19.3399,19.2643,-24.6107,-8.66586,117.672,8.48769,74.9302,18.1854,-182.521,0.0,1.0,0.2339859687142857
N_S_WWS_WM_277,9.76389,1.48148,-5.13615,8.7727,-0.49,-0.72,2.1693,3.72304,15.0696,-43.5462,4.37208,-0.2,18.0495,0.6,-10.9235,19.656,-23.9132,-7.69945,105.616,-33.7104,90.2659,-22.3764,51.7307,0.0,1.0,0.2064161018239202
N_S_WWS_WM_278,-2.04933,10.6489,1.09105,7.70639,-1.03,-1.39,5.50677,-3.8185,-37.5944,-32.9422,-11.7692,0.2,-39.8864,0.6,58.425,-5.19861,5.91065,19.242,42.2961,-23.6833,49.0395,19.2952,-112.91,0.0,1.0,0.2616129078172757
N_S_WWS_WM_279,1.54088,-3.75004,1.19552,-2.30357,-0.63,0.92,-5.212,9.15599,33.7603,44.126,-8.82492,0.1,30.9573,0.4,-9.5336,-15.2414,28.444,-21.6806,79.393,-14.8187,-37.0024,-8.39846,88.175,0.0,1.0,0.2296050769501661
N_S_WWS_WM_281,14.5951,14.4037,-1.42886,-16.6172,-1.39,-1.09,16.6591,5.55613,5.54013,-12.5098,-2.8508,0.4,-22.3548,0.8,58.8145,-11.2503,3.26379,21.1602,-18.8161,22.9069,-35.4958,-19.9316,-107.237,0.0,1.0,0.2690583679534883
N_S_WWS_WM_282,-7.89774,9.4999,16.8649,-13.4538,1.92,2.22,0.248699,-3.48872,-9.93561,-24.8423,-10.5382,0.6,24.8703,0.5,-14.4984,26.0436,0.530137,12.191,94.062,-39.8944,63.0888,33.379,18.0395,0.0,1.0,0.2730446413255813
N_S_WWS_WM_283,12.5966,-3.11507,19.3567,8.16114,-0.47,-1.76,-0.236057,6.89243,30.7436,68.8934,-2.70066,0.0,18.6468,0.4,-7.77825,-16.0472,-7.9263,22.9602,-36.8096,28.8659,66.5211,-23.3727,-91.7151,0.0,1.0,0.2365235657973422
N_S_WWS_WM_284,-0.429287,12.0886,-3.26471,-0.155666,1.66,-1.01,15.9445,8.75662,27.0728,27.146,4.70196,0.5,-28.189,0.5,-22.0063,-16.2434,-8.61486,22.5523,-30.1256,47.4491,128.407,-36.7484,-47.5564,0.0,1.0,0.2606263631561462
N_S_WWS_WM_285,-3.7605,-4.33703,10.4507,4.73164,2.35,-1.41,4.81673,-0.0932522,-39.8811,-26.4604,1.3357,-0.1,27.484,0.0,-17.5656,8.25393,-16.3899,-6.33228,40.1414,18.5468,82.0061,-2.52697,-159.25,0.0,1.0,0.2201731711627906
N_S_WWS_WM_286,1.80063,14.9076,-3.21118,-4.90108,-1.69,-1.01,3.12244,2.60881,2.22937,-88.6172,0.336701,0.2,2.96576,0.8,-20.1932,22.2204,21.2375,-10.6527,28.6437,9.11821,135.647,49.991,26.0451,0.0,1.0,0.2399131159900332
N_S_WWS_WM_289,9.44002,2.63817,-7.66054,-10.5229,0.96,-1.43,18.797,7.16953,-13.4742,-28.51,-0.89665,0.1,33.2576,-0.4,18.7559,0.371146,14.1683,36.5672,-25.9332,10.7233,-39.5577,-29.1427,-140.634,0.0,1.0,0.2523007464551495
N_S_WWS_WM_290,7.9238,10.8823,4.42385,3.93312,2.21,-1.7,4.87846,1.28015,-14.9909,120.117,-13.3842,0.8,-20.9077,0.6,6.66423,-9.13248,-10.6542,5.54563,-14.0231,10.672,140.507,0.438993,47.4082,0.0,1.0,0.2560879070963455
N_S_WWS_WM_291,-5.40066,11.5408,12.3707,-0.171758,1.63,1.46,4.96232,9.42964,29.4197,95.8915,-4.7943,-0.1,26.7122,-0.1,-20.1374,1.4249,6.1639,22.7088,97.2023,-22.2807,-17.3021,84.9481,59.2701,0.0,1.0,0.2773322449501661
N_S_WWS_WM_292,5.73214,7.19271,14.0155,10.3931,0.78,-1.52,10.7571,5.26305,-1.1386,-63.4925,-6.82612,0.7,-19.1703,1.0,56.7133,29.9001,1.35449,6.49994,-15.3828,-13.0713,53.5058,-34.2597,17.1109,0.0,1.0,0.2376673691162791
N_S_WWS_WM_294,1.50477,-6.06324,16.6952,-2.00787,0.65,0.09,7.66716,1.41637,15.5792,118.676,-10.6305,0.6,7.04659,-0.3,11.4054,25.1581,-16.2653,41.5112,76.5191,49.9911,114.366,-15.3953,148.354,0.0,1.0,0.2488967414252491
N_S_WWS_WM_295,13.6247,11.4684,-4.8019,10.2719,-1.49,-1.37,11.1962,-0.157038,-5.34677,51.713,-1.81477,-0.1,10.2429,-0.3,-4.38629,-4.73001,5.13796,-15.1237,28.8622,39.7311,50.4784,-53.2994,69.6894,0.0,1.0,0.2351811543621262
N_S_WWS_WM_297,13.3154,4.54897,19.8819,10.1903,1.28,-0.26,8.1353,6.36584,14.8353,15.1127,-13.1998,0.6,-21.2102,0.7,-22.4316,15.9456,-5.11105,30.4499,119.36,35.442,97.2759,55.803,48.8339,0.0,1.0,0.2592425274219269
N_S_WWS_WM_299,9.96875,-0.619883,0.0211153,2.64876,-0.33,1.8,4.08152,-1.5833,43.6365,79.1923,0.477623,0.0,34.9795,0.2,0.563805,9.1898,-21.2684,15.5143,108.355,17.3887,-47.5176,83.6234,-158.546,0.0,1.0,0.2285743671129568
N_S_WWS_WM_300,3.94595,1.2949,19.4247,-12.1299,-0.74,-0.29,11.325,1.53289,-10.9234,59.6389,4.93685,0.6,2.26151,0.6,40.2053,-17.8902,-23.6194,-11.9808,88.8281,-7.72288,32.716,2.51209,148.89,0.0,1.0,0.2241244656179402
N_S_WWS_WM_301,-1.2433,-2.1805,-6.8122,-6.10936,-1.23,0.49,-6.28889,-3.85437,36.6154,131.241,-2.47683,0.1,23.0146,0.7,34.0607,29.362,2.45387,27.5635,-31.7729,12.2872,-7.63838,-4.80833,-199.761,0.0,1.0,0.2211435979335548
N_S_WWS_WM_302,14.9612,2.40071,0.300317,1.99411,0.43,-0.05,-3.22732,-0.935731,18.5061,45.2784,-12.4612,-0.3,28.4221,0.3,12.6605,-18.0893,-22.4699,34.9708,6.68258,-37.0613,-57.6126,-28.7612,-128.633,0.0,1.0,0.2628048101096345
N_S_WWS_WM_303,10.5297,6.51376,1.3033,-13.9493,1.9,2.47,19.1176,0.255709,15.8581,-36.9674,-10.3025,0.5,-37.0827,0.1,16.4457,3.97462,1.38108,40.0625,112.976,-40.4925,120.358,-40.0155,38.9798,0.0,1.0,0.273938828192691
N_S_WWS_WM_304,11.6489,3.63073,11.2127,-8.49544,2.16,-0.24,7.02122,-0.160129,14.0097,126.067,-14.3827,-0.1,-5.56949,0.1,58.6442,24.0717,-11.1183,48.746,123.776,-24.8314,27.3181,63.6225,-101.49,0.0,1.0,0.2798582371860465
N_S_WWS_WM_305,2.88578,5.73816,3.7594,11.6635,-1.61,2.05,-4.86326,1.71567,-37.2904,-61.6196,-9.22691,-0.3,-12.1238,0.3,-7.64911,24.2013,21.8699,35.5237,-23.9172,-45.7609,41.5985,51.196,91.0721,0.0,1.0,0.2667465396478405
N_S_WWS_WM_306,4.51894,-7.79045,18.5251,16.2913,0.51,1.51,3.22681,9.89428,-45.0098,117.447,-2.67495,0.8,-21.1268,0.4,28.5381,-9.03334,13.3125,-11.5905,39.2943,10.2992,11.8839,-16.1829,89.5178,0.0,1.0,0.2226275707674418
N_S_WWS_WM_307,-5.58072,-1.6187,-7.23821,-1.45477,0.95,0.9,16.7411,1.87136,49.5104,131.727,-6.41938,0.1,-1.01521,0.1,5.7541,1.88041,-9.5922,-15.8599,114.399,24.0643,118.609,-23.5821,-37.229,0.0,1.0,0.2255598254119601
N_S_WWS_WM_308,-1.57663,-1.09839,6.78325,18.5492,0.53,1.54,6.56771,5.99262,33.1547,-38.8581,-13.4194,-0.3,38.2036,0.2,-1.3985,15.3858,28.0424,34.1731,3.71275,-15.8874,3.08829,86.4245,-172.79,0.0,1.0,0.2599170813289037
N_S_WWS_WM_310,2.77386,8.82451,1.96234,-15.7196,-0.71,-0.4,17.1081,0.87735,30.4841,7.67427,-14.3227,0.7,-9.94364,0.9,5.62305,7.56756,-13.3455,0.196185,30.7721,-39.6603,146.173,25.7586,-105.167,0.0,1.0,0.2494121750730897
N_S_WWS_WM_311,-1.1241,-1.44458,14.8941,-9.31082,-0.16,1.79,4.58587,-4.17042,37.4084,27.3129,-14.9535,0.1,-32.4086,0.5,3.82697,13.5394,-6.39725,-2.49608,-55.7087,-7.888,-59.8167,1.65151,-137.917,0.0,1.0,0.2609495016943521
N_S_WWS_WM_312,11.1126,7.00355,5.9484,17.7853,-0.51,-1.59,15.4928,5.2019,-41.4857,-30.5641,3.7247,0.7,3.80026,-0.2,42.6311,-17.3981,6.37938,-17.2237,-19.8305,9.18631,-22.4838,9.23363,93.265,0.0,1.0,0.2264995671528239
N_S_WWS_WM_315,-4.55556,3.895,8.94136,-13.4166,1.72,-0.6,11.6052,4.26591,16.1003,50.7281,-3.81558,-0.1,-10.2403,0.8,51.0832,-14.0563,27.0913,25.6208,-11.8919,-5.24025,-34.0072,37.0564,140.186,0.0,1.0,0.2589173574717608
N_S_WWS_WM_317,7.61576,-2.08332,8.69459,-2.06074,2.49,-1.58,-3.52195,3.0795,-43.5714,-67.3735,-4.60972,0.2,16.1855,0.9,20.6025,1.67658,19.365,-16.5754,22.8602,-10.3004,41.3639,-19.194,137.721,0.0,1.0,0.2280136024219269
N_S_WWS_WM_319,2.59026,-6.73659,0.517518,-3.31192,0.7,2.46,6.73566,1.02883,12.9162,-20.6931,-0.33828,-0.2,36.5894,-0.1,-9.03067,28.3408,11.9657,22.4806,-51.1018,7.69723,17.3783,-45.6562,-68.1126,0.0,1.0,0.2229671149468438
N_S_WWS_WM_321,11.004,12.6951,-6.15302,-7.76348,0.55,1.95,-9.17799,1.97035,17.3019,14.8661,-2.22682,0.2,6.00033,0.1,49.5611,28.8385,20.1297,-10.9055,69.1513,6.19894,36.3244,-35.4888,138.52,0.0,1.0,0.2329543414983388
N_S_WWS_WM_322,8.22373,14.7945,-5.75477,-19.3203,1.1,1.41,17.4485,1.14789,-5.2707,-75.8094,-3.60287,0.3,-8.4669,0.5,-2.22129,-5.27623,17.6737,2.71491,1.92591,-49.3805,42.7231,-43.8154,-152.187,0.0,1.0,0.2402503990465116
N_S_WWS_WM_323,-4.09069,2.59603,1.94322,-8.72595,1.74,0.02,14.0106,7.79115,-35.1851,38.5029,-5.37978,0.2,-36.6596,-0.1,-19.359,22.0625,-28.3127,-3.49731,107.976,0.272774,145.939,44.065,-108.961,0.0,1.0,0.2432168375083056
N_S_WWS_WM_324,-3.54572,-1.2177,-4.20175,6.9087,-0.78,-1.06,12.5627,8.73415,34.2574,123.084,-4.90479,-0.3,-13.3259,-0.2,-7.47745,22.7164,-14.858,23.8489,-4.02362,-13.3279,103.623,67.5647,-174.355,0.0,1.0,0.2583584089966777
N_S_WWS_WM_327,0.578123,2.27971,9.94859,-18.5218,1.93,-1.47,2.07114,1.96365,-7.87191,-22.6639,1.87187,0.4,-39.4617,0.6,-11.659,16.0878,29.4995,25.2039,32.1409,-28.9677,70.601,65.4928,117.88,0.0,1.0,0.2522608141627906
N_S_WWS_WM_328,-4.64991,10.8228,17.6653,-4.06097,0.43,0.86,17.6039,6.51122,29.2445,87.3078,-0.222949,0.3,-10.855,0.0,38.8875,-13.448,24.0058,23.5688,-57.4584,28.2908,68.4703,-53.6718,-133.558,0.0,1.0,0.2637306069800664
N_S_WWS_WM_330,14.8494,9.39904,19.7403,3.21728,-0.75,-1.04,-6.42852,0.408796,5.1957,2.28945,2.9379,0.4,25.6196,-0.2,9.98785,7.33804,-22.1975,7.58401,3.22246,11.8037,106.687,18.9376,126.947,0.0,1.0,0.2391620641262458
N_S_WWS_WM_331,10.7475,1.00995,13.4826,7.96967,-1.17,2.25,8.3587,-1.64504,-37.8606,130.283,-12.015,0.0,33.5095,-0.2,26.1141,-10.284,-23.7288,42.5289,100.212,-16.1393,-51.3009,-20.6588,58.1358,0.0,1.0,0.2469904263787375
N_S_WWS_WM_332,5.63807,-3.43814,15.7931,8.43034,-1.77,0.27,12.0608,4.74947,8.21663,-92.2399,-1.37703,0.4,-20.162,-0.3,-16.1026,-17.6361,-4.59733,-1.33546,0.4319,-17.6554,55.4154,-13.9458,81.3644,0.0,1.0,0.22645787420598
N_S_WWS_WM_334,10.2953,-5.80348,-3.97651,19.2681,2.36,2.03,7.57503,5.91881,26.0856,-51.4419,-3.96946,0.0,-1.0535,0.4,0.642986,11.0792,-19.756,21.4199,1.11919,0.0909229,146.432,-4.69452,63.7962,0.0,1.0,0.2271555180232558
N_S_WWS_WM_336,-2.25394,14.4885,10.9803,11.9434,-1.07,-0.52,6.01954,1.49856,-27.3903,-32.6618,-13.7654,-0.3,-23.7475,-0.2,1.80588,1.1944,-22.9689,-0.262679,91.8881,-33.4415,-0.687429,-10.0153,130.385,0.0,1.0,0.2737702431362126
N_S_WWS_WM_337,0.485376,-1.79022,7.06808,19.1819,0.94,0.77,-9.89439,5.37716,32.0757,35.6164,-5.95721,0.8,-32.9958,0.1,54.4999,-11.8715,-27.5163,12.0772,120.104,25.6094,0.495898,26.8087,-51.4571,0.0,1.0,0.2396256608504983
N_S_WWS_WM_338,9.48387,10.1073,-4.88153,-5.45173,0.41,-1.04,17.1947,9.88094,45.725,124.721,-2.73426,0.0,35.3009,0.2,-11.5755,-4.24152,-20.2315,7.9137,-1.62809,-10.1332,-22.5075,30.6879,82.1942,0.0,1.0,0.2540516166976744
N_S_WWS_WM_339,5.3344,-4.20234,0.642842,9.92113,1.68,1.75,18.524,-0.402171,-35.055,35.2679,-10.0082,0.0,-15.7797,0.2,7.30739,-12.2769,-25.0979,-9.78623,7.27882,-43.5174,5.60799,2.94371,133.68,0.0,1.0,0.2314950527807308
N_S_WWS_WM_340,-2.32102,-4.42296,12.996,-5.78257,0.35,0.51,18.1307,9.51431,-38.2635,-43.8126,-6.39124,0.0,5.58556,0.4,31.9125,-19.2919,-24.9713,-20.4376,111.342,26.0964,-21.7546,43.5469,-41.0291,0.0,1.0,0.2296601318172757
N_S_WWS_WM_341,-4.97236,-1.37923,12.0259,5.49031,1.14,-0.26,14.4313,0.521936,-47.0265,-14.4551,-0.0769903,-0.2,-35.4985,0.1,26.629,24.3715,-5.97266,32.8625,54.2156,-0.225372,-4.61546,-40.7498,139.751,0.0,1.0,0.2383829906710963
N_S_WWS_WM_342,-6.32991,0.840446,10.0661,18.8625,-1.35,1.12,-0.942221,0.491693,-18.3253,-78.498,-9.90453,0.4,-15.1609,1.0,25.5269,22.4881,1.66263,4.7929,108.891,-30.0856,-14.4892,61.5793,-155.339,0.0,1.0,0.2291547591661129
N_S_WWS_WM_343,-5.87982,3.83745,12.0419,-18.8721,0.6,0.59,19.0692,3.6922,49.2893,10.2517,-14.5269,-0.1,-25.2619,0.7,18.6404,-4.18289,1.8141,-14.5609,87.0901,-18.5243,39.3032,-43.6017,103.999,0.0,1.0,0.2499279680099667
N_S_WWS_WM_347,-0.473037,13.6551,7.28715,15.9415,0.22,-0.45,12.6331,2.85356,4.80683,30.9418,-9.65864,0.8,-5.18552,0.7,0.147791,12.7063,-27.6812,20.6623,-52.7742,9.3598,-54.8365,-19.4294,113.509,0.0,1.0,0.2838678179667774
N_S_WWS_WM_348,-6.27783,-0.783989,11.873,-8.09272,-0.53,0.94,-2.67982,8.23073,40.9023,-23.8102,-5.4467,0.6,20.1726,-0.3,58.9702,-17.8447,-19.3991,12.5853,-2.22323,-15.2432,125.788,54.518,-73.885,0.0,1.0,0.2425306224518272
N_S_WWS_WM_349,3.15792,3.21829,13.4468,5.3823,-1.27,1.07,9.60067,9.84712,45.6116,94.9647,-14.0546,0.3,37.3649,-0.3,13.0789,23.6506,15.3211,25.993,97.8507,28.831,81.1154,56.449,-131.02,0.0,1.0,0.2531700456943521
N_S_WWS_WM_350,13.5785,-6.79542,15.2639,-6.74857,-1.29,0.23,-4.2173,7.70076,-33.602,70.9935,3.60083,-0.2,20.9864,-0.3,-2.61646,13.3578,12.8251,-16.8857,15.2655,40.3401,-19.5615,-4.19041,-48.5334,0.0,1.0,0.2289813546046511
N_S_WWS_WM_352,-2.12652,14.2414,18.4322,9.23348,-0.37,0.4,-1.5856,-2.17657,-30.0122,22.9067,-0.300608,0.8,1.99376,-0.2,31.6455,28.8627,10.7747,41.7755,47.9311,-13.8272,30.106,7.57855,78.6861,0.0,1.0,0.250597931551495
N_S_WWS_WM_354,9.36503,-6.67286,13.653,-8.98283,-0.7,-0.39,-6.73768,6.1938,11.4337,118.117,-8.51475,-0.4,28.8138,0.2,-10.5937,14.8317,20.758,43.3811,58.1828,-49.8203,29.4231,-58.6145,-113.417,0.0,1.0,0.250711171282392
N_S_WWS_WM_355,2.62663,-4.6621,13.6343,-7.13771,1.76,0.71,-5.86515,-3.55434,-0.86367,-17.3792,2.94954,-0.4,0.157388,0.4,56.3069,18.612,26.8253,8.11013,123.199,27.7021,14.3116,17.2681,-122.695,0.0,1.0,0.2211752263255814
N_S_WWS_WM_356,-3.61504,-6.45093,14.4931,-9.03637,2.29,0.02,19.7522,1.21741,36.0333,57.6658,2.88953,-0.2,-7.56957,0.6,30.9092,8.37078,4.58108,9.26996,94.3988,-16.4974,119.175,86.2322,-31.641,0.0,1.0,0.2222992425681063
N_S_WWS_WM_358,5.06481,6.41443,7.82808,-6.61939,1.35,-1.19,7.91727,4.18703,-39.5568,64.7429,0.421409,0.4,-9.20463,-0.2,-16.3235,20.8719,27.7582,53.7426,10.2358,42.1983,137.682,61.7457,-176.855,0.0,1.0,0.2647520738538205
N_S_WWS_WM_359,2.37588,-6.38791,-0.87376,5.30754,1.71,2.14,18.6772,-0.988683,12.7911,148.181,-7.92863,0.6,19.7468,-0.2,3.28324,-7.58902,2.08518,34.8248,96.8637,-35.3489,21.3784,61.3787,-28.0429,0.0,1.0,0.2376453914252491
N_S_WWS_WM_360,-0.747814,3.04446,16.915,-4.35435,2.39,0.5,-8.6869,2.05664,-38.7447,-36.1935,-12.3884,0.0,-19.3227,0.3,11.616,27.2134,-5.73005,20.2945,-5.06857,44.7741,125.235,51.5428,-187.497,0.0,1.0,0.2469865748604651
N_S_WWS_WM_365,-0.9414,9.16835,12.2158,-2.14607,2.12,1.47,-7.25845,-4.50356,11.0413,-91.538,-8.42369,0.0,5.8797,0.1,-11.5129,-15.5052,-5.57883,45.9545,125.062,35.4192,7.74439,16.1663,-1.72516,0.0,1.0,0.2618004273122923
N_S_WWS_WM_366,-3.17322,-2.92043,10.8535,17.2916,2.02,0.47,17.5953,-0.0774861,43.2239,5.50685,-3.88322,0.3,34.5849,-0.4,44.3144,24.3002,12.5548,6.68629,6.81047,-34.7361,-31.1444,13.0898,-127.21,0.0,1.0,0.2418224842624584
N_S_WWS_WM_367,-1.48067,12.4366,10.28,13.8782,-0.14,2.08,5.64358,3.1589,-28.2529,36.6587,-4.19927,0.5,-30.9238,-0.3,44.1145,5.13668,-2.41841,54.0266,27.8576,32.5931,-13.8043,-50.7219,-189.558,0.0,1.0,0.2678873197076412
N_S_WWS_WM_370,-0.279307,14.4162,16.5636,4.08502,1.41,0.97,14.0934,-4.58198,-8.4606,-37.3915,3.23229,-0.3,-14.9819,0.3,1.24733,-3.34723,3.94085,-2.00967,41.0417,19.0562,148.058,8.56311,145.963,0.0,1.0,0.2381551866478405
N_S_WWS_WM_372,-5.43353,0.978148,0.807548,14.6848,-1.1,2.08,7.33434,7.42514,-25.2674,46.9333,2.22963,0.1,-28.6427,-0.4,59.5076,-7.83249,-0.704175,14.3318,-5.3357,-31.738,73.9349,-23.9256,98.1639,0.0,1.0,0.2194666581727574
N_S_WWS_WM_373,2.56111,0.454952,11.6737,1.91896,1.85,0.64,19.9271,-1.72269,-11.2404,-13.1895,-12.7985,0.5,9.28576,0.3,-13.6907,-11.8167,-29.7375,-13.6956,-40.2496,41.5646,101.901,-25.429,-139.33,0.0,1.0,0.2411126771495016
N_S_WWS_WM_376,9.5338,-5.61979,10.4146,0.173714,0.05,2.33,-8.52558,3.21573,-39.6617,24.6649,-10.9848,-0.2,22.8675,0.7,22.7503,15.8398,-2.22478,36.2583,-34.5863,14.1063,-25.5642,73.4766,145.119,0.0,1.0,0.2484762774019933
N_S_WWS_WM_377,6.59004,13.4543,12.5852,15.6572,-1.28,-0.89,4.14508,6.67938,-36.7985,-53.3626,3.8811,0.7,36.9015,0.2,23.6494,9.24327,-23.2451,-9.11786,108.796,9.63446,10.3986,70.0555,-147.121,0.0,1.0,0.2360515127475083
N_S_WWS_WM_378,-5.85281,11.4331,6.66028,10.0776,-1.76,1.26,3.68875,8.27648,-48.2206,-42.4613,-8.44396,0.4,19.3068,0.3,24.3726,-3.42303,-4.24254,6.63292,-7.07266,1.38409,-18.2984,-45.4098,36.4189,0.0,1.0,0.2438257095980066
N_S_WWS_WM_380,5.67397,14.5288,-3.36748,-0.378287,-1.44,1.77,11.7567,8.37785,-39.7583,146.815,-0.743109,0.0,33.8092,0.5,6.74988,6.56457,27.6696,43.8311,-49.1799,7.83182,19.207,-18.9778,-60.3991,0.0,1.0,0.2654876259833887
N_S_WWS_WM_381,-2.90758,9.13463,2.88421,-9.66101,1.36,-1.23,8.38636,5.5701,-31.4208,116.714,-8.47613,0.3,19.8356,-0.3,1.84827,-19.6366,-24.3739,15.1146,69.2763,30.8079,65.8409,68.4052,146.609,0.0,1.0,0.2751107272126246
N_S_WWS_WM_382,1.89212,-7.68803,3.91689,15.3968,-0.44,0.25,19.6459,-0.785801,-1.86547,-9.33251,-10.1392,0.2,10.8328,0.9,30.5898,15.1631,-8.36349,28.8714,22.4127,18.5936,49.4075,89.4154,-71.723,0.0,1.0,0.2402547234019934
N_S_WWS_WM_383,-4.76577,7.7218,-7.75726,-10.7556,2.08,-0.56,-5.53895,9.28748,23.5045,-0.991177,-5.23517,0.0,-3.96847,0.4,-23.244,5.62955,27.3481,31.2438,55.5281,-49.9954,114.822,37.5974,-35.403,0.0,1.0,0.2868671997940199
N_S_WWS_WM_385,-3.14828,3.73065,6.46923,19.1134,0.82,1.78,16.2891,-4.72003,-24.7714,-40.6129,-4.13897,0.1,-3.32492,-0.1,43.1421,1.44728,-16.8341,-11.512,-48.0185,15.0011,51.909,-58.7705,3.85971,0.0,1.0,0.2309437119401993
N_S_WWS_WM_386,2.4146,-7.91724,-2.94028,3.97372,0.22,2.44,-4.18284,-3.24658,-6.06023,70.5622,-7.1142,0.1,33.2175,0.0,54.5683,-5.53382,11.0007,-20.789,49.5375,26.5475,69.4386,-47.118,28.4923,0.0,1.0,0.2190578678671096
N_S_WWS_WM_387,14.6463,-3.26668,-5.10818,12.0063,-0.22,1.71,13.2762,4.13569,13.0642,-68.9678,-6.55919,0.1,1.04996,0.9,58.3076,-6.82119,11.3413,46.1433,-6.61818,18.2405,-8.94963,40.2147,94.305,0.0,1.0,0.25171346620598
N_S_WWS_WM_388,10.8562,-5.87381,3.29697,-17.3444,1.53,0.91,3.25755,-1.24872,1.3804,-79.6718,-12.1129,0.4,-17.2391,0.5,-7.14909,-3.86524,13.856,-7.03706,-25.4774,46.9032,77.4226,40.8695,112.462,0.0,1.0,0.2432154115348837
N_S_WWS_WM_389,-6.14087,6.46432,17.1183,-5.48761,-0.98,-1.13,15.7004,4.94487,-4.98514,-22.9008,-11.4772,-0.1,-15.7129,-0.1,-22.1195,-8.64281,7.92801,-14.7974,-44.3192,1.26988,-39.7845,55.2295,13.2679,0.0,1.0,0.2599102538903654
N_S_WWS_WM_390,0.701956,-1.65459,14.227,9.75977,-0.48,1.45,14.5273,7.60283,-17.6361,-86.4654,4.65238,-0.4,-24.8032,-0.1,-0.695343,12.7802,-29.8139,26.9966,-34.8687,20.2744,71.9866,31.618,-147.65,0.0,1.0,0.2212960110199335
N_S_WWS_WM_391,-1.15704,8.96239,-4.29931,4.35183,1.21,-1.14,6.92097,6.74524,19.5231,-31.8395,-11.5429,-0.4,-22.978,0.9,30.8026,-8.39301,-19.3145,47.157,63.0152,30.5056,58.016,32.5952,96.1793,0.0,1.0,0.2984809924186046
N_S_WWS_WM_392,6.14936,-5.38067,9.25048,-15.652,-1.12,0.32,12.9629,8.62648,-24.4879,94.4304,-10.7967,0.5,-5.03499,0.6,23.3975,-12.7008,16.4618,-16.4713,-38.3875,-21.4186,119.823,-55.7661,-8.04637,0.0,1.0,0.22965977810299
N_S_WWS_WM_395,-7.161,-0.727486,8.61681,-16.3348,2.19,-0.75,18.2407,-0.615154,49.8153,31.4745,-9.53954,0.2,18.9429,0.5,-16.606,-8.69527,-23.5298,42.3504,-56.2973,36.3101,38.964,52.8865,44.0016,0.0,1.0,0.266726873910299
N_S_WWS_WM_397,2.27182,4.80003,4.27007,-2.77402,0.58,-0.96,0.343692,-4.32706,-16.9389,149.635,-3.58177,0.5,29.0038,0.7,13.3462,-8.16057,16.8631,-20.162,126.635,-11.9349,-38.7619,44.5215,133.222,0.0,1.0,0.2292290822458471
N_S_WWS_WM_398,9.79815,12.1323,0.696858,18.4005,1.99,-0.37,9.37729,7.48259,-27.8662,-38.6477,-1.64281,0.0,27.5618,0.7,53.7238,-8.97862,7.48059,-6.93095,116.992,-8.94796,56.7094,46.546,65.2239,0.0,1.0,0.2393927116245847
N_S_WWS_WM_399,7.72664,10.4193,3.49369,-16.6971,-0.28,1.56,4.32482,-4.14535,48.9089,51.5344,3.22638,-0.2,-37.1664,0.3,13.4191,6.89176,28.4938,-5.9574,61.4989,42.9073,-54.0833,-7.94132,4.62645,0.0,1.0,0.237784578936877
N_S_WWS_WM_400,1.8435,8.91185,-0.772013,-17.1215,-0.58,2.42,-0.417599,-0.736289,9.4161,-86.7644,4.06274,-0.1,20.0129,0.1,53.2284,-0.455877,8.92921,33.1592,41.6967,18.933,112.34,70.1269,82.8182,0.0,1.0,0.2187857852026578
N_S_WWS_WM_401,-5.48116,8.49075,-2.33954,0.999843,0.91,2.27,-6.48748,7.96489,10.8414,21.7297,-7.73273,-0.2,-38.2057,-0.2,-5.51463,13.9426,-19.2109,39.5206,18.866,-32.0346,104.199,-30.486,48.4067,0.0,1.0,0.2593068931229236
N_S_WWS_WM_402,2.44122,2.0005,-1.6032,-2.69761,1.64,1.25,6.82224,-4.48384,3.88655,-15.8704,-10.1683,0.8,-18.4819,0.0,-20.635,21.2803,-18.4509,16.8775,15.8297,-1.22757,31.3063,-58.1025,121.918,0.0,1.0,0.2548353619933555
N_S_WWS_WM_403,4.7714,-6.02601,7.56793,-4.73718,-0.19,2.43,18.0556,-0.66019,45.3263,100.728,-1.49726,0.5,17.8669,0.6,44.3628,7.69291,21.5221,51.3145,52.0434,24.8454,36.2868,-20.2421,31.1657,0.0,1.0,0.2317480331461794
N_S_WWS_WM_404,3.40789,14.652,13.1367,-19.1316,0.1,0.03,-1.84489,-1.29683,49.5735,89.1901,-1.93786,-0.1,30.3784,0.6,8.9231,17.4287,-20.3884,-1.13637,73.843,-46.8539,53.7001,-0.927132,29.1317,0.0,1.0,0.238397045910299
N_S_WWS_WM_405,5.29664,0.555752,-5.41271,-3.92246,-0.17,-1.1,5.15605,2.95354,41.8146,28.5261,-3.98494,0.6,29.5836,0.0,3.75731,-3.67179,21.0387,-24.9415,-20.2762,-1.60361,149.036,-32.6558,127.047,0.0,1.0,0.2132436153621262
N_S_WWS_WM_406,0.1613,13.8057,11.8155,1.10384,0.12,-1.47,9.55295,9.81659,-29.8766,65.4931,0.944067,-0.1,-22.2043,-0.2,51.4735,-16.1673,-18.8998,5.4409,84.115,10.0595,86.7482,-20.9259,-62.7159,0.0,1.0,0.2382788431794019
N_S_WWS_WM_407,-1.08891,-5.32645,4.51134,4.20272,-1.79,0.3,2.02646,9.48621,-46.7905,-51.195,-0.795495,0.0,-9.93815,0.1,54.3971,10.2089,2.87109,0.487496,120.504,40.1373,134.522,-27.8196,83.0912,0.0,1.0,0.2093898814950166
N_S_WWS_WM_408,12.3417,-1.68879,0.529818,-5.27558,0.86,-0.14,17.736,-0.678109,-44.2696,17.2428,-10.4993,0.5,9.52403,0.5,50.3094,27.4684,26.9692,46.6213,-3.54104,-12.314,-34.539,-37.7172,-93.502,0.0,1.0,0.2647591317674418
N_S_WWS_WM_409,-1.90626,10.3602,0.0805201,-11.6002,-0.42,2.0,-5.33695,0.931802,-25.7963,96.1536,4.24351,0.4,11.384,0.5,15.7247,-0.0712194,2.2374,50.5181,-53.1378,-27.4403,112.168,12.3265,-156.544,0.0,1.0,0.239858144461794
N_S_WWS_WM_410,-1.21586,-0.865469,17.0092,-8.76359,1.37,2.4,12.0998,-0.499579,-42.1001,133.06,-0.40191,0.1,1.35789,-0.4,12.1193,-1.6476,-21.1987,-1.44597,33.1141,-14.6893,99.5598,75.1326,-115.045,0.0,1.0,0.2183832621461794
N_S_WWS_WM_411,5.63189,-3.48744,6.37581,14.3066,0.5,-0.86,8.3388,-0.296016,-32.4565,78.1785,-14.1623,-0.4,6.57527,0.3,-2.84197,5.49508,27.5968,-9.09088,-17.2526,45.8004,147.656,-8.79242,61.0775,0.0,1.0,0.2346522623455149
N_S_WWS_WM_412,3.5788,14.7044,14.4543,-9.52161,-0.68,-1.53,13.5301,4.24606,5.85069,57.3013,-11.1078,0.0,2.40277,0.9,41.2372,-10.8076,11.4024,26.796,129.304,-36.1402,92.229,87.2278,-157.19,0.0,1.0,0.2500053525016611
N_S_WWS_WM_414,5.36709,0.168285,5.07765,-19.9174,0.69,0.7,15.0607,-1.5399,39.048,-70.65,-4.49386,0.3,39.4068,0.7,-0.410378,-16.8061,1.46699,44.7529,-32.1158,46.3765,-17.7737,-44.0992,-161.346,0.0,1.0,0.262023326448505
N_S_WWS_WM_416,11.1563,13.3958,13.098,16.2405,1.51,-0.36,-1.31205,-3.88137,-15.1298,18.3303,-12.8845,0.3,-26.1502,0.4,45.6052,10.8949,15.587,-22.7606,-18.712,10.5701,94.173,75.7774,-119.453,0.0,1.0,0.2614006071727575
N_S_WWS_WM_418,-0.324772,0.613478,17.6344,-18.7735,1.03,-0.78,0.563054,-0.416002,-38.1293,-51.7996,-4.85442,-0.1,-32.5164,0.4,58.2082,4.66907,-10.518,-7.78533,39.8031,49.7478,-55.0908,4.63293,-19.2733,0.0,1.0,0.2305132277541527
N_S_WWS_WM_421,10.097,-0.117722,0.753637,17.1042,-0.41,-1.73,-7.06534,-1.05309,-49.193,-35.3888,-14.6558,0.1,27.6727,0.7,-0.856744,-12.6308,-3.79551,28.7964,62.4915,14.6786,20.3003,-52.4882,33.9347,0.0,1.0,0.2578082227607973
N_S_WWS_WM_423,13.0709,4.63143,-2.5473,12.2498,-1.49,-0.97,9.54025,2.89357,28.5982,123.026,0.884533,0.3,-38.0052,0.0,35.4487,22.8491,9.5965,-9.25673,11.3461,38.5471,-9.35381,36.4283,-181.799,0.0,1.0,0.2261972988770764
N_S_WWS_WM_424,-1.34732,12.7748,-0.371285,-15.246,1.98,2.1,-0.908618,7.72743,-2.1378,-63.0264,0.489951,0.4,-35.6553,0.5,22.4554,20.3696,-8.18059,44.6946,4.55185,47.2429,137.073,74.5018,-5.42799,0.0,1.0,0.2444592932857142
N_S_WWS_WM_425,0.407562,-2.44012,4.04619,19.019,0.04,-1.69,9.27999,3.81856,-14.0135,-8.85926,-8.31891,0.0,-3.80685,0.9,52.5162,1.63284,18.4457,54.2891,121.445,-8.09683,138.117,-11.8186,-4.25558,0.0,1.0,0.2559230640697674
N_S_WWS_WM_427,-0.0916211,-4.22356,6.88821,-14.5404,-1.28,-0.41,9.74008,7.85563,-39.061,-74.5279,2.81582,0.4,-33.5641,0.3,43.4663,10.6242,-16.0847,39.6174,-54.6857,-36.497,57.4138,-29.444,-70.6681,0.0,1.0,0.2303729167109634
N_S_WWS_WM_428,11.7152,10.9957,17.4755,-5.69315,0.05,0.58,19.9708,3.54719,13.1465,-28.0307,2.64218,0.3,-36.0512,0.7,3.39039,10.0591,-0.586023,-20.6443,-45.1315,18.0511,30.5561,-44.1485,12.8688,0.0,1.0,0.2385076702558139
N_S_WWS_WM_429,7.09676,-1.55787,-3.0883,12.588,2.0,1.6,0.740756,4.97435,46.0644,99.9412,-2.04119,0.2,-9.33658,0.9,41.4966,-18.354,-16.6661,24.3443,48.3756,-46.5115,52.7448,64.0531,-19.8532,0.0,1.0,0.2330498633588039
N_S_WWS_WM_430,-4.51607,-7.16518,13.033,-13.6993,1.77,-1.33,-6.63036,7.05882,-40.295,111.926,-4.93634,0.6,-10.8872,0.6,12.9486,-14.3121,-18.1052,25.8353,74.5498,46.79,2.08694,-7.17131,-150.058,0.0,1.0,0.2443735530365448
N_S_WWS_WM_431,14.7223,1.8634,-2.43144,-13.0736,0.56,1.06,-3.89937,-3.98273,-36.0713,79.4957,1.95288,0.1,39.2475,-0.2,5.35008,22.3271,15.8816,49.1617,57.7261,-0.497491,15.6596,-17.2048,-153.697,0.0,1.0,0.2548287624318937
N_S_WWS_WM_432,7.5353,10.702,2.41098,-7.01823,0.28,1.53,8.88303,-1.95351,19.2962,-60.3356,-11.8077,0.7,-10.2917,-0.3,-23.5549,9.11898,25.8356,11.0479,113.215,32.801,-23.4102,85.8489,-76.5285,0.0,1.0,0.2643702990199335
N_S_WWS_WM_433,6.103,12.1773,15.335,12.8295,1.07,1.74,3.36924,9.42012,-1.7452,130.554,3.97785,0.5,9.4827,0.1,4.52622,25.6418,-15.8715,24.6691,92.4183,-21.8776,100.331,39.4602,-191.452,0.0,1.0,0.2433005500099667
N_S_WWS_WM_435,-1.67382,10.9343,-5.79647,-2.17317,-1.21,-0.59,17.3132,5.70146,-2.38142,116.172,-8.24217,-0.2,33.4455,0.8,10.3682,9.38984,-26.0957,33.883,47.3921,31.8706,87.5471,-33.7808,-148.474,0.0,1.0,0.2677332161893687
N_S_WWS_WM_436,-3.41426,13.116,-6.69738,-14.9632,-1.72,-1.18,-7.41436,2.3308,-0.620434,16.2219,-6.66131,0.2,-28.5063,0.3,32.9192,-12.0222,-18.6787,26.488,-8.12081,-43.8282,124.688,83.4744,-107.926,0.0,1.0,0.2799248124850498
N_S_WWS_WM_437,-3.43939,0.0916819,0.971945,-9.95208,-0.83,0.82,13.8009,0.0451047,-47.9362,121.626,-14.2076,-0.2,-12.7628,0.7,56.4072,9.97766,-19.5982,9.29156,122.315,6.61633,-20.8976,28.0341,-15.096,0.0,1.0,0.246757342641196
N_S_WWS_WM_438,6.7342,14.3183,7.77849,-15.2921,-1.57,0.77,-2.04962,5.32154,1.68521,-89.5726,-6.86976,0.3,-13.6784,-0.2,3.64164,29.5282,-21.7019,49.284,48.827,-21.58,66.0453,34.6818,129.617,0.0,1.0,0.2678120374418605
N_S_WWS_WM_439,-5.79868,1.41274,1.62385,6.55569,0.42,-0.04,-7.18599,7.50636,5.10994,-90.6736,-4.63234,-0.1,34.3944,0.0,-19.8234,-18.3907,-26.5341,-16.3738,48.0667,-16.9327,48.3969,53.811,-46.0773,0.0,1.0,0.226398378461794
N_S_WWS_WM_440,4.69164,-1.7482,19.1802,-0.40938,-1.36,0.34,19.0052,-1.15468,-16.6626,69.8798,-13.7329,-0.2,1.8745,0.2,10.9926,27.9779,11.2274,47.3845,124.719,-10.6132,8.78044,-55.6394,-6.17395,0.0,1.0,0.249977068950166
N_S_WWS_WM_443,-2.24712,14.8464,-6.27928,13.1608,-0.43,0.62,13.0341,7.12278,24.0747,-38.142,-11.6971,0.3,26.4734,-0.1,-3.82904,-12.906,-16.8929,-13.1739,93.7792,-10.8921,127.814,-58.4115,56.2542,0.0,1.0,0.2634294387973422
N_S_WWS_WM_444,1.23307,4.75972,-7.69255,9.06811,2.48,-1.41,4.77101,6.00373,-21.9135,-81.972,-7.12025,0.7,1.18686,-0.1,44.6263,-0.832106,-7.3497,41.3319,129.475,-26.2308,53.0453,6.26975,99.2559,0.0,1.0,0.2356883927142857
N_S_WWS_WM_445,-1.80006,-0.0894318,-3.91754,5.32752,1.61,-0.47,9.84571,7.8909,-3.70739,101.955,-9.32394,0.6,38.3169,0.0,-22.8497,11.8696,-0.275121,-11.2833,112.408,-21.8255,-44.7929,-18.6048,-86.2632,0.0,1.0,0.2316995918006644
N_S_WWS_WM_446,1.74024,5.85407,15.4493,7.64628,-1.02,-0.8,8.63848,2.73699,-38.6187,-6.09754,1.64748,-0.3,-38.8299,1.0,5.51448,16.6501,20.6737,-6.21194,-39.7778,49.4905,110.851,73.2415,-123.175,0.0,1.0,0.2229505754385382
N_S_WWS_WM_448,-0.935673,0.925159,-3.73338,-5.16344,-0.83,1.51,11.495,5.2947,33.5015,65.2471,-9.15881,0.4,-5.78926,-0.1,-11.9928,-16.6972,3.83635,-17.7765,-48.9373,-44.4566,26.7566,12.0141,-167.254,0.0,1.0,0.2304855289933554
N_S_WWS_WM_449,7.15261,3.67897,12.7637,19.2389,-1.79,-0.8,12.694,8.46845,-23.3352,23.0432,0.544804,-0.1,-32.2055,0.2,-2.75811,-0.365825,-18.7559,52.2595,50.8984,29.2313,-42.7588,1.03778,17.571,0.0,1.0,0.2443072354086378
N_S_WWS_WM_450,-3.57802,6.96881,10.9269,-10.46,-0.6,0.5,3.54988,9.62433,-7.69552,-93.7667,-14.8213,0.3,32.7355,0.0,34.7805,18.4819,7.16593,-15.7141,4.24155,-15.5757,103.322,69.7365,132.809,0.0,1.0,0.2493614708637873
N_S_WWS_WM_451,6.20808,-7.46145,2.98236,-9.47998,-1.57,0.35,8.77888,5.00104,9.9787,50.2228,-9.86611,-0.2,21.4435,-0.3,10.7997,12.2602,-14.4471,-23.0304,110.544,3.47847,137.331,72.0194,-31.0973,0.0,1.0,0.226008179757475
N_S_WWS_WM_452,-7.72726,6.89642,6.17078,10.7523,-1.31,-0.46,15.4014,-4.77133,6.7148,89.5403,1.74299,0.4,-4.55173,0.2,19.8762,10.8048,14.4955,19.7012,-16.3424,1.70069,134.316,80.9828,-141.018,0.0,1.0,0.2463490157242525
N_S_WWS_WM_454,-0.210201,8.1871,7.00028,-18.9723,-1.15,0.88,1.34318,-0.56055,-20.3879,54.0643,-7.55754,-0.4,28.127,0.2,-17.7427,4.82363,-0.660401,-4.49989,-43.9378,36.9325,-35.079,20.2403,144.146,0.0,1.0,0.2524437924817276
N_S_WWS_WM_455,7.27606,3.95079,9.61736,-18.4379,-1.2,-1.59,-4.60726,8.43806,-47.7511,119.764,-2.6242,0.4,-1.50266,0.6,-20.947,12.352,-24.2851,18.5333,28.3285,-0.0409913,123.189,-22.7807,-53.2464,0.0,1.0,0.2434791034252491
N_S_WWS_WM_456,11.5836,11.1043,15.6019,19.5628,-0.39,1.24,1.05186,-0.580985,24.3209,-91.4144,-7.99107,0.1,-17.0474,0.0,-13.0146,-2.60646,16.253,1.895,-23.6493,-44.3376,-0.329092,50.7866,-160.305,0.0,1.0,0.252136730372093
N_S_WWS_WM_457,-2.09493,-3.76243,3.06457,18.7679,-0.64,-0.77,-8.23621,-3.19546,-44.3993,-71.8895,-7.81306,0.2,-3.20629,0.3,-23.9161,18.2686,-16.3239,13.1473,85.4465,47.4212,128.971,22.5237,-80.0455,0.0,1.0,0.2295282165149501
N_S_WWS_WM_458,7.12951,7.56294,-5.81386,-19.2081,-1.3,-0.03,15.837,8.59228,-36.4542,110.628,-4.57981,-0.1,26.0818,-0.3,56.5419,3.10447,-11.6556,-19.3252,59.5509,-13.5993,24.0031,-13.7097,-92.8308,0.0,1.0,0.2270025123687707
N_S_WWS_WM_459,4.48924,5.40258,12.3566,-14.7948,1.83,-0.45,19.4381,-3.23673,18.7551,86.5938,-10.5645,-0.3,12.2241,-0.3,9.11199,25.8368,15.1054,6.9113,-13.4148,16.5088,98.627,62.3958,26.6613,0.0,1.0,0.2684613068272425
N_S_WWS_WM_461,6.98398,9.85984,-7.51176,-10.8301,1.88,-0.09,19.712,2.78101,-37.7676,-3.84253,-7.96619,-0.3,-30.2912,0.3,-8.85254,0.683829,-0.360752,-12.7016,-9.55203,21.0976,-21.0328,48.6286,-90.1858,0.0,1.0,0.2556477494584718
N_S_WWS_WM_462,10.7021,-3.85183,18.7853,-4.17366,1.17,1.89,-3.00575,-3.15517,1.89103,107.224,-0.694316,0.2,11.5858,0.0,27.4638,25.7427,7.00244,-22.3355,103.785,-37.9775,-32.4806,66.4116,-188.554,0.0,1.0,0.2153856279468438
N_S_WWS_WM_463,13.2092,-5.52905,13.0451,-9.09353,0.29,1.55,3.01814,1.20952,7.4973,117.531,-11.8334,0.4,-35.0543,0.2,39.6505,-6.6733,23.3555,51.1757,-0.783167,-31.0079,90.5598,-22.1755,-158.345,0.0,1.0,0.2585892739435215
N_S_WWS_WM_465,6.94925,9.67803,17.186,-16.4125,2.27,-0.54,7.38657,2.24477,-13.0257,-78.7228,-13.7142,0.5,1.61959,0.3,27.3363,5.94821,7.29631,32.1607,-50.9923,-22.6828,-30.0556,-42.3428,-69.2458,0.0,1.0,0.2661963965083056
N_S_WWS_WM_466,-7.80991,-7.10514,17.37,15.3269,0.31,1.33,-9.43143,3.58033,-9.24869,40.8899,-2.99011,0.6,-34.1564,0.7,-8.46242,21.7031,18.8091,14.1319,-30.522,14.3807,59.7039,69.1681,-108.319,0.0,1.0,0.2440152549800664
N_S_WWS_WM_468,11.8366,-5.75465,-3.55224,-2.47286,-0.82,2.12,6.21928,4.93156,-9.5333,133.902,-12.0624,0.2,39.0698,0.5,20.2346,-19.6513,9.44947,-17.5478,116.784,27.7239,4.04172,48.9029,-128.437,0.0,1.0,0.2205268931129568
N_S_WWS_WM_469,6.00715,-4.74442,-7.53334,18.6822,0.49,1.28,-0.752536,3.40983,5.65822,-19.8315,-5.87663,0.1,-19.9517,-0.1,15.8686,14.1902,-15.5023,12.3721,87.1372,-48.3422,-11.7773,-31.7624,-125.202,0.0,1.0,0.2304907021428571
N_S_WWS_WM_471,3.49275,-2.46694,8.07505,15.1689,0.19,2.07,-8.09814,-3.16617,8.47876,50.9723,-12.055,0.0,19.9785,-0.1,55.8969,28.9669,-22.6398,27.2823,-24.2997,-14.1759,95.3716,42.4568,-102.171,0.0,1.0,0.246911148461794
N_S_WWS_WM_472,7.98791,13.9566,19.9334,-9.73043,0.04,-1.32,-0.98594,3.79981,-36.9208,42.5079,-12.1215,-0.1,38.6347,0.6,-4.6538,29.43,-6.66621,17.0968,108.124,5.31486,9.72493,57.4883,-72.2595,0.0,1.0,0.274710695654485
N_S_WWS_WM_473,0.437422,9.91737,-6.09542,9.26516,-0.33,-0.56,-1.48428,-4.4013,-3.14007,-35.8413,0.520774,0.7,0.42168,-0.4,16.7638,-9.20828,-26.9378,-12.1932,-42.9548,37.9459,44.2768,31.9074,-90.8983,0.0,1.0,0.2202338501827242
N_S_WWS_WM_474,7.94051,-4.84255,7.20428,13.2818,0.92,0.19,-3.71549,-4.98489,41.9505,-20.9868,-7.26933,0.7,-21.5865,0.2,-15.6561,-13.0701,8.12409,36.2512,109.545,0.344664,68.8717,70.302,139.083,0.0,1.0,0.2486821589401993
N_S_WWS_WM_476,8.67264,-4.53654,0.783355,-1.11424,0.25,0.59,4.12493,-4.80803,-34.6977,-50.3603,-14.089,0.7,35.92,-0.1,18.0641,17.2403,3.72991,-10.3105,114.915,-29.1653,69.0283,30.386,-10.6985,0.0,1.0,0.2224491813953487
N_S_WWS_WM_477,-4.98776,9.22232,-2.65771,2.17476,2.16,-1.68,5.37748,3.36028,0.568186,-68.4063,1.83126,0.7,-29.2579,0.5,-3.24966,-17.0134,-3.45668,-7.22275,118.736,-19.5903,73.4172,46.0755,-134.673,0.0,1.0,0.2266760295847176
N_S_WWS_WM_479,-7.46355,9.19522,-4.72255,11.2959,1.68,-0.31,-3.92593,0.305473,44.2323,111.287,-4.55339,0.0,-9.755,0.7,43.7722,14.219,-5.56467,19.1485,2.83157,-24.2103,-53.0151,-57.457,6.59501,0.0,1.0,0.2500203973122923
N_S_WWS_WM_480,12.5195,-2.30408,-3.00006,-7.50774,-0.25,-0.51,2.31325,2.12208,14.937,40.7353,-13.0568,-0.2,-30.6057,0.9,32.1416,4.5303,7.87314,44.1254,87.699,-32.5867,-56.876,87.9912,85.3475,0.0,1.0,0.267772925538206
N_S_WWS_WM_481,-4.00355,-0.247541,10.7587,-12.4133,0.07,1.81,-9.22453,-3.46384,38.7624,-56.0578,1.92105,-0.1,18.3749,1.0,22.2709,-16.3199,3.5526,20.029,-13.2919,-23.8446,22.7867,-9.64204,3.42872,0.0,1.0,0.2369361459568106
N_S_WWS_WM_482,4.79361,4.89431,1.91858,0.350041,1.38,1.58,16.053,2.87678,-1.6859,140.482,4.43019,0.7,-32.5876,0.9,4.04501,3.51763,2.50592,-4.63858,-8.95169,23.5325,119.48,84.6687,-167.56,0.0,1.0,0.2179672898438538
N_S_WWS_WM_484,4.56304,5.34724,7.36034,17.6166,2.41,1.39,12.7145,-4.01332,25.2465,-46.3457,-1.10397,-0.3,23.7445,0.6,39.7832,20.8215,9.1674,39.8728,13.244,37.7717,102.812,41.8437,-131.571,0.0,1.0,0.2526142780465116
N_S_WWS_WM_486,-7.76337,1.49643,4.212,-14.6219,-0.14,1.38,3.10555,6.45353,-40.5443,81.3638,-4.44865,0.0,-31.9916,0.7,-17.3467,29.2464,-0.497473,24.0653,11.0536,-26.6786,-7.87102,14.8136,79.5103,0.0,1.0,0.2467515854152824
N_S_WWS_WM_488,-2.21213,3.42508,8.3926,-19.7845,0.47,1.07,16.8488,-2.74531,20.7993,-70.3878,1.18043,0.0,-30.181,0.2,-5.61959,-1.80526,-11.898,0.783284,16.7348,-41.5564,-59.3546,67.1766,123.352,0.0,1.0,0.239780109385382
N_S_WW_WM_001,9.60013,11.4064,-5.46415,-12.0162,2.26,-0.84,-5.53895,0.988306,-23.7038,88.4825,-12.8101,0.7,-15.4682,-0.3,-9.34836,23.1316,1.58493,21.2484,95.5656,-25.4121,-14.3906,28.4813,16.4525,0.0,1.0,0.25999929089701
N_S_WW_WM_002,1.03776,-2.50048,7.12164,-15.8479,0.44,2.0,-2.40291,2.64545,-14.3908,105.888,4.40581,0.7,-6.34908,-0.4,1.43523,-16.9495,10.8679,8.14634,38.8182,-38.9952,-16.9201,47.0299,125.643,0.0,1.0,0.2290236961561461
N_S_WW_WM_003,10.6885,7.9281,1.25661,-11.5463,-0.55,1.27,-5.84264,8.5266,49.2193,-33.3192,-5.88646,0.4,14.3055,0.6,41.8471,17.3775,1.7845,-14.6882,127.773,35.0857,3.74546,64.5279,-56.1091,0.0,1.0,0.2401407683388704
N_S_WW_WM_004,14.5334,-1.17721,3.8054,-5.83018,1.19,2.33,14.2918,6.12042,-40.6043,-11.8186,-5.66616,-0.2,31.3316,0.3,9.76643,26.8499,5.58192,40.9572,30.6317,-37.2593,96.1223,21.3611,15.7273,0.0,1.0,0.2367244225548172
N_S_WW_WM_005,12.4013,13.5985,-7.42478,1.1699,1.61,1.65,9.68012,1.93187,-42.2052,-80.3318,1.01613,-0.3,26.7459,0.0,26.2982,-14.5502,-1.46832,35.4333,77.3889,-5.94168,134.9,-23.1996,88.6815,0.0,1.0,0.2609021136511628
N_S_WW_WM_006,-1.18239,-4.10419,-4.09792,-12.5462,-0.02,-0.11,15.3545,-4.85159,-15.7586,-77.3445,-8.19869,0.4,25.2198,0.3,18.9732,-13.1263,-28.0959,0.11702,52.5334,-6.3394,145.416,68.9509,-82.9837,0.0,1.0,0.2280192404285714
N_S_WW_WM_007,-4.83583,6.36022,7.85474,10.4805,-1.11,2.19,9.18169,3.52759,10.0366,139.572,-3.17983,0.6,-34.9591,0.8,36.0917,24.216,-3.12102,9.48931,109.759,4.99401,126.003,-48.7666,-23.5455,0.0,1.0,0.2442476982458472
N_S_WW_WM_008,10.9028,-6.93043,17.1409,5.99832,-0.13,-0.49,-9.25067,-1.46593,13.8096,54.7081,-7.33866,0.6,-13.5945,1.0,-14.025,-5.04874,-12.8986,-2.24489,20.6727,-30.2447,107.968,-30.7289,38.0441,0.0,1.0,0.2267185927275747
N_S_WW_WM_009,-3.21032,-5.6486,19.5418,-13.942,0.32,1.14,-9.58623,-1.39111,-28.8902,70.4447,-8.03779,-0.2,32.6224,-0.1,-17.4558,17.9963,-12.1105,37.9954,47.7272,-34.6912,90.9158,29.8537,146.229,0.0,1.0,0.2524830266544851
N_S_WW_WM_010,7.57616,-2.88655,9.75021,-11.8799,0.19,-0.01,-6.24626,8.85415,27.9209,-25.1838,-14.9975,-0.3,10.8894,-0.3,10.5327,-2.36095,-24.5383,15.6597,24.6156,37.1007,0.165822,61.3787,9.76996,0.0,1.0,0.2551803679136212
N_S_WW_WM_011,6.57949,5.0649,18.5067,5.45106,-1.03,1.7,-2.58923,3.07084,36.9819,36.4613,2.76623,-0.1,19.5965,-0.3,-12.0307,22.9391,-9.10648,23.3011,-38.8848,-32.4435,-58.1035,11.9651,-197.095,0.0,1.0,0.2483153183322258
N_S_WW_WM_012,6.44534,13.862,-1.1711,1.38921,-0.46,0.75,-9.72498,-1.09156,13.6006,113.506,-4.48472,0.7,-9.41029,1.0,51.332,-19.9608,8.75904,-1.53181,17.8193,29.3918,39.919,-12.4171,-165.214,0.0,1.0,0.2499590347541528
N_S_WW_WM_013,1.12961,5.62857,10.2434,-16.5333,-1.64,-0.06,-8.74561,2.76618,9.70142,-82.2163,-13.9682,0.2,19.0303,0.8,44.8196,24.0664,-3.40121,22.7088,65.5835,-3.82065,137.84,-9.11047,-151.535,0.0,1.0,0.2519251823787375
N_S_WW_WM_014,-4.69316,-7.55522,0.399867,7.48649,1.81,-0.72,-3.48386,9.98946,-46.6874,-59.3641,-11.6008,-0.2,20.9111,0.0,30.1805,4.22348,18.6509,33.4947,-18.1159,12.8771,94.6877,-38.9676,-26.1092,0.0,1.0,0.2538565054451827
N_S_WW_WM_015,13.8832,12.4585,17.0092,-19.5256,-1.74,1.29,16.2663,3.56231,44.9859,114.335,-1.04122,0.2,-15.5659,-0.3,3.07575,6.19208,-10.0495,-0.873207,45.6425,5.72965,120.126,32.523,53.4,0.0,1.0,0.2364215591495016
N_S_WW_WM_016,-0.405066,13.7781,-6.93812,14.2213,-0.85,0.07,6.27646,-4.20453,-20.2767,56.2908,-8.37114,-0.2,-18.5388,0.0,8.74272,25.3704,18.2868,12.8457,-3.18943,12.1756,-14.8453,-16.5856,-88.3032,0.0,1.0,0.271281185179402
N_S_WW_WM_017,1.97793,-6.34605,6.55712,-7.28276,-0.86,-0.92,10.4281,-3.73617,-45.6278,-43.1497,1.79762,0.7,-2.64579,0.4,1.69229,1.99823,19.2095,25.4256,-26.6365,45.9524,-37.3922,-28.46,-194.508,0.0,1.0,0.2388222971561462
N_S_WW_WM_018,8.42412,13.2845,3.00788,2.44136,-0.36,-0.29,-7.37007,1.82983,-36.1622,19.0177,-11.878,0.3,7.30238,-0.2,18.493,18.6451,-28.74,40.5623,77.7317,-32.8365,40.3494,-56.188,-188.105,0.0,1.0,0.2740869867209302
N_S_WW_WM_019,-7.3255,2.8285,4.73723,12.1262,-0.32,0.38,1.71146,-0.474428,16.3957,-39.5349,-4.42262,-0.2,14.9894,-0.3,48.6114,-15.9121,3.99588,44.8749,106.746,4.74663,-46.5623,-15.0785,94.766,0.0,1.0,0.2659683663621262
N_S_WW_WM_020,8.58383,-1.956,5.39829,-7.96629,0.36,1.39,14.2488,6.78635,25.8901,55.8636,-3.91464,0.3,-38.9589,1.0,28.3864,23.7151,-11.3817,53.1882,-15.9314,37.6009,35.4897,17.73,-172.043,0.0,1.0,0.24616880810299
N_S_WW_WM_021,-7.62291,5.51033,-0.685933,-0.0358234,-0.26,-0.1,8.93641,5.58716,29.6766,-11.3987,-0.010091,-0.3,-1.46415,0.3,-23.0138,-1.37854,-1.08802,14.7459,-9.08559,20.8284,46.111,-57.1347,142.137,0.0,1.0,0.2538970931960133
N_S_WW_WM_022,3.63103,-2.83567,18.3826,-18.8349,1.46,-0.28,11.3657,2.66639,16.2468,-62.0949,-12.1652,0.2,37.7065,-0.1,51.7211,-17.7849,-25.9193,3.79363,5.32761,-27.9975,95.4318,-57.6878,-132.92,0.0,1.0,0.2451617199568106
N_S_WW_WM_023,-4.87858,5.45388,-3.42238,-14.6896,-1.46,-1.34,-2.91008,8.07166,-18.8297,92.9042,1.15648,-0.3,13.4055,0.9,34.6579,-18.8859,-11.9337,-10.1461,-22.3522,15.2236,64.442,3.44595,24.6809,0.0,1.0,0.2235885563654485
N_S_WW_WM_024,4.4463,-2.33465,2.54147,-10.6458,1.69,-0.94,5.6076,7.44182,16.9014,136.853,4.53588,-0.4,-32.7334,0.8,-3.39338,-2.50247,9.96939,54.9885,66.2325,-30.3773,87.0861,53.6408,-152.546,0.0,1.0,0.2480435768538206
N_S_WW_WM_025,-4.39241,10.7379,10.3576,3.39793,-0.71,1.63,10.4966,-0.353245,-3.88424,-29.2698,0.587417,-0.2,-17.8378,1.0,23.015,10.6845,-3.76446,51.7605,31.6866,-48.862,148.312,80.6637,-49.3928,0.0,1.0,0.2605711677807308
N_S_WW_WM_026,-6.31272,13.3011,5.34268,16.4632,0.85,1.8,12.4824,-1.926,-33.2368,149.3,1.98087,0.1,-15.9103,0.8,6.3967,-8.4709,-12.189,-15.6113,71.562,5.92867,-24.7006,68.7317,19.6924,0.0,1.0,0.237464705461794
N_S_WW_WM_027,-3.10985,5.92065,16.4925,-9.41544,1.43,1.63,10.69,3.86315,22.9152,137.495,-11.303,-0.1,-12.0609,0.2,-20.4407,25.9192,-0.932244,31.1969,-14.5115,-40.3024,48.7746,-48.0673,-148.771,0.0,1.0,0.2645752103189369
N_S_WW_WM_028,-5.56375,11.3824,14.5212,6.2545,-1.62,1.91,14.0645,6.24127,7.1409,-47.2417,-10.3502,-0.3,-5.37119,-0.2,41.0484,24.7076,28.9555,-4.40516,39.4812,-1.99856,71.2524,35.5504,-182.001,0.0,1.0,0.2637069302790698
N_S_WW_WM_029,12.9335,-4.85098,6.26527,13.7199,0.94,2.45,0.772729,8.98432,-6.519,147.634,3.3902,0.2,16.8725,0.7,-8.13199,-0.32454,4.94047,53.5322,27.4252,-4.53353,22.2615,13.7652,46.79,0.0,1.0,0.230060482847176
N_S_WW_WM_030,-4.61031,-3.5626,7.19624,12.2256,-1.53,2.47,0.596081,-1.49466,31.3813,-62.6804,-3.39965,0.0,-29.5612,0.1,46.8148,-7.35808,-6.91895,17.2496,-38.7778,31.1653,55.6087,62.8302,-154.038,0.0,1.0,0.2435425948305647
N_S_WW_WM_031,7.43103,5.77852,8.72984,2.56593,1.77,-1.24,-6.68081,-3.63749,32.9506,75.4375,3.01195,0.5,-28.456,0.2,-6.6081,-8.22371,-13.1767,-17.9121,121.107,45.674,91.8386,-13.3508,-2.20381,0.0,1.0,0.2203019491860465
N_S_WW_WM_032,9.01404,6.63156,6.23093,-14.1893,0.58,2.18,5.72979,-1.60328,-38.5537,37.864,-14.2378,0.2,-30.0841,0.7,-12.8077,-14.2347,13.7608,43.6892,26.3825,19.9115,-43.3371,-41.191,40.0421,0.0,1.0,0.2785479577209302
N_S_WW_WM_033,-2.60186,5.21053,-2.28445,16.3777,0.72,1.35,7.85351,4.10143,-30.938,105.464,-1.69803,0.8,-2.86719,0.1,27.1462,11.6582,-28.8417,-2.08886,67.9503,46.6781,85.6384,17.8351,-142.31,0.0,1.0,0.2180555267940199
N_S_WW_WM_034,1.78754,-7.61369,14.263,9.98018,0.83,1.52,-0.108049,-2.78134,-27.6149,-57.2714,-6.16182,0.4,10.0594,-0.1,-18.2871,17.3151,26.1902,-12.3409,-26.0983,-13.4829,-33.2747,7.93756,35.1907,0.0,1.0,0.2367850031196013
N_S_WW_WM_035,6.69669,10.2843,19.2933,5.84961,0.89,1.68,1.07035,5.46766,-21.5282,-73.9516,-4.96107,0.2,-38.5239,0.1,16.7989,-10.3349,-9.35402,17.6741,-20.4865,43.8277,28.2571,40.5237,123.512,0.0,1.0,0.2458945428073089
N_S_WW_WM_036,5.20527,-7.05529,-6.98621,-0.739422,0.16,0.26,0.698215,0.219354,9.82031,142.078,-4.2957,-0.4,-11.9176,0.4,14.4584,17.8084,-0.85356,-2.7223,17.954,11.6634,77.0161,41.3316,143.872,0.0,1.0,0.2284052271727575
N_S_WW_WM_037,6.05617,9.80279,1.41006,7.70639,0.55,-1.71,-9.34656,-2.24316,19.7967,-80.1042,-0.725153,0.3,2.53835,0.5,27.2264,19.2037,-29.3865,10.445,55.8722,-25.483,144.935,88.1792,-151.397,0.0,1.0,0.2452539935049834
N_S_WW_WM_038,14.3719,6.08096,-3.45133,-8.87454,0.01,1.87,-9.66225,0.754837,41.0307,-66.2037,1.13868,0.1,-31.7043,0.2,6.91594,-19.719,-14.5817,-18.4117,95.0554,-20.3612,58.5519,73.5296,-88.8425,0.0,1.0,0.2235282402458472
N_S_WW_WM_039,0.352927,4.27399,-4.00809,17.9469,0.1,-1.64,3.83212,0.789449,-7.53291,30.1667,4.96599,0.6,17.7352,0.1,40.021,29.7907,27.0799,9.1218,82.09,20.0841,45.6146,72.3531,66.1779,0.0,1.0,0.2284834224950166
N_S_WW_WM_040,11.3192,3.03627,-2.04842,-18.6151,-1.77,2.3,0.505814,4.46855,-2.52196,104.738,-1.60737,0.4,-2.79636,0.9,38.5593,24.5908,2.33707,38.2728,-33.1039,-4.92039,83.4428,25.2022,136.714,0.0,1.0,0.2258205591395349
N_S_WW_WM_041,4.09642,7.97004,14.1943,9.78241,2.0,-0.66,-8.63355,-0.812788,29.4197,-21.7386,-11.386,0.6,26.8853,0.0,50.5629,5.81572,27.2336,22.3623,98.6354,11.9421,96.7248,27.6344,77.0761,0.0,1.0,0.2638612077142857
N_S_WW_WM_042,6.39585,6.92739,0.457716,10.9882,-1.37,-1.69,11.8859,7.52365,-39.3882,-33.9988,-0.585328,0.5,1.59872,0.8,-23.4437,23.9532,-6.27271,0.994433,125.836,31.8473,19.5392,-1.10282,109.13,0.0,1.0,0.2260145612225913
N_S_WW_WM_043,1.31979,13.6947,9.42833,2.03442,0.89,-0.4,-2.50209,4.55267,-49.7657,74.3345,2.66687,0.1,27.0032,0.7,20.3743,-11.657,18.3606,-16.1725,32.8735,20.4385,139.896,73.8565,-173.595,0.0,1.0,0.2261647052923588
N_S_WW_WM_044,4.40908,-3.07673,15.8467,7.78061,2.14,0.83,12.6016,6.95339,-42.4619,-6.37813,-9.76115,0.3,-13.4203,-0.2,29.7575,23.3228,-9.28226,-8.5401,-59.1558,-31.9442,109.725,79.5368,84.2819,0.0,1.0,0.2313366091860465
N_S_WW_WM_045,-1.54275,8.26849,8.02276,-14.3321,0.11,-0.61,10.3785,3.60404,-22.2054,-56.6598,-14.7152,-0.2,-28.9246,-0.3,31.9796,22.4257,-27.3962,52.865,-4.13193,1.80785,0.943952,45.055,-136.784,0.0,1.0,0.2841291119966777
N_S_WW_WM_046,0.0703992,-0.233712,6.56576,3.67604,-1.28,-1.16,-8.94106,7.38831,-40.27,33.4018,-0.85004,0.7,0.0419959,0.9,49.3001,13.2654,21.2681,9.87419,-46.2112,-23.9572,112.593,11.4036,76.8045,0.0,1.0,0.2223954568504983
N_S_WW_WM_047,10.586,-2.27331,6.85358,1.20524,-1.07,-0.91,11.66,8.09691,-7.7568,-92.998,-4.39714,0.0,7.63005,0.1,-6.36764,18.7647,18.0311,4.44398,5.93888,15.3816,130.506,-29.3383,-194.365,0.0,1.0,0.2280146244485049
N_S_WW_WM_048,8.87437,9.5542,19.8196,-11.3892,-1.03,-0.38,-1.05702,5.51706,-29.468,146.33,-6.22511,0.5,-23.8553,0.6,59.0362,-4.00774,13.679,-10.129,70.0449,7.06585,-25.4546,49.6234,-110.053,0.0,1.0,0.2564316007607973
N_S_WW_WM_049,-3.78489,-5.5895,-6.35709,9.59035,0.79,0.84,-4.67783,3.96676,-21.1336,95.5069,1.53689,0.0,-38.9717,-0.3,18.1899,4.91595,27.8176,-10.5057,95.8695,-7.12425,143.377,17.0441,87.1995,0.0,1.0,0.2128724177541528
N_S_WW_WM_050,12.7292,7.82559,-7.15801,6.1202,0.45,1.66,8.671,-2.81128,-38.326,2.99137,-11.9864,0.7,-14.1848,0.4,32.711,-1.30711,-7.2127,52.7046,-17.5864,-27.62,114.124,44.9356,142.64,0.0,1.0,0.2739853079534883
N_S_WW_WM_051,4.01519,1.78951,3.97158,8.68468,0.75,-1.12,-8.04017,4.31784,-2.88838,37.4139,-11.4571,-0.3,-18.7737,0.8,19.542,13.1763,-26.2913,-12.9201,-42.1535,-15.2952,147.512,-48.9059,-57.0252,0.0,1.0,0.2350800521827242
N_S_WW_WM_052,-6.06268,4.02723,0.876975,-18.9561,0.51,-1.73,15.72,-1.56345,-43.1796,-49.2291,-4.35783,0.2,2.67565,0.3,24.4472,20.1422,-5.43766,35.1974,-37.9832,-35.8973,99.9447,76.8117,-1.24425,0.0,1.0,0.2516695368837209
N_S_WW_WM_053,-3.64647,11.6744,19.2246,-14.1443,-0.29,1.76,0.0795703,2.29189,-43.6054,3.68666,-9.25189,-0.2,3.59731,1.0,14.5889,1.05082,11.2466,-19.7039,48.8926,-8.83084,111.706,-0.641698,-65.1885,0.0,1.0,0.2502581698039867
N_S_WW_WM_054,4.26423,4.82081,-0.0237125,12.9125,2.33,-0.77,-0.638662,-0.208327,35.2706,3.11396,-6.03981,0.5,31.0485,0.8,-3.00514,20.0431,-11.4415,-19.0879,63.7381,-47.553,-16.0296,34.3867,-183.844,0.0,1.0,0.2275093716013289
N_S_WW_WM_055,13.5116,1.93078,9.32299,-12.2034,0.59,-1.24,-1.64344,-4.92366,14.5829,-61.2858,-7.48999,0.3,8.32843,-0.1,9.89929,-7.68389,-26.8854,25.7061,104.28,-45.9744,16.2842,-57.8694,85.6533,0.0,1.0,0.2542947813222591
N_S_WW_WM_056,-0.0388756,7.41232,12.3098,16.6153,1.09,0.95,-9.55242,6.90909,10.2509,46.4007,-12.5634,0.2,25.8662,0.6,-24.9286,12.1821,18.2327,0.679624,-48.7251,-12.8859,86.0909,12.9676,126.022,0.0,1.0,0.2601887927906977
N_S_WW_WM_057,-7.2086,4.07936,19.7971,18.6016,0.9,-1.12,1.48677,1.84382,43.7524,4.22485,-8.37552,0.0,-21.6,0.4,38.3261,-15.4442,-22.835,4.0334,-4.87615,8.66135,90.8275,-14.2313,59.9834,0.0,1.0,0.255820674448505
N_S_WW_WM_058,-6.8927,0.191741,5.08488,2.95786,0.52,-1.36,-2.30362,5.09923,-33.9468,-76.9116,-2.27495,0.6,29.165,0.5,8.59919,-12.4803,-0.0952003,48.9472,59.1773,1.12825,149.105,26.0758,137.382,0.0,1.0,0.2523891650398671
N_S_WW_WM_059,2.46309,8.81047,7.91095,-3.98225,-0.61,-0.13,9.98959,3.75343,-43.0258,82.0919,-5.71221,0.2,-12.4045,-0.1,-24.4181,7.1754,25.1944,-13.1739,43.9449,-47.0876,80.607,-41.6326,113.353,0.0,1.0,0.2395357159867109
N_S_WW_WM_060,-6.70991,-6.24441,5.86238,1.3463,-1.16,-1.5,13.4125,2.1444,16.5428,-8.04368,-2.28827,0.5,38.5761,-0.1,40.6825,1.12416,9.69321,23.7555,113.983,-46.3008,96.9151,45.4771,-81.1225,0.0,1.0,0.2345581984119601
N_S_WW_WM_061,-2.52446,3.57233,-3.83545,-12.4759,0.66,2.29,-1.72091,4.78959,-6.28835,-50.1428,-8.07586,0.7,-27.7653,0.9,-17.8994,3.72529,20.6478,39.4137,99.5412,-14.486,42.0532,-15.7797,-142.749,0.0,1.0,0.2581860408803987
N_S_WW_WM_062,14.309,5.67241,-5.57345,-9.32652,-1.33,1.18,13.6039,-1.22066,-26.9623,71.2527,-7.85074,0.2,-4.37526,0.6,-5.39029,28.2051,-13.8843,18.3368,43.3021,44.6226,51.4212,3.73091,-18.2927,0.0,1.0,0.2413199269700997
N_S_WW_WM_063,12.6839,12.5129,-5.32359,6.92844,1.16,-1.4,-1.9296,-2.04512,26.2574,-42.7217,-11.083,-0.1,-34.8116,-0.4,-9.81795,15.4381,1.28191,29.7391,8.79057,23.333,75.0177,72.8517,-25.4477,0.0,1.0,0.2950111745913621
N_S_WW_WM_064,11.485,3.0891,-0.156867,-10.4207,-1.34,0.88,5.11886,-2.25905,42.5855,140.652,-12.6005,0.7,0.962912,0.4,47.9245,-11.2895,20.3771,-20.9739,26.8025,-19.1987,72.6185,77.9713,-98.6488,0.0,1.0,0.2439790639401993
N_S_WW_WM_065,3.68679,2.76065,-5.85023,-10.9935,-0.8,0.21,-6.36673,6.64293,-41.2796,-85.3367,1.07315,-0.2,-19.4659,0.9,0.36407,21.9867,-13.2105,46.3782,51.6223,21.847,37.765,60.6053,-115.612,0.0,1.0,0.2586311131328903
N_S_WW_WM_066,5.2301,1.38006,-7.47713,-13.3196,-1.55,2.22,11.2614,2.00545,-42.2904,-49.1283,-2.42039,0.6,-24.6934,0.1,27.8351,22.8886,12.1077,1.83801,-11.5411,21.4672,71.4622,-50.0044,2.59549,0.0,1.0,0.2266819520465116
N_S_WW_WM_067,1.49218,8.4468,2.61581,0.958303,1.91,-0.78,-5.37821,3.33305,0.784581,143.336,-1.86766,0.7,34.8825,0.7,-2.02852,26.9475,-8.05447,33.613,103.785,42.4647,124.918,30.161,-84.0097,0.0,1.0,0.2509642726710964
N_S_WW_WM_068,8.59772,8.99024,8.79453,5.66608,1.08,0.58,1.82426,-0.52494,-47.5101,-76.7586,-3.02358,0.1,32.8529,0.4,53.0762,25.0571,-9.61105,-3.88847,-40.0792,-48.5251,40.6694,15.8643,-116.689,0.0,1.0,0.2248060873887042
N_S_WW_WM_069,9.10558,0.895484,10.5647,0.424774,-0.09,1.61,11.5991,4.59013,47.7597,-30.1779,1.29387,0.1,-25.7833,0.3,52.2213,27.7962,16.6171,29.5626,-22.0515,4.02767,141.99,-17.4389,147.641,0.0,1.0,0.2186227465880398
N_S_WW_WM_070,6.81563,0.386117,-6.56008,3.60531,-0.1,-0.82,8.96836,-2.91352,32.3345,17.598,-6.61017,0.5,10.329,-0.1,-21.4003,27.084,-2.6999,47.5399,81.92,37.2096,-8.55409,1.78431,-195.616,0.0,1.0,0.2492504108372093
N_S_WW_WM_071,5.16265,-6.99089,9.14885,-7.37605,1.48,-0.61,11.8357,9.02932,-4.0351,-82.9623,1.50487,0.7,-22.1097,0.3,21.5526,19.2907,24.5038,-21.4439,-10.7403,-3.15975,-20.5518,63.0411,-109.202,0.0,1.0,0.2231932162591362
N_S_WW_WM_072,-7.08536,-7.41645,1.70528,-13.4914,-0.48,-1.27,11.4561,8.06763,10.9957,-17.2091,-12.8885,0.7,-19.2613,0.6,35.0653,5.39458,8.69396,51.0981,-6.44178,5.14348,72.1611,75.2262,54.7768,0.0,1.0,0.2708248550963454
N_S_WW_WM_073,2.01438,-2.96881,5.55751,-18.067,0.42,-0.64,-8.02077,0.550374,43.3045,32.9451,-0.158323,0.5,38.9495,-0.3,15.1732,18.1055,1.18185,-2.38861,78.2988,11.1016,74.281,63.3661,-195.349,0.0,1.0,0.2188703777641196
N_S_WW_WM_074,11.9733,4.37333,-1.94452,8.98058,2.25,1.3,12.3888,4.4852,12.4493,79.7044,-0.614546,0.0,-21.2903,0.0,-18.5408,18.8088,7.71762,41.6186,83.4903,-43.6618,121.367,85.3683,-83.7977,0.0,1.0,0.2516165383255814
N_S_WW_WM_075,13.9331,-1.16466,14.343,19.3653,-0.78,1.1,4.48063,7.32167,31.6496,144.769,-8.91446,-0.3,-9.05756,0.9,16.5981,0.144484,4.85756,-16.2127,-17.7229,19.8305,12.0725,66.6381,0.458509,0.0,1.0,0.2415989175681063
N_S_WW_WM_076,8.47163,1.92059,-6.37973,-7.61462,0.15,0.44,14.657,6.57401,-42.583,9.89722,4.78586,0.6,-4.72497,-0.1,24.7564,-15.6695,-2.88566,-7.45974,121.02,-44.772,122.338,-9.38895,-111.395,0.0,1.0,0.2095390955548172
N_S_WW_WM_077,-1.52524,2.35977,13.6815,-12.2887,-0.89,2.1,17.1326,-2.56972,35.7446,-73.1301,-8.68466,0.1,-25.4996,0.4,57.8685,7.98449,12.6356,26.7613,107.132,-34.2082,132.781,27.1138,-185.266,0.0,1.0,0.2335730034086378
N_S_WW_WM_078,6.0752,3.63529,1.03659,-3.17428,-0.18,2.24,19.3819,4.34223,-12.2671,148.793,-7.482,-0.1,-39.8823,0.0,27.6621,-18.8328,17.7967,23.1288,60.3413,-8.55942,27.2912,-59.2143,8.69341,0.0,1.0,0.2516525539368771
N_S_WW_WM_079,11.1432,1.58141,-3.05127,15.2918,1.09,2.48,-1.78541,0.780783,-22.051,57.1707,-0.115303,0.5,-0.348883,-0.2,35.8074,25.1178,-13.9924,4.92562,-41.883,5.53025,-51.6168,80.0676,-33.5897,0.0,1.0,0.2288980066013289
N_S_WW_WM_080,3.81305,-2.08332,12.8849,-7.69095,1.66,0.06,4.66926,8.96062,37.9358,-83.2544,-12.3034,0.3,-30.676,-0.1,2.94523,-13.7564,3.5526,50.6538,78.5063,19.2904,-2.42089,-47.77,104.271,0.0,1.0,0.2685103959302326
N_S_WW_WM_081,-6.43278,-3.23396,3.62362,5.6013,1.55,1.75,7.88908,6.53094,-0.48562,-39.8002,4.87345,-0.3,27.7914,0.7,2.37074,4.30935,-25.1647,16.16,103.569,35.2674,-12.6869,28.6578,60.0568,0.0,1.0,0.2290432752392026
N_S_WW_WM_082,-4.21357,1.33829,7.11488,-8.35168,-1.4,-1.62,-3.1281,6.55532,22.3846,-36.4233,-12.6938,0.7,16.9512,0.9,12.3103,9.58312,-17.8279,16.741,31.9697,27.2799,22.9983,-54.4601,115.332,0.0,1.0,0.2508083332425249
N_S_WW_WM_083,0.847271,12.4724,4.15309,12.9717,-0.62,0.48,13.1116,-2.68854,-47.2688,-10.7007,-1.78618,0.0,12.8097,0.8,-9.6818,-18.461,19.6548,24.2571,-44.7912,40.6658,84.4414,17.4182,92.1014,0.0,1.0,0.2490254681760797
N_S_WW_WM_084,12.1194,-5.72543,5.88542,6.58543,-0.76,0.73,5.39813,-0.0200747,-16.0728,47.9322,-9.46416,-0.2,35.3167,0.4,56.1875,20.5667,-1.59406,44.2848,59.9544,45.2873,107.081,-44.8365,-153.417,0.0,1.0,0.2307831253986711
N_S_WW_WM_085,10.1618,-5.90353,19.9859,-16.182,-0.88,0.43,-2.65709,-4.02478,29.5708,83.4885,-5.30543,-0.1,7.88542,0.8,25.0686,-5.64847,13.0466,45.8151,36.1635,32.1505,109.008,24.2438,117.017,0.0,1.0,0.2460202888073089
N_S_WW_WM_086,-0.527802,-4.3554,13.2854,-15.9347,2.07,1.22,-7.14646,-2.63363,3.7399,-26.3253,-5.15837,0.6,-18.6296,-0.3,25.3921,-1.01756,19.841,-0.0188411,61.7582,-22.4399,65.4327,-59.7181,-37.9416,0.0,1.0,0.2308843169601328
N_S_WW_WM_087,-5.67476,8.51474,-6.42705,8.8656,1.97,-0.87,18.6646,-2.93264,22.5832,-69.6234,-1.98936,0.5,23.3429,0.8,-13.785,7.75658,-14.3899,2.35485,29.7169,13.2822,75.8858,23.5726,130.706,0.0,1.0,0.2472982696112957
N_S_WW_WM_088,11.3461,7.75124,19.663,11.7301,2.44,-0.9,0.993177,1.48268,7.84573,127.433,1.89421,-0.2,26.0568,0.2,-5.80491,-1.93688,20.2116,-23.2979,4.79,-5.79851,7.39161,63.7636,6.22801,0.0,1.0,0.2348894686046511
N_S_WW_WM_089,-0.0568439,-6.40049,-1.54967,-2.38679,0.44,1.99,-8.97293,5.3507,-43.4139,18.6714,3.70839,0.3,-22.8324,0.4,34.3541,1.23099,-12.6555,-10.4114,-9.33593,26.6183,46.96,38.8595,-50.0596,0.0,1.0,0.2088787948172757
N_S_WW_WM_090,7.67499,13.0753,4.35773,18.4984,-0.9,0.78,3.0695,6.39564,-41.9653,115.69,-3.78206,0.1,0.698004,0.0,-13.3246,-15.068,-25.8855,35.0147,-30.4024,-20.1443,8.52555,66.1798,37.8277,0.0,1.0,0.2670082565847175
N_S_WW_WM_091,13.9988,12.0024,14.7906,-3.38945,1.94,0.67,2.6472,5.826,-3.44286,-10.5869,-12.457,0.0,22.1952,-0.2,-12.3638,29.2967,13.0099,32.6107,-24.7455,3.57326,-59.486,41.6892,125.105,0.0,1.0,0.2869043225016611
N_S_WW_WM_092,4.19069,-4.13208,8.91708,9.83528,-1.41,1.52,-3.65586,0.62972,-13.729,-6.90594,-8.76062,0.5,-7.03606,0.5,47.1069,26.8822,-20.0274,54.7295,-49.6694,-38.582,-32.0389,-54.8688,12.3691,0.0,1.0,0.2631470137541528
N_S_WW_WM_093,5.4187,2.49074,11.8847,16.759,-0.79,-1.03,3.4795,-4.69645,-16.4054,93.7819,-13.5788,0.5,-31.496,-0.4,7.7316,23.5265,-7.88261,-12.8179,53.0947,-35.4444,103.199,-32.319,-66.6255,0.0,1.0,0.234470330654485
N_S_WW_WM_094,11.617,9.59945,12.5088,19.4906,1.75,0.72,4.72632,-3.42787,-35.7098,-4.0376,-1.0577,0.3,26.1749,-0.2,-7.21598,3.30694,25.5184,47.9609,40.7519,-32.8962,105.055,38.6734,-0.732174,0.0,1.0,0.2553782931096345
N_S_WW_WM_095,2.14762,9.96602,2.87842,16.6507,-1.68,0.15,-3.6691,4.20915,0.160939,-0.424535,-9.8336,0.2,35.7901,0.9,42.8141,-13.6355,-25.4865,-17.4027,37.4045,-8.63785,-9.03726,78.3138,143.065,0.0,1.0,0.2395182653588039
N_S_WW_WM_096,2.32805,-7.82788,-2.47309,18.1804,-0.03,0.88,10.4821,7.01077,39.5244,78.704,2.42086,0.8,24.1073,1.0,31.0421,10.4971,9.78999,-0.136251,-54.0827,35.9741,-7.3669,45.6949,-15.8021,0.0,1.0,0.2137301984451827
N_S_WW_WM_097,0.997573,5.31814,7.99781,-16.7611,2.08,0.22,12.3594,3.19969,-29.7252,38.7674,-10.2319,0.1,33.2576,-0.3,45.9834,-3.09164,28.1729,40.6286,99.2403,33.1532,-5.96067,-44.4408,76.2592,0.0,1.0,0.2656298757408638
N_S_WW_WM_098,6.49807,9.02438,-5.00505,5.54949,1.24,0.64,1.16697,-2.39352,-24.9142,-18.8325,-13.5189,0.7,30.444,0.6,-18.9716,-18.6849,0.0289985,5.9175,14.061,-5.0426,-40.511,78.9662,-89.1844,0.0,1.0,0.250997928461794
N_S_WW_WM_099,7.55305,2.2491,-3.85085,0.0973435,-1.25,-1.01,-9.96959,-4.39533,40.1886,-87.0297,-6.76182,0.1,-7.73461,0.0,21.8623,8.29412,-8.75506,28.6874,-15.6898,37.3062,111.482,-32.812,84.6768,0.0,1.0,0.2406609487375414
N_S_WW_WM_100,12.8486,13.2456,-4.49123,8.24463,-0.2,0.28,15.8699,-2.07286,-31.5369,87.476,-11.6486,0.4,-38.0618,0.3,38.2047,0.465897,-1.9729,-14.9002,128.433,3.96813,-27.8243,-35.9679,-168.493,0.0,1.0,0.2593750655215946
N_S_WW_WM_101,2.84412,-1.35015,13.7672,-11.1309,-0.64,1.93,18.4869,0.45914,46.5686,92.4451,-0.195517,0.1,-1.66649,0.7,-17.1111,28.4009,21.676,-2.34256,-26.6007,-42.1468,10.597,75.5029,-26.7505,0.0,1.0,0.2186299428803986
N_S_WW_WM_102,-3.26263,10.1715,3.45405,-11.4947,-0.85,0.31,10.8037,-4.61343,22.4358,-9.14081,-9.98544,0.0,31.4751,0.8,-16.9315,-11.3595,22.9206,43.4589,82.7924,-26.3583,-56.6694,56.7958,-171.92,0.0,1.0,0.2704849232458471
N_S_WW_WM_103,13.829,14.8996,5.01404,14.6998,0.21,0.21,-9.07096,-0.242565,35.5994,-19.5455,-11.9519,0.7,-37.3888,0.3,25.2181,17.9151,-21.4135,18.6596,41.2649,-18.612,131.323,-26.3131,100.86,0.0,1.0,0.2785102882724252
N_S_WW_WM_104,12.2,-4.89283,-2.09734,-4.98482,-0.6,2.28,0.64675,0.360836,37.4293,-28.8691,-11.4976,0.7,2.11806,0.7,-10.3374,23.849,-17.1686,45.3637,89.3351,6.90959,149.714,46.3363,-36.7533,0.0,1.0,0.2284127823355481
N_S_WW_WM_105,-4.72684,-1.7724,16.2315,-1.63701,2.46,0.81,-6.95945,2.26483,45.4339,113.011,0.178894,0.4,-0.559962,-0.2,-11.2182,-2.20998,4.48476,46.7063,-20.9021,-12.7937,-26.425,-11.3015,-58.2181,0.0,1.0,0.2577630281328903
N_S_WW_WM_106,11.9958,-1.89559,0.253089,-17.5269,1.74,-1.49,1.94861,-2.36271,-30.5266,6.82413,-3.33724,0.3,3.36904,-0.1,-20.2772,-10.5186,-9.88517,2.90814,-46.5743,33.4251,-28.6665,-45.5858,-54.6862,0.0,1.0,0.2339357357873754
N_S_WW_WM_107,10.4941,11.0894,-0.557074,7.0577,-1.49,0.89,1.75878,-3.06516,47.2631,125.647,-2.37348,0.5,-0.897932,-0.3,51.9195,22.6033,12.0186,30.3321,89.1562,22.7526,117.698,-51.6693,49.3522,0.0,1.0,0.2590344911362127
N_S_WW_WM_108,3.04517,-5.69137,-7.06383,14.0516,0.29,-1.32,-0.0555584,8.83285,-4.71235,-72.4825,-10.7227,0.6,5.17136,0.2,57.6249,9.57108,-18.8282,-5.77591,-6.21026,16.8692,-8.28156,68.1095,22.6623,0.0,1.0,0.2496699591893688
N_S_WW_WM_109,-5.26863,7.4964,5.29618,-13.7415,-1.3,-1.73,-1.88508,4.88355,-4.30148,-41.1733,-6.50598,-0.1,8.21811,0.3,49.5118,-4.68787,29.2287,47.3148,-22.8674,-26.0759,15.9015,-30.3505,-164.859,0.0,1.0,0.2641654014817275
N_S_WW_WM_110,-0.826919,-3.93421,-1.01117,11.8945,1.09,0.75,8.10745,3.12041,-22.5406,49.0069,-14.6111,0.2,38.1247,0.0,52.3716,-13.4056,5.70773,-21.9137,-5.59761,-16.3181,125.481,80.1462,-155.603,0.0,1.0,0.2366837841760797
N_S_WW_WM_111,10.33,-7.32506,11.9785,10.3035,2.45,0.62,3.9566,9.5718,10.6522,-65.3693,-5.60811,0.5,16.6025,0.5,11.1647,-16.601,2.63839,4.55287,42.3561,8.2157,43.7585,81.7802,-34.005,0.0,1.0,0.2418569126611295
N_S_WW_WM_112,4.04673,13.6292,9.8183,6.98825,2.46,1.44,0.298866,1.12328,-32.0541,19.2116,-6.63254,-0.3,31.5435,0.0,24.9108,22.1166,-27.724,11.4857,87.5543,38.1732,61.8086,60.8052,67.1078,0.0,1.0,0.2609734888571428
N_S_WW_WM_113,2.1178,9.51522,6.6263,0.69824,1.79,1.2,17.8607,-0.195699,-28.7895,79.1923,-13.4689,-0.3,-29.44,-0.2,53.5309,-1.76706,-8.5562,15.9959,12.1133,-28.7107,109.437,-56.5256,-157.568,0.0,1.0,0.2768625032458471
N_S_WW_WM_114,-6.98766,-5.5525,11.484,3.27255,-0.37,-0.55,-3.2747,-4.943,2.98276,-18.348,-12.3482,-0.4,5.75019,0.4,28.9147,-7.30691,-8.73536,-19.9695,75.9365,-18.0685,67.696,38.4013,-159.6,0.0,1.0,0.2421142856079734
N_S_WW_WM_115,-3.95586,14.6331,-0.344584,-10.3081,-0.79,0.53,16.573,6.16749,18.1891,138.513,0.642532,0.4,31.1083,0.8,55.3732,16.504,15.0287,8.95728,33.4603,-3.70869,46.6894,57.1647,72.0461,0.0,1.0,0.2436671699833886
N_S_WW_WM_116,-6.22065,12.6457,11.3489,6.05135,2.24,-1.55,14.9213,1.90335,34.4282,-16.8432,-9.27697,0.0,10.5965,0.5,46.9526,5.64683,-25.3382,37.4338,25.6821,-25.1029,0.726884,28.7896,-176.385,0.0,1.0,0.2751802372524917
N_S_WW_WM_117,4.65458,0.1484,4.36947,8.1917,-1.04,1.48,-0.464017,-2.31166,-48.9644,43.4032,-7.912,0.6,8.48685,0.7,54.6697,-14.8994,-20.6482,2.19385,8.23756,30.0008,148.67,50.5422,20.9443,0.0,1.0,0.2257995671627907
N_S_WW_WM_118,1.40431,7.85211,-0.602948,16.0316,-1.24,0.46,14.853,6.05978,12.6702,40.1784,-14.4971,0.1,7.35728,0.1,-18.8932,-3.1986,16.7206,26.6006,115.754,43.2338,-49.6834,19.5177,28.8173,0.0,1.0,0.2742159633920266
N_S_WW_WM_119,-4.29811,-1.24288,14.1433,-3.87111,1.33,0.24,-0.843218,6.30112,-28.3721,142.531,-8.14007,0.6,-7.25626,0.3,37.2711,29.58,28.3378,-1.01412,126.329,6.8167,67.8185,6.6592,32.3426,0.0,1.0,0.2383464286744186
N_S_WW_WM_120,13.8159,1.96297,12.0954,-17.5664,1.2,0.54,4.29921,9.64745,-8.10225,124.931,-9.96652,0.1,-29.8007,-0.1,23.5152,14.7486,-3.22646,11.6669,60.5302,-36.7633,47.4296,-3.38397,149.899,0.0,1.0,0.2516678360398671
N_S_WW_WM_121,-5.78927,8.01461,17.3522,17.7157,-0.45,-1.62,4.38943,5.94528,18.5933,103.552,4.04274,0.3,-7.37957,0.2,-6.85351,-1.47266,20.9208,11.7774,123.375,-35.7358,34.3398,-25.5579,-50.5797,0.0,1.0,0.2423157679767442
N_S_WW_WM_122,-6.38714,-6.83096,12.6565,5.75115,1.23,2.41,5.01704,2.566,28.4724,104.852,-6.06572,-0.3,-24.0745,-0.2,50.7174,16.3642,-11.7586,-15.4979,-44.2424,-39.097,37.1844,0.0145039,7.44808,0.0,1.0,0.2424964463222591
N_S_WW_WM_123,3.24643,4.22421,-7.62668,0.899354,1.58,-0.73,10.2312,1.53289,47.5777,-12.7665,-3.05542,-0.4,-23.2956,-0.4,54.269,11.9984,15.6456,7.92492,70.8608,-3.04361,50.8536,0.856584,31.7001,0.0,1.0,0.2269094571694352
N_S_WW_WM_124,14.4782,-5.47314,9.3969,-19.9964,0.66,-0.5,15.9164,4.37412,-45.4573,35.1791,-0.474693,0.3,-17.7253,-0.4,16.2301,-12.7816,-17.401,46.9327,45.9269,-24.6535,-16.7591,-3.6792,21.3972,0.0,1.0,0.24856818341196
N_S_WW_WM_125,13.7712,-7.66466,15.1837,-11.3502,0.08,0.7,16.5415,3.99054,-45.1881,46.1676,2.72893,0.4,39.9837,0.6,-1.09996,-2.26754,-10.2644,-0.384915,-21.3935,-7.68247,23.5452,67.4999,-124.397,0.0,1.0,0.2265192099833887
N_S_WW_WM_126,13.9597,-0.00682322,9.91159,12.3221,1.96,2.04,16.1335,2.23673,6.89549,76.493,-12.1891,0.4,-27.1626,0.9,0.769032,17.766,13.4675,-17.0343,-22.549,-25.1644,93.3799,-11.4725,25.1124,0.0,1.0,0.2438303355980067
N_S_WW_WM_127,6.32029,-6.4984,2.06877,-1.85356,-1.46,2.17,-7.34102,1.78636,42.5343,17.7268,2.35115,0.1,-33.932,0.8,-13.4696,25.2573,-2.97597,-15.046,21.5952,-21.1801,-41.7293,-41.0648,13.9621,0.0,1.0,0.2220704805548172
N_S_WW_WM_128,-3.83374,4.85202,3.42508,14.4129,-1.19,2.15,10.9461,0.647419,-0.375731,43.1274,-13.6464,-0.3,34.0254,0.6,1.12328,18.894,-28.2753,-15.7516,57.8887,-38.1549,105.635,34.8968,-76.3287,0.0,1.0,0.236311390219269
N_S_WW_WM_129,9.81578,-5.17871,15.1255,3.36547,0.38,0.57,-3.08273,-2.98412,17.1012,-94.2002,-8.96833,-0.3,-35.2907,0.4,12.2701,19.9064,-19.0778,43.9546,53.412,-42.3998,135.577,62.695,56.8716,0.0,1.0,0.2503660257807309
N_S_WW_WM_130,-0.0121556,12.2774,6.09792,-19.4537,0.62,-1.56,4.64618,2.97371,34.4601,86.7495,-8.70262,-0.4,-16.7733,0.0,39.2812,2.73213,4.70346,39.2319,115.984,-48.757,12.6264,-13.8513,-14.8195,0.0,1.0,0.2763784629734219
N_S_WW_WM_131,-2.69047,5.30688,5.97024,5.7979,1.47,-0.63,19.8958,7.81767,-13.8924,-89.8343,-9.9309,0.6,-35.4193,0.0,38.8875,-10.9339,5.05688,-15.3872,37.7564,14.1695,126.505,-34.5028,-43.7585,0.0,1.0,0.2424375781594684
N_S_WW_WM_132,-2.96256,-2.99821,4.83007,0.627791,1.42,-0.76,-3.33563,2.31578,7.63545,114.866,-14.0781,-0.1,0.568472,0.2,21.1696,18.9705,22.2805,-13.9736,-57.8626,-29.7812,-48.8409,47.3205,-126.79,0.0,1.0,0.2571529296146179
N_S_WW_WM_133,5.25286,11.8674,-1.20408,10.5937,-0.23,0.86,-7.01534,8.77261,-27.1042,73.9865,-14.4183,0.0,-2.42464,-0.4,55.2538,26.7196,-6.25036,13.6288,35.3315,-2.51593,18.1284,57.4883,124.906,0.0,1.0,0.2605474749202657
N_S_WW_WM_134,-1.95605,5.00815,18.6836,-3.21044,2.35,0.87,12.2925,6.92883,-24.4003,-4.42535,-4.2394,0.3,-22.5212,0.3,-8.71387,-18.1615,19.0824,6.83643,69.8037,-23.1804,-59.007,6.48645,-109.935,0.0,1.0,0.2564188767607973
N_S_WW_WM_135,3.78578,-0.50122,-3.14006,-16.3554,-0.81,0.97,6.42536,8.32206,12.0321,-27.4609,-5.51504,0.4,-31.1718,0.0,36.6822,7.61263,-26.1628,31.8127,68.7702,47.9533,-53.4803,2.00493,57.4909,0.0,1.0,0.2516356729900332
N_S_WW_WM_136,9.22757,12.5763,-4.40903,-12.7879,-0.35,1.9,7.9656,-2.88544,-31.0989,41.1993,-2.49146,-0.3,37.7908,-0.1,-5.93147,-14.3889,27.2864,13.926,68.2423,22.1671,32.3977,86.6918,19.3706,0.0,1.0,0.2324123438538206
N_S_WW_WM_137,-5.13496,9.76767,-1.65867,-12.2633,0.81,1.44,10.1255,6.7307,45.1251,80.1932,-13.9148,0.3,37.9109,0.8,-1.64247,-8.89436,-2.36888,30.973,-19.8139,14.4912,116.304,-0.132119,68.4255,0.0,1.0,0.2700057165714286
N_S_WW_WM_138,3.00487,-5.01963,18.2613,9.51063,-1.05,0.52,16.6414,9.69717,11.6854,137.958,2.07094,-0.3,36.5369,0.0,28.2374,1.31296,2.92333,6.34482,17.3711,18.7431,130.437,7.31932,-12.4749,0.0,1.0,0.2214599216710963
N_S_WW_WM_140,12.633,2.86378,14.3026,-8.03838,1.5,1.22,15.5182,1.06589,48.1842,109.751,-7.42486,0.4,-30.7598,-0.2,58.1043,6.77491,9.21934,36.3853,5.43624,49.411,-19.484,56.7341,87.5564,0.0,1.0,0.2668614067873754
N_S_WW_WM_141,-3.08048,3.14297,1.06836,18.8463,2.17,1.09,0.903987,2.00937,37.5733,4.7164,3.0374,0.8,-16.5604,0.2,-3.30701,-4.54103,25.5535,8.33893,2.44344,-48.6856,100.599,-3.92932,50.8333,0.0,1.0,0.2185872643488372
N_S_WW_WM_142,13.8783,-7.88364,5.13693,7.34209,-0.21,-1.16,4.54058,-3.02449,-5.9037,66.6108,-9.05113,0.6,-18.9892,0.0,24.061,-13.6916,-1.95898,-10.7539,73.843,42.1102,-57.0275,26.4749,59.2701,0.0,1.0,0.2484275360830564
N_S_WW_WM_143,-6.94098,2.46668,10.6615,19.6272,1.4,0.12,10.8871,7.3606,-48.6467,101.391,0.623319,0.0,-26.1897,0.1,2.74293,-2.96076,11.3413,-17.2365,-47.4872,30.8719,95.3716,25.6693,1.79322,0.0,1.0,0.2207451372923588
N_S_WW_WM_144,3.87471,-6.05972,-3.58403,-0.855498,1.58,0.18,-6.48285,7.72903,-35.3988,-27.0547,4.09454,0.5,-10.6424,0.4,-18.7878,12.7976,-4.37053,51.3965,85.7814,-19.4952,-31.488,-12.7598,122.871,0.0,1.0,0.2308925756146179
N_S_WW_WM_145,-2.39651,1.10941,-3.16895,-13.9493,1.7,0.18,9.92338,-4.22263,-34.4093,0.359371,-6.34222,0.7,8.69859,1.0,-5.0717,-9.94009,8.90053,-23.7936,13.5134,-40.8828,60.4216,-16.9058,1.03757,0.0,1.0,0.2260366965813953
N_S_WW_WM_146,-2.55144,2.06691,-5.99119,-7.19916,2.32,1.55,13.9392,3.29237,32.8137,-69.9979,-2.01186,0.4,27.9241,0.1,55.5993,-17.122,-15.1465,16.4904,88.1854,3.32759,6.70881,6.86803,-61.7087,0.0,1.0,0.2310454308637874
N_S_WW_WM_147,10.3885,-7.85919,16.3721,-9.58829,1.45,-0.19,9.21375,-2.60253,42.8236,21.1247,0.120779,-0.4,31.7414,-0.4,32.3662,-4.33259,-8.85512,-7.34826,70.4007,-19.3371,33.5204,-49.2869,102.234,0.0,1.0,0.2218837047109634
N_S_WW_WM_148,5.87987,7.10137,9.68052,4.85906,-1.67,-0.68,19.2022,-4.52843,-11.1197,41.9435,0.993291,0.7,-23.6146,0.6,-13.83,5.90722,-25.4146,3.49098,73.7437,17.005,59.6911,-35.1178,-180.892,0.0,1.0,0.234972119269103
N_S_WW_WM_149,5.48757,-4.27259,-4.04946,-11.2819,-1.42,-0.48,-0.376644,1.45601,-3.37328,12.6176,-0.0380798,-0.3,-4.06182,-0.2,-22.5182,-16.7486,-27.8259,-14.1644,72.8536,-2.05553,33.7699,-21.4154,-190.472,0.0,1.0,0.2129741947275747
N_S_WW_WM_150,14.7031,5.83089,8.97893,1.64216,0.25,1.33,8.85235,8.80573,-9.60977,69.475,2.37814,0.7,-11.6541,0.9,10.6465,-7.88592,29.8431,18.5805,-47.0998,-49.2349,-27.3362,18.4438,-2.77782,0.0,1.0,0.2414664263455149
N_S_WW_WM_151,-0.167774,14.5905,3.84719,16.1221,1.31,2.05,-0.491868,-0.854262,11.9609,-27.3067,4.81635,-0.1,-35.7161,0.8,46.7225,3.87277,8.48957,-12.4918,20.3336,-43.8802,-36.6219,21.7126,-114.887,0.0,1.0,0.2280846081428571
N_S_WW_WM_152,9.19503,8.05626,4.71091,8.83625,-0.15,0.1,-0.541188,-3.96328,-34.2085,-83.6888,3.56084,0.6,-7.43575,1.0,-1.89964,14.8579,23.0092,19.4553,66.5,12.0658,138.831,-38.2566,135.488,0.0,1.0,0.2326836435382059
N_S_WW_WM_153,9.14677,12.9197,16.039,-10.7131,-1.11,-0.03,-4.76959,0.847138,8.10467,-66.9677,-6.83131,0.8,16.0171,0.4,-3.91867,-13.8512,11.6486,-3.54409,-29.7137,-12.6902,130.822,86.1164,39.8272,0.0,1.0,0.2474821698504983
N_S_WW_WM_154,-0.877437,9.2751,12.9271,7.09802,0.98,-0.67,19.6107,9.33911,38.1974,99.1247,-2.34691,-0.2,-18.326,0.8,40.7686,23.4294,-16.7554,-4.04101,-41.476,2.79051,67.3743,83.8549,101.381,0.0,1.0,0.2473393526112956
N_S_WW_WM_155,3.75117,8.07338,14.9861,-15.5512,2.07,1.41,3.19128,5.7924,-29.0722,144.477,-6.57657,0.2,9.07614,-0.4,41.4211,28.5546,-18.5878,15.3154,-6.98644,27.8993,-28.3519,23.3243,-135.821,0.0,1.0,0.2656814922159468
N_S_WW_WM_156,-1.9263,12.0603,15.5506,17.3574,0.64,-0.1,-9.64564,-3.43828,-35.8156,97.6255,-9.43109,0.4,6.75565,0.5,7.19865,4.3813,29.4178,38.3834,117.914,8.31351,-11.5449,65.6668,-91.073,0.0,1.0,0.2632787845215946
N_S_WW_WM_157,-6.16259,-6.47213,19.0643,3.72538,-0.35,1.64,15.6157,4.63519,-16.2415,63.1371,2.49586,-0.4,-5.94578,0.9,35.9741,11.4385,25.6356,38.6906,-33.5674,-17.2085,13.1542,-18.6891,-48.363,0.0,1.0,0.2363489425348837
N_S_WW_WM_158,-3.35211,7.38313,-1.97063,2.82385,0.88,-0.01,17.389,0.820297,-19.5952,-94.811,-8.63977,-0.3,15.968,0.8,55.7593,23.2405,10.2473,31.6547,105.041,-45.3203,30.9112,36.6258,-21.1387,0.0,1.0,0.2587445364717608
N_S_WW_WM_159,8.2911,4.35156,-4.98976,11.5417,2.1,-0.14,-8.49639,4.22641,6.32423,-24.4732,-14.8608,0.5,-8.59417,0.1,5.069,-10.7396,-23.981,-19.425,27.9977,4.50615,-51.9827,-43.3703,30.0444,0.0,1.0,0.2573126381993355
N_S_WW_WM_160,10.7738,-4.57939,11.6085,-15.383,1.43,0.43,7.62675,8.66377,-45.7607,64.0663,-14.9069,-0.2,-3.12154,0.3,-5.1535,2.70209,-23.4284,37.0708,106.086,10.1514,-35.8993,-53.8721,-139.882,0.0,1.0,0.2481552555747508
N_S_WW_WM_161,6.88572,11.8823,17.6955,3.86368,0.21,1.58,14.3121,4.69484,-46.3118,58.9682,-2.93615,-0.3,-35.9855,0.5,38.0374,0.0750084,-20.8923,15.8399,88.3094,-36.9079,-43.6388,82.7745,2.38855,0.0,1.0,0.252823383641196
N_S_WW_WM_162,9.15217,-5.21013,9.10048,-6.02572,0.33,1.03,5.97905,-3.94171,47.0352,0.163785,-5.06199,0.2,12.0462,0.5,-22.7709,0.73718,15.8531,-5.23918,127.926,-40.6529,89.0359,-26.5734,-163.334,0.0,1.0,0.224010079013289
N_S_WW_WM_163,-6.97501,0.344745,-3.4814,6.81424,0.83,1.84,-4.43365,-0.26357,25.4557,-33.4297,-14.0546,0.2,39.5264,0.6,30.6983,-6.21809,22.5224,26.1387,56.3836,49.6372,-24.1402,61.0919,46.3054,0.0,1.0,0.2654804953322258
N_S_WW_WM_164,-4.35376,5.96096,-4.76194,-5.94266,0.98,-0.12,7.29332,0.0280631,-40.081,-84.3797,-12.5037,0.2,13.3514,-0.3,11.9368,-18.0053,19.4933,54.138,-10.091,-15.5757,10.1537,32.0535,34.1077,0.0,1.0,0.2754623089667774
N_S_WW_WM_165,14.9994,6.79447,8.32477,10.9353,-1.6,-0.65,16.9043,5.05903,-26.2223,97.251,-14.7014,-0.2,21.978,-0.1,-6.70348,5.75139,-10.007,36.1192,75.3741,-47.9867,69.8634,49.4705,-56.6125,0.0,1.0,0.2628860753056478
N_S_WW_WM_166,-3.30674,8.22246,19.1444,13.9859,1.82,-1.04,6.67948,-2.50124,-12.647,-61.0048,-7.1703,0.6,-20.9771,-0.2,15.9694,27.3883,-24.4784,21.3448,99.7152,36.0278,-18.5205,-27.3318,-45.2431,0.0,1.0,0.260135211654485
N_S_WW_WM_167,11.2161,4.60242,-1.84785,2.27114,2.48,-0.25,-6.53252,0.00704819,-4.80066,135.305,-2.18488,0.2,21.8923,0.2,47.1461,-2.30139,7.66551,-1.60506,120.323,-36.6637,127.369,-19.795,-122.32,0.0,1.0,0.2288205966345514
N_S_WW_WM_168,-5.22331,6.16382,16.9201,15.0307,1.89,2.32,19.0385,1.63973,-33.1165,33.9258,-12.6495,0.2,5.05902,0.7,17.4,16.4999,-14.095,9.72951,119.482,25.1527,35.2671,-12.4669,-181.206,0.0,1.0,0.2442596969003322
N_S_WW_WM_169,14.8888,10.7689,12.7637,7.23696,-1.51,-0.33,14.5749,0.948831,48.4669,-46.6596,-11.3214,0.8,-33.1943,0.2,-7.60229,-1.86093,25.9499,44.9548,33.9264,14.74,-26.2084,24.1191,115.706,0.0,1.0,0.2782723012956811
N_S_WW_WM_170,-6.86378,11.1875,-5.55715,-2.89642,0.35,-0.91,-7.80238,2.71796,-20.5981,-7.56337,-6.94273,0.5,-14.3851,-0.3,31.3333,-3.93781,29.7656,31.4098,90.0618,36.4558,78.6205,-27.9779,-92.4595,0.0,1.0,0.2801741196943521
N_S_WW_WM_171,9.2592,13.2024,11.719,-17.2308,0.4,1.04,3.92436,9.11155,-39.2776,-36.7446,0.0757825,0.0,25.1133,-0.2,20.4629,-2.72914,20.4537,-21.1825,-4.38928,24.9924,80.7779,-46.5058,134.359,0.0,1.0,0.2518184843554817
N_S_WW_WM_172,-5.2993,-2.65602,17.9732,-0.544374,0.48,-1.64,-2.78322,3.89664,36.7545,63.8911,-14.1424,0.4,-12.3195,0.8,-19.1538,13.2993,21.1606,5.29214,71.6819,23.6697,118.997,-19.5614,-178.088,0.0,1.0,0.2543368741096345
N_S_WW_WM_173,-7.91976,10.4441,6.71093,-16.8797,2.42,1.67,2.60556,3.13514,22.7839,-58.8338,0.235262,0.2,6.16848,0.2,2.60224,2.79919,-24.8888,-8.57594,85.7022,-23.4214,108.277,-26.5439,105.396,0.0,1.0,0.2441139083554817
N_S_WW_WM_174,14.3171,0.800555,3.36829,-9.7897,-1.79,-1.51,18.901,5.02336,-29.1622,-78.0554,3.33563,-0.1,-20.0893,0.3,16.3332,4.11563,6.64123,-13.0761,77.1772,-9.7414,41.9973,39.9591,-10.4763,0.0,1.0,0.2212915862292359
N_S_WW_WM_175,5.75453,0.953152,7.73208,-13.1055,0.73,1.19,9.06128,2.46397,40.3959,102.681,-14.9336,0.2,16.2887,0.2,15.2789,-3.02737,-29.1147,-24.5308,80.2135,-46.6826,-39.2846,29.6093,-44.9067,0.0,1.0,0.2439320848405315
N_S_WW_WM_176,-5.17724,-7.52126,15.5957,-1.30527,2.34,-0.88,-5.77759,4.42041,39.8559,-67.7209,-11.1355,0.2,-25.9329,0.2,14.9324,12.5734,-22.5565,-6.08505,102.004,-6.66508,21.2802,54.6728,-12.8479,0.0,1.0,0.2491591045880399
N_S_WW_WM_177,-4.13834,12.3258,-0.236769,0.165864,-0.86,2.01,-4.53625,5.22996,-45.9282,76.6626,-10.3163,0.7,-26.9947,0.8,11.8111,14.5492,22.0725,26.3912,1.03962,44.5355,87.7792,-42.7442,122.234,0.0,1.0,0.2622434223887043
N_S_WW_WM_178,2.77386,-0.664165,18.3514,-8.67436,0.49,2.21,18.414,5.16144,23.2228,-23.977,-4.07047,0.3,10.464,0.9,-16.178,-10.4183,-0.0114416,20.2547,126.183,-4.40546,72.5323,49.8403,73.9531,0.0,1.0,0.2364159085083056
N_S_WW_WM_179,2.72894,5.88339,4.63623,-5.34354,2.05,0.67,-7.54053,7.56156,-33.3987,67.6668,3.36564,-0.3,-2.59648,-0.1,29.5285,-11.448,-13.9057,29.3338,49.6705,-36.2265,113.675,74.7741,72.8665,0.0,1.0,0.2313864206578073
N_S_WW_WM_180,10.6488,14.3077,15.2811,16.9873,-0.59,-0.86,7.06062,2.45244,0.706734,129.871,-3.63203,-0.2,13.9177,0.9,12.7885,-1.10552,0.755337,39.2196,79.9992,-14.8761,-2.12396,-48.3214,102.735,0.0,1.0,0.2723131140598006
N_S_WW_WM_181,3.52084,11.6903,8.12782,2.37547,2.43,1.14,3.98753,3.66717,-29.71,14.2002,-5.63448,0.1,-39.5641,0.7,22.6845,29.0044,23.6412,38.7954,-59.2583,-3.49747,82.4644,-23.0017,-63.2239,0.0,1.0,0.2563855722657807
N_S_WW_WM_182,4.59633,14.9648,12.8723,-12.3967,0.55,0.42,3.44704,-1.97843,-13.4179,-47.4233,3.14941,0.1,3.05163,-0.4,11.6731,1.4249,6.21442,9.79953,106.395,-30.6781,-21.4356,-10.6512,-192.02,0.0,1.0,0.2516198684551495
N_S_WW_WM_183,-0.772398,8.41772,-4.63488,14.9643,1.06,1.01,18.363,5.87275,44.4495,6.30452,-6.70934,0.6,-24.5565,0.8,35.1424,16.5948,26.0829,6.11666,91.4767,35.7724,-17.4143,-24.3362,112.524,0.0,1.0,0.2345060444285714
N_S_WW_WM_184,3.46125,8.93755,5.25293,17.4998,-1.17,0.99,9.77937,8.1145,-33.7451,-78.9377,-0.63019,0.7,-18.9424,0.9,37.7456,-15.8395,-4.99665,25.3551,-12.1255,4.7092,73.7231,76.5761,-196.151,0.0,1.0,0.2445973107774086
N_S_WW_WM_185,9.61686,3.7762,-5.70982,-13.832,1.8,1.93,2.97206,8.16735,26.4843,138.125,-5.9827,-0.1,15.7247,-0.3,44.8676,-5.36598,25.7246,25.8662,-36.5061,-10.5352,115.919,-17.0107,108.361,0.0,1.0,0.2621485589700997
N_S_WW_WM_186,-6.56367,5.57163,-7.59475,18.9555,0.82,-0.08,1.63999,8.9153,28.9221,54.9436,2.85187,-0.1,4.38743,0.8,14.9939,15.2922,17.4925,53.8305,105.533,41.238,15.1338,60.2739,-22.6824,0.0,1.0,0.2486027184651162
N_S_WW_WM_187,3.63991,3.24959,-2.2383,11.6422,1.38,-1.57,12.9047,-4.35544,32.6311,-88.6172,3.43432,-0.3,-37.5716,0.5,-2.31034,11.2253,-2.06747,33.1993,24.1803,-44.2325,129.931,-18.1536,-74.6984,0.0,1.0,0.2231880032325581
N_S_WW_WM_188,10.5341,5.17264,-2.56484,-1.71248,-0.41,2.06,-1.62657,-3.62132,-38.9001,63.5105,-8.84782,0.6,-36.137,0.8,27.727,17.1154,21.9921,8.52823,7.35779,-38.0643,-54.8365,32.2645,-149.626,0.0,1.0,0.251679364744186
N_S_WW_WM_189,0.927547,5.01659,-2.60367,1.26512,0.74,-1.78,7.78386,3.92401,-45.3066,16.9091,-10.1891,0.0,-14.4586,0.8,7.79045,2.47609,-1.11511,16.9459,104.721,48.9616,-58.2445,1.23452,-197.504,0.0,1.0,0.2490299328139535
N_S_WW_WM_190,12.5445,-6.76392,0.224627,8.06024,0.7,0.13,13.2143,1.70202,-25.018,-5.67779,-13.9054,0.6,-15.2625,-0.2,-24.5354,0.336808,0.91996,24.5074,21.3104,15.6381,144.461,13.6728,-160.809,0.0,1.0,0.2379534718172757
N_S_WW_WM_191,5.11771,2.4227,11.0998,1.71387,-0.3,0.66,16.9628,0.0644063,-34.5179,143.578,-7.43789,0.7,14.0597,0.2,28.9058,-0.222137,25.304,-18.2463,-58.5285,23.7536,-30.5225,39.244,-13.0334,0.0,1.0,0.2374237438272425
N_S_WW_WM_192,8.97993,-7.57954,-1.0615,-14.9855,2.21,1.49,8.29195,1.55338,-40.9042,25.5345,1.10453,0.1,11.4584,0.6,22.9419,19.6405,3.07641,-22.7019,107.733,38.9867,-29.0416,-2.16728,-20.1866,0.0,1.0,0.22238922210299
N_S_WW_WM_193,8.80929,-4.459,17.9524,12.08,1.32,-1.28,16.3192,0.677856,-19.1625,74.4945,4.2836,0.2,-11.4279,1.0,29.3806,-3.24623,5.76755,47.8844,44.1109,44.0062,131.751,34.157,-118.633,0.0,1.0,0.2315837160398671
N_S_WW_WM_194,6.17557,10.6631,18.5968,-3.08968,1.34,-0.66,11.2558,5.03655,46.6988,-50.8239,-5.13467,-0.1,12.2714,0.0,7.1348,11.379,26.8318,51.8572,118.594,15.4316,7.13734,10.4492,-124.93,0.0,1.0,0.2819696833156146
N_S_WW_WM_195,-7.29033,-3.9189,8.57515,-1.38529,0.68,-0.65,-3.55507,4.42964,-14.4631,68.7752,-2.42858,0.8,3.7521,-0.1,37.0012,-18.6203,23.8732,54.4811,-19.1517,-9.99127,45.0383,87.4418,-136.079,0.0,1.0,0.2519759284784053
N_S_WW_WM_196,7.81568,14.4599,6.4372,14.1386,1.73,-0.17,19.2781,-4.23628,5.92969,-4.71412,-2.62906,0.4,-27.4453,-0.1,45.2701,16.154,-5.34398,25.1551,-14.9876,-46.9154,53.1141,10.6289,141.981,0.0,1.0,0.2719339511063123
N_S_WW_WM_197,10.9345,14.2762,13.4165,0.535213,0.78,1.13,12.216,8.87658,-32.8516,-22.3535,0.292545,0.7,15.3438,-0.1,56.9796,8.97038,-25.2059,27.7268,-48.1817,-3.33942,57.0938,41.548,18.847,0.0,1.0,0.2477770476976744
N_S_WW_WM_198,13.2434,8.8819,-0.564139,-18.257,1.6,0.44,1.97327,9.2711,20.0433,62.1455,-3.75347,0.3,-20.3877,0.3,21.4776,-0.671307,-28.667,-18.7872,-55.1424,2.91642,59.2459,23.4909,-86.5653,0.0,1.0,0.241176843730897
N_S_WW_WM_199,11.7496,-4.94871,0.625722,5.23763,0.17,-0.34,11.5265,1.65931,20.2961,-20.174,-1.18453,0.1,22.6929,-0.2,6.12495,13.1191,0.32124,-23.2011,-34.019,-38.2885,-58.6187,44.2919,62.1126,0.0,1.0,0.2308696824983388
N_S_WW_WM_200,8.25735,7.27947,6.97924,-18.0204,-0.01,2.16,1.38038,9.55982,-23.9486,-34.4437,4.74417,-0.1,-11.5303,0.7,50.9937,19.9768,26.5742,13.263,80.43,-26.7271,64.0143,10.9339,-20.9467,0.0,1.0,0.2329920799036544
N_S_WW_WM_201,7.37789,1.43308,3.93348,-6.80876,-1.71,1.41,1.20192,-4.45535,-22.9875,108.99,-13.0214,0.0,15.586,0.4,-24.0964,11.1949,12.5042,6.3029,88.6777,-49.4812,2.44929,87.1624,49.6413,0.0,1.0,0.2340855246578073
N_S_WW_WM_202,9.02383,-5.07882,19.1044,15.8779,-1.7,-1.76,-5.27774,-0.718048,25.7406,-75.3777,-7.03858,0.3,-12.5407,-0.2,29.4216,24.7561,3.42281,-19.0408,38.2559,-1.78125,-18.9194,50.6445,43.8429,0.0,1.0,0.2345788466112956
N_S_WW_WM_203,12.4362,12.7479,8.11738,4.2518,0.26,2.36,14.9553,7.5996,-36.6226,124.189,-12.9502,0.5,-35.8701,0.5,2.08997,6.07139,19.6025,42.1837,77.9009,39.4878,78.2033,31.1652,-154.907,0.0,1.0,0.2777319488837209
N_S_WW_WM_204,14.5584,-3.51848,-5.30186,10.8444,-1.61,0.22,14.7149,-4.79008,34.0911,91.7723,0.258866,-0.2,-29.0615,0.2,-2.05918,-6.31918,18.547,30.68,-42.6974,-15.466,-3.91409,-8.68558,34.7559,0.0,1.0,0.2251486624518272
N_S_WW_WM_205,6.82682,2.90433,2.67267,-16.1107,-0.77,-1.22,-8.41272,-3.59835,44.7212,25.2267,4.97848,0.7,11.0218,0.5,4.24551,6.42725,-20.5436,-11.6597,-28.0778,-2.87503,-21.9435,-5.82487,-97.416,0.0,1.0,0.2343356404186046
N_S_WW_WM_206,3.02235,3.10722,11.143,-3.5264,-0.56,-0.2,-2.72728,-2.48433,-42.7358,-88.1711,-14.7962,0.1,-0.746037,-0.3,56.099,22.6683,23.2846,-13.2991,29.4715,44.9026,76.1914,-31.2261,5.89736,0.0,1.0,0.2405092638272425
N_S_WW_WM_207,1.36967,-3.16809,17.7738,-2.54332,1.87,1.88,18.9373,5.15536,1.13379,-59.9644,-6.08725,0.0,-11.6698,0.2,50.8495,24.9172,18.7686,46.0608,-29.2206,27.2975,-55.7472,54.9323,-162.31,0.0,1.0,0.2495765412259136
N_S_WW_WM_208,10.0046,0.22122,11.3797,8.35649,0.02,-1.42,-1.73407,-1.41401,49.087,-49.7484,-13.8246,0.6,13.0479,0.2,45.4035,-7.23184,-25.7605,45.6681,49.9998,22.3558,146.763,-16.0539,-145.899,0.0,1.0,0.2593443424385382
N_S_WW_WM_209,12.9212,7.17771,12.6337,2.11372,0.11,-0.42,-4.35615,7.30589,23.0176,-1.40711,-3.48798,0.8,-14.0892,-0.3,45.0656,-7.02795,-4.46149,32.7556,27.2829,-17.3449,-19.8127,78.7151,132.081,0.0,1.0,0.2455755715049833
N_S_WW_WM_210,-6.24734,14.9672,2.73007,-0.954274,0.75,-0.02,-7.68093,3.77551,-10.471,111.729,2.15239,0.1,17.0583,0.3,23.1013,29.2069,-29.5358,10.9229,-47.5779,9.93527,-3.89743,37.8414,73.3081,0.0,1.0,0.2446813324418604
N_S_WW_WM_211,6.33729,-3.39514,7.43494,3.01114,1.03,-1.7,0.213405,8.43238,-2.64319,-19.3397,-12.272,0.7,15.2555,0.2,-1.2304,-7.5417,26.3288,30.8599,73.2367,-44.6663,-3.56137,18.6581,-166.138,0.0,1.0,0.2505227395780731
N_S_WW_WM_212,0.806445,14.5624,-1.3865,-11.9741,1.52,2.49,12.4245,0.737345,35.9163,-16.3425,4.22312,0.1,-13.7675,0.9,7.62867,6.68814,-18.1975,38.5706,40.4591,21.649,4.577,-36.5304,23.0567,0.0,1.0,0.2688429014318937
N_S_WW_WM_213,-0.12966,10.0552,-2.73747,10.7134,-0.98,1.77,5.89468,6.85233,24.5197,-93.5708,0.00211947,0.6,-15.4274,0.5,-19.4642,0.220742,11.7442,38.8872,62.9398,-41.8928,-5.64189,78.5295,116.116,0.0,1.0,0.2584978146013289
N_S_WW_WM_214,-2.73459,13.7218,11.479,-6.1504,-0.95,2.34,8.05988,3.48616,-32.9938,-57.8659,-3.40064,0.3,1.45088,-0.1,50.1441,-19.549,12.6884,3.63845,23.1184,-46.0632,39.8811,67.7814,-23.0121,0.0,1.0,0.2486422935913621
N_S_WW_WM_215,7.66194,-4.48591,11.0752,-19.5964,-1.56,0.98,2.56098,0.273084,-27.7507,1.06261,-1.34992,0.7,35.4901,0.7,-12.5838,8.53328,4.31735,6.00291,34.927,-14.3701,60.274,-51.0257,140.564,0.0,1.0,0.2273965027342192
N_S_WW_WM_216,-2.88024,-2.68446,13.1367,12.4018,-0.7,-1.5,18.4382,2.82074,1.71822,139.904,-9.34419,0.2,23.2907,0.3,47.3756,17.4287,7.04017,8.38197,114.066,29.0767,-43.9415,-24.5309,75.397,0.0,1.0,0.2403842723322259
N_S_WW_WM_217,0.473862,6.1195,9.00653,-6.43839,0.62,-0.24,19.4856,9.73358,-24.2439,-39.294,-3.65836,0.8,28.7989,-0.2,2.02057,15.7432,-1.31774,43.1085,104.04,-18.369,115.658,-3.11164,-175.039,0.0,1.0,0.2410227595016611
N_S_WW_WM_218,-2.65062,6.82613,16.3521,14.0672,1.62,1.22,-8.5976,1.32769,-31.9646,-2.5097,-6.45312,-0.4,-27.2199,0.5,-4.85982,12.9191,-28.9444,48.5099,29.9363,-6.81745,-42.9489,20.5198,-58.9729,0.0,1.0,0.2634130091893688
N_S_WW_WM_219,-7.68514,10.373,2.48667,-8.53467,0.28,0.56,-3.41463,7.79617,26.6708,1.65602,-4.00347,0.3,29.9839,-0.2,4.75773,9.75036,1.92608,40.3102,-58.2276,39.1553,-20.2238,55.3214,-165.605,0.0,1.0,0.2694182763322259
N_S_WW_WM_220,4.47543,-2.38872,-6.75451,15.0988,0.13,-0.18,-2.2021,-0.0491714,-41.41,9.56241,-1.33666,0.0,-27.6258,0.7,42.9248,-4.58128,-28.1605,27.0356,40.278,40.8201,129.655,-51.3397,-185.965,0.0,1.0,0.2225433498803986
N_S_WW_WM_221,-2.82922,0.303838,-2.15114,4.44085,-0.38,-0.97,17.9796,8.35114,-2.17241,74.847,-1.75331,0.6,32.165,0.8,-8.57257,-18.7506,1.06723,24.4114,-28.7469,-39.3786,73.1607,88.7513,-27.9658,0.0,1.0,0.2342298279800664
N_S_WW_WM_222,6.52494,6.42728,-7.88709,17.8712,1.24,-1.29,8.22972,2.53469,26.7287,37.2739,-14.7701,-0.1,9.82797,0.8,-15.1129,29.9729,0.11858,-22.8289,2.22519,11.4883,33.2896,9.44326,47.7638,0.0,1.0,0.2594566263920266
N_S_WW_WM_223,3.3496,11.2912,-6.07244,19.8848,-0.27,-0.31,18.8502,8.04987,-32.5999,77.3809,-5.40356,0.5,20.6193,0.3,49.3888,-8.07595,14.1323,14.3079,3.79462,39.9454,118.418,-2.96883,-106.507,0.0,1.0,0.2552399972225914
N_S_WW_WM_224,14.2101,10.8446,-2.86887,-9.09353,1.07,-0.58,13.3778,-2.67401,28.364,66.1305,-9.82539,0.0,10.7405,0.7,39.8712,-1.23495,11.1262,10.1017,-59.4953,-42.7199,43.3257,-22.0096,54.1384,0.0,1.0,0.2544422601129568
N_S_WW_WM_225,-2.6128,9.84003,17.2538,-7.93298,0.25,-0.57,0.434415,-3.83319,15.5317,43.7109,-10.8651,0.5,36.3459,1.0,23.825,11.0501,-4.09663,45.0915,-21.0715,-13.2493,-6.43272,74.0918,121.333,0.0,1.0,0.2785069248405316
N_S_WW_WM_226,14.4162,-7.36357,-3.32532,-1.55766,2.12,0.46,-5.45151,0.249939,-18.2395,-74.8555,-10.2686,0.4,-4.14061,0.7,47.4944,-9.6151,-26.6877,38.1875,19.6631,-20.4744,85.285,-5.52699,-29.4378,0.0,1.0,0.2488473630830564
N_S_WW_WM_227,8.08445,6.54768,11.5818,-19.0403,1.92,1.37,12.1657,-1.68984,7.96589,103.148,1.66209,-0.4,13.6496,0.0,36.9057,-11.0378,0.206553,36.0183,-2.79938,-42.6197,-51.1602,33.1235,-74.2472,0.0,1.0,0.2545992332325582
N_S_WW_WM_228,-5.51067,6.60838,7.6418,6.07779,-1.68,2.23,19.1558,9.95368,41.6876,99.4931,-6.66131,-0.2,9.01162,0.1,-3.53813,-13.8866,-3.6302,5.18021,-8.57969,31.6445,-12.0689,42.2978,-101.955,0.0,1.0,0.2510182780431894
N_S_WW_WM_229,5.82777,9.64976,2.69182,-4.76296,0.4,-1.07,3.30627,0.0918085,-21.7918,69.5444,4.34056,-0.3,4.77001,0.0,53.6377,14.028,-23.1821,-20.0291,25.0402,30.1583,-11.1553,82.1602,-135.208,0.0,1.0,0.2227671334352159
N_S_WW_WM_230,5.60208,3.99311,12.7023,3.08647,0.32,-1.44,-5.47171,5.67173,-46.2154,82.2121,-2.56468,-0.1,-25.4296,-0.2,36.3678,21.1562,22.7259,7.4309,-45.9869,21.977,-50.379,-25.0282,-193.215,0.0,1.0,0.2356237364285714
N_S_WW_WM_231,13.6084,-1.27814,-2.89468,4.13989,1.14,1.89,0.148148,9.44921,-30.4038,85.767,-6.89894,0.1,-10.4153,-0.1,-9.8215,29.7443,-7.39884,29.9492,-36.1534,33.0452,99.6222,-56.5993,-156.493,0.0,1.0,0.2415426801694352
N_S_WW_WM_232,2.95889,1.15381,16.284,-16.9344,0.52,1.4,13.165,7.27373,-5.56808,29.5847,4.02518,0.2,-28.8589,0.7,55.0132,26.4923,10.5551,-13.8606,31.1844,33.8967,1.60328,82.0547,108.933,0.0,1.0,0.2120018897707641
N_S_WW_WM_233,-0.484406,10.5856,18.6462,-0.974193,0.09,-1.66,10.8492,-3.77643,41.3734,84.5956,1.26841,0.7,-7.96866,0.0,40.8748,5.51846,-5.80817,-14.385,-45.0068,-25.622,94.4802,10.788,23.6534,0.0,1.0,0.2358897414584717
N_S_WW_WM_234,12.3142,-5.79706,9.64618,14.9996,-1.2,1.61,16.4961,4.00111,-18.4549,128.032,-4.03375,0.8,-11.209,0.7,49.916,0.60785,-18.2926,36.8033,107.285,31.4584,-15.5666,66.794,-106.407,0.0,1.0,0.2267476242691029
N_S_WW_WM_235,1.63491,-3.71917,18.7422,17.5872,1.03,-0.37,6.6357,7.46222,-41.8221,-55.5229,0.396017,-0.2,-10.5341,0.8,-0.812286,-12.324,4.24824,24.7258,29.2447,-29.4493,79.9161,-43.251,-57.7208,0.0,1.0,0.2384003745116279
N_S_WW_WM_236,-7.95396,0.49401,1.55884,9.47049,1.02,-1.07,1.43783,9.80196,2.67085,80.5526,2.97433,-0.3,-18.0366,1.0,17.5066,-3.84612,5.3187,4.29811,53.9652,-45.5227,-25.1621,-12.9934,128.7,0.0,1.0,0.2311520643122923
N_S_WW_WM_237,0.967892,2.10049,5.16037,-7.08534,-0.84,-0.94,16.4747,4.67473,-25.4081,-64.9562,-7.24065,0.5,-36.3758,0.8,-20.6237,-0.0874523,-21.8855,14.5184,-14.759,39.5858,98.16,57.3929,55.444,0.0,1.0,0.2468228336212624
N_S_WW_WM_238,5.38701,0.81703,16.636,-14.6737,-0.13,-1.56,6.77434,3.34184,21.0104,55.5389,1.46013,0.6,29.2716,0.0,-10.2056,-7.15705,6.87263,23.3798,42.9624,46.2768,-27.2831,76.2291,21.7907,0.0,1.0,0.2342024865813953
N_S_WW_WM_239,10.8002,6.86028,-2.97758,-1.90935,0.84,-0.95,16.439,-3.00413,30.4141,30.3365,-11.5263,0.5,36.195,0.5,57.2036,8.6003,-1.78252,-4.66281,96.9013,34.3663,128.399,64.2809,-168.699,0.0,1.0,0.2426860294019933
N_S_WW_WM_240,12.4822,-7.50444,-6.48716,16.2164,0.97,0.12,0.0126929,3.38913,-46.4914,-0.80509,1.73022,0.6,-16.8365,0.9,20.1134,25.7022,5.29959,17.9118,22.8602,-44.0773,114.962,52.6986,15.2008,0.0,1.0,0.2094744252458472
N_S_WW_WM_241,2.93651,-0.173017,-0.273907,-10.0037,-0.92,0.25,9.65055,-4.74297,6.61181,23.3161,-2.58107,-0.2,-16.3513,0.7,38.8672,-9.78815,-1.85329,-23.6688,-49.7578,46.5323,21.6572,14.4077,-44.2832,0.0,1.0,0.2227633713156146
N_S_WW_WM_242,2.07089,14.6727,14.6526,15.7486,-0.51,0.09,1.11928,9.7487,-17.5065,83.695,-9.14116,0.3,-19.5622,0.8,-10.5362,26.3098,0.440214,45.4376,12.2811,29.9635,136.283,2.15251,-129.837,0.0,1.0,0.2666566323156146
N_S_WW_WM_243,2.68419,9.63668,-0.810148,-16.4886,0.33,0.11,-7.5057,9.18879,40.5595,24.7032,3.12307,-0.1,-13.9827,0.9,-3.05084,-2.49035,15.1984,-1.78316,-43.5876,43.9944,134.059,80.5256,32.9668,0.0,1.0,0.2261858344916943
N_S_WW_WM_244,-1.0384,-3.68599,3.55271,-3.57234,1.11,0.16,-5.18334,9.66029,-23.748,4.88408,-7.70345,-0.4,-5.47595,0.9,42.6883,10.2812,-16.4911,40.447,-53.9249,41.8835,-38.1779,-10.1085,-100.992,0.0,1.0,0.2506706731661129
N_S_WW_WM_245,8.02721,11.7786,10.1211,-10.5732,2.37,-0.48,17.2891,3.02557,0.0794027,116.979,3.28345,0.0,16.4278,-0.2,-16.8598,6.63619,-15.5874,52.7176,-50.3741,13.0883,45.4243,-40.3591,14.8278,0.0,1.0,0.2628639896877076
N_S_WW_WM_246,-3.8653,2.20918,-6.00009,-13.4538,0.57,2.42,6.50637,2.4957,-11.5706,-2.84335,-9.37488,-0.2,11.2327,0.7,59.6055,28.6083,-8.93864,8.65484,-51.8824,-11.7011,54.1034,77.5939,-166.923,0.0,1.0,0.2508191096478405
N_S_WW_WM_247,7.30043,1.31931,10.2295,12.5056,0.24,-0.81,-8.92369,1.67151,37.7291,11.0512,-0.980042,-0.2,-37.8997,0.6,19.9708,-6.61564,19.3879,20.7781,53.6096,2.011,-1.97849,27.3332,-149.254,0.0,1.0,0.2344920298372093
N_S_WW_WM_248,-7.22523,-0.309216,5.67432,-0.870079,2.23,-1.67,-6.14544,2.20785,0.396249,52.1912,-8.29056,-0.1,16.5257,0.0,7.98313,-12.8155,17.4076,-10.9791,128.285,32.3899,132.048,47.6844,52.7462,0.0,1.0,0.2471290094983388
N_S_WW_WM_249,1.15433,3.37511,15.102,-10.9198,-0.43,1.35,8.00245,4.86283,-14.6686,-17.9342,-14.6804,-0.2,20.7408,0.1,-24.766,-19.1587,0.981035,28.5819,90.9818,-47.2908,-29.6719,-53.4186,134.885,0.0,1.0,0.2743640610664452
N_S_WW_WM_250,5.84775,-1.57808,18.6277,0.275609,1.49,-1.23,-3.02137,4.85197,-8.92593,82.7019,-9.41067,0.7,-36.3157,-0.1,-15.5479,19.5412,-10.8781,-24.0637,-17.0164,48.738,35.0139,23.8289,-112.455,0.0,1.0,0.234814304
N_S_WW_WM_251,7.19238,3.80504,5.21182,-2.40014,-1.23,-1.67,-5.01073,4.80222,20.4568,145.554,-13.1425,0.3,39.1936,-0.3,-19.6951,23.3945,-4.4238,0.364613,-28.8321,20.9243,17.0757,46.0407,95.6528,0.0,1.0,0.2603931459634551
N_S_WW_WM_252,6.22772,-0.810618,-6.60915,-3.77392,1.35,2.34,2.2018,6.21938,30.0161,-87.4172,2.2854,-0.4,20.5469,0.4,5.94671,-13.3236,24.127,-13.582,-7.7495,30.3175,91.3247,51.4262,-43.0811,0.0,1.0,0.201162042026578
N_S_WW_WM_253,-0.221488,12.9478,19.4458,-5.25255,0.91,-0.59,4.52132,-3.2007,-31.7686,-52.8942,-10.5757,-0.1,-14.9321,0.7,-18.0358,6.96623,19.1499,20.5607,-54.3884,-44.8697,106.451,70.9537,27.5881,0.0,1.0,0.2709469954518272
N_S_WW_WM_254,-5.35411,1.24426,15.6414,-3.69877,0.93,-0.53,-5.9384,9.93062,21.2435,60.4742,-5.08793,0.2,37.2188,0.5,57.4185,-5.58234,-0.180289,41.1848,55.1332,10.8697,24.9894,-46.073,-25.5712,0.0,1.0,0.2599646259302325
N_S_WW_WM_255,4.25003,12.558,4.4412,10.4067,1.31,-0.93,-5.56534,7.94372,17.8542,128.574,-12.8437,0.3,0.847356,0.3,38.4377,7.24425,-21.1578,12.6295,111.719,42.2998,-6.83368,-36.0107,-146.35,0.0,1.0,0.2684258411495016
N_S_WW_WM_256,3.92431,7.62352,14.8468,10.1364,-1.43,0.2,-2.4755,-2.83623,26.9704,65.6677,3.90474,-0.4,-6.64274,0.7,-18.6282,5.28446,-14.7617,31.9278,6.0343,2.25528,26.2424,62.1508,101.642,0.0,1.0,0.235355063461794
N_S_WW_WM_257,8.5541,2.53435,15.97,16.515,0.68,1.85,-9.13169,-0.640042,-17.0587,106.685,2.03825,-0.3,7.71707,0.6,26.2153,8.75794,-3.31884,1.97604,-55.6252,43.5382,38.1134,-8.29024,-121.886,0.0,1.0,0.2231943321129568
N_S_WW_WM_258,-1.4418,2.70905,16.6656,11.4807,0.96,2.13,6.61746,-3.5352,42.3326,-58.4171,3.42379,0.3,-33.4119,0.1,14.3133,26.1394,10.4637,-21.9306,62.2288,7.25828,84.7291,-35.1545,-99.8148,0.0,1.0,0.2251333608504983
N_S_WW_WM_259,8.78978,-5.34889,4.8529,-4.50748,-1.6,-0.08,-6.88473,-1.84039,28.022,76.8757,-10.4429,-0.2,-39.6883,-0.1,45.495,6.26847,12.2938,-9.46379,52.6882,-45.638,62.1503,4.10828,-46.5373,0.0,1.0,0.2368682673554817
N_S_WW_WM_260,-3.51899,-1.31148,-1.1388,-7.33107,-1.73,-1.77,6.37069,5.27781,7.38669,58.3152,4.14493,-0.1,-33.6215,-0.4,16.4457,-16.0775,23.0647,10.2101,19.3367,22.123,-5.04661,1.40551,-65.5942,0.0,1.0,0.2388203438239202
N_S_WW_WM_261,13.1353,-2.12248,15.0124,-2.95051,2.32,2.21,0.172799,7.20081,-41.0869,109.582,-3.53949,0.7,-4.60236,0.0,8.18429,10.7241,23.1783,29.7642,-12.7259,34.83,8.10154,81.4034,-42.7554,0.0,1.0,0.2438348845182724
N_S_WW_WM_262,0.223555,4.18995,2.1117,16.8202,1.04,-0.71,18.7332,-1.19796,47.4764,-12.0638,-3.89634,0.3,-4.82007,0.1,-15.2223,-0.914121,-24.0764,53.3761,64.8038,-33.3417,-33.6252,-41.9721,-45.9437,0.0,1.0,0.2576011257342193
N_S_WW_WM_263,6.65609,-0.764586,-4.93681,1.59994,0.58,1.1,5.24494,-0.900963,33.6654,-90.3368,2.59227,0.4,-16.6277,1.0,32.4802,7.07684,5.92247,12.746,121.804,28.1677,129.119,11.767,-104.661,0.0,1.0,0.2169191836112956
N_S_WW_WM_264,0.527561,-4.99318,13.7386,-19.7136,-0.06,2.14,-3.79186,6.6148,42.9476,39.1053,-2.24455,0.3,2.78356,0.5,17.0342,-4.41586,-23.3503,40.8965,-12.2591,-40.2137,-49.4296,77.0716,-144.421,0.0,1.0,0.2507995427408637
N_S_WW_WM_265,12.0169,9.37736,10.0382,12.6549,2.5,-1.44,-0.147528,7.06984,-31.1671,21.2901,0.369002,0.5,-8.42237,0.5,47.8279,-12.3992,-13.0547,35.2396,25.8801,47.6882,23.344,-56.8255,20.3829,0.0,1.0,0.2387461559966777
N_S_WW_WM_266,-3.97892,6.66561,-5.05328,10.8997,-1.22,2.04,-7.90374,-0.371956,48.6847,48.1872,-2.08017,-0.3,13.5717,0.3,12.5839,-6.54749,17.9901,7.00691,116.222,-42.9174,61.3216,-50.2549,57.8101,0.0,1.0,0.243680846219269
N_S_WW_WM_267,-2.06414,12.7153,-4.8019,6.48823,-1.78,0.1,5.07045,6.80788,23.8461,113.641,-4.16834,0.2,-18.1516,0.6,24.6246,8.92369,17.1937,-22.4271,19.1961,-35.0221,144.037,-25.9217,-175.733,0.0,1.0,0.2354390442890365
N_S_WW_WM_268,11.9226,-3.42358,14.0472,-14.8876,1.11,-0.55,18.2962,4.02436,-1.20435,-53.0807,-9.50299,0.8,13.7857,-0.4,54.8762,4.62244,-6.0545,13.5878,86.4707,17.9518,7.87287,43.7361,-71.3932,0.0,1.0,0.2337611077009966
N_S_WW_WM_269,13.6918,12.0376,19.5827,4.46638,1.44,2.27,9.94203,6.78487,19.9555,-46.7676,-0.535212,0.5,-16.1854,-0.4,59.3543,-2.65733,12.2312,1.68866,76.1762,24.0,107.342,-6.74932,-111.911,0.0,1.0,0.2549885189468437
N_S_WW_WM_270,-5.93534,-4.75871,0.570191,16.9296,-1.41,-0.63,-7.82982,9.06089,5.40305,20.7969,-2.34028,0.5,-22.8709,-0.1,10.1477,-16.546,-17.5703,-3.17335,23.4292,34.6269,122.753,-54.0557,-5.8394,0.0,1.0,0.2257909428405315
N_S_WW_WM_271,-4.78849,-0.948227,17.2089,-18.1868,-0.81,0.68,12.8766,-2.71706,6.15086,56.5993,-9.56481,0.3,-34.3014,-0.3,-11.869,-0.14394,25.4095,54.3282,37.5586,-30.5558,-0.197107,12.7099,43.3271,0.0,1.0,0.2720314566378737
N_S_WW_WM_272,8.51229,0.586839,-4.27878,-16.2652,0.8,-0.85,-1.52171,7.23357,-27.4549,67.1858,0.0532965,0.8,13.9858,0.9,37.1355,7.90228,-20.1551,17.5576,127.392,-1.45945,2.26356,69.4087,61.6875,0.0,1.0,0.2224393758073089
N_S_WW_WM_273,6.97352,-7.94283,3.19505,7.19619,-0.22,0.56,1.23852,8.78816,38.0219,-55.4329,4.35607,0.6,5.34517,-0.3,28.13,21.6262,16.9421,-6.51723,96.3636,13.3047,18.3839,-52.7742,-130.722,0.0,1.0,0.2126551811960133
N_S_WW_WM_274,3.84474,13.0337,-3.28122,-19.2828,1.4,-1.09,16.1712,-3.3997,4.32712,-29.749,-3.09142,0.7,22.358,0.0,19.7746,18.0305,16.4299,-2.68353,101.374,26.3907,-32.228,-7.85264,30.7055,0.0,1.0,0.2481995473588039
N_S_WW_WM_275,7.05372,-0.976126,-2.3958,1.43838,1.6,2.09,1.56286,-0.327991,-36.3385,-64.8447,-7.01683,0.8,-36.989,-0.3,52.7167,-12.0916,-7.73174,5.80449,100.795,0.604939,56.2382,-21.7949,-190.702,0.0,1.0,0.2325198489468438
N_S_WW_WM_276,-1.42347,7.77924,14.8062,-11.0433,1.46,-1.18,-2.11525,1.30529,-11.3529,139.198,1.20937,-0.2,-24.197,0.9,19.3399,19.2643,-24.6107,-8.66586,117.672,8.48769,74.9302,18.1854,-182.521,0.0,1.0,0.2330393434817275
N_S_WW_WM_277,9.76389,1.48148,-5.13615,8.7727,-0.49,-0.72,2.1693,3.72304,15.0696,-43.5462,4.37208,-0.2,18.0495,0.6,-10.9235,19.656,-23.9132,-7.69945,105.616,-33.7104,90.2659,-22.3764,51.7307,0.0,1.0,0.2086647339468438
N_S_WW_WM_278,-2.04933,10.6489,1.09105,9.38687,-1.03,-1.39,5.50677,-3.8185,-37.5944,-32.9422,-11.7692,0.2,-39.8864,0.6,58.425,-5.19861,5.91065,19.242,42.2961,-23.6833,49.0395,19.2952,-112.91,0.0,1.0,0.2770805104152823
N_S_WW_WM_279,1.54088,-3.75004,1.19552,-2.30357,-0.63,0.92,-5.212,9.15599,32.4818,44.126,-8.82492,0.1,30.9573,0.4,-9.5336,-15.2414,28.444,-21.6806,79.393,-14.8187,-37.0024,-8.39846,88.175,0.0,1.0,0.2334348391362126
N_S_WW_WM_280,-6.47263,-7.03516,17.8458,-6.55448,-1.54,-0.92,8.49563,-2.34034,-22.6785,71.9003,-0.353306,-0.1,-26.9433,0.0,44.0509,27.7251,-11.282,27.2045,35.8308,29.6604,121.706,24.772,-146.552,0.0,1.0,0.2387847150099667
N_S_WW_WM_281,14.5951,14.4037,-1.42886,-16.6172,-1.39,-0.99,16.6591,5.55613,5.54013,-12.5098,-2.8508,0.4,-22.3548,0.8,58.8145,-11.2503,3.26379,21.1602,-18.8161,22.9069,-35.4958,-19.9316,-107.237,0.0,1.0,0.2718303450199335
N_S_WW_WM_282,-7.89774,9.4999,16.8649,-12.6474,1.92,2.22,0.248699,-3.48872,-9.93561,-24.8423,-10.5382,0.6,24.8703,0.5,-14.4984,26.0436,0.530137,12.191,94.062,-39.8944,63.0888,33.379,18.0395,0.0,1.0,0.2620427043754152
N_S_WW_WM_283,11.5401,-3.11507,19.3567,8.16114,-0.47,-1.76,-0.236057,6.89243,30.7436,96.7235,-2.70066,0.0,18.6468,0.4,-7.77825,-16.0472,-7.9263,22.9602,-36.8096,28.8659,66.5211,-23.3727,-91.7151,0.0,1.0,0.2290878168504983
N_S_WW_WM_284,-0.429287,12.0886,-3.26471,-0.155666,1.66,-1.01,15.9445,8.75662,27.0728,27.146,4.70196,0.5,-28.189,0.5,-22.0063,-16.2434,-8.61486,22.5523,-30.1256,47.4491,128.407,-36.7484,-47.5564,0.0,1.0,0.2513934989003322
N_S_WW_WM_285,-3.7605,-4.33703,10.4507,4.73164,2.35,-1.41,4.81673,-0.0932522,-39.8811,-26.4604,1.3357,-0.1,28.5731,0.0,-10.5937,8.25393,-16.3899,-6.33228,40.1414,18.5468,82.0061,-2.52697,-159.25,0.0,1.0,0.2210584974418604
N_S_WW_WM_286,1.80063,14.9076,-3.21118,-4.90108,-1.69,-1.01,3.12244,2.60881,2.22937,-92.5715,0.336701,0.2,2.96576,0.8,-20.1932,22.2204,21.2375,-10.6527,28.6437,9.11821,135.647,49.991,6.59501,0.0,1.0,0.2351923434019933
N_S_WW_WM_287,14.0354,4.41639,19.251,-9.94093,2.15,0.89,0.854275,-3.08404,3.22664,-48.2582,2.88258,0.7,-12.9431,0.7,27.0889,9.3268,-17.6642,15.7063,16.3146,-9.58714,44.9152,89.9986,-78.6138,0.0,1.0,0.2374129187408638
N_S_WW_WM_288,11.419,7.45066,5.60229,-1.20903,-1.73,2.02,13.0948,-4.96718,-16.5115,8.37807,-1.68298,-0.1,-38.3837,-0.1,46.0644,-0.59974,21.445,10.8624,30.2894,22.6932,141.854,20.7568,-81.6357,0.0,1.0,0.2240374596611296
N_S_WW_WM_289,9.44002,2.63817,-7.66054,-10.5229,0.96,-1.43,18.797,7.16953,-13.4742,-28.51,-0.89665,0.1,32.0394,-0.4,18.7559,0.371146,14.1683,36.5672,-25.9332,10.7233,-39.5577,-29.1427,-140.634,0.0,1.0,0.2533288269933555
N_S_WW_WM_290,7.9238,10.8823,4.42385,3.93312,2.21,-1.7,4.87846,1.28015,-14.9909,120.117,-13.3842,0.8,-20.9077,0.6,6.66423,-9.13248,-10.6542,5.54563,-13.8392,10.672,140.507,0.438993,47.4082,0.0,1.0,0.2618849820431893
N_S_WW_WM_291,-5.40066,12.7748,12.3707,-0.171758,1.63,1.46,4.96232,9.42964,25.1006,95.8915,-4.7943,-0.1,26.7122,-0.1,-20.1374,0.922133,6.1639,19.6784,101.609,-22.2807,-17.3021,84.9481,40.6988,0.0,1.0,0.2807397666744186
N_S_WW_WM_292,5.73214,7.19271,14.0155,10.3931,0.78,-1.52,10.7571,5.26305,-1.1386,-63.4925,-6.82612,0.7,-19.1703,1.0,56.7133,29.9001,1.35449,6.49994,-15.3828,-13.0713,53.5058,-34.2597,17.1109,0.0,1.0,0.2491846482325581
N_S_WW_WM_293,0.716267,12.7991,-5.25793,3.51466,1.15,-0.3,12.9959,6.28443,-10.7417,-87.8173,-1.46429,0.2,-4.29385,-0.3,13.6217,25.4316,-4.7306,3.95206,64.9182,28.4732,20.9089,87.7202,-193.562,0.0,1.0,0.2534712466245847
N_S_WW_WM_294,1.50477,-6.06324,16.6952,-2.00787,0.65,0.09,7.66716,1.41637,15.5792,118.676,-10.6305,0.6,7.04659,-0.3,11.4054,25.1581,-16.2653,41.5112,76.5191,49.9911,114.366,-15.3953,148.354,0.0,1.0,0.2538434850365448
N_S_WW_WM_295,13.6247,11.4684,-4.66255,10.2719,-1.49,-1.37,11.1962,-0.157038,-5.34677,51.713,-1.81477,-0.1,10.2429,-0.3,-4.38629,-4.73001,5.13796,-15.1237,28.8622,39.7311,50.4784,-53.2994,69.6894,0.0,1.0,0.2408862086179402
N_S_WW_WM_296,12.7505,-4.16083,6.15034,-7.88473,1.54,-0.21,15.6385,2.68901,4.049,-1.84681,-3.44487,0.3,-33.3353,0.1,46.4939,-3.45519,29.0666,-24.1021,113.506,24.3042,116.648,79.4331,65.8474,0.0,1.0,0.210263193475083
N_S_WW_WM_297,13.3154,4.54897,19.8819,10.1903,1.28,-0.26,8.1353,6.36584,14.8353,15.1127,-13.1998,0.6,-21.2102,0.7,-22.4316,15.9456,-5.11105,30.4499,119.36,35.442,97.2759,55.803,48.8339,0.0,1.0,0.2580615604318936
N_S_WW_WM_298,7.03106,-2.36482,12.4279,-8.14613,-1.71,-0.99,-9.92392,-2.45441,-28.0041,12.9036,-8.59508,-0.3,12.3996,0.6,33.3036,21.7619,-14.5641,-5.39217,124.488,16.7698,47.1837,-16.4157,97.4683,0.0,1.0,0.2314109752259136
N_S_WW_WM_299,9.96875,-0.619883,0.0211153,2.64876,-0.33,1.8,4.08152,-1.5833,43.6365,81.4043,0.477623,0.0,34.9795,0.2,0.563805,9.1898,-21.2684,15.5143,108.355,17.3887,-47.5176,83.6234,-158.546,0.0,1.0,0.2185567750033222
N_S_WW_WM_300,3.94595,1.2949,19.4247,-12.1299,-0.74,-0.29,11.325,0.678617,-10.9234,59.6389,4.93685,0.6,2.26151,0.6,40.2053,-17.8902,-23.6194,-11.9808,88.8281,-7.72288,32.716,2.51209,148.89,0.0,1.0,0.2274418584019933
N_S_WW_WM_301,-1.2433,-2.1805,-6.8122,-6.10936,-1.23,0.49,-6.28889,-3.85437,36.6154,131.241,-2.47683,0.1,23.0146,0.6,34.0607,29.362,2.45387,27.5635,-31.7729,12.2872,-7.63838,-4.80833,-199.761,0.0,1.0,0.2347257408139535
N_S_WW_WM_302,14.9612,2.40071,0.300317,1.99411,0.43,-0.05,-3.22732,-0.935731,18.5061,45.2784,-12.4612,-0.3,28.4221,0.3,12.6605,-18.0893,-22.4699,34.9708,0.4319,-37.0613,-57.6126,-28.7612,-128.633,0.0,1.0,0.2510926497906977
N_S_WW_WM_303,10.5297,6.51376,1.3033,-12.6899,1.9,2.47,19.1176,0.255709,15.8581,-36.9674,-10.3025,0.5,-37.0827,0.1,12.5053,3.97462,1.38108,40.0625,112.976,-40.4925,120.358,-40.0155,38.9798,0.0,1.0,0.2694159593920266
N_S_WW_WM_304,11.6489,3.63073,11.2127,-8.49544,2.16,-0.5,7.02122,-0.160129,14.0097,126.067,-14.3827,-0.1,-5.56949,0.1,58.6442,24.0717,-11.1183,48.746,123.776,-24.8314,27.3181,63.6225,-101.49,0.0,1.0,0.2707177045780731
N_S_WW_WM_305,2.88578,5.73816,3.7594,11.6635,-1.61,2.05,-4.86326,1.71567,-37.2904,-61.6196,-9.22691,-0.3,-12.1238,0.3,-7.64911,24.2013,21.8699,35.5237,-23.9172,-45.7609,41.5985,51.196,91.0721,0.0,1.0,0.2646049527774086
N_S_WW_WM_306,4.51894,-7.79045,18.5251,16.2913,0.51,1.51,3.22681,9.89428,-45.0098,117.447,-2.67495,0.8,-21.1268,0.4,28.5381,-9.03334,13.3125,-11.5905,39.2943,10.2992,11.8839,-16.1829,89.5178,0.0,1.0,0.2209220705049834
N_S_WW_WM_307,-5.58072,-1.6187,-7.23821,-1.45477,0.95,0.9,16.7411,1.87136,49.5104,131.727,-6.41938,0.1,-1.01521,0.1,5.7541,1.88041,-9.5922,-15.8599,114.399,24.0643,118.609,-23.5821,-37.229,0.0,1.0,0.2243460321096346
N_S_WW_WM_308,-1.57663,-1.09839,6.78325,18.5492,0.53,1.54,7.80453,5.99262,33.1547,-38.8581,-13.4194,-0.3,38.2036,0.2,-1.3985,15.3858,28.0424,34.1731,3.71275,-15.8874,3.08829,86.4245,-172.79,0.0,1.0,0.2679669862159468
N_S_WW_WM_309,14.1591,8.12559,-1.71391,-1.18113,2.11,-0.04,17.0488,9.59469,-14.1848,25.839,-14.1889,-0.1,-6.78611,0.1,33.4087,18.4153,16.1799,22.215,122.614,26.9625,86.2692,-36.9926,-70.2568,0.0,1.0,0.2658402141661129
N_S_WW_WM_310,1.02742,8.82451,1.96234,-15.7196,-0.71,-0.4,17.1081,0.87735,30.4841,7.67427,-14.3227,0.7,-9.94364,0.9,5.62305,7.56756,-13.3455,0.196185,30.7721,-39.6603,146.173,25.7586,-105.167,0.0,1.0,0.24782416810299
N_S_WW_WM_311,-1.1241,-1.44458,14.8941,-9.31082,-0.16,1.79,4.58587,-4.17042,37.4084,27.3129,-14.9535,0.1,-32.4086,0.5,3.82697,13.5394,-6.39725,-2.49608,-55.7087,-7.888,-59.8167,1.65151,-137.917,0.0,1.0,0.263982069833887
N_S_WW_WM_312,11.1126,7.00355,5.9484,17.7853,-0.51,-1.59,15.4928,5.2019,-41.4857,-30.5641,3.7247,0.7,3.80026,-0.2,42.6311,-17.3981,6.37938,-17.2237,-19.8305,9.18631,-22.4838,9.23363,93.265,0.0,1.0,0.2431259535581395
N_S_WW_WM_313,4.34403,-2.71435,-1.09279,-6.65489,-1.09,-1.74,-3.23126,-1.35035,-28.5944,118.225,-10.8118,0.8,-23.907,0.3,19.6448,2.95753,16.3292,43.1894,11.8435,-27.0774,28.8918,15.7301,135.814,0.0,1.0,0.253443275255814
N_S_WW_WM_314,3.28302,0.34647,0.0592328,17.6739,0.77,1.83,15.5814,7.91486,2.34503,-74.3475,-1.40184,0.5,35.6788,-0.3,13.827,3.49829,25.0691,50.6882,109.125,20.3957,52.48,35.6355,78.3736,0.0,1.0,0.2364206459700996
N_S_WW_WM_315,-4.55556,3.895,8.94136,-13.4166,1.72,-0.6,11.6052,4.26591,16.1003,50.7281,-3.81558,-0.1,-10.2403,0.8,51.0832,-14.0563,27.0913,25.6208,-11.8919,-5.24025,-34.0072,37.0564,140.186,0.0,1.0,0.2569898104219269
N_S_WW_WM_316,8.13704,1.84053,15.8236,15.7932,0.77,-1.13,17.4985,0.178346,-18.0008,-62.4354,-10.6622,-0.3,-37.7944,-0.2,23.9763,2.14968,-13.6652,-18.0836,103.026,25.7735,62.6375,26.1701,-186.477,0.0,1.0,0.2349441266744186
N_S_WW_WM_317,7.61576,-2.08584,8.69459,-2.06074,2.49,-1.58,-3.52195,3.0795,-43.5714,-67.3735,-4.60972,0.2,16.1855,0.9,20.6025,1.67658,19.365,-16.5754,21.149,-10.3004,41.3639,-19.194,137.721,0.0,1.0,0.2301443816877076
N_S_WW_WM_318,-7.13859,-6.88576,5.68266,-11.6574,0.47,1.47,14.7947,6.43901,-19.921,141.354,-0.925265,0.1,28.0516,0.2,-10.0766,16.2567,24.9272,29.0546,77.0487,45.2412,56.0321,33.6014,-103.728,0.0,1.0,0.2412228204252491
N_S_WW_WM_319,2.59026,-6.73659,0.517518,-3.31192,0.7,2.46,6.73566,1.02883,12.9162,-20.6931,-0.33828,-0.2,36.5894,-0.1,-9.03067,28.3408,11.9657,22.4806,-51.1018,7.69723,17.3783,-45.6562,-68.1126,0.0,1.0,0.2243967019534883
N_S_WW_WM_320,8.85139,10.9891,8.31232,6.66824,-0.88,-1.62,-7.09843,-0.838345,20.5853,-11.2609,-10.7137,0.3,-1.75144,0.8,-23.355,24.4482,10.633,46.2599,110.729,-46.2295,62.7956,9.03106,27.4284,0.0,1.0,0.256895406923588
N_S_WW_WM_321,11.004,12.6951,-6.15302,-7.76348,0.55,1.95,-9.17799,1.97035,17.3019,14.8661,-2.22682,0.2,6.00033,0.1,49.5611,28.8385,20.1297,-10.9055,69.1513,6.19894,36.3244,-35.4888,138.52,0.0,1.0,0.2351066460598007
N_S_WW_WM_322,8.22373,14.7945,-5.75477,-19.3203,1.1,1.41,17.4485,1.14789,-5.2707,-75.8094,-3.60287,0.3,-8.4669,0.5,-2.22129,-5.27623,17.6737,2.71491,1.92591,-49.3805,42.7231,-43.8154,-152.187,0.0,1.0,0.2532244239634551
N_S_WW_WM_323,-4.09069,2.59603,1.94322,-8.72595,1.74,0.02,14.0106,7.79115,-35.1851,38.5029,-5.37978,0.2,-36.6596,-0.1,-19.359,22.0625,-28.3127,-3.49731,107.976,0.272774,145.939,44.065,-108.961,0.0,1.0,0.2462754741328904
N_S_WW_WM_324,-3.54572,-1.2177,-4.20175,6.9087,-0.78,-1.06,12.5627,8.73415,34.2574,123.084,-4.90479,-0.3,-13.3259,-0.2,-7.47745,22.7164,-14.858,23.8489,-4.02362,-13.3279,103.623,67.5647,-174.355,0.0,1.0,0.2470466907375414
N_S_WW_WM_325,4.07337,-1.68879,17.7434,9.36038,-0.28,0.03,16.0067,-4.30345,-34.0052,115.842,-1.51735,0.0,-31.0162,0.4,31.4591,-5.10835,2.72946,3.17062,-45.501,-49.6043,91.7901,-7.28688,-184.179,0.0,1.0,0.2097939899933555
N_S_WW_WM_326,-5.64637,2.12519,-4.35052,18.0683,1.7,0.39,9.42337,-4.12848,3.3539,131.088,-8.1582,-0.3,32.2854,0.6,1.05815,-13.5381,9.41779,20.9863,-0.540366,-0.709251,29.8651,56.0198,89.4922,0.0,1.0,0.2524745652225914
N_S_WW_WM_327,0.578123,2.27971,9.94859,-18.5218,1.93,-1.47,2.07114,1.96365,-7.87191,-22.6639,1.87187,0.4,-39.4617,0.6,-11.659,16.0878,29.4995,25.2039,42.623,-28.9677,70.601,65.4928,117.88,0.0,1.0,0.2271855718970099
N_S_WW_WM_328,-4.64991,10.8228,17.6653,-4.06097,0.43,0.86,17.6039,6.51122,29.2445,87.3078,-0.222949,0.3,-10.855,0.0,33.0101,-13.448,24.0058,23.5688,-57.4584,28.2908,68.4703,-53.6718,-133.558,0.0,1.0,0.2602667419867109
N_S_WW_WM_329,-0.691483,7.53214,14.9443,-8.45043,2.4,1.25,6.47098,0.429876,34.773,-5.30879,-2.10159,-0.1,-0.615178,-0.2,59.2509,-17.5313,-4.91649,30.5582,21.8469,41.0286,133.31,-45.1614,93.6969,0.0,1.0,0.2628064335049833
N_S_WW_WM_331,10.7475,1.00995,13.4826,7.96967,-1.17,2.25,8.3587,-1.64504,-37.8606,130.283,-12.015,0.0,33.5095,-0.2,26.1141,-10.284,-23.7288,42.5289,100.212,-16.1393,-51.3009,-20.6588,58.1358,0.0,1.0,0.2639986261760797
N_S_WW_WM_332,5.63807,-3.43814,15.7931,8.43034,-1.77,0.27,12.0608,4.74947,8.21663,-92.2399,-1.37703,0.4,-20.162,-0.3,-16.1026,-17.6361,-4.59733,-1.33546,6.68258,-17.6554,55.4154,-13.9458,81.3644,0.0,1.0,0.2275889673754152
N_S_WW_WM_333,13.545,8.77802,-0.499089,-4.03165,1.8,0.55,2.37659,9.8686,17.4565,-66.3368,2.20959,-0.3,-5.60642,0.5,-21.1481,9.64931,4.06417,23.0463,80.7643,41.6849,-46.2898,42.675,-162.86,0.0,1.0,0.2562922734518272
N_S_WW_WM_334,10.2953,-5.80348,-3.97651,19.2681,2.36,2.03,7.57503,5.91881,26.0856,-51.4419,-3.96946,0.0,-1.0535,0.4,0.642986,11.0792,-19.756,21.4199,1.11919,0.0909229,146.432,-4.69452,63.7962,0.0,1.0,0.2192231659966777
N_S_WW_WM_335,2.7798,6.02578,-5.51231,16.6888,2.2,0.76,-5.08257,4.75031,-32.2176,-64.0702,-0.873988,0.0,-0.141037,-0.2,-24.2463,-1.57356,17.1321,43.2354,6.30713,41.3073,11.4878,-20.4731,-105.964,0.0,1.0,0.2669911611694351
N_S_WW_WM_336,-2.25394,14.4885,10.9803,11.9434,-1.07,-0.52,6.01954,1.49856,-27.3903,-32.6618,-13.7654,-0.3,-23.7475,-0.2,1.80588,1.1944,-22.9689,-0.262679,91.8881,-33.4415,-0.687429,-10.0153,130.385,0.0,1.0,0.2672618857508305
N_S_WW_WM_337,0.485376,-1.79022,7.06808,19.1819,0.94,0.77,-9.89439,5.37716,32.0757,35.6164,-5.95721,0.8,-32.9958,0.1,54.4999,-11.8715,-27.5163,12.0772,120.104,25.6094,0.495898,26.8087,-51.4571,0.0,1.0,0.2423389078372093
N_S_WW_WM_338,9.48387,10.1073,-4.88153,-5.45173,0.41,-1.04,17.1947,9.88094,45.725,124.721,-2.73426,0.0,35.3009,0.2,-11.5755,-4.24152,-20.2315,7.9137,-1.62809,-10.1332,-22.5075,30.6879,82.1942,0.0,1.0,0.2559948159568107
N_S_WW_WM_339,5.3344,-4.93146,0.642842,9.92113,1.68,1.59,18.524,-0.402171,-35.055,35.2679,-10.0082,0.0,-15.7797,0.3,7.30739,-12.2769,-25.0979,-9.78623,7.27882,-43.5174,5.60799,2.94371,133.68,0.0,1.0,0.235059889833887
N_S_WW_WM_340,-2.32102,-4.42296,12.996,-5.78257,0.35,0.51,18.1307,9.51431,-38.2635,-43.8126,-6.39124,0.0,5.58556,0.4,31.9125,-19.2919,-24.9713,-20.4376,111.342,26.0964,-21.7546,43.5469,-41.0291,0.0,1.0,0.2239224768438538
N_S_WW_WM_341,-4.97236,-1.37923,12.0259,5.49031,1.14,-0.26,14.4313,0.521936,-47.0265,-14.4551,-0.0769903,-0.2,-35.4985,0.1,26.629,24.3715,-5.97266,32.8625,54.2156,-0.225372,-4.61546,-40.7498,139.751,0.0,1.0,0.2488219805681063
N_S_WW_WM_342,-6.32991,0.840446,10.0661,18.8625,-1.35,1.12,-0.942221,0.491693,-18.3253,-78.498,-9.90453,0.4,-10.8872,1.0,24.3726,22.4881,1.66263,4.7929,108.891,-30.0856,-14.4892,61.5793,-155.339,0.0,1.0,0.2385626001727575
N_S_WW_WM_343,-5.87982,3.83745,12.0419,-18.8721,0.6,0.59,19.0692,3.6922,49.2893,10.2517,-14.5269,-0.1,-25.2619,0.7,18.6404,-4.18289,1.8141,-14.5609,87.0901,-18.5243,39.3032,-43.6017,103.999,0.0,1.0,0.2518037770332226
N_S_WW_WM_344,6.20808,3.31576,10.7985,18.3301,1.59,-0.22,-8.33386,7.64278,-33.4666,-65.8647,-13.7773,0.8,14.493,0.5,-4.22358,-2.01732,-24.1291,38.4497,-28.5142,27.4636,81.5825,40.3375,-60.7902,0.0,1.0,0.2495026911196013
N_S_WW_WM_345,-1.63974,9.31955,-4.5816,19.7768,1.18,0.84,-7.25578,-0.877639,47.9153,-55.0455,4.59889,0.1,-8.2692,-0.2,9.52686,10.5311,-9.7603,1.06402,98.9452,45.0572,25.2348,29.0997,105.553,0.0,1.0,0.2337375957541528
N_S_WW_WM_346,0.332503,13.5628,3.12827,-8.62491,-0.18,-1.63,10.5353,-2.02046,43.0641,-94.3469,-1.31163,0.6,8.83937,0.3,43.6951,-10.0433,-12.4623,37.3579,3.46825,34.0184,4.87865,46.8354,114.208,0.0,1.0,0.2669778866910299
N_S_WW_WM_347,-0.473037,13.6551,7.28715,15.9415,0.22,-0.45,12.6331,2.85356,4.80683,30.9418,-9.65864,0.8,-5.18552,0.7,0.147791,12.7063,-27.6812,20.6623,-52.7742,9.3598,-55.2232,-19.4294,83.5642,0.0,1.0,0.2711090862192691
N_S_WW_WM_348,-6.27783,-0.783989,11.873,-8.09272,-0.53,0.94,-2.67982,8.23073,40.9023,-23.8102,-5.4467,0.6,20.1726,-0.3,58.9702,-17.8447,-19.3991,12.5853,-2.22323,-15.2432,125.788,54.518,-73.885,0.0,1.0,0.2476466740431893
N_S_WW_WM_349,3.15792,3.21829,13.4468,5.3823,-1.27,1.07,9.60067,9.84712,45.6116,94.9647,-12.7254,0.3,37.3649,-0.3,13.0789,23.6506,15.3211,25.993,97.8507,28.831,81.1154,56.449,-131.02,0.0,1.0,0.2534104490730897
N_S_WW_WM_350,13.5785,-6.79542,15.2639,-6.74857,-1.29,0.23,-4.2173,7.70076,-33.602,70.9935,3.60083,-0.2,20.9864,-0.3,-2.61646,13.3578,12.8251,-16.8857,15.2655,40.3401,-19.5615,-4.19041,-48.5334,0.0,1.0,0.2187889593322259
N_S_WW_WM_351,4.84757,13.0059,1.74703,17.24,0.15,2.15,1.88285,-3.92397,-3.75876,53.2789,-0.817519,0.3,-27.9788,-0.2,-16.495,0.833722,15.4496,3.27375,127.109,-7.53458,35.8837,-11.6082,147.043,0.0,1.0,0.2486893020697674
N_S_WW_WM_352,-2.12652,14.2414,18.4322,9.23348,-0.37,0.4,-1.5856,-2.17657,-30.0122,22.9067,-0.300608,0.8,1.99376,-0.2,31.6455,28.8627,10.7747,41.7755,47.9311,-13.8272,30.106,7.57855,78.6861,0.0,1.0,0.2606499616478405
N_S_WW_WM_353,9.31104,-7.2277,11.1683,-14.2673,1.12,0.99,-6.9402,1.60513,15.4103,92.0976,-0.0932664,0.3,-23.4371,0.3,53.8794,29.653,-21.9431,15.099,81.5343,-17.0359,135.069,-5.61891,-55.1418,0.0,1.0,0.2147447059700997
N_S_WW_WM_354,9.36503,-6.67286,13.653,-8.98283,-0.7,-0.39,-6.73768,6.1938,11.4337,118.117,-8.51475,-0.4,34.5849,0.2,-17.5656,14.8317,20.758,43.3811,58.1828,-49.8203,29.4231,-58.6145,-113.417,0.0,1.0,0.253593148475083
N_S_WW_WM_355,2.62663,-4.6621,13.6343,-7.13771,1.76,0.71,-5.86515,-3.55434,-0.86367,-17.3792,2.94954,-0.4,0.157388,0.4,56.3069,18.612,26.8253,8.11013,123.199,27.7021,14.3116,17.2681,-122.695,0.0,1.0,0.2233696493355481
N_S_WW_WM_356,-3.61504,-6.45093,14.4931,-9.03637,2.29,0.02,19.7522,1.21741,36.0333,57.6658,2.88953,-0.2,-7.56957,0.6,30.9092,8.37078,4.58108,9.26996,94.3988,-16.4974,119.175,86.2322,-31.641,0.0,1.0,0.2194382184717608
N_S_WW_WM_357,12.0801,13.9885,16.4494,-13.2253,-1.5,1.66,9.49699,-3.50066,-24.6629,90.519,-5.0181,-0.3,25.4068,0.6,13.5794,19.4566,0.347212,-23.5018,-50.562,-34.3143,18.7359,60.1368,-132.207,0.0,1.0,0.2611907423820598
N_S_WW_WM_358,5.06481,6.41443,7.82808,-6.61939,1.35,-1.19,7.91727,4.18703,-39.5568,64.7429,0.421409,0.4,-9.20463,-0.2,-16.3235,20.8719,27.7582,53.7426,10.2358,42.1983,137.682,61.7457,-176.855,0.0,1.0,0.2543854918837209
N_S_WW_WM_359,2.37588,-6.38791,-0.87376,5.30754,1.71,2.14,18.6772,-0.988683,12.7911,148.181,-7.92863,0.6,19.7468,-0.2,3.28324,-7.58902,2.08518,34.8248,96.8637,-35.3489,21.3784,69.6224,-28.0429,0.0,1.0,0.2446168274950166
N_S_WW_WM_360,-0.747814,3.04446,16.915,-4.35435,2.39,0.5,-8.6869,2.05664,-38.7447,-36.1935,-12.3884,0.0,-19.3227,0.3,11.616,27.2134,-5.73005,20.2945,-5.06857,44.7741,125.235,51.5428,-187.497,0.0,1.0,0.2633481007674418
N_S_WW_WM_361,2.8104,1.6694,11.7988,18.3652,2.35,0.01,19.8599,-1.61839,16.7818,78.4531,-13.3023,0.6,-5.00691,0.2,21.1242,12.4071,-13.5425,-20.7425,86.7176,6.4821,-13.2865,54.3636,136.244,0.0,1.0,0.2538132402292359
N_S_WW_WM_362,0.895156,9.41738,9.5308,-1.07127,2.29,2.5,7.22347,4.91627,30.7141,120.828,3.5865,-0.2,6.46758,0.4,58.695,11.5283,6.77011,18.7916,44.542,3.2606,36.7026,-6.36975,-198.146,0.0,1.0,0.2396049943156146
N_S_WW_WM_363,9.34228,11.2424,11.9546,-4.44108,2.38,0.17,14.1884,9.05396,21.4809,-8.33879,1.41757,0.5,-1.27164,0.9,23.2965,3.21889,17.3063,52.9781,60.8169,-11.0801,100.947,-5.15437,118.253,0.0,1.0,0.2536366372857143
N_S_WW_WM_364,7.33329,11.59,19.6197,-17.4366,1.57,1.81,-3.78131,-1.79265,22.2452,-67.2589,-8.49431,-0.1,28.4951,-0.2,24.8546,15.5748,-15.1906,35.6022,36.3962,1.44293,123.629,34.0063,-170.943,0.0,1.0,0.2748696804518272
N_S_WW_WM_365,-0.9414,9.16835,12.2158,-2.14607,2.12,1.47,-7.25845,-4.50356,11.0413,-91.538,-8.42369,0.0,5.8797,0.1,-11.5129,-15.5052,-5.57883,45.9545,125.062,35.4192,7.74439,16.1663,-1.72516,0.0,1.0,0.2694553679800664
N_S_WW_WM_366,-3.17322,-2.92043,10.8535,17.2916,2.02,0.47,17.5953,-0.0774861,43.2239,5.50685,-3.88322,0.3,28.8138,-0.4,44.3144,24.3002,12.5548,6.68629,6.81047,-34.7361,-31.1444,13.0898,-127.21,0.0,1.0,0.2352644164717608
N_S_WW_WM_367,-1.48067,12.4366,10.28,13.8782,-0.14,2.08,5.64358,3.1589,-28.2529,36.6587,-4.19927,0.5,-30.9238,-0.3,44.1145,5.13668,-2.41841,54.0266,27.8576,32.5931,-13.8043,-50.7219,-189.558,0.0,1.0,0.2846572350498338
N_S_WW_WM_368,2.16049,14.8068,-0.445845,-9.62795,0.34,-0.7,-5.68636,-3.35797,-12.4536,36.2341,0.671944,0.0,20.4228,0.4,-23.6682,2.13762,-21.5449,36.8671,79.0221,39.3492,105.439,-49.7657,110.946,0.0,1.0,0.2625770515315614
N_S_WW_WM_369,14.2746,-7.30354,17.9064,-12.8253,-0.23,-0.8,14.6135,1.24,-26.7376,-31.1449,-11.5907,-0.1,30.6858,0.2,14.8051,-9.30925,24.5642,24.9023,-0.150447,-2.83929,38.6138,-14.5143,98.5961,0.0,1.0,0.2454958942325581
N_S_WW_WM_370,-0.279307,14.4162,16.5636,4.08502,1.41,0.97,14.0934,-4.58198,-8.4606,-37.3915,3.23229,-0.3,-14.9819,0.3,1.24733,-3.34723,3.94085,-2.00967,41.0417,19.0562,148.058,8.56311,145.963,0.0,1.0,0.2303859819700996
N_S_WW_WM_371,6.63981,3.56234,-7.19903,6.36091,-1.15,1.98,-2.93004,8.93804,-9.32336,88.815,-12.4167,0.2,-18.2202,-0.3,39.4054,-14.9851,-18.9918,-0.498527,-12.8169,24.4549,-45.1738,-9.70051,-123.595,0.0,1.0,0.2464261082657808
N_S_WW_WM_372,-5.43353,0.978148,0.807548,14.6848,-1.1,2.08,7.33434,7.42514,-25.2674,46.9333,2.22963,0.1,-28.6427,-0.4,59.5076,-7.83249,-0.704175,14.3318,-5.3357,-31.738,73.9349,-23.9256,98.1639,0.0,1.0,0.2248717844352159
N_S_WW_WM_373,2.56111,0.454952,11.6737,1.91896,1.85,0.64,19.9271,-1.72269,-11.2404,-13.1895,-12.7985,0.5,9.28576,0.3,-13.6907,-11.8167,-29.7375,-13.6956,-40.2496,41.5646,101.901,-25.429,-139.33,0.0,1.0,0.2375351224651162
N_S_WW_WM_374,-7.86397,13.8181,14.7193,2.89339,0.64,0.14,13.9135,4.12307,-5.04534,-44.7844,-9.62279,0.5,11.756,0.8,-4.01857,4.73153,8.62141,17.3548,91.4513,47.1253,87.9634,-57.3813,-7.74828,0.0,1.0,0.2681428417375415
N_S_WW_WM_375,7.84568,13.511,-7.92613,-2.22962,-0.76,-0.79,7.5682,4.65175,8.39538,106.244,-13.9971,0.1,13.1504,0.7,55.0952,8.45809,-12.3933,37.95,-56.0634,1.94394,-10.2436,82.6033,-34.7023,0.0,1.0,0.2704314248039867
N_S_WW_WM_376,9.5338,-5.61979,10.4146,0.173714,0.05,2.33,-8.52558,3.21573,-39.6617,24.6649,-10.9848,-0.2,22.8675,0.7,22.7503,15.1631,-2.22478,36.2583,-34.5863,14.1063,-25.5642,73.4766,145.119,0.0,1.0,0.2541255556013289
N_S_WW_WM_377,6.59004,13.4543,12.5852,15.6572,-1.28,-0.89,4.14508,6.67938,-36.7985,-53.3626,3.8811,0.7,36.9015,0.2,23.6494,9.24327,-23.2451,-9.11786,108.796,9.63446,10.3986,70.0555,-147.121,0.0,1.0,0.2259952805913621
N_S_WW_WM_378,-5.85281,11.4331,6.66028,10.0776,-1.76,1.26,3.68875,8.27648,-48.2206,-42.4613,-8.44396,0.4,19.3068,0.3,25.5269,-3.42303,-4.24254,6.63292,-7.07266,1.38409,-18.2984,-45.4098,36.4189,0.0,1.0,0.2521462047142857
N_S_WW_WM_379,4.64433,-3.60484,2.92762,7.73074,1.5,0.79,-2.86282,0.60241,-48.4737,87.8047,-3.58177,-0.4,-2.10274,0.9,-11.1022,-3.76751,-2.77237,-8.19073,102.337,-20.7042,-55.9908,42.9522,-69.7664,0.0,1.0,0.2317256572757474
N_S_WW_WM_380,5.67397,14.5288,-3.36748,-0.378287,-1.44,1.77,11.7567,8.37785,-39.7583,146.815,-0.743109,0.0,33.8092,0.5,6.74988,6.56457,27.6696,43.8311,-49.1799,7.83182,19.207,-18.9778,-60.3991,0.0,1.0,0.24706325
N_S_WW_WM_381,-2.90758,9.13463,2.88421,-9.66101,1.36,-1.23,8.38636,5.5701,-31.4208,116.714,-8.47613,0.3,19.8356,-0.3,1.84827,-19.6366,-24.3739,15.1146,69.2763,30.8079,65.8409,68.4052,146.609,0.0,1.0,0.270886979295681
N_S_WW_WM_382,1.89212,-7.68803,3.91689,15.3968,-0.44,0.25,19.6459,-0.785801,-1.86547,-9.33251,-10.1392,0.2,10.8328,0.9,30.5898,15.8398,-8.36349,28.8714,22.4127,18.5936,49.4075,89.4154,-71.723,0.0,1.0,0.2416665694651163
N_S_WW_WM_383,-4.76577,7.7218,-7.75726,-10.7556,2.08,-0.56,-5.14719,9.28748,23.5045,-0.991177,-5.23517,0.0,-3.96847,0.4,-23.244,5.62955,27.3481,31.2438,55.5281,-49.9954,114.822,37.5974,-35.403,0.0,1.0,0.2819219612524917
N_S_WW_WM_384,8.65745,4.50221,0.156322,4.84134,0.46,-0.15,13.7383,-3.13467,40.6232,13.3265,2.29397,0.1,-29.6662,0.7,-0.0869685,-19.8407,-28.4745,54.601,23.6312,38.6043,58.2851,81.4733,-53.5541,0.0,1.0,0.2577920662790697
N_S_WW_WM_385,-3.14828,3.73065,6.46923,19.1134,0.82,1.78,16.2891,-4.72003,-24.4879,-40.6129,-4.13897,0.1,-3.32492,-0.1,43.1421,1.44728,-16.8341,-11.512,-48.0185,15.0011,51.909,-58.7705,3.85971,0.0,1.0,0.2296868579335548
N_S_WW_WM_386,2.4146,-7.91724,-2.94028,3.97372,0.22,2.44,-4.18284,-3.24658,-6.06023,70.5622,-7.1142,0.1,33.2175,0.0,54.5683,-5.53382,11.0007,-20.789,49.5375,26.5475,69.4386,-47.118,28.4923,0.0,1.0,0.213623497641196
N_S_WW_WM_387,14.6463,-3.26668,-5.10818,12.0063,-0.22,1.71,13.2762,4.13569,8.96469,-68.9678,-6.55919,0.1,1.04996,0.9,58.3076,-6.82119,13.1947,46.1433,-6.61818,18.2405,-8.94963,40.2147,94.305,0.0,1.0,0.2475060503654485
N_S_WW_WM_388,10.8562,-5.87381,3.29697,-17.3444,1.53,0.91,3.25755,-1.24872,1.3804,-79.6718,-12.1129,0.4,-17.2391,0.5,-7.14909,-3.86524,13.856,-7.03706,-25.4774,46.9032,77.4226,40.8695,112.462,0.0,1.0,0.2430115916279069
N_S_WW_WM_389,-6.14087,6.46432,17.1183,-5.48761,-0.98,-1.13,15.7004,4.94487,-4.98514,-22.9008,-11.4772,-0.1,-15.7129,-0.1,-22.1195,-8.64281,7.92801,-14.7974,-44.3192,1.26988,-39.7845,55.2295,13.2679,0.0,1.0,0.2716011444518272
N_S_WW_WM_390,0.701956,-1.65459,14.227,9.75977,-0.48,1.45,14.5273,7.60283,-17.6361,-86.4654,4.65238,-0.4,-24.8032,-0.1,-0.695343,12.7802,-29.8139,26.9966,-34.8687,20.2744,71.9866,31.618,-147.65,0.0,1.0,0.2279280843521595
N_S_WW_WM_391,-1.15704,8.96239,-4.29931,4.35183,1.21,-1.14,6.92097,6.74524,19.5231,-31.8395,-11.5429,-0.4,-22.978,0.9,30.8026,-8.39301,-19.3145,47.157,63.0152,30.5056,58.016,32.5952,113.509,0.0,1.0,0.283277501269103
N_S_WW_WM_392,6.14936,-5.38067,9.25048,-15.652,-1.12,0.32,12.9629,8.62648,-24.7714,94.4304,-10.7967,0.5,-5.03499,0.6,23.3975,-12.7008,16.4618,-16.4713,-38.3875,-21.4186,119.823,-55.7661,-8.04637,0.0,1.0,0.2274071431295681
N_S_WW_WM_393,10.2562,8.1573,5.42343,1.85171,-0.69,1.33,19.2499,3.46428,-46.0045,124.084,1.55275,0.2,18.5584,0.8,-2.48605,-14.1388,12.9352,-21.2877,70.759,-29.3607,-38.4619,-33.5665,-143.672,0.0,1.0,0.2409772115847175
N_S_WW_WM_394,-5.30894,-0.391359,13.9459,0.0486168,1.18,2.35,1.8379,2.19943,-6.92668,52.3717,-10.4232,-0.3,34.2851,0.9,-12.4483,-10.1318,-25.6061,47.0086,-48.5693,-28.5554,37.215,-27.6029,81.7505,0.0,1.0,0.2559055849302326
N_S_WW_WM_395,-7.161,-0.727486,8.61681,-16.3348,2.19,-0.75,18.2407,-0.615154,49.8153,31.4745,-9.53954,0.2,18.9429,0.5,-16.606,-8.69527,-23.5298,42.3504,-56.2973,36.3101,38.964,52.8865,44.0016,0.0,1.0,0.277999595372093
N_S_WW_WM_396,-5.14978,-1.01507,-0.439375,15.2265,-0.74,0.36,5.51759,9.16987,11.7326,122.147,-11.9197,0.6,-31.3464,0.7,3.96411,-9.64584,20.8958,49.6942,65.8209,-42.503,116.999,-21.6042,69.1962,0.0,1.0,0.2587537271960133
N_S_WW_WM_397,2.27182,4.80003,4.27007,-2.77402,0.58,-0.96,0.343692,-4.32706,-16.9389,149.635,-3.21889,0.5,29.0038,0.7,13.3462,-8.16057,16.8631,-20.162,126.635,-11.9349,-38.7619,44.5215,133.222,0.0,1.0,0.239871913385382
N_S_WW_WM_398,9.79815,12.1323,0.696858,18.4005,1.99,-0.37,9.37729,7.48259,-27.8662,-38.6477,-1.64281,0.0,27.5618,0.7,53.7238,-8.97862,7.48059,-6.93095,116.992,-8.94796,56.7094,46.546,65.2239,0.0,1.0,0.2417944763455149
N_S_WW_WM_399,7.72664,10.4193,3.49369,-16.6971,-0.28,1.56,4.32482,-4.14535,48.9089,51.5344,3.22638,-0.2,-37.1664,0.3,13.4191,6.89176,28.4938,-5.9574,61.4989,42.9073,-54.0833,-7.94132,4.62645,0.0,1.0,0.2419109429900332
N_S_WW_WM_400,1.8435,8.91185,-0.772013,-17.1215,-0.58,2.42,-0.417599,-0.736289,9.4161,-86.7644,4.06274,-0.1,20.0129,0.1,53.2284,-0.455877,8.92921,33.1592,41.6967,18.933,112.34,70.1269,82.8182,0.0,1.0,0.2456568417109634
N_S_WW_WM_401,-5.48116,8.49075,-2.33954,0.999843,0.86,2.27,-6.48748,7.96489,10.8414,21.7297,-7.73273,-0.2,-38.2057,-0.2,-5.51463,13.9426,-19.1516,39.5206,18.866,-32.0346,104.199,-30.486,48.4067,0.0,1.0,0.2838955309169435
N_S_WW_WM_402,2.44122,2.0005,-1.6032,-2.69761,1.64,1.25,6.82224,-4.48384,3.88655,-15.8704,-10.1683,0.8,-18.4819,0.0,-20.635,21.2803,-18.4509,16.8775,15.8297,-1.22757,31.3063,-58.1025,121.918,0.0,1.0,0.2567016350863787
N_S_WW_WM_403,4.7714,-6.02601,7.56793,-4.73718,-0.19,2.43,18.0556,-0.66019,45.3263,100.728,-1.49726,0.5,17.8669,0.6,44.3628,7.69291,21.5221,51.3145,52.0434,24.8454,36.2868,-20.2421,31.1657,0.0,1.0,0.2400811471328903
N_S_WW_WM_404,3.40789,14.652,13.2719,-19.1316,0.1,0.03,-1.84489,-1.29683,49.5735,89.1901,-1.93786,-0.1,30.3784,0.6,8.9231,13.6692,-20.3884,-1.13637,67.5769,-46.8539,53.7001,-0.927132,29.1317,0.0,1.0,0.2399053892425248
N_S_WW_WM_405,5.29664,0.555752,-5.41271,-3.92246,-0.17,-1.1,5.15605,2.95354,41.8146,28.5261,-3.98494,0.6,29.5836,0.0,3.75731,-3.67179,21.0387,-24.9415,-20.2762,-1.60361,149.036,-32.6558,127.047,0.0,1.0,0.2111423871328903
N_S_WW_WM_406,0.1613,13.8057,11.8155,1.10384,0.12,-1.47,9.55295,9.81659,-29.8766,65.4931,0.944067,-0.1,-22.2043,-0.2,51.4735,-16.1673,-18.8998,5.4409,84.115,10.0595,86.7482,-20.9259,-62.7159,0.0,1.0,0.2619024087840531
N_S_WW_WM_407,-1.08891,-5.32645,4.51134,4.20272,-1.79,0.3,2.02646,9.48621,-46.7905,-51.195,-0.795495,0.0,-9.93815,0.1,54.3971,10.2089,2.87109,0.487496,120.504,40.1373,134.522,-27.8196,83.0912,0.0,1.0,0.2171638404684384
N_S_WW_WM_408,12.3417,-1.9992,0.529818,-5.27558,0.91,-0.14,17.736,-0.678109,-44.2696,17.2428,-10.4993,0.5,9.52403,0.5,50.3094,27.4684,26.9692,46.6213,-3.54104,-12.314,-34.539,-37.7172,-93.502,0.0,1.0,0.265013935910299
N_S_WW_WM_409,-1.90626,10.3602,0.0805201,-11.6002,-0.42,2.0,-5.33695,0.931802,-25.7963,96.1536,4.24351,0.4,11.384,0.5,15.7247,-0.0712194,2.2374,50.5181,-53.1378,-27.4403,112.168,12.3265,-156.544,0.0,1.0,0.2531118203421927
N_S_WW_WM_410,-1.21586,-0.865469,18.0805,-8.76359,1.37,2.4,12.0998,-0.499579,-42.1001,133.06,-0.40191,0.1,1.35789,-0.4,12.1193,-1.6476,-21.1987,-1.44597,33.1141,-14.6893,99.5598,75.1326,-115.045,0.0,1.0,0.2266778731495016
N_S_WW_WM_411,5.63189,-3.48744,6.37581,14.3066,0.5,-0.86,8.3388,-0.296016,-32.4565,78.1785,-14.1623,-0.4,6.57527,0.3,-2.84197,5.49508,27.5968,-9.09088,-17.2526,45.8004,147.656,-8.79242,61.0775,0.0,1.0,0.2370705296146179
N_S_WW_WM_412,3.5788,14.7044,14.4543,-9.52161,-0.68,-1.53,13.5301,4.24606,5.85069,57.3013,-11.1078,0.0,2.40277,0.9,41.2372,-10.8076,11.4024,26.796,129.304,-36.1402,92.229,87.2278,-157.19,0.0,1.0,0.2583843687076412
N_S_WW_WM_413,7.79357,-0.68509,8.67513,19.9386,-1.06,0.48,2.87412,5.95522,-21.6769,-41.9598,-3.55548,0.7,14.5735,0.4,-10.869,-17.4621,23.9249,44.4371,118.286,37.5699,127.691,-49.0755,-24.089,0.0,1.0,0.2294286418106312
N_S_WW_WM_414,5.36709,0.168285,5.07765,-19.9174,0.69,0.7,15.0607,-1.5399,39.048,-70.65,-4.49386,0.3,39.4068,0.7,-0.410378,-16.8061,1.46699,44.7529,-32.1158,46.3765,-17.7737,-44.0992,-161.346,0.0,1.0,0.2570857439003322
N_S_WW_WM_415,-6.40737,9.72755,1.32949,13.4195,1.82,2.31,8.73696,5.74279,-10.4077,-25.9797,-2.79473,0.4,11.1193,0.7,-19.214,3.69856,8.48357,-23.1329,-18.4644,-23.5425,143.438,71.4388,-32.6806,0.0,1.0,0.2367829508405315
N_S_WW_WM_416,11.1563,13.3958,13.098,16.2405,1.51,-0.36,-1.31205,-3.88137,-15.1298,18.3303,-12.8845,0.3,-26.1502,0.4,45.6052,10.8949,15.587,-22.7606,-18.712,10.5701,94.173,75.7774,-119.453,0.0,1.0,0.2716787562159468
N_S_WW_WM_417,-6.62923,-3.99629,10.6385,9.6809,1.25,0.07,-8.83108,-2.22128,-22.4155,108.392,-14.8349,0.6,22.8439,-0.2,-18.3424,-11.7401,-16.1636,20.4072,26.2965,14.989,14.5495,-28.5512,68.603,0.0,1.0,0.2686150712225913
N_S_WW_WM_418,-0.324772,0.613478,17.6344,-18.7735,1.03,-0.78,0.563054,-0.416002,-38.1293,-51.7996,-4.85442,-0.1,-32.5164,0.4,58.2082,4.66907,-10.518,-7.78533,39.8031,49.7478,-55.0908,4.63293,-19.2733,0.0,1.0,0.2387071119667774
N_S_WW_WM_419,7.87336,-3.81831,6.81819,19.7659,0.39,-1.79,-0.314952,-1.52546,-12.1366,14.1337,2.45827,0.0,-27.3875,0.1,-21.9082,20.1812,-27.4453,2.7963,-7.36983,3.84176,-3.22803,19.7153,116.633,0.0,1.0,0.2291522531395348
N_S_WW_WM_420,-6.11757,-6.27523,6.93562,9.06811,2.28,1.08,16.053,5.89764,17.2811,-53.719,-13.1436,0.5,-13.2244,0.4,-6.4922,25.9918,18.1287,48.144,46.9778,-4.15952,34.5256,-39.341,-39.1505,0.0,1.0,0.2612034853023255
N_S_WW_WM_421,10.097,-0.117722,0.753637,17.1042,-0.41,-1.73,-7.06534,-1.05309,-49.193,-35.3888,-14.6558,0.1,27.6727,0.7,-0.856744,-12.6308,-3.79551,28.7964,62.4915,14.6786,20.3003,-52.4882,33.9347,0.0,1.0,0.2479554285913621
N_S_WW_WM_422,-2.9735,13.5409,10.8289,7.83779,-0.9,-0.53,-2.35988,7.28698,49.879,115.141,-8.62212,-0.1,22.0669,-0.4,41.5787,-13.1497,8.157,2.48649,-37.4661,-28.2366,47.8546,15.6029,70.4325,0.0,1.0,0.2655432204418605
N_S_WW_WM_423,13.0709,4.63143,-2.5473,12.2498,-1.49,-0.97,9.54025,2.89357,28.5982,123.026,0.884533,0.3,-38.0052,0.0,35.4487,22.8491,9.5965,-9.25673,11.3461,38.5471,-9.35381,36.4283,-181.799,0.0,1.0,0.227156659192691
N_S_WW_WM_424,-1.34732,11.5408,-0.371285,-15.246,1.98,2.1,-0.908618,7.72743,-2.1378,-63.0264,0.489951,0.4,-35.6553,0.5,22.4554,20.3696,-8.18059,44.6946,4.55185,47.2429,137.073,74.5018,-5.42799,0.0,1.0,0.2572442330664451
N_S_WW_WM_425,0.407562,-2.44012,4.04619,19.019,0.04,-1.69,9.27999,3.81856,-14.0135,-8.85926,-8.31891,0.0,-3.80685,0.9,52.5162,1.63284,18.4457,54.2891,121.445,-8.09683,138.117,-11.8186,-4.25558,0.0,1.0,0.2476901414451827
N_S_WW_WM_426,14.6342,4.68227,7.27204,17.4545,0.88,0.29,12.7882,8.2065,30.2653,54.3632,4.73158,-0.3,14.7234,-0.1,48.8431,9.82516,-8.23979,39.7762,78.8963,15.8736,84.2084,-50.9106,64.7028,0.0,1.0,0.2547434231893687
N_S_WW_WM_427,-0.0916211,-4.22356,6.88821,-14.5404,-1.28,-0.41,9.74008,7.85563,-39.061,-74.5279,2.81582,0.4,-33.5641,0.3,43.4663,10.6242,-16.0847,39.6174,-54.6857,-36.497,57.4138,-29.444,-70.6681,0.0,1.0,0.2265787378504983
N_S_WW_WM_428,11.7152,10.9957,17.4755,-5.69315,0.05,0.58,19.9708,3.54719,13.1465,-28.0307,2.64218,0.3,-36.0512,0.7,3.39039,10.0591,-0.586023,-20.6443,-45.1315,18.0511,30.5561,-44.1485,12.8688,0.0,1.0,0.2595968279435216
N_S_WW_WM_429,7.09676,-1.55787,-3.0883,12.588,2.0,1.6,0.740756,4.97435,46.0644,99.9412,-2.04119,0.2,-9.33658,0.9,41.4966,-18.354,-16.6661,24.3443,48.3756,-46.5115,52.7448,64.0531,-19.8532,0.0,1.0,0.2286822233654485
N_S_WW_WM_430,-4.51607,-7.16518,13.033,-13.6993,1.77,-1.33,-6.63036,7.05882,-40.295,111.926,-4.93634,0.6,-15.1609,0.6,12.9486,-14.3121,-18.1052,25.8353,74.5498,46.79,2.08694,-7.17131,-150.058,0.0,1.0,0.2485922453355481
N_S_WW_WM_431,14.7223,1.8634,-2.43144,-13.0736,0.56,1.06,-3.89937,-3.98273,-36.0713,79.4957,1.95288,0.1,39.2475,-0.2,5.35008,22.3271,15.8816,49.1617,57.7261,-0.497491,15.6596,-17.2048,-153.697,0.0,1.0,0.234473030026578
N_S_WW_WM_432,7.5353,10.702,2.41098,-7.01823,0.28,1.53,8.88303,-1.95351,19.2962,-60.3356,-11.8077,0.7,-10.2917,-0.3,-23.5549,9.11898,25.8356,11.0479,113.215,32.801,-23.4102,85.8489,-76.5285,0.0,1.0,0.2536384786013289
N_S_WW_WM_433,6.103,12.1773,15.335,12.8295,1.07,1.74,3.36924,9.42012,-1.7452,130.554,3.97785,0.5,9.4827,0.1,4.52622,25.6418,-15.8715,24.6691,92.4183,-21.8776,100.331,39.4602,-198.922,0.0,1.0,0.2395417137408638
N_S_WW_WM_434,12.4639,2.92595,13.1765,14.7924,-1.7,0.39,-6.35203,0.906423,34.6547,-21.2464,-8.88751,-0.2,-8.0831,-0.2,-19.6094,7.05442,-29.449,27.8621,100.114,-15.0586,107.566,14.0802,-177.049,0.0,1.0,0.2487106931129568
N_S_WW_WM_435,-1.67382,10.9343,-4.8503,-2.17317,-1.21,-0.59,17.3132,5.70146,-2.38142,116.172,-8.24217,-0.2,33.4455,0.8,10.3682,9.38984,-26.0957,33.883,47.3921,31.8706,87.5471,-33.7808,-148.474,0.0,1.0,0.2615182688770764
N_S_WW_WM_436,-3.41426,13.116,-6.69738,-14.9632,-1.72,-1.18,-7.41436,2.3308,-0.620434,16.2219,-7.65598,0.2,-28.5063,0.3,32.9192,-12.0222,-18.6787,26.488,-8.12081,-43.8282,124.688,83.4744,-107.926,0.0,1.0,0.2718308158006644
N_S_WW_WM_437,-3.43939,0.0916819,0.971945,-9.95208,-0.83,0.82,13.8009,0.0451047,-47.9362,121.626,-14.2076,-0.2,-12.7628,0.7,56.4072,9.97766,-19.5982,9.29156,122.315,6.61633,-20.8976,28.0341,-15.096,0.0,1.0,0.2411133495780731
N_S_WW_WM_438,6.7342,14.3183,7.77849,-15.2921,-1.57,0.77,-2.04962,5.32154,1.68521,-89.5726,-6.86976,0.3,-13.6784,-0.2,3.64164,29.5282,-21.7019,49.284,48.827,-21.58,66.0453,34.6818,129.617,0.0,1.0,0.2676506680465115
N_S_WW_WM_439,-5.79868,3.88237,1.62385,6.55569,0.42,-0.04,-7.18599,7.50636,5.10994,-90.6736,-4.63234,-0.1,34.3944,0.0,-19.8234,-18.3907,-26.5341,-16.3738,48.0667,-16.9327,48.3969,53.811,-46.0773,0.0,1.0,0.2383974853621262
N_S_WW_WM_440,4.69164,-1.7482,19.1802,-0.40938,-1.36,0.34,19.0052,-1.15468,-16.6626,69.8798,-13.7329,-0.2,1.8745,0.2,10.9926,27.9779,11.2274,47.3845,124.719,-10.6132,8.78044,-55.6394,-6.17395,0.0,1.0,0.2615690064186046
N_S_WW_WM_441,9.72236,-1.84284,3.08507,-6.93841,2.1,0.74,-0.301438,-3.58009,8.70673,136.337,0.759119,0.8,-32.005,-0.1,-1.07422,-8.8442,20.2293,-18.6247,-53.7065,-2.26014,-4.26026,15.1001,-179.803,0.0,1.0,0.2231392612159468
N_S_WW_WM_442,10.3506,0.676918,11.4032,0.805103,-1.01,0.79,15.0154,8.30006,21.9391,104.414,-1.23183,0.0,1.72252,0.2,48.0994,8.17577,28.7192,1.24957,129.134,-28.7793,-10.9616,36.0543,-118.418,0.0,1.0,0.2318806592857143
N_S_WW_WM_443,-2.24712,14.8464,-6.27928,13.1608,-0.43,0.62,13.0341,7.12278,24.0747,-38.142,-11.6971,0.3,26.4734,-0.1,-3.82904,-12.906,-16.8929,-11.7899,93.7792,-10.8921,127.814,-58.4115,56.2542,0.0,1.0,0.2445081589568106
N_S_WW_WM_444,1.23307,4.75972,-7.69255,8.92607,2.48,-1.41,4.77101,6.00373,-21.9135,-81.972,-7.12025,0.7,1.18686,-0.1,44.6263,-0.832106,-7.3497,41.3319,129.475,-28.044,53.0453,6.26975,99.2559,0.0,1.0,0.2577383513122923
N_S_WW_WM_445,-1.80006,-0.0894318,-3.91754,5.32752,1.61,-0.47,9.84571,7.8909,-3.70739,101.955,-9.32394,0.6,38.3169,0.0,-22.8497,11.8696,-0.275121,-11.2833,112.408,-21.8255,-44.7929,-18.6048,-86.2632,0.0,1.0,0.2449812612591362
N_S_WW_WM_446,1.74024,5.85407,15.4493,7.64628,-1.02,-0.8,8.63848,2.73699,-38.6187,-6.09754,1.64748,-0.3,-38.8299,1.0,5.51448,16.6501,20.6737,-6.21194,-39.7778,49.4905,110.851,73.2415,-123.175,0.0,1.0,0.2304954281428571
N_S_WW_WM_447,-2.80775,3.98771,-6.16839,-9.83662,1.84,0.23,11.0396,5.42122,-47.6531,39.877,-1.13751,0.1,-1.87584,-0.1,49.9798,26.5512,-21.077,42.2534,-41.8124,48.0236,96.5049,-18.2738,44.8064,0.0,1.0,0.2335787191096345
N_S_WW_WM_448,-0.935673,0.925159,-3.73338,-5.16344,-0.83,1.51,11.495,5.2947,33.5015,65.2471,-9.15881,0.4,-5.78926,-0.1,-11.9928,-16.6972,3.83635,-17.7765,-48.9373,-44.4566,26.7566,12.0141,-167.254,0.0,1.0,0.2363767003687707
N_S_WW_WM_449,7.15261,3.67897,14.6127,19.2389,-1.79,-0.8,12.694,8.46845,-23.3352,23.0432,0.544804,-0.1,-32.2055,0.2,-2.75811,-0.365825,-18.7559,52.2595,50.8984,29.2313,-42.7588,1.03778,17.571,0.0,1.0,0.24493325930897
N_S_WW_WM_450,-3.57802,6.96881,10.9269,-10.46,-0.6,0.5,3.54988,9.62433,-7.69552,-93.7667,-14.8213,0.3,32.7355,0.0,34.7805,18.4819,7.16593,-15.7141,4.24155,-12.125,103.322,69.7365,132.809,0.0,1.0,0.254265128564784
N_S_WW_WM_451,6.26519,-7.46145,2.98236,-9.47998,-1.57,0.35,8.77888,5.00104,9.9787,50.2228,-9.86611,-0.2,21.4435,-0.3,10.7997,12.2602,-14.4471,-23.0304,110.544,3.47847,140.828,72.0194,-31.0973,0.0,1.0,0.2146259384086378
N_S_WW_WM_452,-7.72726,6.89642,6.17078,10.7523,-1.31,-0.46,15.4014,-4.77133,6.7148,89.5403,1.74299,0.4,-4.55173,0.2,19.8762,10.8048,14.4955,19.7012,-16.3424,1.70069,134.316,80.9828,-141.018,0.0,1.0,0.2369610226179402
N_S_WW_WM_453,1.71507,6.05572,2.59573,-10.1617,0.14,1.45,13.2299,8.6347,-13.1651,98.4883,3.77963,0.5,31.8821,-0.4,-1.46384,24.8158,-19.9425,0.841294,-34.2784,-43.3116,16.6164,-28.1286,-13.5497,0.0,1.0,0.2338315217308969
N_S_WW_WM_454,-0.210201,8.1871,7.00028,-18.9723,-1.15,1.09,1.34318,-0.56055,-20.3879,54.0643,-7.55754,-0.4,28.127,0.2,-17.7427,4.82363,-0.660401,-4.49989,-43.9378,36.9325,-35.079,20.2403,144.146,0.0,1.0,0.2574829272890365
N_S_WW_WM_455,7.27606,3.95079,9.61736,-18.4379,-1.2,-1.59,-4.60726,8.43806,-47.7511,119.764,-2.6242,0.4,-1.50266,0.6,-20.947,12.352,-24.2851,18.5333,28.3285,-0.0409913,123.189,-22.7807,-53.2464,0.0,1.0,0.2436341250863787
N_S_WW_WM_456,11.5836,11.1043,15.6019,19.5628,-0.39,1.24,1.05186,-0.580985,24.3209,-91.4144,-7.99107,0.1,-17.0474,0.0,-13.0146,-2.60646,16.253,1.895,-23.6493,-44.3376,-0.329092,50.7866,-160.305,0.0,1.0,0.2532946184318937
N_S_WW_WM_457,-2.09493,-3.76243,3.06457,18.7679,-0.64,-0.77,-8.23621,-3.19546,-44.3993,-71.8895,-7.81306,0.2,-3.20629,0.3,-23.9161,18.2686,-16.3239,13.1473,85.4465,47.4212,128.971,22.5237,-80.0455,0.0,1.0,0.2362568084418605
N_S_WW_WM_458,7.12951,7.56294,-5.81386,-19.2081,-1.3,-0.03,15.837,8.59228,-36.4542,110.628,-4.57981,-0.1,26.0818,-0.3,56.5419,3.10447,-11.6556,-19.3252,59.5509,-13.5993,24.0031,-13.7097,-92.8308,0.0,1.0,0.2369416188106312
N_S_WW_WM_459,4.48924,5.40258,12.3566,-14.7948,1.83,-0.45,19.4381,-3.23673,18.7551,86.5938,-10.5645,-0.3,12.2241,-0.3,9.11199,25.8368,15.1054,6.9113,-13.4148,16.5088,98.627,62.3958,26.6613,0.0,1.0,0.2503978222657807
N_S_WW_WM_460,7.47952,2.57958,-5.37,13.4324,2.43,1.72,3.66169,6.05222,-44.1067,90.8984,-14.5685,0.4,21.6613,0.0,34.506,15.7077,21.4176,29.0986,52.2688,-42.0241,25.7159,-17.7011,-6.64424,0.0,1.0,0.2618770946378738
N_S_WW_WM_461,6.98398,9.85984,-7.51176,-10.8301,1.88,-0.09,19.712,2.78101,-37.7676,-3.84253,-7.96619,-0.3,-30.2912,0.3,-8.85254,0.683829,-0.360752,-12.7016,-9.55203,21.0976,-21.0328,48.6286,-90.1858,0.0,1.0,0.2530690158538206
N_S_WW_WM_462,10.7021,-3.85183,18.7853,-4.17366,1.17,1.89,-3.00575,-3.15517,1.89103,107.224,-0.694316,0.3,11.5858,0.0,27.4638,25.7427,7.00244,-22.3355,106.385,-37.9775,-32.4806,66.4116,-188.554,0.0,1.0,0.2216639982093023
N_S_WW_WM_463,13.2092,-5.52905,13.0451,-8.93235,0.29,1.55,3.01814,1.20952,7.4973,117.531,-11.8334,0.4,-35.0543,0.2,39.6505,-6.6733,23.3555,51.1757,-0.783167,-31.0079,90.5598,-22.1755,-158.345,0.0,1.0,0.256864620744186
N_S_WW_WM_464,-0.869616,-0.0541968,18.955,-14.0748,0.13,-0.83,10.2134,7.13064,33.9598,5.39139,-9.07794,0.3,23.0913,0.6,18.3665,16.0552,22.4146,42.6832,-45.6924,-41.5928,92.9973,5.33056,-87.947,0.0,1.0,0.259172338179402
N_S_WW_WM_465,6.94925,9.67803,17.186,-16.4125,2.27,-0.54,7.38657,2.24477,-13.0257,-78.7228,-13.7142,0.5,1.61959,0.3,27.3363,5.94821,7.29631,32.1607,-50.9923,-22.6828,-30.0556,-42.3428,-69.2458,0.0,1.0,0.2689310921860465
N_S_WW_WM_466,-7.80991,-7.10514,17.37,15.3269,0.31,1.33,-9.43143,3.58033,-9.24869,40.8899,-2.99011,0.6,-34.1564,0.7,-8.46242,21.7031,18.8091,14.1319,-30.522,14.3807,59.7039,69.1681,-108.319,0.0,1.0,0.2539001271428571
N_S_WW_WM_467,3.1989,-1.93819,-7.871,-17.0844,0.16,-0.74,13.3327,-0.0671311,-25.5223,126.624,-1.54964,0.0,-26.5699,0.2,-8.07235,9.0142,29.3575,17.4459,56.1111,-39.7325,-40.0668,-22.6611,-120.061,0.0,1.0,0.2274966698870432
N_S_WW_WM_468,11.8366,-5.75465,-3.55224,-2.47286,-0.82,2.12,6.21928,4.93156,-9.5333,133.902,-12.0624,0.2,39.0698,0.5,20.2346,-18.5253,9.44947,-17.5478,116.784,27.7239,4.04172,48.9029,-128.437,0.0,1.0,0.2218302200066445
N_S_WW_WM_469,6.00715,-4.74442,-7.53334,18.6822,0.49,1.28,-0.752536,3.40983,5.65822,-19.8315,-5.87663,0.1,-19.9517,-0.1,15.8686,14.1902,-15.5023,12.3721,87.1372,-48.3422,-11.7773,-31.7624,-125.202,0.0,1.0,0.2269498172591361
N_S_WW_WM_470,6.48065,1.16874,1.59285,-17.006,-1.47,1.11,19.5626,-2.20158,34.9474,86.1804,-11.3552,0.3,36.2681,0.4,33.2672,11.6322,-22.3465,19.5479,-46.7934,-5.46479,97.5067,-49.6676,-66.2152,0.0,1.0,0.2508285908139535
N_S_WW_WM_471,3.49275,-2.46694,8.07505,15.1689,0.19,2.07,-8.09814,-3.16617,8.47876,50.9723,-12.055,0.0,19.9785,-0.1,55.8969,28.9669,-22.6398,27.2823,-24.2997,-14.1759,93.2972,42.4568,-102.171,0.0,1.0,0.2454589221860465
N_S_WW_WM_472,7.98791,13.9566,19.9334,-9.73043,0.04,-1.32,-0.98594,3.79981,-36.9208,42.5079,-12.1215,-0.1,38.6347,0.6,-4.6538,29.43,-6.66621,17.0968,108.124,5.31486,9.72493,38.2076,-72.2595,0.0,1.0,0.2581540618604652
N_S_WW_WM_473,0.437422,10.2037,-6.09542,9.26516,-0.33,-0.56,-1.48428,-4.4013,-3.14007,-35.8413,0.520774,0.7,0.42168,-0.4,16.7638,-9.20828,-26.9378,-12.1932,-42.9548,37.9459,44.2768,31.9074,-90.8983,0.0,1.0,0.2243853372857143
N_S_WW_WM_474,7.94051,-4.84255,7.20428,13.2818,0.92,0.19,-3.71549,-4.98489,41.9505,-20.9868,-7.26933,0.7,-21.5865,0.2,-15.6561,-13.0701,8.12409,36.2512,109.545,0.344664,68.8717,70.302,139.083,0.0,1.0,0.2501080660863788
N_S_WW_WM_475,8.29876,-6.53659,14.0974,-0.305176,2.27,-0.88,15.0838,0.19474,-16.7225,96.9481,-3.73485,0.0,38.8328,0.4,-7.01129,-6.4317,16.6304,10.687,92.9837,33.7763,-10.7236,-47.325,-192.509,0.0,1.0,0.2406150269833887
N_S_WW_WM_476,8.67264,-4.53654,0.783355,-1.11424,0.25,0.59,4.12493,-4.80803,-34.6977,-50.3603,-14.089,0.7,35.92,-0.1,18.0641,17.2403,3.72991,-10.3105,114.915,-29.1653,69.0283,30.386,-10.6985,0.0,1.0,0.2254055710299003
N_S_WW_WM_477,-4.98776,9.22232,-2.65771,2.17476,2.16,-1.68,5.37748,3.36028,0.568186,-68.4063,1.83126,0.7,-29.2579,0.5,-3.24966,-17.0134,-3.45668,-7.22275,118.736,-19.5903,73.4172,46.0755,-134.673,0.0,1.0,0.2281738293322259
N_S_WW_WM_478,-7.47791,5.25679,11.0398,18.013,-0.73,1.31,6.88274,-2.82949,-13.6614,19.9748,-13.5015,0.4,-14.5461,0.6,40.39,-2.12336,22.1676,-20.3442,95.4085,32.568,76.7355,3.89962,90.7903,0.0,1.0,0.2416143891495016
N_S_WW_WM_479,-7.46355,9.19522,-4.72255,11.2959,1.68,-0.31,-3.92593,0.305473,45.866,111.287,-4.55339,0.0,-9.755,0.7,43.7722,14.219,-5.56467,19.1485,2.83157,-24.2103,-53.0151,-57.457,26.0451,0.0,1.0,0.2651316361063123
N_S_WW_WM_480,12.5195,-2.30408,-3.00006,-7.50774,-0.25,-0.51,2.31325,2.12208,14.937,40.7353,-13.0568,-0.2,-30.6057,0.9,32.1416,4.5303,7.87314,44.1254,87.699,-32.5867,-56.876,87.9912,85.3475,0.0,1.0,0.2673900246943521
N_S_WW_WM_481,-4.61875,-0.247541,10.7587,-12.4133,0.07,1.81,-9.22453,-3.46384,38.7624,-56.0578,1.92105,-0.1,18.3749,1.0,22.2709,-16.3199,-0.990484,20.029,-13.2919,-23.8446,22.7867,-9.64204,3.42872,0.0,1.0,0.2304408221495016
N_S_WW_WM_482,4.79361,4.89431,1.91858,0.350041,1.38,1.58,18.0981,2.87678,-1.6859,140.482,4.43019,0.7,-32.5876,0.9,4.04501,3.51763,2.50592,-4.63858,-8.95169,23.5325,119.48,84.6687,-167.56,0.0,1.0,0.2093398803222591
N_S_WW_WM_483,9.70899,12.8963,8.44016,-17.3756,0.71,0.9,-8.77331,5.75744,-27.1686,-13.9267,2.68983,0.6,17.244,0.4,-17.0752,-16.4597,-10.2885,3.45189,82.7455,16.4151,51.6959,7.18355,-77.8813,0.0,1.0,0.234361883192691
N_S_WW_WM_484,4.56304,5.34724,7.36034,17.6166,2.41,1.39,12.7145,-4.01332,25.2465,-46.3457,-1.10397,-0.3,23.7445,0.6,39.7832,20.8215,9.1674,39.8728,13.244,37.7717,102.812,41.8437,-131.571,0.0,1.0,0.2322752676910299
N_S_WW_WM_485,-7.98577,-1.88573,-0.97753,-19.4096,-0.17,0.16,-0.0686506,0.342698,24.627,-75.6599,-8.02314,0.2,26.5554,0.1,-0.151568,27.2607,-15.019,5.05745,16.198,-1.04761,-50.6772,-12.0845,-4.84133,0.0,1.0,0.2574417194019934
N_S_WW_WM_486,-7.76337,1.49643,4.212,-14.6219,-0.14,1.38,3.10555,6.45353,-40.5443,81.3638,-4.44865,0.0,-31.9916,0.7,-17.3467,29.2464,-0.497473,24.0653,11.0536,-26.6786,-7.87102,14.8136,79.5103,0.0,1.0,0.2475120073488372
N_S_WW_WM_487,-1.00282,9.09375,14.5994,2.72671,-0.61,0.52,-6.7479,2.40991,39.7109,-72.7078,-10.4647,0.7,29.9224,0.4,14.0916,0.943999,14.584,-6.77694,34.5071,43.5769,-48.5761,-1.63761,-141.711,0.0,1.0,0.2551226827342193
N_S_WW_WM_488,-2.21213,2.04421,8.3926,-19.7845,0.47,1.07,16.8488,-2.74531,20.7993,-70.3878,1.18043,0.0,-30.181,0.2,-5.61959,-1.80526,-11.898,0.783284,16.7348,-41.5564,-59.3546,67.1766,127.773,0.0,1.0,0.2344877373056478
N_S_WW_WM_489,9.85023,-6.1157,13.5815,-10.2335,1.82,1.84,-4.06937,5.4101,-10.5889,44.7179,-12.7692,0.6,32.3759,-0.3,2.88088,2.92234,15.3994,46.4631,117.328,31.1315,133.51,-29.936,-116.286,0.0,1.0,0.2506638279667774
N_S_WW_WM_490,12.275,4.3197,11.7464,11.1593,-0.08,1.97,-3.14621,4.57333,-20.7554,75.5718,-12.6832,-0.3,-6.61694,0.4,0.114685,-4.81509,-17.9567,16.6766,72.3818,24.6815,113.809,-37.446,131.762,0.0,1.0,0.2387219969302325
N_S_WW_WM_491,-6.5347,10.5244,-6.4664,13.9242,-1.32,1.01,6.0469,5.49087,29.7767,85.0923,-5.82149,0.6,10.0515,-0.2,58.0526,27.3137,-13.6066,37.2613,-37.6371,-34.4377,24.5613,-38.7234,-73.3159,0.0,1.0,0.2746903249003322
N_S_WW_WM_492,0.0321028,12.2698,13.9097,-1.96293,-1.33,-0.34,6.40887,3.27062,1.51725,26.6677,-5.94068,0.4,-38.7153,0.3,2.48682,27.9127,-16.5735,-20.2987,8.01649,-21.5572,-23.0147,71.8829,-67.6825,0.0,1.0,0.246416825295681
N_S_WW_WM_493,9.87846,12.9883,10.549,-16.8075,2.03,1.19,-8.25619,5.80511,29.1357,9.11563,-12.2506,0.5,-34.5436,0.8,32.5963,-7.7178,13.5795,-5.1635,50.493,-35.208,-16.2278,39.1905,71.3119,0.0,1.0,0.2709810349501661
N_S_WW_WM_494,13.05,9.45609,16.7514,-13.2836,0.3,0.65,17.3687,-2.3783,-15.4403,83.9049,2.55908,0.2,37.1297,0.3,49.6848,17.1585,-26.3806,40.014,45.08,17.6989,-29.1789,10.2255,109.608,0.0,1.0,0.2518075234850498
N_S_WW_WM_495,-3.67123,-2.62006,12.4647,16.1141,2.22,1.05,17.5276,1.16413,-8.80952,126.36,-1.01156,0.2,21.7387,0.1,49.1517,-0.567055,-26.7538,53.413,74.884,-17.4333,123.918,-32.0126,29.8824,0.0,1.0,0.2444244576644518
N_S_WW_WM_496,-0.730784,-0.564574,2.33321,-12.9914,0.08,2.26,11.929,-4.6494,-23.2156,11.9388,-10.0355,0.0,-5.86992,-0.3,-0.544273,15.5079,6.03442,-6.61567,79.7296,36.6636,104.5,-42.9486,-191.452,0.0,1.0,0.2336103495548172
N_S_WW_WM_497,10.2158,2.79293,16.1679,19.4537,-1.14,0.93,17.0063,-2.44776,-12.3244,13.7681,1.3477,0.1,-0.279375,-0.1,21.6736,27.5146,-21.794,13.0156,84.1938,-32.2753,89.3249,65.0984,42.1215,0.0,1.0,0.2114737050930232
N_S_WW_WM_498,-4.33683,5.1253,12.74,-4.26684,-0.92,2.45,8.72573,9.21937,4.58489,61.4438,-5.35319,0.8,22.4025,0.5,52.6086,24.939,7.24491,-3.32784,-39.1275,4.26239,-52.2842,20.9754,-129.029,0.0,1.0,0.2398540881594684
N_S_WW_WM_499,-6.83696,-0.205503,3.57313,-10.2072,1.29,2.36,-0.815763,-1.99733,-0.851894,8.64786,-11.0279,0.7,-20.2554,0.4,43.9631,16.3541,-26.4205,-24.5699,64.3523,16.0193,-31.7377,59.0999,-110.571,0.0,1.0,0.2402543978272424
N_S_WW_WM_500,3.30602,5.65423,7.60156,14.8246,1.26,2.17,-0.215358,7.03939,26.3574,-64.2514,-10.0819,0.6,39.6758,1.0,31.2077,-12.5678,2.22478,46.8448,24.0143,-31.6174,113.009,0.33236,-82.4127,0.0,1.0,0.2464247188073089
N_S_WW_WM_501,11.5596,12.1565,-4.55923,-1.33486,-0.02,1.42,14.7322,-4.06031,-1.31035,3.91285,4.88698,0.1,17.5277,1.0,26.883,3.85122,-20.4819,-11.338,11.5018,-17.869,80.246,33.7133,-138.19,0.0,1.0,0.2321152179435216
N_S_WW_WM_502,8.05856,4.44226,18.2957,-5.39317,-1.48,-0.69,13.6346,9.23108,-26.0898,113.997,-7.79581,0.6,29.4748,0.1,35.5202,16.9072,9.62087,47.7791,54.7002,-38.7991,-50.0762,27.7288,90.2908,0.0,1.0,0.2659276924019933
N_S_WW_WM_503,13.6842,14.1241,-1.28114,-14.3915,-1.75,-1.75,-1.35672,2.04071,38.3744,93.6162,-6.12789,-0.2,20.2477,0.1,40.5454,19.7752,-12.5585,9.62728,-5.96286,13.9231,-23.8676,-42.1739,10.6805,0.0,1.0,0.2648617688637874
N_S_WW_WM_504,-0.248724,7.33671,-3.71871,-17.8643,1.29,1.32,7.47271,-2.13589,33.0237,107.725,-6.19086,0.0,-34.0474,0.0,-23.1533,13.4623,-15.7912,-0.545885,25.4095,48.3562,24.6439,71.3469,-164.195,0.0,1.0,0.2618759488671096
N_S_WW_WM_505,1.36342,8.61282,4.98593,-17.3092,1.01,-1.09,-9.48085,-1.77806,-2.75982,135.903,-1.43833,0.3,-33.1049,0.9,34.8682,-15.9701,-8.45925,34.6663,54.47,-16.7664,29.1056,-33.8811,67.9496,0.0,1.0,0.2477779978803987
N_S_WW_WM_506,11.2471,6.25249,3.20399,18.1257,0.63,-1.54,4.84072,8.57802,-17.2367,38.1143,-12.5394,-0.2,33.0832,0.6,46.2559,8.01022,24.737,22.095,-40.8077,0.934264,-48.2837,-25.9364,41.3324,0.0,1.0,0.2582856576677741
N_S_WW_WM_507,12.6404,12.234,0.166011,-5.96281,-0.54,-0.89,-4.7983,-1.90773,-44.4561,77.5608,2.14181,-0.3,-33.8188,0.9,17.968,4.03055,9.03141,-0.959704,0.0596398,-11.1429,121.16,5.73284,104.946,0.0,1.0,0.2610348342358803
N_S_WW_WM_508,3.98138,-0.602776,17.3038,6.7236,-0.21,-1.19,16.8222,9.70427,37.1317,91.3046,1.62517,0.4,-24.4199,0.9,2.24076,-9.7475,-12.2597,-19.5934,74.1891,13.642,-30.8071,35.9148,-113.612,0.0,1.0,0.2254953851893687
N_S_WW_WM_509,9.47041,7.5883,2.47944,7.56929,1.62,2.37,-8.56091,-3.65379,15.1586,121.273,-13.8515,-0.2,-23.1532,0.5,9.45075,-17.2909,13.9952,-4.81778,122.9,-14.0738,88.5985,48.2412,-29.9495,0.0,1.0,0.2582636962857143
N_S_WW_WM_510,14.1127,-1.47881,8.52585,2.62713,-0.93,0.42,-6.01023,-4.56139,-44.7464,136.366,-8.56909,0.2,-11.0565,0.3,-10.6831,-9.36673,27.9298,24.9802,58.4153,-9.46237,141.069,6.13296,-38.2299,0.0,1.0,0.2283418055714285
N_S_WW_WM_511,5.9458,6.75126,-3.9235,16.8942,1.25,-0.31,-9.37088,1.17269,4.98349,-48.5096,2.42915,0.4,-1.25275,1.0,46.5296,-19.4607,-7.66716,34.2112,-51.5318,41.853,79.2354,58.4512,95.0328,0.0,1.0,0.2359229550564784
N_S_WW_WM_512,12.9715,8.67421,-1.75644,19.6864,-0.96,-1.1,-7.57116,1.09163,-25.6027,45.7585,0.807063,0.2,31.9684,0.6,11.5188,0.0454157,-14.7032,32.4885,-24.6616,25.4514,-32.8444,59.5482,-183.169,0.0,1.0,0.2513532080332226
N_S_WW_WM_513,5.10347,10.9189,-7.02597,0.746453,-1.55,-1.31,-1.47128,6.9579,2.80278,47.5294,3.48116,0.0,0.229022,0.1,42.0806,17.6627,-1.44996,52.4091,63.7893,-18.9949,93.7837,-5.00073,-21.5835,0.0,1.0,0.2677590249534883
N_S_WW_WM_514,13.725,-0.34494,11.5353,-18.3682,-1.16,-1.25,-2.25807,0.866853,20.8713,109.348,0.690414,0.2,-28.2806,0.6,17.0039,14.0781,22.6441,-17.9474,97.9841,5.63858,-27.9599,-32.5081,106.276,0.0,1.0,0.2385974316611295
N_S_WW_WM_515,2.53704,1.05902,-5.17005,17.4173,-1.43,1.97,15.3148,-2.96069,10.4233,11.6853,-4.33851,0.3,21.1829,0.8,-14.2606,6.07731,29.607,19.041,50.211,-8.20921,131.467,-21.0844,-84.5713,0.0,1.0,0.2312869649534883
N_S_WW_WM_516,-5.04629,-6.16834,-3.62932,-17.8036,2.23,1.17,5.58457,6.71762,-20.8944,-28.3226,2.32905,0.0,-20.6441,0.2,13.2322,14.9816,14.731,12.3267,-54.8985,-37.4747,129.561,44.5948,-138.686,0.0,1.0,0.231291132385382
N_S_WW_WM_518,10.1784,-0.334294,-2.48595,-3.07184,1.16,-0.06,19.3383,7.24479,-21.353,68.3129,-6.73751,0.2,5.01847,0.5,17.772,8.69174,17.6066,30.1461,-50.1924,12.5402,144.85,84.2729,118.777,0.0,1.0,0.251132424179402
N_S_WW_WM_519,11.0838,4.97219,10.5096,-0.794204,-1.69,-0.32,3.72183,9.5339,-31.6763,23.8944,-7.66944,0.1,30.5745,0.2,29.8585,-14.587,-28.9743,22.0071,-21.487,-12.1467,139.677,20.0571,-177.835,0.0,1.0,0.2512724234651163
N_S_WW_WM_520,4.71812,-6.94967,-6.22147,1.71706,-1.06,1.12,-9.79986,3.47031,-17.408,-52.3539,-7.58671,0.1,-26.3712,0.0,3.47669,-13.9675,24.3591,31.4924,22.2001,12.8001,17.9362,88.5682,-28.8651,0.0,1.0,0.2687960400764119
N_S_WW_WM_521,7.37577,9.91737,16.8205,-5.04371,-1.44,-1.02,7.70847,1.59655,30.8985,-47.8677,-2.80782,0.4,27.3667,0.8,45.8102,-5.90544,27.5041,-13.5171,92.2248,-12.431,104.759,-51.4902,-79.0637,0.0,1.0,0.2542431052591362
N_S_WW_WM_522,13.4581,3.4445,12.1517,-6.35573,-1.56,2.41,11.0778,0.331546,23.9847,8.16151,-14.5834,0.1,-14.7819,0.4,28.5689,-16.4161,-17.0776,10.0026,18.4678,2.42851,5.36799,56.3022,62.9305,0.0,1.0,0.2585255076910299
N_S_WW_WM_523,1.93658,0.738763,15.7105,-16.6812,1.13,-0.39,-1.23038,-0.698839,-19.5561,-13.5135,-3.71092,0.0,-31.5968,0.1,-23.9011,-15.1505,-19.6913,34.4793,-32.7952,-27.1694,61.5868,41.0406,-179.392,0.0,1.0,0.2558735405448505
N_S_WW_WM_524,-3.90617,1.64675,-5.20168,-0.651179,2.27,2.03,9.10784,-1.74344,-23.5679,62.5738,-4.2041,-0.2,19.35,0.8,15.4645,10.3053,10.9086,51.4872,9.1966,22.4668,-57.509,-47.4218,-133.3,0.0,1.0,0.2640064355813953
N_S_WW_WM_525,11.4664,-3.17759,2.79728,-4.52159,0.84,-0.07,11.3869,4.29414,-49.027,-91.1366,-12.9195,0.7,-29.9708,0.9,8.30071,-6.20428,-3.93899,21.6595,-42.5313,-48.2403,31.9609,-52.5836,60.7266,0.0,1.0,0.2469174322392026
N_S_WW_WM_526,4.387,-5.05559,8.24371,11.3701,-0.31,0.78,-3.36421,4.60214,-29.3732,66.8465,-4.99508,0.4,27.1705,-0.4,6.28872,3.2028,-17.3213,-21.486,-52.4354,-0.314495,43.9054,-42.6067,-196.518,0.0,1.0,0.2262904403322258
N_S_WW_WM_527,5.44555,7.6859,18.8317,6.18597,-0.07,1.72,6.1674,0.465503,4.18956,-85.021,-3.16577,0.2,-9.02695,0.6,37.5055,-4.97448,-24.2065,49.4953,126.797,-11.3883,43.046,-29.7276,-180.492,0.0,1.0,0.2568527529634551
N_S_WW_WM_528,9.40968,-0.899217,16.0873,0.500045,1.32,1.62,-4.321,-1.10668,-9.06565,34.3945,4.50102,-0.2,-19.7201,0.2,8.14908,-6.99006,23.4766,42.9495,86.2581,-34.8844,-23.1748,-34.8363,86.1186,0.0,1.0,0.2360372974053156
N_S_WW_WM_529,10.0239,8.31584,2.28885,-16.1494,1.52,-0.19,-6.10652,3.61512,42.0621,-81.4516,1.24588,0.1,14.2559,0.5,-3.72343,3.03978,-9.20327,50.8957,-21.9224,-45.2636,18.919,50.2196,66.8057,0.0,1.0,0.243708433358804
N_S_WW_WM_530,10.1099,-7.73847,4.79741,-7.54517,-1.01,0.96,12.1503,6.48621,40.8481,15.3194,0.145422,-0.4,11.9996,0.8,21.9543,-18.2612,14.8883,-14.0347,65.3761,-43.1347,55.0293,88.3009,50.2399,0.0,1.0,0.2261552180099668
N_S_WW_WM_531,-4.07887,11.9669,2.17828,-4.67531,-0.12,1.17,13.69,-4.72144,-25.8747,62.3606,-13.0838,0.7,19.1047,0.0,48.4333,-9.54185,-20.0744,31.7121,-10.9733,-20.1331,-52.6958,-0.651336,-68.7896,0.0,1.0,0.2812382632026578
N_S_WW_WM_532,5.97188,11.6352,4.55541,-12.1133,-0.99,1.88,18.6161,4.51195,-18.9902,45.5871,-10.9575,0.5,-22.4092,0.7,44.4888,25.5614,-10.9001,1.56144,59.1047,-47.6385,-26.7921,-31.5236,119.036,0.0,1.0,0.261129249179402
N_S_WW_WM_533,-3.46887,1.41274,-4.71363,11.4187,-1.0,1.59,-0.669129,-0.765125,27.5606,112.879,-13.1089,0.6,9.18358,-0.3,-4.25754,18.2027,28.8369,-0.731802,15.5568,44.1529,49.7118,3.39124,-3.46932,0.0,1.0,0.2474678035614618
N_S_WW_WM_534,-3.7972,11.1302,-7.76511,3.59965,0.6,2.39,2.54527,3.42341,-19.3663,148.342,-2.763,-0.3,0.65879,0.4,34.2074,9.43578,26.4823,45.612,37.0924,-41.1801,-12.486,37.3146,103.245,0.0,1.0,0.2589089718039867
N_S_WW_WM_535,10.9888,-5.17209,5.73731,8.29903,1.95,0.72,11.7995,9.77056,-15.9054,24.2723,4.83236,-0.1,-14.7037,-0.3,39.0337,-0.756505,6.28546,7.18941,-53.2342,-24.0397,-7.08287,-55.1658,-94.0099,0.0,1.0,0.2219167964318937
N_S_WW_WM_536,13.4044,-5.40904,18.9722,14.3906,1.75,-1.37,9.32773,3.71388,-5.77822,-86.1915,0.10988,0.1,16.7644,0.3,-12.8697,20.975,-14.9403,37.5907,92.7637,-25.9856,-35.2866,47.5309,-51.5957,0.0,1.0,0.2267025461561461
N_S_WW_WM_537,12.1654,10.5604,-2.00879,-5.55156,-1.62,-1.48,17.8211,2.5134,2.02552,133.552,-5.18845,0.4,3.25816,0.3,-7.32919,-8.51155,28.6893,30.212,90.3981,11.2777,14.9901,72.5043,-89.8418,0.0,1.0,0.2516136708438538
N_S_WW_WM_538,7.47206,-0.525139,8.87364,13.3286,-0.66,2.2,15.1378,-4.89761,-7.26715,-35.0817,0.452838,0.6,4.60924,0.1,-0.329476,-14.7607,-12.038,35.8807,12.5542,-30.9543,-13.6062,21.5445,-144.972,0.0,1.0,0.2406760690764119
N_S_WW_WM_539,-2.17589,7.0698,18.1287,-4.12416,-1.52,-0.24,-4.82116,1.74023,-15.6038,133.231,-4.26678,0.7,27.484,0.5,9.30188,-19.0824,-15.9961,14.6393,-14.1449,-49.0891,-42.0005,14.7766,-38.6292,0.0,1.0,0.2582766015016611
N_S_WW_WM_540,4.30293,-1.13045,1.38683,-13.6233,1.98,-1.57,19.5277,2.92604,-37.2644,93.1968,-0.245702,0.4,22.5363,-0.3,53.1205,28.0982,9.92662,28.1542,69.5631,-22.4024,68.2794,24.474,96.676,0.0,1.0,0.2185139341428571
N_S_WW_WM_541,3.56341,-2.20172,9.57447,10.048,0.0,-0.43,-3.85515,0.549449,-0.0745922,-84.114,3.80147,0.5,-16.2593,-0.4,9.1439,1.50769,-11.1888,50.8296,112.035,29.8563,-40.8258,71.7715,-103.446,0.0,1.0,0.2452285167740863
N_S_WW_WM_542,5.02169,-3.65874,-6.91182,-6.48143,1.41,-0.11,-4.14919,7.87478,35.4583,-32.3172,-5.49294,0.4,-21.4726,0.6,-16.6717,28.7176,-18.0808,-8.79346,32.1409,36.8486,88.4317,-34.3746,-75.9987,0.0,1.0,0.230386394551495
N_S_WW_WM_543,4.97512,-3.86561,4.18916,-13.594,-0.6,-1.15,-7.71687,7.98638,-9.71761,147.198,-5.76663,-0.3,13.0189,0.5,51.5371,3.37309,24.2956,0.43422,84.8078,49.0135,113.389,-6.91682,-93.2021,0.0,1.0,0.2217552355249169
N_S_WW_WM_544,-4.51749,-5.86005,7.3471,-2.68092,0.06,0.73,6.08786,7.64298,44.3523,-3.33358,-8.79569,-0.4,-20.716,0.0,25.7593,-10.6672,10.0473,7.7442,46.4662,48.6499,124.361,-1.33481,-184.879,0.0,1.0,0.2318701355282392
N_S_WW_WM_545,3.38561,2.1687,16.0419,-4.33536,2.37,2.44,6.99469,-3.34877,13.5263,-77.7737,-11.906,-0.4,-2.20687,-0.1,-9.12984,-8.32451,24.8088,13.3628,8.43573,-16.1978,108.595,-1.98531,-114.222,0.0,1.0,0.247100313
N_S_WW_WM_550,1.68991,10.3208,9.22663,-11.4558,0.18,0.81,16.7576,3.16646,-35.9328,-40.165,-7.62494,-0.4,36.0614,0.1,22.2016,-15.7502,3.21105,52.243,-56.9881,18.3414,103.843,-0.397391,-102.555,0.0,1.0,0.2546208269368771
N_S_WW_WM_551,1.16844,8.37191,-1.48758,-17.6349,0.76,0.05,2.69672,6.26651,31.189,134.648,4.61054,0.3,12.6155,0.2,52.9037,-12.9642,-29.1429,42.5928,83.587,48.4429,137.331,12.6017,0.854219,0.0,1.0,0.2521790522225913
N_S_WW_WM_552,2.21616,10.6198,14.4003,-19.1839,-1.63,1.16,1.46098,-1.01411,39.3246,-23.5649,-10.7593,0.5,-39.222,0.7,45.6727,-3.58049,0.813722,40.2331,-1.80468,31.4011,46.3447,-39.7277,-11.1424,0.0,1.0,0.263652469475083
N_S_WW_WM_553,13.364,-0.458843,-0.954174,12.7009,-0.98,1.21,13.4844,4.83162,14.2589,27.6753,-5.79173,-0.3,-28.7787,0.6,-15.4934,-11.9521,-6.84681,2.61047,44.8577,19.5859,-54.5029,-59.1351,-170.221,0.0,1.0,0.2367351905348836
N_S_WW_WM_554,-6.06116,6.70392,-6.29713,-11.8965,-0.95,-0.01,5.70517,-3.89387,12.3684,31.1158,1.82854,0.3,24.4167,-0.3,29.2518,-18.9656,-15.7505,11.8439,34.3661,-45.0522,74.591,-39.0517,9.46173,0.0,1.0,0.2445117069269103
N_S_WW_WM_555,10.5997,-4.64135,-0.10001,4.55399,-1.53,0.95,18.1897,5.85594,19.5862,127.009,-10.8328,0.7,-39.1425,0.1,5.16006,23.5811,-11.7164,13.7899,41.9722,-19.0137,65.148,45.3258,74.0766,0.0,1.0,0.2442684255481727
N_S_WW_WM_556,-1.2651,-3.96128,15.9204,-1.53862,-1.26,-1.8,-1.28752,6.40842,-44.6483,90.273,-5.47794,-0.1,-24.9146,0.5,14.2119,-5.97248,-2.62035,-7.09992,57.4535,-23.0547,123.55,83.1189,92.6275,0.0,1.0,0.2337641982724252
N_S_WW_WM_557,5.5215,11.5791,-2.82065,15.9959,0.18,-1.27,13.9769,8.18437,41.4572,-80.9151,-11.2646,-0.1,-2.0515,-0.3,33.7089,14.3738,-4.68135,-23.9465,-23.6252,-18.7457,106.073,-13.1143,-98.4809,0.0,1.0,0.2515433311893688
N_S_WW_WM_558,-4.2838,13.9033,-1.59471,-15.1478,0.37,0.05,3.85522,0.39777,13.0642,144.038,-9.78265,0.2,-8.16942,-0.3,57.3284,-5.72467,-4.14031,-9.67088,35.2409,26.765,-24.3031,5.48121,97.7686,0.0,1.0,0.2607830256810631
N_S_WW_WM_559,-4.92424,-0.0274714,0.354838,13.7902,1.06,-1.15,-6.80241,-3.79826,1.22897,-34.7824,-7.21616,0.7,14.8828,-0.2,22.065,21.8057,15.9841,-19.8109,14.3101,-4.85603,117.044,-17.9835,-169.842,0.0,1.0,0.230201864923588
N_S_WW_WM_560,-0.548153,-1.04231,-7.27312,19.9607,-0.87,-0.16,14.8651,2.55804,31.0002,-30.9248,4.46698,0.4,-34.7095,0.6,35.6554,-15.413,9.34171,-7.54443,22.6206,-8.42526,49.9737,68.1871,35.9781,0.0,1.0,0.212864436564784
N_S_WW_WM_561,-3.29506,13.1896,9.07404,-15.5004,1.37,-0.84,-8.45119,-4.11547,-4.20289,-15.9987,-14.2658,0.2,36.7197,-0.1,18.9543,-4.11835,-7.50245,4.68908,-27.7673,36.1476,111.266,15.3524,-0.491471,0.0,1.0,0.2716918681727575
N_S_WW_WM_562,0.139506,-4.79609,-5.67642,-15.7722,-0.94,0.65,9.81705,-1.87984,-7.09834,120.461,-6.28567,0.5,-17.5554,0.2,59.9709,13.0317,26.6937,21.5156,71.2083,28.0109,138.518,58.755,16.8754,0.0,1.0,0.2257522423820598
N_S_WW_WM_563,-7.65277,11.7228,4.57014,5.01851,-0.57,-0.74,15.4196,-2.29422,-28.5626,123.579,-6.34429,0.3,-11.8288,0.4,28.0148,27.6209,-20.7815,-5.85364,-3.76732,28.6939,108.615,-47.8591,138.361,0.0,1.0,0.2512863352990033
N_S_WW_WM_564,5.78348,2.98436,19.4955,-17.9221,1.64,-1.46,7.24799,-2.52684,-15.3576,103.811,-12.5747,-0.1,5.44611,0.8,28.7113,-17.7099,-2.26839,-8.30319,33.7812,25.8742,30.7021,78.0195,-117.961,0.0,1.0,0.2524084047740864
N_S_WW_WM_565,0.302009,14.0608,-6.65047,13.2481,0.86,-0.82,-5.61405,6.60787,18.3298,-41.7799,3.68451,0.0,24.9398,0.9,-8.83247,-11.61,-4.81156,11.2857,-33.3707,-1.40313,-41.6793,5.92892,-64.9391,0.0,1.0,0.2293719070365448
N_S_WW_WM_566,11.2647,12.8381,-3.79118,1.04384,-0.72,1.69,0.930061,-4.83628,-3.24396,-68.366,-6.25479,0.5,12.4959,0.6,-17.6654,13.0,7.99157,37.7312,-38.223,23.1208,-5.39398,-50.4913,-30.6928,0.0,1.0,0.2508175807109634
N_S_WW_WM_567,-2.7443,4.10775,17.4801,18.2491,0.31,0.17,-5.29082,-1.81284,27.8546,144.16,-8.74129,0.6,-31.2895,0.8,48.5189,26.1689,10.352,-22.2471,4.89163,-37.5988,22.0911,29.1739,-17.0629,0.0,1.0,0.240937808641196
N_S_WW_WM_568,1.0805,8.24602,0.429682,-9.2503,0.72,-0.49,-9.50749,2.39164,-46.884,-69.3381,-5.57075,0.7,-6.11959,0.2,25.4817,19.0752,-29.9826,-23.6021,89.6997,-5.63558,9.51692,7.80634,119.77,0.0,1.0,0.2410689494717608
N_S_WW_WM_569,0.252634,13.1459,-1.91957,-17.1611,-0.32,1.02,18.8262,7.67686,25.6846,-25.3726,-7.38477,-0.3,37.9819,0.0,11.1897,16.7393,11.8795,-14.309,32.6383,-35.6411,-38.0357,31.0043,-97.6897,0.0,1.0,0.2514238615448504
N_S_WW_WM_570,14.82,-2.79856,18.0775,8.59173,2.03,1.06,7.18255,-1.01507,4.44405,132.246,-4.75407,0.5,37.4122,0.3,19.0981,26.2319,5.20351,20.935,116.677,-47.811,56.507,-55.3158,123.352,0.0,1.0,0.2340491181495016
N_S_WW_WM_571,-7.02086,-7.983,7.54547,0.639528,1.05,0.38,3.52777,-4.5334,-37.5014,100.378,-14.3513,0.3,-31.8211,0.0,1.5525,21.862,15.6972,45.2122,-14.0231,2.71386,95.0458,59.8905,79.0117,0.0,1.0,0.2760372638671096
N_S_WW_WM_572,-6.74543,-4.31862,12.2778,-15.4808,1.95,2.48,5.43654,-0.338092,-21.1429,12.2363,-9.09356,0.4,24.4654,0.1,43.536,-11.0906,-10.7582,48.1174,9.58088,38.0502,63.4463,16.7249,-191.549,0.0,1.0,0.2597973388571428
N_S_WW_WM_573,13.0228,-0.415405,18.8817,5.06396,1.55,0.04,4.04963,0.127388,47.3836,-9.68008,4.29155,-0.2,-3.07849,0.1,21.3257,7.44187,-27.909,34.4141,0.580288,47.7322,-47.1534,-14.8737,-32.3928,0.0,1.0,0.2429976249335547
N_S_WW_WM_574,4.83321,1.79902,-7.34453,5.15762,1.57,1.25,-9.05438,7.76872,3.60451,110.989,1.43015,0.5,30.2015,0.9,7.47847,-7.09639,-3.95085,-13.3873,81.2466,8.87441,77.2617,-24.6631,99.8328,0.0,1.0,0.2101064995681063
N_S_WW_WM_575,-3.70872,-1.42296,2.83622,4.61736,-0.49,0.94,-4.93985,-4.89229,-20.5492,103.034,-3.08057,0.4,-35.1993,0.5,6.03349,-1.18633,-26.0361,29.4526,94.6397,35.7001,11.2745,42.0122,111.056,0.0,1.0,0.2318376508970099
N_S_WW_WM_576,-4.17696,-6.85375,16.9969,-13.1506,0.46,0.61,-7.86963,0.970734,9.22828,16.6006,-13.2416,0.3,17.343,-0.1,39.4957,21.44,14.3013,52.5457,100.558,13.7289,-45.6162,52.4174,-39.6955,0.0,1.0,0.2610806766644518
N_S_WW_WM_577,6.86793,6.75439,8.18432,8.01674,-0.97,-1.53,19.7925,-3.03373,-6.57517,-54.6837,2.53205,-0.1,23.9942,0.3,53.4411,-10.6109,-16.9724,7.46256,-19.4964,-19.9662,142.257,-10.9906,24.0573,0.0,1.0,0.2297361752923588
N_S_WW_WM_578,13.1866,3.29367,-7.3186,-3.47592,1.95,1.92,-2.02714,-3.38919,44.6983,52.978,-5.20515,0.3,3.18939,0.4,-14.7988,-5.34954,1.98219,1.30102,36.7198,-29.0975,-26.0368,22.398,120.975,0.0,1.0,0.2404986613887043
N_S_WW_WM_579,11.7955,4.69168,17.593,11.1239,-1.47,-0.36,-2.84249,1.01573,-8.60109,2.55163,2.18541,0.2,-17.3369,0.2,-12.2334,17.538,28.573,51.9544,-23.2928,8.08094,51.0343,-54.8254,-83.2595,0.0,1.0,0.2567772540564784
N_S_WW_WM_580,0.555189,5.09834,5.58703,-6.20011,-0.68,-1.72,14.1384,-2.1215,9.0838,5.97437,-12.3302,-0.3,-28.0752,0.1,-15.9886,-5.78727,-17.3082,41.9257,110.033,13.4874,136.613,-10.7594,-137.044,0.0,1.0,0.2831971331661129
N_S_WW_WM_581,-4.23496,-2.04782,15.0674,-19.7322,-1.58,-0.2,-0.733007,8.15162,2.47067,1.3483,-2.88107,0.4,-7.85667,0.8,42.1771,2.26709,-19.5293,-17.6351,45.315,42.8154,83.3592,64.4413,-161.692,0.0,1.0,0.210993126730897
N_S_WW_WM_582,12.2492,2.65808,-1.44176,13.6033,1.0,1.5,5.78489,-1.13419,32.1572,-18.3791,2.09383,0.7,26.3565,0.5,41.1008,-5.47783,-27.9599,26.2915,-41.1385,-19.8007,6.28414,-44.6455,58.7152,0.0,1.0,0.23095678510299
N_S_WW_WM_583,14.4085,0.0588059,-4.13792,15.567,-0.4,0.61,-3.583,3.24038,-12.8377,34.7772,-9.71066,-0.2,-23.4028,-0.3,37.6053,11.7736,13.929,49.7805,-57.7769,-6.1887,109.961,14.2271,25.9025,0.0,1.0,0.2656408476544851
N_S_WW_WM_584,13.1174,4.20175,18.4656,12.9687,1.22,1.69,-4.55802,3.94572,-11.8498,0.581666,-3.46949,0.8,6.91763,0.3,47.6776,2.58285,23.5655,21.9639,-56.6559,-27.8561,141.403,28.1708,-134.24,0.0,1.0,0.2301523696511627
N_S_WW_WM_585,14.0784,-2.51612,-1.77143,17.8863,1.89,-1.39,19.6887,-1.4409,14.3115,132.798,-4.68118,0.2,4.5037,0.7,56.746,-10.4927,-14.182,-12.2594,-9.88547,21.2528,92.4457,22.0074,-35.5266,0.0,1.0,0.2198563208803987
N_S_WW_WM_586,11.8657,4.15602,-2.68786,-15.3467,-0.12,0.15,-4.49331,1.35906,9.43991,21.9394,-13.6805,-0.2,21.1191,0.7,-21.758,8.1428,25.0159,-9.87203,49.1689,23.2261,54.8543,37.2119,-143.21,0.0,1.0,0.2454006003754153
N_S_WW_WM_587,-2.01592,7.02784,4.90908,-12.884,-1.65,-1.61,-5.6334,1.06309,-34.992,-54.3218,1.3975,-0.2,23.8615,-0.2,-14.0855,15.2444,-10.1609,7.2693,76.799,-13.8963,26.0093,89.0972,110.437,0.0,1.0,0.2316432499102989
N_S_WW_WM_588,2.03537,11.9385,16.5391,13.5964,0.06,-1.21,17.2196,-0.924998,-12.8832,125.311,-6.9806,0.5,39.6499,0.5,-19.9655,19.8097,7.62489,-8.00881,32.4454,-24.3542,79.1765,51.8043,36.9132,0.0,1.0,0.2411717674850498
N_S_WW_WM_589,-2.85381,-7.73654,9.16648,-6.32098,2.06,1.99,4.40229,5.64465,-42.9137,19.7039,-11.1921,0.5,14.748,1.0,-22.6081,14.4992,-22.2446,-9.41808,9.27478,0.538401,1.25778,-39.611,-78.379,0.0,1.0,0.2410772918006644
N_S_WW_WM_590,0.663193,14.7661,-4.36653,-15.1062,0.26,1.15,3.40647,2.70282,-22.7576,-14.6191,-9.72453,0.2,-3.73027,0.0,56.8862,12.4459,-28.5853,-22.0445,-57.0766,-40.1087,115.488,-36.2487,-27.4278,0.0,1.0,0.2562321097940199
N_S_WW_WM_591,8.12596,-2.55852,15.3919,3.45222,0.2,0.63,8.57573,5.19427,-32.3002,-60.5136,-3.25527,-0.2,-29.9366,0.4,-13.4537,22.5396,29.0557,3.83742,114.539,46.0408,-40.4637,39.7921,63.1587,0.0,1.0,0.2300412670863787
N_S_WW_WM_592,0.609382,-5.25609,-0.889506,14.5061,0.01,-1.77,7.5255,5.65478,24.8304,134.539,-10.6008,-0.1,9.6055,-0.1,22.5247,-4.4384,-29.6222,29.2151,12.767,-17.7841,20.6852,-15.5761,107.81,0.0,1.0,0.2577101126578073
N_S_WW_WM_593,12.8188,-4.20234,-1.80295,-8.32174,1.22,0.33,-9.74551,4.39928,48.7436,-57.1084,-1.14567,0.6,15.8518,0.7,25.7193,-9.89498,24.2171,28.4315,-40.5175,25.1012,-46.0676,21.0167,-94.9144,0.0,1.0,0.2300740303122923
N_S_WW_WM_594,-2.29347,-6.62604,3.3483,-5.61567,2.0,1.7,6.93124,9.4788,-11.9331,142.665,-13.2614,0.7,29.7702,-0.2,30.0094,10.3922,-11.0161,27.9334,-11.3884,-9.18312,140.34,36.772,39.0198,0.0,1.0,0.258002361282392
N_S_WW_WM_595,8.70444,5.48396,14.7328,-19.6241,-0.77,-1.4,-1.97592,7.19071,48.4036,28.1675,-9.59642,0.6,-36.8341,0.0,0.486038,-11.5165,-19.8568,-4.96613,90.8391,-28.2993,75.5302,16.5057,-52.8713,0.0,1.0,0.2488759497840531
N_S_WW_WM_596,5.92184,-6.59348,0.920555,-15.675,-0.56,-0.17,0.82621,2.1,-17.7311,145.242,-3.2731,-0.2,7.1948,-0.3,34.4277,29.1099,-27.104,54.7826,98.3182,-3.89354,-18.7895,11.2807,45.6537,0.0,1.0,0.2515901297176079
N_S_WW_WM_597,8.72771,-6.14775,7.46641,19.3909,2.3,0.37,-7.98183,-2.58163,27.2601,-37.628,-3.83046,0.3,31.3132,0.6,44.9977,12.5555,-25.7048,-3.76045,17.0421,27.0816,-47.0149,29.4227,96.1793,0.0,1.0,0.2276759107541528
N_S_WW_WM_598,11.0325,-6.7143,-1.34658,15.4852,1.49,-0.62,2.26838,5.71535,38.7112,49.2607,-11.68,-0.1,-26.5093,0.0,-21.0316,-12.1794,-9.06121,-2.86714,-29.3629,-22.8981,-15.7481,81.1945,-61.2226,0.0,1.0,0.2583079732857142
N_S_WW_WM_599,12.8844,9.98111,5.4515,-8.28457,2.46,-1.48,-1.1788,7.93556,-7.34777,42.6054,-13.884,0.1,32.9609,1.0,6.48456,-2.90313,-20.9554,48.8496,56.6608,-39.162,76.3067,13.4241,-16.7113,0.0,1.0,0.276709226667774
N_S_WW_WM_600,-3.38782,13.9445,19.7099,7.46483,-0.11,-0.43,11.107,0.710599,17.7035,72.3164,-2.11612,0.6,29.6922,-0.4,-15.3336,-6.35841,-23.0128,32.3817,46.1293,-2.69544,79.5348,-48.464,-117.451,0.0,1.0,0.2764329317873754
N_S_WW_WM_601,8.38386,-6.21495,-5.63015,-6.28017,-0.05,1.29,10.3564,9.3154,-49.9646,60.943,-0.961029,-0.3,-36.7175,0.3,-5.22627,-14.8047,-10.5777,36.6956,-31.6822,-7.15741,86.6966,8.33861,-18.7048,0.0,1.0,0.2414290306478405
N_S_WW_WM_602,13.2846,9.30947,12.1608,9.15321,-1.26,1.91,-2.16796,6.029,18.0234,15.9462,3.53338,0.4,34.749,0.1,31.7787,-13.2455,22.3418,41.6862,97.6481,16.6617,-44.6991,-3.51956,-54.3615,0.0,1.0,0.2587374679202657
N_S_WW_WM_603,-2.36326,-4.05757,4.03537,-4.85708,-0.92,-0.41,-6.57662,-0.122375,35.0345,141.069,4.1427,0.4,9.86097,0.2,0.894393,4.99187,-5.2878,19.9494,110.282,-24.9085,149.538,8.77489,141.343,0.0,1.0,0.2203186810332226
N_S_WW_WM_604,-4.47151,6.26811,-6.86849,-15.0382,2.31,0.85,-2.44764,-2.09392,-49.4084,129.463,-5.03799,0.1,23.5552,0.7,26.7872,14.6708,-13.7991,14.0502,43.5731,-11.8129,142.873,22.0897,41.9228,0.0,1.0,0.2395108636013289
N_S_WW_WM_605,3.10536,11.0414,2.14109,-6.71047,-0.4,-1.29,0.47146,6.34085,45.1514,107.348,-0.450964,-0.4,17.4418,0.1,-24.6637,1.72951,0.620405,-16.0845,115.072,-15.8553,117.904,35.2459,-174.869,0.0,1.0,0.2324944759767441
N_S_WW_WM_606,3.72014,3.47633,15.8978,15.5196,-0.68,2.12,-5.89548,9.12958,-30.1757,39.6959,-5.27786,0.5,7.45288,0.9,-4.79101,18.5075,17.8755,18.1888,90.2586,-26.47,6.31215,-59.4618,22.4051,0.0,1.0,0.2532514885747508
N_S_WW_WM_607,11.6831,5.97576,15.2358,-0.615172,0.73,-1.2,15.2614,8.24795,14.5341,-45.6788,-6.45991,0.2,25.4866,0.8,17.2705,12.1007,-27.073,8.7543,-1.06874,40.5084,-49.0516,74.9937,-121.484,0.0,1.0,0.2476791520930232
N_S_WW_WM_608,-5.46888,4.45433,12.5561,-18.4652,0.23,2.25,14.4762,8.02222,-14.7673,102.215,-7.52675,0.4,-12.6211,0.6,54.1627,4.42878,-29.29,23.6259,15.0914,17.5118,77.8287,-40.1516,51.1106,0.0,1.0,0.2472147843388704
N_S_WW_WM_609,-0.656325,13.3335,-5.94355,-10.3708,-0.53,1.56,1.60238,-3.29662,19.0942,-73.321,-13.3591,-0.2,-34.2125,0.2,19.2931,2.50125,-24.7169,15.4139,-35.2645,-5.38091,70.0409,25.3102,111.681,0.0,1.0,0.2977551801561461
N_S_WW_WM_610,-1.39565,0.276843,18.8735,-14.473,0.87,2.19,4.19496,8.41012,15.788,31.9314,-14.4357,-0.1,-34.4508,0.1,14.528,3.60969,29.1905,10.6563,72.6831,8.79912,64.6186,77.3826,-55.8265,0.0,1.0,0.2544708439800664
N_S_WW_WM_611,5.54365,-7.20446,10.9126,-0.256689,2.14,-1.17,-7.73161,8.707,-4.47754,60.3158,-4.71554,0.5,-3.62898,-0.4,37.9798,16.9562,-19.2109,50.3396,-25.6334,-10.7627,70.2379,-45.8956,91.8619,0.0,1.0,0.2471097859335548
N_S_WW_WM_612,13.3402,-3.01917,13.2362,-3.32001,-0.34,1.5,2.24947,5.62344,24.1958,147.489,4.19226,0.7,-6.42694,0.0,-14.3892,5.34397,-22.79,-18.8832,84.5339,-10.2127,5.83501,-14.6009,-14.3981,0.0,1.0,0.2231126810996677
N_S_WW_WM_613,-5.03014,4.91857,-5.79647,2.51025,-0.46,-1.0,-8.88564,-3.27975,-8.34048,-70.8767,-1.84638,-0.1,-11.1433,0.6,55.4126,2.03339,29.99,-16.9719,63.3007,-20.753,132.994,-35.6353,100.016,0.0,1.0,0.2187742692558139
N_S_WW_WM_614,0.100708,12.3742,16.1569,14.6215,2.39,-1.65,10.0466,3.84393,-26.3305,-45.5067,-7.76669,0.0,21.5442,-0.1,39.1773,14.2903,18.904,-5.65076,-35.8355,42.62,27.6519,22.7945,-30.3691,0.0,1.0,0.2459380369003322
N_S_WW_WM_615,12.5966,6.58033,10.3661,-11.813,2.44,-0.57,17.7241,1.57323,3.55727,-15.3577,-9.30434,0.4,27.268,0.6,-6.19504,27.0065,-17.844,-18.2874,119.105,-6.85966,34.1199,-30.9924,80.0057,0.0,1.0,0.2474905523222591
N_S_WW_WM_616,-6.81073,11.2804,2.21081,12.7945,-0.66,0.68,-7.45434,1.89152,43.9096,119.238,-8.08929,0.8,-21.7366,0.4,-5.96309,13.6122,-23.8274,-1.9036,124.059,-34.0716,82.6484,51.8599,-42.0874,0.0,1.0,0.2624035097973421
N_S_WW_WM_617,-1.85554,11.8244,1.48267,-17.9644,2.2,0.51,7.41279,-3.67903,23.6581,58.1814,-0.668011,0.2,35.628,0.7,35.9352,-9.46788,5.44871,5.63605,85.1278,25.3404,110.582,-53.1279,-199.063,0.0,1.0,0.24071273010299
N_S_WW_WM_618,-5.60722,1.61822,7.68768,-1.74459,2.3,-0.34,2.10719,5.09249,18.9938,7.25564,-13.5527,-0.4,15.1693,0.9,8.46223,21.0126,-5.15436,16.4663,13.777,-40.7772,126.626,89.1595,86.9726,0.0,1.0,0.2734827374086379
N_S_WW_WM_619,8.92915,7.95606,-0.0500485,13.5171,1.27,0.31,17.9182,6.08956,-37.0373,127.612,3.95709,0.0,-20.5121,0.6,34.0031,19.0453,-27.2249,27.4418,9.83359,-6.11133,14.0236,-1.76436,-67.4281,0.0,1.0,0.2436686047176079
N_S_WW_WM_620,2.6654,-2.5844,17.4051,-3.72039,-1.36,-0.22,-8.13057,5.52991,29.8873,-82.5548,1.03461,-0.4,2.33464,-0.3,43.0263,20.7025,10.173,33.6361,-16.7711,-26.2308,13.2233,-41.4987,42.7355,0.0,1.0,0.2327957339833887
N_S_WW_WM_621,8.4575,3.19469,9.76116,8.53537,-0.95,-1.3,12.5249,-1.17144,42.2067,146.008,-9.65324,0.3,38.4104,-0.1,4.37704,0.555643,26.2357,23.989,14.8005,-31.3325,2.94207,-38.4328,-104.253,0.0,1.0,0.2581621058106312
N_S_WW_WM_622,-6.48858,14.3562,-2.25059,7.30633,1.56,2.31,6.29084,-1.71998,-18.6228,95.1981,-5.58687,0.5,-30.4927,1.0,42.4271,1.81866,-27.311,42.8098,-1.27621,-33.8419,60.7175,57.9219,-140.269,0.0,1.0,0.2774591940963455
N_S_WW_WM_623,-7.34743,0.517883,9.51802,-10.0991,1.86,0.08,9.15566,2.36039,-19.8316,128.917,-14.0078,0.1,-32.2373,0.9,-9.31917,-17.2123,2.79894,27.6521,125.505,6.36251,102.135,-31.4131,-96.6291,0.0,1.0,0.2590312404352159
N_S_WW_WM_624,2.2952,11.4954,15.4382,2.13926,2.13,0.41,-5.74791,9.39902,20.2244,110.128,2.78916,0.4,17.6962,0.7,48.1418,21.3648,-6.74542,-16.7673,-32.4726,-18.2581,139.211,-52.1665,-36.3104,0.0,1.0,0.2403793515016611
N_S_WW_WM_625,2.23695,-5.93881,7.50694,-17.7318,-1.42,1.74,-7.60599,1.76257,17.948,121.699,-2.94925,0.8,18.1028,0.0,21.0157,-1.56477,-26.6039,8.89853,-10.4265,43.2878,82.9657,3.10714,11.8894,0.0,1.0,0.2277635267973422
N_S_WW_WM_626,-4.03789,13.4793,6.3333,-10.8834,2.04,0.34,16.2022,1.81397,11.3486,53.6548,-8.20529,0.7,-22.6999,0.2,24.237,-8.04703,-1.21648,37.8178,73.527,40.9141,44.6433,84.5899,-96.1021,0.0,1.0,0.2858969296710963
N_S_WW_WM_627,-7.39109,3.34317,-4.16627,11.2146,-1.75,-1.45,0.0478577,-1.37427,46.7191,-40.9603,-6.54108,0.5,-29.1673,0.2,18.3195,-2.84901,-6.45637,-22.559,102.593,7.38511,-9.98026,-6.20915,-95.6567,0.0,1.0,0.2334407132026577
N_S_WW_WM_628,4.18754,-4.58863,-0.182915,-17.7123,-0.52,0.36,-4.71688,7.10315,-20.041,49.7894,-11.793,0.3,4.05915,-0.4,-24.3128,23.0518,8.28864,42.0238,-2.69987,-24.4808,60.975,70.7942,-120.596,0.0,1.0,0.2613130523322259
N_S_WW_WM_629,-7.60222,-7.25178,6.0652,-11.7484,0.92,1.95,-4.26541,0.576225,-35.5371,-58.1932,-4.80477,-0.1,-13.1098,0.4,38.7349,-3.50536,-3.01264,49.9202,115.443,-27.2888,42.4128,70.6553,52.1802,0.0,1.0,0.2586170398438537
N_S_WW_WM_630,14.1196,1.09396,6.00304,-13.7719,-1.39,-1.45,8.99763,-0.507852,-44.9908,82.9066,-6.30292,0.5,34.7055,0.3,36.5503,14.5892,-7.08726,-24.3708,1.62667,6.08968,89.4294,59.3505,107.267,0.0,1.0,0.2321415593887043
N_S_WW_WM_631,4.88157,-5.1143,1.14319,4.30775,1.91,1.63,10.1716,4.0546,36.3251,26.1575,3.06029,0.1,-38.4813,-0.3,-6.11444,-9.26011,14.7616,16.3105,93.1151,38.8238,3.51334,89.7448,128.01,0.0,1.0,0.2196916615348837
N_S_WW_WM_632,9.93163,0.646894,-6.79629,8.71621,2.25,1.84,15.1783,-1.25088,-26.5129,108.195,-10.0951,-0.1,-6.85984,-0.4,57.5234,6.8398,13.2515,-5.50572,46.7184,16.1785,13.6081,62.0319,-125.835,0.0,1.0,0.2496973325481727
N_S_WW_WM_633,10.881,-4.68785,13.8075,17.0545,1.28,1.73,14.3976,1.44711,28.8219,100.271,-7.30406,0.0,34.4295,0.5,10.2606,20.4771,-9.7842,52.0318,-31.0419,-4.07798,-56.1541,-25.2242,-85.5948,0.0,1.0,0.2488031152292358
N_S_WW_WM_634,8.92026,0.743232,-1.24568,-2.58153,2.01,-0.95,11.9752,-2.76557,-30.7901,10.6472,-9.01439,-0.4,18.4138,0.1,-11.3822,9.90983,-22.3906,50.0853,67.4253,2.50672,-41.3256,58.1781,114.527,0.0,1.0,0.2673329022956811
N_S_WW_WM_635,-5.98851,13.3778,13.5213,12.3637,1.39,0.92,-6.02653,1.25812,6.55767,94.3083,3.30376,0.6,24.1714,1.0,35.3033,-11.2036,22.8524,17.7448,38.3587,-38.4816,9.07389,60.9193,70.6911,0.0,1.0,0.2431399273887043
N_S_WW_WM_636,-0.357469,-3.06863,-4.45141,-7.2322,1.78,-1.6,-0.578024,-4.62914,16.6036,-6.62423,-8.98883,0.4,3.47603,0.3,10.9374,7.84816,28.2167,50.2406,-59.9125,39.071,59.0862,37.9884,-59.4077,0.0,1.0,0.2541490392724252
N_S_WW_WM_637,0.764904,7.90004,19.3937,-12.9339,1.65,2.29,17.7764,9.01102,39.1704,-84.5359,-6.78225,0.5,-3.50408,0.1,8.85438,23.1629,-15.2673,-3.70989,10.3125,7.90215,41.0008,16.3814,-9.4962,0.0,1.0,0.2482498127840531
N_S_WW_WM_638,10.0401,2.94791,10.6834,-14.8537,-1.52,0.82,3.77169,9.96033,27.3679,-72.1825,3.49757,0.6,19.508,0.9,-9.98477,15.8925,14.9701,28.2997,38.5373,-39.4814,28.0688,48.6987,-173.263,0.0,1.0,0.2346497395880398
N_S_WW_WM_639,6.76173,1.75572,-2.16443,-4.61217,2.17,-1.78,2.74223,8.54309,46.983,98.7461,-1.90909,-0.1,30.1073,0.5,4.49291,25.3365,17.3806,49.6223,14.5019,9.77373,66.679,-10.2982,7.92333,0.0,1.0,0.2603885524418605
N_S_WW_WM_640,12.7905,5.56472,-7.38987,3.07793,0.97,0.8,4.23273,6.84916,8.77497,-14.8695,-11.1651,-0.3,-6.21584,0.8,51.2385,-0.957591,3.11821,-19.2389,60.117,-41.8475,143.825,58.5213,-79.8697,0.0,1.0,0.2427847131661129
N_S_WW_WM_641,1.20711,7.21909,3.27384,-11.1758,1.88,-1.35,18.5846,6.66055,35.2915,119.041,-10.9403,0.3,21.2683,0.1,42.3273,-7.45628,20.5174,-24.8261,7.59335,19.2118,15.3978,32.867,-189.353,0.0,1.0,0.2511030900332225
N_S_WW_WM_642,-5.09464,2.28841,13.33,14.5567,-1.25,-1.11,-8.17002,9.09608,36.2046,61.5226,-13.622,0.1,-24.3176,0.5,-4.58096,21.5205,24.6285,51.6505,1.52027,-33.2626,-33.3322,30.5423,-47.4626,0.0,1.0,0.2808572607242525
N_S_WW_WM_643,11.3972,5.19093,15.4863,4.77205,1.86,1.86,-1.40314,1.38658,13.9352,-10.0574,-10.203,0.0,23.503,0.8,55.681,-16.889,14.3982,-11.1652,-16.2919,4.37627,-2.73959,-40.6231,-41.5519,0.0,1.0,0.2424828278305647
N_S_WW_WM_644,-5.719,5.43781,5.76662,-18.2945,-1.38,-1.05,2.40887,8.34568,24.8792,112.236,-9.19082,0.2,3.93027,-0.2,59.8252,20.2159,26.5054,-8.92706,97.2023,-41.2978,126.936,54.1213,-3.82555,0.0,1.0,0.2435002916179402
N_S_WW_WM_645,10.4494,10.2655,11.2655,10.6622,-1.13,-0.61,11.7248,3.05666,-48.0158,67.9762,0.905203,0.4,36.998,0.7,51.9943,6.33989,23.8169,47.672,58.8346,49.1972,32.5243,83.3368,55.9193,0.0,1.0,0.244221554
N_S_WW_WM_646,9.67147,1.22362,0.908839,-18.1709,2.09,-0.98,2.8031,7.36683,-48.3127,59.2556,-7.0831,0.0,5.69355,0.4,-8.34413,-19.6513,21.7415,19.8868,123.682,-31.5429,71.0917,-33.1988,71.9545,0.0,1.0,0.246737068448505
N_S_WW_WM_647,-0.615806,1.55394,18.0251,11.5578,-1.14,0.45,-9.84809,-1.66975,21.3213,64.3248,0.728531,0.1,34.0795,0.9,42.0216,-6.72329,-29.8534,11.1706,119.717,-26.9409,78.5386,18.3372,-85.2746,0.0,1.0,0.2146718579634551
N_S_WW_WM_648,-7.06221,5.72028,17.05,11.8465,0.0,2.26,1.27978,3.88061,31.8933,-2.02938,0.937835,-0.2,35.1582,0.4,36.6968,28.2259,-12.855,-12.5742,18.3337,17.8059,12.5537,77.1592,-16.2072,0.0,1.0,0.2272232805980066
N_S_WW_WM_649,13.4515,11.8105,-0.724237,1.53958,1.15,1.36,9.35298,4.71037,21.7173,-91.8862,-2.52134,0.7,-8.72894,0.2,29.1265,28.0587,-6.96152,48.4513,44.44,-32.4228,-53.7334,-2.73694,-62.0779,0.0,1.0,0.2607881672093023
N_S_WW_WM_650,-5.74785,8.72528,-7.83262,3.15368,-0.07,1.94,13.8596,-4.25102,10.4614,-7.424,3.65584,0.6,-27.8801,0.2,48.2702,17.6003,3.4496,43.6733,10.6307,20.6621,-37.6934,52.1454,14.4442,0.0,1.0,0.2593073528504983
N_S_WW_WM_651,11.8991,8.5318,18.2017,-8.82177,0.8,-1.51,-4.03107,2.59004,-11.6622,68.8934,-11.4101,0.1,-10.1655,0.1,33.1491,13.8023,-28.3854,39.1011,-52.3788,45.4762,83.9674,76.2989,45.151,0.0,1.0,0.2810989444551495
N_S_WW_WM_652,6.37871,-4.3914,16.4215,10.5563,2.19,0.11,2.49968,-3.70986,11.2098,73.2503,-0.569034,0.7,-39.4149,0.8,47.3475,10.9705,5.52002,22.8113,82.2922,29.5448,-1.21948,-46.7595,5.16425,0.0,1.0,0.2335310102923588
N_S_WW_WM_653,-1.32028,-5.4625,-0.306051,-5.0992,-1.64,2.39,1.69334,1.36552,37.1911,-31.3437,-3.36425,0.5,-9.56867,0.4,37.4068,-6.0692,-21.4751,-21.7035,72.1543,-47.1879,81.848,23.1056,106.988,0.0,1.0,0.218868627578073
N_S_WW_WM_654,12.0451,-6.5746,12.8085,5.90266,-1.09,0.3,13.7501,-4.09049,33.3304,-3.21977,-11.2049,0.7,11.8591,0.0,50.2388,16.8318,-2.55646,-3.0717,-33.8118,12.6996,39.1891,-24.1495,124.137,0.0,1.0,0.2334364241694352
N_S_WW_WM_655,-6.65975,8.63977,8.23361,-0.462653,-0.53,-1.27,10.2986,5.13453,-41.6468,-76.3152,3.75571,-0.3,32.4805,0.1,30.4776,28.6935,16.0299,13.4251,96.3386,-7.29189,-44.2028,5.12939,-130.157,0.0,1.0,0.2512024225415282
N_S_WW_WM_656,-3.06135,-6.31613,9.46763,9.12016,-0.05,1.0,2.81542,8.89138,-10.2844,-71.2809,-7.86969,0.1,39.7948,0.7,-21.5014,12.0606,4.45587,34.6327,112.801,-48.0429,122.096,53.4796,10.3845,0.0,1.0,0.2393391800564784
N_S_WW_WM_657,0.21306,8.6935,-2.78645,18.7311,1.85,2.07,10.7363,2.83711,-43.7666,137.129,-3.28942,0.4,8.08556,0.5,-14.9242,-19.4157,18.9791,50.1461,104.803,0.769931,37.9308,4.38192,-171.459,0.0,1.0,0.2512278429269103
N_S_WW_WM_658,-4.86201,0.0283161,10.0879,-2.9783,1.34,-0.26,12.8039,-1.27733,-49.4909,101.068,2.02304,0.6,25.2935,0.8,-14.6239,21.0826,-17.6415,41.1256,61.8747,-33.007,31.5284,43.2712,-63.8137,0.0,1.0,0.2395066227508306
N_S_WW_WM_659,7.23519,-2.75033,10.17,-6.86644,-1.21,-1.66,6.12711,-0.280635,23.3473,-63.6515,-1.7173,-0.2,-12.8319,0.9,5.45043,27.6731,-12.9698,14.8459,-58.9085,-16.6665,84.9804,35.0962,-87.1701,0.0,1.0,0.2324283402026578
N_S_WW_WM_660,-5.90288,-3.29338,14.3895,-0.0671004,-0.25,-0.23,15.7949,7.55469,-26.6092,-44.4814,-13.4429,-0.3,24.7826,-0.2,46.3037,11.3565,-7.18515,48.2731,66.8221,33.477,110.319,31.4914,74.7253,0.0,1.0,0.2578835148637874
N_S_WW_WM_661,-7.24458,9.8841,2.36779,5.1009,-1.65,1.18,2.44185,2.42196,-10.1092,73.4475,-1.5811,0.2,24.6266,0.9,50.502,5.06062,6.51221,32.2828,128.819,34.9304,4.21809,8.83583,-127.547,0.0,1.0,0.2553874640265781
N_S_WW_WM_662,-1.72328,0.439101,3.66799,4.6315,2.15,1.82,-2.56101,-3.32448,46.4132,55.406,-5.8395,0.4,12.6945,0.8,17.2074,24.5449,21.849,44.1818,111.2,-22.0421,97.8469,72.913,-64.1774,0.0,1.0,0.2508102568803986
N_S_WW_WM_663,14.4602,2.73056,2.02037,-19.842,-0.57,-0.75,6.56771,-4.4375,3.07468,-45.0964,-4.87226,0.0,-16.9436,-0.2,26.6068,20.756,22.5804,31.0868,20.4083,-0.988351,-15.0242,47.7861,144.523,0.0,1.0,0.2564853870930232
N_S_WW_WM_664,-7.79268,10.0841,-3.67587,2.34248,-0.16,0.35,-6.07674,5.44685,-43.9785,89.8049,-14.3125,-0.4,18.2561,0.4,-1.68981,-6.11222,11.7259,14.9076,-43.2089,-41.0702,23.9732,-4.37738,-72.964,0.0,1.0,0.2692572372657807
N_S_WW_WM_665,-4.00355,6.14824,3.71245,11.7828,2.04,2.2,11.145,-0.450606,-19.0952,-85.8349,-6.94604,0.3,-13.8493,0.1,30.3474,6.48348,23.701,2.28813,35.597,5.05007,-47.8863,85.2275,149.291,0.0,1.0,0.2543478741960133
N_S_WW_WM_666,1.60259,9.05816,16.7964,13.0931,0.99,2.38,14.3466,0.102146,38.5525,75.9177,-10.3974,-0.1,6.63711,0.3,23.765,-17.9923,10.4434,49.3825,75.5069,-22.7958,63.7422,19.1285,120.244,0.0,1.0,0.2820360572657807
N_S_WW_WM_667,1.29557,7.65222,1.76388,1.80805,-0.06,2.11,-3.97907,6.13164,36.4446,-79.4199,-4.53901,0.4,-25.6441,0.1,37.8127,4.19707,25.9741,-4.27476,-39.4115,-29.9379,-1.58575,-59.9832,-9.60573,0.0,1.0,0.2342524733621263
N_S_WW_WM_668,2.49977,-2.23315,5.49599,-14.0463,-0.38,1.75,16.0711,-2.03617,-30.6323,-56.3825,-1.22459,-0.3,33.8572,0.4,52.2886,-4.89548,-7.54908,-6.41052,102.109,-37.7165,-29.7325,-37.9899,-77.0602,0.0,1.0,0.2215118970764119
N_S_WW_WM_669,12.238,11.199,4.92569,17.1536,0.38,1.37,-4.9674,3.64302,-1.45206,-89.1915,-13.3394,-0.3,6.34737,0.0,33.6372,19.415,6.51483,3.01426,19.944,32.9121,-34.4428,-51.973,-75.2615,0.0,1.0,0.2551643347873754
N_S_WW_WM_670,-6.59056,-7.39272,1.47352,15.6346,1.72,0.0,11.9995,4.51472,40.1419,106.344,-14.4793,-0.3,-7.18514,0.5,53.9478,2.4151,-23.1253,18.2301,26.9653,38.3217,136.193,53.0754,-7.45913,0.0,1.0,0.2664176599667774
N_S_WW_WM_671,4.93033,4.58184,7.94027,4.02426,2.05,0.26,-8.29727,-4.35918,21.7038,44.3813,4.67482,0.2,-19.7884,-0.2,40.21,15.0771,25.2839,-8.35653,-1.97348,-20.9176,10.9543,79.2109,53.9155,0.0,1.0,0.217675173026578
N_S_WW_WM_672,-7.52904,4.73333,-7.97739,-14.4221,-0.65,1.0,-5.05428,4.16714,22.128,122.637,-1.97015,-0.1,-8.90403,0.4,9.64635,-15.3379,-6.59796,17.9752,75.0628,-6.54833,-42.5025,49.2412,-99.0218,0.0,1.0,0.2519361124352159
N_S_WW_WM_673,1.45564,3.51997,-5.90472,8.47689,2.4,1.23,-1.13579,4.06437,19.2036,22.3813,-10.9032,0.1,7.96427,0.5,-22.3219,-7.94585,-20.7405,10.3278,103.254,44.3613,147.229,86.9035,-49.9506,0.0,1.0,0.2510173620365449
N_S_WW_WM_674,0.799976,6.21425,6.74231,13.6789,1.67,-0.28,3.59959,4.34346,-23.1197,135.175,-11.0434,-0.2,-36.4648,-0.3,-18.1788,17.0091,4.78584,-15.2615,67.1369,11.295,28.5533,85.7089,64.4904,0.0,1.0,0.2496545609966777
N_S_WW_WM_675,1.86703,-4.0526,6.2876,-12.6024,-0.3,1.57,-6.21613,-1.32577,-8.27849,129.07,-11.7221,0.6,30.8131,1.0,13.9644,5.15889,-15.4048,33.9874,81.0894,-4.60111,-45.5281,-26.9094,-163.514,0.0,1.0,0.2476963987009967
N_S_WW_WM_676,-1.77687,-0.905738,5.82266,3.82373,-1.35,1.97,-9.27498,8.69263,25.3634,85.5621,-0.27493,-0.2,-21.9421,-0.1,25.9672,21.2939,11.5319,11.4068,24.7887,43.0354,48.0168,84.1677,75.671,0.0,1.0,0.2230069938737541
N_S_WW_WM_677,-1.85799,12.6235,19.8605,4.91664,1.45,0.6,2.9083,2.08426,0.889515,84.2305,0.201602,0.0,8.65736,0.6,-21.6427,22.1957,-5.83504,-4.19263,51.24,30.6153,-53.3333,-37.1463,-40.904,0.0,1.0,0.2483675406046511
N_S_WW_WM_678,14.7557,-1.52197,-0.669415,-16.0151,0.37,-1.34,0.409288,3.29448,-5.71133,28.5999,-1.28116,-0.3,4.30522,0.2,26.4148,-19.2361,-14.2297,53.0906,51.4293,24.2522,117.52,59.7062,-80.9827,0.0,1.0,0.2490384643355481
N_S_WW_WM_679,7.76582,14.1689,1.85258,-7.43203,-0.09,1.94,7.12814,9.2934,-15.2094,32.6501,-8.8746,0.3,-25.2017,0.9,20.744,-8.76952,-15.6008,1.40378,112.13,17.2422,122.545,65.8777,-11.5565,0.0,1.0,0.2386562080564783
N_S_WW_WM_680,-2.48645,12.3649,9.87665,14.2848,1.79,-1.38,-4.38741,-2.16703,-49.6033,47.119,-6.01564,-0.1,25.7488,0.9,36.297,23.8644,8.31832,28.043,61.2235,-9.00923,64.9416,-46.3293,-150.934,0.0,1.0,0.2668342899202657
N_S_WW_WM_681,-0.578123,6.33684,3.79055,7.9076,-0.5,2.37,18.0014,2.94968,-34.8121,98.1723,3.17253,-0.2,8.41164,0.0,15.628,20.33,13.4196,30.0554,125.336,32.0324,101.384,-7.59267,129.067,0.0,1.0,0.2459766230930232
N_S_WW_WM_682,8.176,2.33578,9.30914,6.32041,2.47,-0.13,12.2676,2.99789,43.458,29.6314,-2.89352,0.6,-9.62174,-0.2,48.9547,-14.1531,-9.44041,-2.98264,-51.8421,15.7335,67.074,48.1612,-186.6,0.0,1.0,0.2311576229734219
N_S_WW_WM_683,14.225,14.0428,8.48388,7.41247,-1.08,1.36,5.1749,-2.87182,31.4852,-52.2153,-12.2084,-0.2,28.3363,0.3,6.97536,7.40338,16.9986,-24.2034,31.3474,3.13608,99.0032,9.83525,33.2938,0.0,1.0,0.2545480127209302
