case_id,split,U,alpha,alpha2,naca_0,naca_1,naca_2,naca_3,cl,cd
airFoil2D_SST_31.283_-4.156_0.919_6.98_14.32,train,31.283,-4.156,17.272335999999996,0.919,6.98,14.32,0.0,-0.3210462480473065,0.010637395163993675
airFoil2D_SST_31.382_3.588_1.994_6.206_0.0_13.271,train,31.382,3.588,12.873744,1.994,6.206,0.0,13.271,0.5692192839284891,0.010921643014007268
airFoil2D_SST_31.468_13.713_3.339_3.51_6.993,train,31.468,13.713,188.04636899999997,3.339,3.51,6.993,0.0,1.6203531721779667,0.02925499566613929
airFoil2D_SST_31.534_-3.342_0.303_3.977_17.149,train,31.534,-3.342,11.168964,0.303,3.977,17.149,0.0,-0.30971797652463057,0.011212784740578545
airFoil2D_SST_31.577_2.75_2.604_4.088_17.312,train,31.577,2.75,7.5625,2.604,4.088,17.312,0.0,0.5267117584937375,0.01194865132808296
airFoil2D_SST_31.677_-0.742_2.926_5.236_5.651,train,31.677,-0.742,0.5505639999999999,2.926,5.236,5.651,0.0,0.27495706390154784,0.008573506845642072
airFoil2D_SST_31.678_0.925_5.108_0.0_10.772,train,31.678,0.925,0.8556250000000001,5.108,0.0,10.772,0.0,0.10323472534795336,0.009292502305135729
airFoil2D_SST_31.68_0.424_0.273_4.301_1.0_11.616,train,31.68,0.424,0.179776,0.273,4.301,1.0,11.616,0.06675511582274275,0.00945165224295701
airFoil2D_SST_31.803_7.291_3.243_6.962_0.0_10.641,train,31.803,7.291,53.15868100000001,3.243,6.962,0.0,10.641,1.1005071523669256,0.013451833661166847
airFoil2D_SST_32.058_11.514_6.565_6.266_9.329,train,32.058,11.514,132.572196,6.565,6.266,9.329,0.0,1.7658108828183288,0.02909074932207446
airFoil2D_SST_32.199_-0.546_6.896_0.0_13.768,train,32.199,-0.546,0.29811600000000005,6.896,0.0,13.768,0.0,-0.05302783067599719,0.00990695034793733
airFoil2D_SST_32.494_3.294_4.038_1.959_8.677,train,32.494,3.294,10.850436,4.038,1.959,8.677,0.0,0.7478108865512745,0.010414901948111484
airFoil2D_SST_32.499_12.136_1.194_6.108_1.0_8.121,train,32.499,12.136,147.28249599999998,1.194,6.108,1.0,8.121,1.3496461539256688,0.019733664235024186
airFoil2D_SST_32.642_-0.627_0.31_3.451_0.0_8.252,train,32.642,-0.627,0.393129,0.31,3.451,0.0,8.252,-0.04785453224450799,0.008720623494089861
airFoil2D_SST_32.677_5.679_0.493_6.223_1.0_9.86,train,32.677,5.679,32.251041,0.493,6.223,1.0,9.86,0.6611272487368155,0.010617295763867322
airFoil2D_SST_32.706_8.859_2.638_5.49_0.0_18.856,train,32.706,8.859,78.481881,2.638,5.49,0.0,18.856,1.055125595175582,0.01774419056176981
airFoil2D_SST_32.717_11.377_2.913_6.33_1.0_13.804,train,32.717,11.377,129.43612900000002,2.913,6.33,1.0,13.804,1.3862253913372247,0.020060672277990507
airFoil2D_SST_32.902_8.203_2.59_6.258_1.0_14.519,train,32.902,8.203,67.28920899999999,2.59,6.258,1.0,14.519,1.0792860057233373,0.014915415006995579
airFoil2D_SST_32.941_-0.472_4.699_5.604_11.579,train,32.941,-0.472,0.22278399999999998,4.699,5.604,11.579,0.0,0.5064375387011795,0.010425626790415345
airFoil2D_SST_32.966_-0.849_3.413_3.675_1.0_19.214,train,32.966,-0.849,0.7208009999999999,3.413,3.675,1.0,19.214,0.13672063844650625,0.011444818283162439
airFoil2D_SST_33.071_9.94_0.604_4.81_16.124,train,33.071,9.94,98.80359999999999,0.604,4.81,16.124,0.0,1.0554016571173144,0.0158879634334336
airFoil2D_SST_33.137_-2.653_2.78_5.876_1.0_14.328,train,33.137,-2.653,7.038409,2.78,5.876,1.0,14.328,-0.029582306892610936,0.010203054695698164
airFoil2D_SST_33.163_-1.909_2.306_3.054_0.0_11.764,train,33.163,-1.909,3.6442810000000003,2.306,3.054,0.0,11.764,-0.06056886264983428,0.009507825165968585
airFoil2D_SST_33.16_12.978_4.208_5.336_7.291,train,33.16,12.978,168.428484,4.208,5.336,7.291,0.0,1.6788317717039711,0.027651142930086036
airFoil2D_SST_33.187_10.15_2.61_7.828_0.0_5.27,train,33.187,10.15,103.02250000000001,2.61,7.828,0.0,5.27,1.322238726507387,0.019321044787471497
airFoil2D_SST_33.191_2.869_2.039_7.426_1.0_13.149,train,33.191,2.869,8.231161000000002,2.039,7.426,1.0,13.149,0.5230796854283448,0.010592159226451342
airFoil2D_SST_33.238_-0.071_0.667_2.065_6.479,train,33.238,-0.071,0.0050409999999999995,0.667,2.065,6.479,0.0,0.057645043512572734,0.008369962383274495
airFoil2D_SST_33.243_9.415_0.453_6.549_1.0_9.924,train,33.243,9.415,88.64222499999998,0.453,6.549,1.0,9.924,1.0401504662431962,0.013912284923156227
airFoil2D_SST_33.263_-1.073_1.438_5.145_15.567,train,33.263,-1.073,1.1513289999999998,1.438,5.145,15.567,0.0,0.03791854868351973,0.010360498436288824
airFoil2D_SST_33.272_14.436_4.837_2.403_9.237,train,33.272,14.436,208.398096,4.837,2.403,9.237,0.0,1.775222131310344,0.030501822150915726
airFoil2D_SST_33.312_-4.457_1.296_2.993_5.575,train,33.312,-4.457,19.864849,1.296,2.993,5.575,0.0,-0.353711079434777,0.00933221854233713
airFoil2D_SST_33.32_11.069_6.369_2.254_12.837,train,33.32,11.069,122.52276100000002,6.369,2.254,12.837,0.0,1.6230029658920475,0.0242260488631175
airFoil2D_SST_33.441_6.653_3.034_1.771_10.97,train,33.441,6.653,44.26240899999999,3.034,1.771,10.97,0.0,0.9955052813695747,0.012578917629163619
airFoil2D_SST_33.763_-1.179_4.54_5.165_6.778,train,33.763,-1.179,1.390041,4.54,5.165,6.778,0.0,0.41451204516102286,0.009074149242428105
airFoil2D_SST_33.798_10.426_3.185_5.957_0.0_11.232,train,33.798,10.426,108.701476,3.185,5.957,0.0,11.232,1.3576741511979813,0.017176937679267017
airFoil2D_SST_33.816_-1.984_6.59_0.0_7.983,train,33.816,-1.984,3.9362559999999998,6.59,0.0,7.983,0.0,-0.21571984095232108,0.008775184143530382
airFoil2D_SST_33.846_6.261_0.922_3.023_1.0_12.36,train,33.846,6.261,39.200121,0.922,3.023,1.0,12.36,0.7245303428728777,0.011483115047990851
airFoil2D_SST_33.854_5.282_1.425_3.167_15.694,train,33.854,5.282,27.899524,1.425,3.167,15.694,0.0,0.6818242273940065,0.01202925817023182
airFoil2D_SST_33.941_-4.025_1.706_6.295_1.0_12.199,train,33.941,-4.025,16.200625000000002,1.706,6.295,1.0,12.199,-0.26915262206636376,0.009948133399086229
airFoil2D_SST_34.112_-0.415_3.388_0.0_19.649,train,34.112,-0.415,0.172225,3.388,0.0,19.649,0.0,-0.03693078771371435,0.011368346735539972
airFoil2D_SST_34.136_14.393_2.103_3.685_0.0_6.065,train,34.136,14.393,207.15844900000002,2.103,3.685,0.0,6.065,1.502096018726363,0.03458644334473924
airFoil2D_SST_34.283_1.149_2.438_6.56_0.0_11.452,train,34.283,1.149,1.320201,2.438,6.56,0.0,11.452,0.36594062139538563,0.009723678535134913
airFoil2D_SST_34.343_8.933_2.915_3.012_19.934,train,34.343,8.933,79.798489,2.915,3.012,19.934,0.0,1.0784263481145386,0.01877760258135608
airFoil2D_SST_34.449_3.661_2.887_5.016_6.942,train,34.449,3.661,13.402921000000001,2.887,5.016,6.942,0.0,0.7385101495429534,0.009881049472731218
airFoil2D_SST_34.479_6.691_6.72_3.318_15.145,train,34.479,6.691,44.769481,6.72,3.318,15.145,0.0,1.2877386719357815,0.017984551275308146
airFoil2D_SST_34.539_5.856_1.783_2.332_5.584,train,34.539,5.856,34.292736,1.783,2.332,5.584,0.0,0.8092102788844512,0.010469532533545583
airFoil2D_SST_34.55_9.924_0.765_3.332_0.0_6.065,train,34.55,9.924,98.48577599999999,0.765,3.332,0.0,6.065,1.0930920794603343,0.016135827969592054
airFoil2D_SST_34.601_4.176_5.939_6.481_11.039,train,34.601,4.176,17.438976,5.939,6.481,11.039,0.0,1.157587724064926,0.014506148152494623
airFoil2D_SST_34.613_-4.801_4.017_0.0_12.213,train,34.613,-4.801,23.049601000000003,4.017,0.0,12.213,0.0,-0.5125815099307791,0.010411983292781223
airFoil2D_SST_34.664_-1.571_0.799_6.033_8.975,train,34.664,-1.571,2.468041,0.799,6.033,8.975,0.0,-0.06807013665636116,0.008836997568228037
airFoil2D_SST_34.665_7.036_4.044_2.258_6.724,train,34.665,7.036,49.505295999999994,4.044,2.258,6.724,0.0,1.1451851412113387,0.012455212223558405
airFoil2D_SST_34.666_4.982_0.919_2.649_8.985,train,34.666,4.982,24.820324000000003,0.919,2.649,8.985,0.0,0.6333471038421425,0.01009741637225153
airFoil2D_SST_34.735_11.28_5.283_0.0_8.444,train,34.735,11.28,127.23839999999998,5.283,0.0,8.444,0.0,1.1748894596485302,0.017452944428411825
airFoil2D_SST_34.878_7.93_3.081_6.388_1.0_15.071,train,34.878,7.93,62.884899999999995,3.081,6.388,1.0,15.071,1.0937857482985227,0.015155300825548642
airFoil2D_SST_34.943_-3.548_0.916_2.445_11.722,train,34.943,-3.548,12.588304,0.916,2.445,11.722,0.0,-0.29382266816511476,0.009715449603479538
airFoil2D_SST_34.973_-4.736_2.29_6.323_9.19,train,34.973,-4.736,22.429695999999996,2.29,6.323,9.19,0.0,-0.21215042828235955,0.009490420666325352
airFoil2D_SST_35.112_7.306_1.701_4.965_1.0_14.943,train,35.112,7.306,53.377636,1.701,4.965,1.0,14.943,0.893651275898365,0.01324825539206555
airFoil2D_SST_35.32_-4.403_1.396_0.0_5.379,train,35.32,-4.403,19.386408999999997,1.396,0.0,5.379,0.0,-0.480263142751544,0.009195334491356484
airFoil2D_SST_35.399_-4.028_4.452_4.653_5.733,train,35.399,-4.028,16.224783999999996,4.452,4.653,5.733,0.0,0.07075808676007661,0.00913067989737604
airFoil2D_SST_35.424_-3.014_1.51_5.078_1.0_5.743,train,35.424,-3.014,9.084195999999999,1.51,5.078,1.0,5.743,-0.203919801634749,0.008673842193693868
airFoil2D_SST_35.429_-0.673_3.556_7.908_1.0_10.289,train,35.429,-0.673,0.4529290000000001,3.556,7.908,1.0,10.289,0.33312898057916907,0.009499906373297609
airFoil2D_SST_35.445_12.572_6.569_0.0_16.397,train,35.445,12.572,158.05518399999997,6.569,0.0,16.397,0.0,1.226105922256495,0.019595597802060286
airFoil2D_SST_35.486_8.246_3.212_7.038_0.0_8.761,train,35.486,8.246,67.99651600000001,3.212,7.038,0.0,8.761,1.2034310749779322,0.013713421768202623
airFoil2D_SST_35.562_1.564_0.955_0.0_11.382,train,35.562,1.564,2.4460960000000003,0.955,0.0,11.382,0.0,0.170234435092257,0.009314049734198835
airFoil2D_SST_35.575_-4.221_6.432_5.051_16.214,train,35.575,-4.221,17.816841,6.432,5.051,16.214,0.0,0.22156328127964256,0.011699184150925001
airFoil2D_SST_35.655_-1.157_0.274_7.435_1.0_6.16,train,35.655,-1.157,1.338649,0.274,7.435,1.0,6.16,-0.09714650091690634,0.008259446638749017
airFoil2D_SST_35.823_8.293_0.329_6.252_0.0_11.422,train,35.823,8.293,68.77384899999998,0.329,6.252,0.0,11.422,0.9117210937869853,0.01262109096733407
airFoil2D_SST_35.839_-2.434_2.439_5.397_1.0_6.142,train,35.839,-2.434,5.924356,2.439,5.397,1.0,6.142,-0.05456737312803074,0.008642389386077932
airFoil2D_SST_35.856_7.149_0.902_4.514_0.0_12.985,train,35.856,7.149,51.108201,0.902,4.514,0.0,12.985,0.8258786252617242,0.012158307273155661
airFoil2D_SST_36.026_2.687_1.952_5.57_1.0_8.173,train,36.026,2.687,7.219968999999999,1.952,5.57,1.0,8.173,0.46885562381514456,0.009180890095204364
airFoil2D_SST_36.077_-4.685_0.316_7.601_1.0_18.579,train,36.077,-4.685,21.949224999999995,0.316,7.601,1.0,18.579,-0.4319538091736941,0.011811954503183814
airFoil2D_SST_36.198_-2.544_2.402_5.395_1.0_14.297,train,36.198,-2.544,6.471936,2.402,5.395,1.0,14.297,-0.06277164829797274,0.010005464782439492
airFoil2D_SST_36.228_6.699_2.659_3.41_0.0_9.235,train,36.228,6.699,44.876601,2.659,3.41,0.0,9.235,0.9002946576301146,0.011555643424170127
airFoil2D_SST_36.275_5.975_3.061_0.0_14.428,train,36.275,5.975,35.700624999999995,3.061,0.0,14.428,0.0,0.6299181246452773,0.011421143419742269
airFoil2D_SST_36.385_2.558_2.975_3.104_1.0_9.306,train,36.385,2.558,6.5433639999999995,2.975,3.104,1.0,9.306,0.46946685108241365,0.009466820438840132
airFoil2D_SST_36.553_8.149_1.121_0.0_13.027,train,36.553,8.149,66.40620099999998,1.121,0.0,13.027,0.0,0.8586873065286301,0.01261644113890949
airFoil2D_SST_36.564_-3.341_0.981_5.647_1.0_9.449,train,36.564,-3.341,11.162281000000002,0.981,5.647,1.0,9.449,-0.2763627833303798,0.00917182215977569
airFoil2D_SST_36.604_9.036_0.085_4.97_1.0_10.625,train,36.604,9.036,81.64929599999999,0.085,4.97,1.0,10.625,0.9660923450516248,0.013156694714911838
airFoil2D_SST_36.622_11.319_3.941_5.424_1.0_16.283,train,36.622,11.319,128.119761,3.941,5.424,1.0,16.283,1.388164970317538,0.02275857043348905
airFoil2D_SST_36.716_13.365_2.832_4.656_6.353,train,36.716,13.365,178.62322500000002,2.832,4.656,6.353,0.0,1.5486517251708338,0.031422192800195654
airFoil2D_SST_36.78_-1.098_3.205_0.0_11.557,train,36.78,-1.098,1.2056040000000001,3.205,0.0,11.557,0.0,-0.11726435799122276,0.00924852045729184
airFoil2D_SST_36.967_-1.05_1.254_4.888_0.0_16.448,train,36.967,-1.05,1.1025,1.254,4.888,0.0,16.448,-0.008563157616938263,0.010359949794435636
airFoil2D_SST_37.104_0.913_0.585_4.275_1.0_12.237,train,37.104,0.913,0.8335690000000001,0.585,4.275,1.0,12.237,0.14324726994788273,0.009398391344056192
airFoil2D_SST_37.159_9.69_0.909_5.832_0.0_9.423,train,37.159,9.69,93.89609999999999,0.909,5.832,0.0,9.423,1.107712915964141,0.01410299642973065
airFoil2D_SST_37.191_-4.384_1.742_3.249_0.0_5.697,train,37.191,-4.384,19.219456000000005,1.742,3.249,0.0,5.697,-0.3303033180784979,0.03460441960328551
airFoil2D_SST_37.261_4.879_3.571_7.018_1.0_9.35,train,37.261,4.879,23.804640999999997,3.571,7.018,1.0,9.35,0.8974567426390244,0.01111952669051234
airFoil2D_SST_37.26_8.498_2.099_4.252_6.054,train,37.26,8.498,72.21600399999998,2.099,4.252,6.054,0.0,1.1281351228587266,0.013903280108771603
airFoil2D_SST_37.311_0.727_1.911_6.377_1.0_11.313,train,37.311,0.727,0.5285289999999999,1.911,6.377,1.0,11.313,0.2653165017676614,0.009360581228032697
airFoil2D_SST_37.323_7.282_1.878_4.063_1.0_7.355,train,37.323,7.282,53.027524,1.878,4.063,1.0,7.355,0.9240567265719388,0.011446223690985163
airFoil2D_SST_37.382_11.168_3.389_5.307_1.0_16.094,train,37.382,11.168,124.72422399999998,3.389,5.307,1.0,16.094,1.3489654136744478,0.020841242640902105
airFoil2D_SST_37.536_7.045_1.679_6.067_0.0_9.211,train,37.536,7.045,49.632025,1.679,6.067,0.0,9.211,0.9160441780359793,0.011575707306965081
airFoil2D_SST_37.572_14.235_3.712_0.0_9.577,train,37.572,14.235,202.635225,3.712,0.0,9.577,0.0,1.4033519570361408,0.025337360681916853
airFoil2D_SST_37.655_12.984_3.731_6.149_0.0_7.245,train,37.655,12.984,168.584256,3.731,6.149,0.0,7.245,1.6268830623935853,0.02310148473609499
airFoil2D_SST_37.804_-3.618_1.043_5.557_0.0_6.776,train,37.804,-3.618,13.089924,1.043,5.557,0.0,6.776,-0.3037818810318272,0.008824781003397682
airFoil2D_SST_37.873_9.4_1.304_6.497_15.782,train,37.873,9.4,88.36000000000001,1.304,6.497,15.782,0.0,1.103860531304595,0.015437976042286408
airFoil2D_SST_37.982_4.133_3.526_2.879_14.582,train,37.982,4.133,17.081689,3.526,2.879,14.582,0.0,0.7736813776957483,0.011846553158361165
airFoil2D_SST_37.983_9.999_6.128_2.638_10.544,train,37.983,9.999,99.98000100000002,6.128,2.638,10.544,0.0,1.582592251906727,0.019155702947984538
airFoil2D_SST_38.033_4.96_1.3_7.085_0.0_17.688,train,38.033,4.96,24.6016,1.3,7.085,0.0,17.688,0.6262955505696964,0.012211504262777225
airFoil2D_SST_38.052_-3.281_6.341_2.939_9.861,train,38.052,-3.281,10.764961000000001,6.341,2.939,9.861,0.0,0.2807906964663961,0.009895913707893932
airFoil2D_SST_38.237_9.129_0.349_3.678_8.291,train,38.237,9.129,83.338641,0.349,3.678,8.291,0.0,1.009352835718305,0.01335882067351261
airFoil2D_SST_38.274_12.815_1.091_3.782_1.0_13.709,train,38.274,12.815,164.224225,1.091,3.782,1.0,13.709,1.3481449390508347,0.019858392082202518
airFoil2D_SST_38.382_-2.604_2.772_5.791_0.0_9.112,train,38.382,-2.604,6.780816000000001,2.772,5.791,0.0,9.112,-0.030637242728613914,0.008971730275006144
airFoil2D_SST_38.419_1.975_6.587_2.288_16.253,train,38.419,1.975,3.9006250000000002,6.587,2.288,16.253,0.0,0.8052703767105794,0.012917701976425357
airFoil2D_SST_38.477_5.932_1.847_6.459_1.0_11.875,train,38.477,5.932,35.188624000000004,1.847,6.459,1.0,11.875,0.8147423423945728,0.011398585845653817
airFoil2D_SST_38.696_5.826_6.666_4.567_13.87,train,38.696,5.826,33.94227599999999,6.666,4.567,13.87,0.0,1.2629616635644356,0.01641616454042
airFoil2D_SST_38.787_5.253_6.652_1.953_11.241,train,38.787,5.253,27.594009,6.652,1.953,11.241,0.0,1.181749716236772,0.013725579407319815
airFoil2D_SST_38.797_3.751_1.748_7.04_0.0_19.453,train,38.797,3.751,14.070001,1.748,7.04,0.0,19.453,0.528923472089668,0.012332759209266353
airFoil2D_SST_38.802_5.507_3.497_7.184_1.0_10.971,train,38.802,5.507,30.327048999999995,3.497,7.184,1.0,10.971,0.9562817681353777,0.011859660608279879
airFoil2D_SST_39.064_11.865_5.605_6.208_12.05,train,39.064,11.865,140.778225,5.605,6.208,12.05,0.0,1.709288517344066,0.027027980390842705
airFoil2D_SST_39.152_4.447_2.434_4.291_15.999,train,39.152,4.447,19.775809,2.434,4.291,15.999,0.0,0.7058522432363624,0.011885221144747223
airFoil2D_SST_39.333_1.649_3.993_7.922_0.0_18.535,train,39.333,1.649,2.719201,3.993,7.922,0.0,18.535,0.5715127202063893,0.012418025482725747
airFoil2D_SST_39.375_11.642_5.097_2.44_9.816,train,39.375,11.642,135.53616399999999,5.097,2.44,9.816,0.0,1.6390661124481314,0.020588451388797942
airFoil2D_SST_39.501_0.468_2.912_7.633_0.0_12.416,train,39.501,0.468,0.21902400000000002,2.912,7.633,0.0,12.416,0.3706190528750207,0.009768370830373761
airFoil2D_SST_39.5_6.696_3.171_5.789_1.0_15.144,train,39.5,6.696,44.836416,3.171,5.789,1.0,15.144,0.9726336705599754,0.01357081710724576
airFoil2D_SST_39.691_-0.572_1.652_3.047_0.0_15.719,train,39.691,-0.572,0.3271839999999999,1.652,3.047,0.0,15.719,0.04273181508026099,0.010052848929083204
airFoil2D_SST_39.908_2.734_5.282_6.992_12.437,train,39.908,2.734,7.474756,5.282,6.992,12.437,0.0,0.9676805019316359,0.013207127840129802
airFoil2D_SST_40.175_10.442_1.962_3.054_0.0_6.878,train,40.175,10.442,109.035364,1.962,3.054,0.0,6.878,1.2239671330230621,0.015338253721834243
airFoil2D_SST_40.316_2.112_2.249_3.647_1.0_11.624,train,40.316,2.112,4.4605440000000005,2.249,3.647,1.0,11.624,0.38637501115665634,0.00955638490962079
airFoil2D_SST_40.39_-2.548_1.735_6.956_1.0_14.447,train,40.39,-2.548,6.492304,1.735,6.956,1.0,14.447,-0.09501345593577748,0.00985701400264696
airFoil2D_SST_40.585_14.545_0.315_2.716_9.25,train,40.585,14.545,211.557025,0.315,2.716,9.25,0.0,1.4495179483083527,0.026725241310038735
airFoil2D_SST_40.758_12.911_3.336_5.667_0.0_6.882,train,40.758,12.911,166.693921,3.336,5.667,0.0,6.882,1.5846947454213238,0.022167817782031012
airFoil2D_SST_40.801_5.011_3.732_3.031_0.0_5.965,train,40.801,5.011,25.110121,3.732,3.031,0.0,5.965,0.7781394461600393,0.009868611457044773
airFoil2D_SST_40.963_7.126_0.462_7.797_1.0_16.134,train,40.963,7.126,50.779876,0.462,7.797,1.0,16.134,0.7811316835437366,0.01254787810814995
airFoil2D_SST_41.134_8.609_3.265_7.661_0.0_18.89,train,41.134,8.609,74.114881,3.265,7.661,0.0,18.89,1.1271144737209546,0.018572989488932903
airFoil2D_SST_41.15_2.464_0.43_5.077_0.0_14.973,train,41.15,2.464,6.071296,0.43,5.077,0.0,14.973,0.29510323982464565,0.010095097242306322
airFoil2D_SST_41.173_6.263_2.832_7.223_0.0_15.006,train,41.173,6.263,39.225169,2.832,7.223,0.0,15.006,0.9383215780905632,0.013053414399869574
airFoil2D_SST_41.191_11.852_3.688_0.0_17.865,train,41.191,11.852,140.469904,3.688,0.0,17.865,0.0,1.1465648173557028,0.01822961522897768
airFoil2D_SST_41.234_3.266_1.07_5.786_0.0_14.875,train,41.234,3.266,10.666756,1.07,5.786,0.0,14.875,0.44018283363187016,0.010427597505587274
airFoil2D_SST_41.245_-0.832_0.706_3.621_0.0_15.243,train,41.245,-0.832,0.692224,0.706,3.621,0.0,15.243,-0.03897380405192321,0.009864866040819528
airFoil2D_SST_41.299_2.953_3.854_0.0_17.049,train,41.299,2.953,8.720208999999999,3.854,0.0,17.049,0.0,0.30576933460122757,0.01066248826763576
airFoil2D_SST_41.311_-3.941_2.322_4.945_6.189,train,41.311,-3.941,15.531481,2.322,4.945,6.189,0.0,-0.15607637868004756,0.008611955994283355
airFoil2D_SST_41.343_-4.157_6.892_0.0_19.804,train,41.343,-4.157,17.280649,6.892,0.0,19.804,0.0,-0.3955182514550813,0.011770915215406342
airFoil2D_SST_41.397_8.271_5.385_1.669_5.718,train,41.397,8.271,68.40944100000002,5.385,1.669,5.718,0.0,1.3817499788789898,0.014084864779044248
airFoil2D_SST_41.402_13.739_1.243_5.342_1.0_17.799,train,41.402,13.739,188.76012100000003,1.243,5.342,1.0,17.799,1.3524009258462955,0.02486327495905428
airFoil2D_SST_41.403_-2.446_1.908_4.316_0.0_5.008,train,41.403,-2.446,5.982916000000001,1.908,4.316,0.0,5.008,-0.12396241431528394,0.008315701151704515
airFoil2D_SST_41.471_4.742_2.884_3.027_5.619,train,41.471,4.742,22.486564,2.884,3.027,5.619,0.0,0.8109013517970359,0.009739797372141592
airFoil2D_SST_41.51_6.319_2.605_4.961_1.0_6.003,train,41.51,6.319,39.929761,2.605,4.961,1.0,6.003,0.8993174762002217,0.010554844147788124
airFoil2D_SST_41.538_7.624_0.971_1.971_5.516,train,41.538,7.624,58.125375999999996,0.971,1.971,5.516,0.0,0.9128936994986225,0.011865269462529268
airFoil2D_SST_41.698_7.639_0.871_4.707_1.0_12.753,train,41.698,7.639,58.354321000000006,0.871,4.707,1.0,12.753,0.8790807173875974,0.012173367770994075
airFoil2D_SST_41.853_-1.39_0.992_3.814_15.169,train,41.853,-1.39,1.9320999999999997,0.992,3.814,15.169,0.0,-0.04825121593294123,0.009861558713721142
airFoil2D_SST_42.039_3.466_2.062_4.256_1.0_11.7,train,42.039,3.466,12.013156000000002,2.062,4.256,1.0,11.7,0.5323962161717141,0.009920667815200694
airFoil2D_SST_42.081_2.987_5.424_4.632_12.469,train,42.081,2.987,8.922169,5.424,4.632,12.469,0.0,0.9061999096293478,0.011792264451609117
airFoil2D_SST_42.237_11.667_4.44_0.0_15.021,train,42.237,11.667,136.118889,4.44,0.0,15.021,0.0,1.177867361009242,0.016915190916576173
airFoil2D_SST_42.265_11.823_1.421_3.474_1.0_19.075,train,42.265,11.823,139.783329,1.421,3.474,1.0,19.075,1.1922759870429387,0.020234572902547335
airFoil2D_SST_42.305_7.66_6.26_2.256_12.622,train,42.305,7.66,58.6756,6.26,2.256,12.622,0.0,1.3711536631767245,0.016270726656299812
airFoil2D_SST_42.444_-2.735_2.719_5.132_0.0_18.918,train,42.444,-2.735,7.480224999999999,2.719,5.132,0.0,18.918,-0.05645048689712332,0.010886259776347582
airFoil2D_SST_42.531_-3.927_1.264_6.838_0.0_7.489,train,42.531,-3.927,15.421329,1.264,6.838,0.0,7.489,-0.3007561417417155,0.00881441791492451
airFoil2D_SST_42.675_2.276_3.443_4.14_0.0_8.974,train,42.675,2.276,5.1801759999999994,3.443,4.14,0.0,8.974,0.5078661774181024,0.009261247419893752
airFoil2D_SST_42.847_13.708_0.655_3.944_0.0_7.77,train,42.847,13.708,187.909264,0.655,3.944,0.0,7.77,1.4115241874566336,0.02484939193718636
airFoil2D_SST_42.907_8.519_3.347_5.833_0.0_19.185,train,42.907,8.519,72.573361,3.347,5.833,0.0,19.185,1.0915363921310013,0.01756908112686456
airFoil2D_SST_42.943_-2.484_2.224_7.882_1.0_18.498,train,42.943,-2.484,6.170256,2.224,7.882,1.0,18.498,-0.024657440759123343,0.010787996744586165
airFoil2D_SST_42.977_8.798_0.92_7.893_1.0_11.332,train,42.977,8.798,77.404804,0.92,7.893,1.0,11.332,1.035368236596083,0.013029452834715313
airFoil2D_SST_43.155_6.628_3.125_7.527_0.0_5.947,train,43.155,6.628,43.930384000000004,3.125,7.527,0.0,5.947,1.054266663019714,0.011313934982247972
airFoil2D_SST_43.169_8.874_0.517_5.487_13.672,train,43.169,8.874,78.747876,0.517,5.487,13.672,0.0,0.9861467235478883,0.013328236491980755
airFoil2D_SST_43.23_6.75_3.857_5.53_1.0_5.369,train,43.23,6.75,45.5625,3.857,5.53,1.0,5.369,1.0654133945696553,0.011283653664750952
airFoil2D_SST_43.327_8.905_4.236_6.511_10.744,train,43.327,8.905,79.29902499999999,4.236,6.511,10.744,0.0,1.4356203713674998,0.016645809000674854
airFoil2D_SST_43.495_3.595_0.258_3.232_1.0_14.144,train,43.495,3.595,12.924025000000002,0.258,3.232,1.0,14.144,0.3987966853824348,0.01007090066277743
airFoil2D_SST_43.501_10.071_4.641_5.09_13.543,train,43.501,10.071,101.425041,4.641,5.09,13.543,0.0,1.4758602860713477,0.01938813755677265
airFoil2D_SST_43.561_0.582_1.359_2.351_5.423,train,43.561,0.582,0.33872399999999997,1.359,2.351,5.423,0.0,0.19956169901614523,0.007910930804257723
airFoil2D_SST_43.562_-3.431_1.767_5.139_0.0_15.991,train,43.562,-3.431,11.771761,1.767,5.139,0.0,15.991,-0.2104423190957923,0.010214507974005197
airFoil2D_SST_43.575_9.308_3.448_4.441_16.051,train,43.575,9.308,86.638864,3.448,4.441,16.051,0.0,1.2636101208191266,0.017245300248752933
airFoil2D_SST_43.597_5.932_3.551_3.1_1.0_18.252,train,43.597,5.932,35.188624000000004,3.551,3.1,1.0,18.252,0.8098928779263319,0.013430824194215079
airFoil2D_SST_43.61_7.882_2.642_5.195_0.0_10.138,train,43.61,7.882,62.125924,2.642,5.195,0.0,10.138,1.0675843637833393,0.012537199820484497
airFoil2D_SST_43.786_-1.525_6.365_3.656_11.495,train,43.786,-1.525,2.3256249999999996,6.365,3.656,11.495,0.0,0.4966504819612006,0.01005604111739324
airFoil2D_SST_43.868_7.729_6.452_0.0_14.14,train,43.868,7.729,59.737441000000004,6.452,0.0,14.14,0.0,0.8174782942686138,0.012145117225202444
airFoil2D_SST_43.911_10.067_6.259_4.589_11.269,train,43.911,10.067,101.34448900000001,6.259,4.589,11.269,0.0,1.6197224936779582,0.020771189712129653
airFoil2D_SST_43.958_1.079_5.708_2.076_12.026,train,43.958,1.079,1.1642409999999999,5.708,2.076,12.026,0.0,0.6650387059877196,0.010502479365129203
airFoil2D_SST_43.97_10.071_0.307_0.0_17.818,train,43.97,10.071,101.425041,0.307,0.0,17.818,0.0,0.9945948433504533,0.015340069235099675
airFoil2D_SST_44.068_12.32_3.827_5.777_0.0_10.068,train,44.068,12.32,151.7824,3.827,5.777,0.0,10.068,1.5760612757674624,0.020330459398085993
airFoil2D_SST_44.354_10.298_2.378_6.962_7.834,train,44.354,10.298,106.048804,2.378,6.962,7.834,0.0,1.3954628484881297,0.016945779897504853
airFoil2D_SST_44.453_5.273_1.06_3.649_0.0_11.477,train,44.453,5.273,27.804528999999995,1.06,3.649,0.0,11.477,0.6436844221685935,0.01028756489387854
airFoil2D_SST_44.616_5.14_0.618_4.881_0.0_10.488,train,44.616,5.14,26.419599999999996,0.618,4.881,0.0,10.488,0.6092901644451916,0.009932576658061193
airFoil2D_SST_44.662_-4.881_1.733_0.0_7.201,train,44.662,-4.881,23.824161000000004,1.733,0.0,7.201,0.0,-0.533626333154399,0.009193212358025102
airFoil2D_SST_44.727_7.253_2.701_3.319_1.0_7.813,train,44.727,7.253,52.606009,2.701,3.319,1.0,7.813,0.9621516504976705,0.011319048095346815
airFoil2D_SST_44.72_5.956_4.922_0.0_19.031,train,44.72,5.956,35.473936,4.922,0.0,19.031,0.0,0.5949064085493023,0.012244696005184493
airFoil2D_SST_44.775_13.681_6.843_0.0_15.993,train,44.775,13.681,187.16976099999997,6.843,0.0,15.993,0.0,1.3270938505966405,0.021131782350683203
airFoil2D_SST_44.846_-0.985_5.53_0.0_5.101,train,44.846,-0.985,0.970225,5.53,0.0,5.101,0.0,-0.10765392398595441,0.007767682457252485
airFoil2D_SST_44.858_13.36_1.546_3.174_1.0_10.604,train,44.858,13.36,178.4896,1.546,3.174,1.0,10.604,1.4472288547960765,0.020486384974696636
airFoil2D_SST_44.89_-1.175_1.717_7.272_0.0_13.57,train,44.89,-1.175,1.3806250000000002,1.717,7.272,0.0,13.57,0.05483454843699359,0.009415998821464974
airFoil2D_SST_44.949_3.443_0.484_5.614_0.0_19.985,train,44.949,3.443,11.854249000000001,0.484,5.614,0.0,19.985,0.3719498343804164,0.011568099766625081
airFoil2D_SST_45.003_-0.217_3.04_5.349_1.0_6.602,train,45.003,-0.217,0.047089,3.04,5.349,1.0,6.602,0.24073149111354705,0.008262271434228714
airFoil2D_SST_45.011_11.975_3.184_4.167_15.877,train,45.011,11.975,143.400625,3.184,4.167,15.877,0.0,1.445914433147349,0.02177366845741667
airFoil2D_SST_45.028_3.337_2.271_1.839_8.599,train,45.028,3.337,11.135569000000002,2.271,1.839,8.599,0.0,0.5860624290875502,0.009255836968207943
airFoil2D_SST_45.083_1.73_6.935_1.752_10.574,train,45.083,1.73,2.9929,6.935,1.752,10.574,0.0,0.8472565777996919,0.011064500168224505
airFoil2D_SST_45.261_11.624_6.817_4.27_6.986,train,45.261,11.624,135.117376,6.817,4.27,6.986,0.0,1.8003417868157932,0.023740106967742772
airFoil2D_SST_45.395_5.098_1.089_7.496_1.0_6.033,train,45.395,5.098,25.989604,1.089,7.496,1.0,6.033,0.6756506695922806,0.009378629037780677
airFoil2D_SST_45.576_6.785_5.522_6.116_11.275,train,45.576,6.785,46.036225,5.522,6.116,11.275,0.0,1.3512620337434302,0.015517373260506737
airFoil2D_SST_45.597_6.131_2.7_3.155_1.0_10.392,train,45.597,6.131,37.589161000000004,2.7,3.155,1.0,10.392,0.8368745606021148,0.01096835522418472
airFoil2D_SST_45.619_4.925_5.72_0.0_11.709,train,45.619,4.925,24.255625,5.72,0.0,11.709,0.0,0.5361331912304401,0.009914438739634681
airFoil2D_SST_45.701_-1.925_0.671_7.455_0.0_12.285,train,45.701,-1.925,3.7056250000000004,0.671,7.455,0.0,12.285,-0.13556401452631883,0.00913090979437501
airFoil2D_SST_46.008_13.774_3.157_0.0_18.653,train,46.008,13.774,189.72307599999996,3.157,0.0,18.653,0.0,1.274427869854094,0.02257192660232606
airFoil2D_SST_46.058_1.4_1.786_5.517_0.0_17.839,train,46.058,1.4,1.9599999999999997,1.786,5.517,0.0,17.839,0.2919635879602775,0.010658981470750478
airFoil2D_SST_46.058_10.548_1.983_6.7_0.0_8.079,train,46.058,10.548,111.260304,1.983,6.7,0.0,8.079,1.3034306191344862,0.015381400430104645
airFoil2D_SST_46.0_-0.095_2.322_1.874_16.58,train,46.0,-0.095,0.009025,2.322,1.874,16.58,0.0,0.19911209314971134,0.010173888266850471
airFoil2D_SST_46.138_8.316_1.46_7.535_0.0_7.129,train,46.138,8.316,69.15585600000001,1.46,7.535,0.0,7.129,1.0510003543240518,0.012276382301172733
airFoil2D_SST_46.142_6.813_0.329_3.584_0.0_16.504,train,46.142,6.813,46.416968999999995,0.329,3.584,0.0,16.504,0.722588556536471,0.012072980343115939
airFoil2D_SST_46.246_9.78_3.769_2.353_17.745,train,46.246,9.78,95.64839999999998,3.769,2.353,17.745,0.0,1.2755738292038095,0.018849007059416226
airFoil2D_SST_46.264_0.678_3.115_7.448_1.0_19.839,train,46.264,0.678,0.45968400000000004,3.115,7.448,1.0,19.839,0.3631799976724963,0.011577252254794494
airFoil2D_SST_46.407_7.986_2.488_3.249_1.0_7.516,train,46.407,7.986,63.776196,2.488,3.249,1.0,7.516,1.0225618834124601,0.011788015485994383
airFoil2D_SST_46.459_2.614_1.344_0.0_13.1,train,46.459,2.614,6.832996,1.344,0.0,13.1,0.0,0.28213656310257906,0.009447392067689176
airFoil2D_SST_46.469_1.046_1.869_1.706_6.605,train,46.469,1.046,1.094116,1.869,1.706,6.605,0.0,0.29645894679711216,0.00815269513590033
airFoil2D_SST_46.586_6.539_3.456_6.189_0.0_10.425,train,46.586,6.539,42.758520999999995,3.456,6.189,0.0,10.425,1.0307002929666509,0.011921374623825056
airFoil2D_SST_46.693_1.675_6.35_3.342_19.183,train,46.693,1.675,2.805625,6.35,3.342,19.183,0.0,0.7381860025183068,0.013453294015673276
airFoil2D_SST_46.842_14.504_3.791_3.968_1.0_14.833,train,46.842,14.504,210.36601599999997,3.791,3.968,1.0,14.833,1.5838771843223014,0.029659101137181672
airFoil2D_SST_46.92_12.697_1.222_7.385_0.0_13.444,train,46.92,12.697,161.21380899999997,1.222,7.385,0.0,13.444,1.390479472968634,0.019311580194628575
airFoil2D_SST_46.935_11.591_5.802_5.705_6.612,train,46.935,11.591,134.35128099999997,5.802,5.705,6.612,0.0,1.7542895175742492,0.02452275944016716
airFoil2D_SST_47.008_-0.17_4.651_0.0_11.91,train,47.008,-0.17,0.028900000000000006,4.651,0.0,11.91,0.0,-0.015603772098390771,0.008909006673010854
airFoil2D_SST_47.087_4.316_3.699_3.87_7.915,train,47.087,4.316,18.627855999999998,3.699,3.87,7.915,0.0,0.8683269278548867,0.010083305235520012
airFoil2D_SST_47.093_14.314_1.944_5.882_1.0_8.115,train,47.093,14.314,204.890596,1.944,5.882,1.0,8.115,1.5759795311922429,0.02546577611530184
airFoil2D_SST_47.094_2.758_6.717_3.244_8.177,train,47.094,2.758,7.606564,6.717,3.244,8.177,0.0,0.9881737054142993,0.01079601348036042
airFoil2D_SST_47.129_9.12_1.443_3.896_18.456,train,47.129,9.12,83.17439999999999,1.443,3.896,18.456,0.0,1.0294449000285095,0.015505583039981688
airFoil2D_SST_47.131_0.731_1.591_7.349_0.0_11.105,train,47.131,0.731,0.534361,1.591,7.349,0.0,11.105,0.2522614637864674,0.008929626492059506
airFoil2D_SST_47.159_11.355_1.201_3.22_1.0_17.864,train,47.159,11.355,128.936025,1.201,3.22,1.0,17.864,1.1742351167002283,0.017913133381556423
airFoil2D_SST_47.196_-4.934_1.548_7.354_0.0_16.511,train,47.196,-4.934,24.344356,1.548,7.354,0.0,16.511,-0.3512565973003055,0.01061611801021372
airFoil2D_SST_47.299_-2.087_3.67_2.671_15.887,train,47.299,-2.087,4.355569000000001,3.67,2.671,15.887,0.0,0.12475663751848376,0.01003788468038846
airFoil2D_SST_47.483_1.084_1.03_7.154_1.0_8.156,train,47.483,1.084,1.175056,1.03,7.154,1.0,8.156,0.22952611509387655,0.008306423812997893
airFoil2D_SST_47.547_-3.5_0.651_6.733_1.0_10.634,train,47.547,-3.5,12.25,0.651,6.733,1.0,10.634,-0.3157457140196489,0.009046197833549957
airFoil2D_SST_47.622_10.87_1.203_3.521_0.0_10.354,train,47.622,10.87,118.15689999999998,1.203,3.521,0.0,10.354,1.2222353247985183,0.015176383374785486
airFoil2D_SST_47.704_2.877_1.077_7.269_0.0_15.624,train,47.704,2.877,8.277128999999999,1.077,7.269,0.0,15.624,0.41281410048368505,0.010272738292056962
airFoil2D_SST_47.759_12.055_6.06_3.807_6.823,train,47.759,12.055,145.323025,6.06,3.807,6.823,0.0,1.7741029748521133,0.022949214497356204
airFoil2D_SST_47.904_-0.212_0.347_7.808_0.0_15.744,train,47.904,-0.212,0.044944,0.347,7.808,0.0,15.744,0.015010301233818206,0.009740088951372388
airFoil2D_SST_48.167_-3.26_5.094_0.0_7.029,train,48.167,-3.26,10.6276,5.094,0.0,7.029,0.0,-0.3572805107592302,0.008410586659948162
airFoil2D_SST_48.214_0.541_3.303_6.762_1.0_15.195,train,48.214,0.541,0.292681,3.303,6.762,1.0,15.195,0.3836687110158322,0.010175086015094502
airFoil2D_SST_48.541_8.144_3.408_6.127_10.424,train,48.541,8.144,66.324736,3.408,6.127,10.424,0.0,1.2795911717605413,0.013975723601714434
airFoil2D_SST_48.556_4.703_2.613_2.844_18.204,train,48.556,4.703,22.118209000000004,2.613,2.844,18.204,0.0,0.7128276322836187,0.012290943425075692
airFoil2D_SST_48.581_2.122_3.978_7.807_0.0_16.396,train,48.581,2.122,4.502884,3.978,7.807,0.0,16.396,0.6453758508005923,0.011460824420153271
airFoil2D_SST_48.621_3.52_2.374_6.607_19.284,train,48.621,3.52,12.3904,2.374,6.607,19.284,0.0,0.6095253488144431,0.012204985364274981
airFoil2D_SST_48.774_-3.265_0.413_7.125_0.0_10.73,train,48.774,-3.265,10.660225,0.413,7.125,0.0,10.73,-0.3126753307565594,0.008987617181187894
airFoil2D_SST_48.806_4.534_1.126_3.143_1.0_16.829,train,48.806,4.534,20.557156,1.126,3.143,1.0,16.829,0.538312022914018,0.011059367609593026
airFoil2D_SST_48.984_9.17_0.173_6.123_0.0_7.955,train,48.984,9.17,84.0889,0.173,6.123,0.0,7.955,0.9978003414123096,0.012833066999270695
airFoil2D_SST_49.078_12.209_4.305_5.277_13.671,train,49.078,12.209,149.05968099999998,4.305,5.277,13.671,0.0,1.608644975511162,0.023335392374451785
airFoil2D_SST_49.136_7.466_2.394_6.99_17.005,train,49.136,7.466,55.741156000000004,2.394,6.99,17.005,0.0,1.0504628101549505,0.014371783499412186
airFoil2D_SST_49.168_-0.213_1.505_6.78_0.0_10.288,train,49.168,-0.213,0.045369,1.505,6.78,0.0,10.288,0.13115188276231993,0.00859820998590461
airFoil2D_SST_49.175_3.676_2.766_4.974_17.731,train,49.175,3.676,13.512976000000002,2.766,4.974,17.731,0.0,0.6569266881943637,0.011780855272695907
airFoil2D_SST_49.328_9.718_3.178_4.924_19.726,train,49.328,9.718,94.439524,3.178,4.924,19.726,0.0,1.2084862129782825,0.019609313774867573
airFoil2D_SST_49.469_-2.217_4.447_5.034_12.918,train,49.469,-2.217,4.915089,4.447,5.034,12.918,0.0,0.2634686444543932,0.009609956159586475
airFoil2D_SST_49.549_10.888_6.594_0.0_18.8,train,49.549,10.888,118.54854399999999,6.594,0.0,18.8,0.0,1.0636912638975764,0.016476129583032136
airFoil2D_SST_49.633_10.824_0.707_6.093_0.0_12.871,train,49.633,10.824,117.158976,0.707,6.093,0.0,12.871,1.1873638325090812,0.015188764697167782
airFoil2D_SST_49.676_2.965_1.168_2.368_15.403,train,49.676,2.965,8.791224999999999,1.168,2.368,15.403,0.0,0.42221333546865203,0.010167957718088212
airFoil2D_SST_49.766_1.946_2.435_3.298_1.0_7.238,train,49.766,1.946,3.7869159999999997,2.435,3.298,1.0,7.238,0.37465271927898175,0.008345774392687796
airFoil2D_SST_49.984_-2.893_6.476_5.264_10.903,train,49.984,-2.893,8.369449,6.476,5.264,10.903,0.0,0.4434661820802991,0.009875979780233995
airFoil2D_SST_50.02_3.666_0.162_6.364_18.534,train,50.02,3.666,13.439556,0.162,6.364,18.534,0.0,0.3846822778132773,0.01094651760933113
airFoil2D_SST_50.061_2.882_0.16_7.359_0.0_12.354,train,50.061,2.882,8.305924000000001,0.16,7.359,0.0,12.354,0.329298419236667,0.009254483749780685
airFoil2D_SST_50.077_-4.416_2.834_4.029_1.0_5.156,train,50.077,-4.416,19.501056000000002,2.834,4.029,1.0,5.156,-0.28294453081766197,0.045948829595197124
airFoil2D_SST_50.109_5.376_0.91_3.612_0.0_17.761,train,50.109,5.376,28.901376000000003,0.91,3.612,0.0,17.761,0.6073546055283127,0.011612186216949334
airFoil2D_SST_50.118_-3.017_4.74_5.965_8.22,train,50.118,-3.017,9.102288999999999,4.74,5.965,8.22,0.0,0.2831219966220005,0.008832732622569232
airFoil2D_SST_50.378_9.252_2.341_6.162_1.0_19.459,train,50.378,9.252,85.59950400000001,2.341,6.162,1.0,19.459,1.0863699755605771,0.017064519298321344
airFoil2D_SST_50.441_7.5_3.907_0.0_15.735,train,50.441,7.5,56.25,3.907,0.0,15.735,0.0,0.7825141602044857,0.012053881326324125
airFoil2D_SST_50.53_6.748_0.113_3.248_18.587,train,50.53,6.748,45.535504,0.113,3.248,18.587,0.0,0.684513070809231,0.012346141159962179
airFoil2D_SST_50.657_1.706_4.798_5.57_19.235,train,50.657,1.706,2.910436,4.798,5.57,19.235,0.0,0.6531341041609088,0.012848907147485253
airFoil2D_SST_50.778_5.274_3.166_0.0_6.833,train,50.778,5.274,27.815076,3.166,0.0,6.833,0.0,0.5777549413639878,0.009169832967410786
airFoil2D_SST_50.797_7.718_2.061_5.037_10.51,train,50.797,7.718,59.567524,2.061,5.037,10.51,0.0,1.0621522964050047,0.0121683807157832
airFoil2D_SST_50.809_-3.601_1.99_4.754_0.0_9.755,train,50.809,-3.601,12.967201,1.99,4.754,0.0,9.755,-0.23207378840707593,0.008798620553158202
airFoil2D_SST_50.93_3.625_5.856_1.977_18.239,train,50.93,3.625,13.140625,5.856,1.977,18.239,0.0,0.884364741614409,0.013564555862637783
airFoil2D_SST_51.025_3.578_3.636_2.36_13.085,train,51.025,3.578,12.802083999999999,3.636,2.36,13.085,0.0,0.7367634262827902,0.010637414493221276
airFoil2D_SST_51.046_-1.078_2.412_3.669_1.0_10.87,train,51.046,-1.078,1.1620840000000001,2.412,3.669,1.0,10.87,0.05206593341729424,0.008665515886205108
airFoil2D_SST_51.187_1.87_1.978_0.0_7.829,train,51.187,1.87,3.4969000000000006,1.978,0.0,7.829,0.0,0.20674623828060032,0.008150068796391427
airFoil2D_SST_51.199_-0.181_1.595_2.578_15.763,train,51.199,-0.181,0.032761,1.595,2.578,15.763,0.0,0.13034293736274546,0.009704785352133039
airFoil2D_SST_51.251_0.288_3.087_5.592_0.0_12.178,train,51.251,0.288,0.08294399999999999,3.087,5.592,0.0,12.178,0.3086894525106168,0.009199443006778071
airFoil2D_SST_51.383_6.583_0.436_7.553_1.0_16.544,train,51.383,6.583,43.335889,0.436,7.553,1.0,16.544,0.7244300571084349,0.011803468986892645
airFoil2D_SST_51.458_1.678_0.559_6.45_1.0_13.58,train,51.458,1.678,2.8156839999999996,0.559,6.45,1.0,13.58,0.23481511928604185,0.009293430719749241
airFoil2D_SST_51.516_1.181_0.226_5.779_0.0_15.447,train,51.516,1.181,1.3947610000000001,0.226,5.779,0.0,15.447,0.14443202198396962,0.009614227273419148
airFoil2D_SST_51.554_-3.382_1.05_1.734_8.866,train,51.554,-3.382,11.437924,1.05,1.734,8.866,0.0,-0.26964500303961764,0.008558770212503251
airFoil2D_SST_51.929_-4.307_5.722_6.165_14.746,train,51.929,-4.307,18.550249000000004,5.722,6.165,14.746,0.0,0.21901693635709385,0.010642553010846307
airFoil2D_SST_51.977_8.365_1.935_4.03_1.0_5.275,train,51.977,8.365,69.973225,1.935,4.03,1.0,5.275,1.0386562836141708,0.011998305681810015
airFoil2D_SST_52.096_-2.731_2.953_4.585_0.0_19.774,train,52.096,-2.731,7.458360999999999,2.953,4.585,0.0,19.774,-0.04994942600588037,0.010729664959043969
airFoil2D_SST_52.098_9.929_0.419_2.863_19.435,train,52.098,9.929,98.585041,0.419,2.863,19.435,0.0,0.9966537843667163,0.015667372292743356
airFoil2D_SST_52.303_4.27_0.815_7.677_1.0_13.254,train,52.303,4.27,18.232899999999997,0.815,7.677,1.0,13.254,0.5483281919631368,0.009967072833614237
airFoil2D_SST_52.404_-0.806_5.293_0.0_15.85,train,52.404,-0.806,0.6496360000000001,5.293,0.0,15.85,0.0,-0.079614658932126,0.009630798171637329
airFoil2D_SST_52.526_2.212_4.618_3.827_10.191,train,52.526,2.212,4.892944000000001,4.618,3.827,10.191,0.0,0.7352646353230973,0.009821590521919612
airFoil2D_SST_52.611_2.304_1.286_6.028_0.0_8.298,train,52.611,2.304,5.308415999999999,1.286,6.028,0.0,8.298,0.375536017105057,0.00842642608850875
airFoil2D_SST_52.676_11.53_0.388_5.234_0.0_14.953,train,52.676,11.53,132.9409,0.388,5.234,0.0,14.953,1.2008756194846673,0.016252926620685226
airFoil2D_SST_52.817_14.522_2.694_4.264_1.0_15.419,train,52.817,14.522,210.888484,2.694,4.264,1.0,15.419,1.5394084207483303,0.02694913807405765
airFoil2D_SST_52.827_11.073_1.128_7.058_1.0_10.839,train,52.827,11.073,122.61132900000001,1.128,7.058,1.0,10.839,1.2710940039360912,0.01545391323937793
airFoil2D_SST_52.837_-0.902_2.345_6.419_1.0_9.831,train,52.837,-0.902,0.813604,2.345,6.419,1.0,9.831,0.13293600732703553,0.008479173403018792
airFoil2D_SST_52.872_8.448_2.671_6.283_1.0_19.374,train,52.872,8.448,71.36870400000001,2.671,6.283,1.0,19.374,1.0499718722809563,0.016135018980718847
airFoil2D_SST_52.873_11.631_6.861_1.539_6.571,train,52.873,11.631,135.280161,6.861,1.539,6.571,0.0,1.7988451201908637,0.020671876840570286
airFoil2D_SST_52.943_12.506_0.164_5.878_10.024,train,52.943,12.506,156.400036,0.164,5.878,10.024,0.0,1.3082762386102484,0.01810155679526386
airFoil2D_SST_52.95_-3.473_0.434_3.418_1.0_5.738,train,52.95,-3.473,12.061729,0.434,3.418,1.0,5.738,-0.35272409183806813,0.008174090823707587
airFoil2D_SST_53.08_0.384_1.33_3.23_1.0_9.254,train,53.08,0.384,0.147456,1.33,3.23,1.0,9.254,0.1296637011126468,0.008269551295959406
airFoil2D_SST_53.108_11.606_3.49_6.099_7.082,train,53.108,11.606,134.69923599999998,3.49,6.099,7.082,0.0,1.588433174839797,0.020725483135388863
airFoil2D_SST_53.127_-0.9_3.678_4.25_0.0_19.817,train,53.127,-0.9,0.81,3.678,4.25,0.0,19.817,0.16954729641981484,0.010806763898464165
airFoil2D_SST_53.178_-1.488_0.143_6.501_1.0_9.5,train,53.178,-1.488,2.214144,0.143,6.501,1.0,9.5,-0.14943348900017747,0.008337395344922564
airFoil2D_SST_53.247_3.939_5.684_2.169_8.633,train,53.247,3.939,15.515721000000001,5.684,2.169,8.633,0.0,0.9831939802331868,0.010694309732988242
airFoil2D_SST_53.356_13.677_4.715_4.855_9.085,train,53.356,13.677,187.060329,4.715,4.855,9.085,0.0,1.779175518088569,0.02645603908063408
airFoil2D_SST_53.361_8.797_3.729_6.903_1.0_10.309,train,53.361,8.797,77.38720900000001,3.729,6.903,1.0,10.309,1.3055067074372004,0.014087459346570911
airFoil2D_SST_53.495_0.177_0.46_5.866_1.0_9.361,train,53.495,0.177,0.031328999999999996,0.46,5.866,1.0,9.361,0.062436073002046566,0.008237116049081058
airFoil2D_SST_53.752_1.602_6.404_5.089_6.206,train,53.752,1.602,2.5664040000000004,6.404,5.089,6.206,0.0,0.9299250192209946,0.009853798670417059
airFoil2D_SST_53.78_-2.014_0.251_4.147_0.0_11.898,train,53.78,-2.014,4.056195999999999,0.251,4.147,0.0,11.898,-0.20028370273832297,0.008842144002728853
airFoil2D_SST_53.961_3.592_3.367_6.696_1.0_16.749,train,53.961,3.592,12.902464,3.367,6.696,1.0,16.749,0.6976545644299719,0.011540700912990896
airFoil2D_SST_54.041_-0.838_6.786_1.706_19.236,train,54.041,-0.838,0.702244,6.786,1.706,19.236,0.0,0.5005984953764554,0.011785676055867837
airFoil2D_SST_54.044_-3.96_5.045_5.841_16.627,train,54.044,-3.96,15.6816,5.045,5.841,16.627,0.0,0.14263142041016166,0.010676661859075462
airFoil2D_SST_54.196_-0.3_0.752_7.547_1.0_11.244,train,54.196,-0.3,0.09,0.752,7.547,1.0,11.244,0.050661679322708736,0.008586324701664823
airFoil2D_SST_54.352_0.253_2.466_6.173_1.0_19.939,train,54.352,0.253,0.064009,2.466,6.173,1.0,19.939,0.23624781462296185,0.01088604889725843
airFoil2D_SST_54.354_0.507_0.372_4.784_1.0_6.971,train,54.354,0.507,0.257049,0.372,4.784,1.0,6.971,0.08636409028909293,0.007800194985871938
airFoil2D_SST_54.441_12.197_1.197_3.039_0.0_5.321,train,54.441,12.197,148.76680899999997,1.197,3.039,0.0,5.321,1.3086926197570778,0.023668085341604084
airFoil2D_SST_54.441_3.497_2.944_6.185_1.0_6.564,train,54.441,3.497,12.229009,2.944,6.185,1.0,6.564,0.6651863896436622,0.008842837932702668
airFoil2D_SST_54.49_1.502_4.442_2.755_17.676,train,54.49,1.502,2.256004,4.442,2.755,17.676,0.0,0.5648995843858501,0.011211132299724603
airFoil2D_SST_54.54_6.479_3.242_4.457_0.0_5.584,train,54.54,6.479,41.977441,3.242,4.457,0.0,5.584,0.953639580560841,0.010265490811898344
airFoil2D_SST_54.567_-4.146_1.985_6.416_1.0_6.25,train,54.567,-4.146,17.189315999999998,1.985,6.416,1.0,6.25,-0.26066268108064694,0.008510522630269397
airFoil2D_SST_54.588_13.044_6.998_0.0_15.482,train,54.588,13.044,170.145936,6.998,0.0,15.482,0.0,1.2992253069608066,0.01872135213060501
airFoil2D_SST_54.627_14.036_4.031_1.872_5.46,train,54.627,14.036,197.00929599999998,4.031,1.872,5.46,0.0,1.724126914019043,0.027987277530543718
airFoil2D_SST_54.659_-1.288_3.39_5.902_1.0_17.771,train,54.659,-1.288,1.6589440000000002,3.39,5.902,1.0,17.771,0.16558327984842816,0.010267355857299357
airFoil2D_SST_54.901_-0.247_1.878_4.946_1.0_8.396,train,54.901,-0.247,0.061009,1.878,4.946,1.0,8.396,0.1299814452487257,0.008103613340161143
airFoil2D_SST_54.917_10.111_3.142_6.932_1.0_16.944,train,54.917,10.111,102.23232100000001,3.142,6.932,1.0,16.944,1.2862284487409785,0.018138866404300708
airFoil2D_SST_55.016_3.063_4.869_3.048_8.472,train,55.016,3.063,9.381969000000002,4.869,3.048,8.472,0.0,0.8347121337474609,0.009762783706280226
airFoil2D_SST_55.202_-1.944_1.02_4.368_1.0_5.438,train,55.202,-1.944,3.779136,1.02,4.368,1.0,5.438,-0.1360241414692234,0.007683608295539974
airFoil2D_SST_55.325_1.589_3.555_3.041_1.0_10.736,train,55.325,1.589,2.524921,3.555,3.041,1.0,10.736,0.39997064508257246,0.008970900566177357
airFoil2D_SST_55.399_13.545_0.692_1.92_13.624,train,55.399,13.545,183.467025,0.692,1.92,13.624,0.0,1.411179992648748,0.019943774739697766
airFoil2D_SST_55.541_9.902_1.288_4.79_0.0_16.92,train,55.541,9.902,98.04960399999999,1.288,4.79,0.0,16.92,1.0966067261839294,0.015121845817533338
airFoil2D_SST_55.607_-1.146_3.498_5.408_6.232,train,55.607,-1.146,1.3133159999999997,3.498,5.408,6.232,0.0,0.3109958681183491,0.00800350104985856
airFoil2D_SST_55.693_6.308_2.583_5.479_0.0_5.791,train,55.693,6.308,39.790864,2.583,5.479,0.0,5.791,0.9119725153493754,0.0100380087694923
airFoil2D_SST_55.746_-4.682_0.208_0.0_16.346,train,55.746,-4.682,21.921124000000002,0.208,0.0,16.346,0.0,-0.4872369557158246,0.01049571102586571
airFoil2D_SST_55.856_8.468_5.544_6.373_9.497,train,55.856,8.468,71.707024,5.544,6.373,9.497,0.0,1.5382914397663605,0.0169491346153583
airFoil2D_SST_55.908_1.309_0.434_3.31_1.0_9.549,train,55.908,1.309,1.7134809999999998,0.434,3.31,1.0,9.549,0.17304333873923144,0.008282807382077043
airFoil2D_SST_55.932_12.905_1.912_3.367_1.0_10.866,train,55.932,12.905,166.53902499999998,1.912,3.367,1.0,10.866,1.4446518453874673,0.018713553102733937
airFoil2D_SST_55.95_-0.655_0.037_3.255_5.094,train,55.95,-0.655,0.42902500000000005,0.037,3.255,5.094,0.0,-0.06828804513859978,0.00745928376515302
airFoil2D_SST_55.96_6.668_1.555_6.733_0.0_15.452,train,55.96,6.668,44.462224,1.555,6.733,0.0,15.452,0.8494980816311721,0.011931003440640776
airFoil2D_SST_55.984_-0.431_4.567_5.834_10.316,train,55.984,-0.431,0.18576099999999998,4.567,5.834,10.316,0.0,0.5284952548498213,0.009264547613930143
airFoil2D_SST_56.04_10.374_2.201_3.946_14.961,train,56.04,10.374,107.619876,2.201,3.946,14.961,0.0,1.272210359287394,0.015970269090315847
airFoil2D_SST_56.105_6.781_1.751_7.49_0.0_6.457,train,56.105,6.781,45.981961,1.751,7.49,0.0,6.457,0.9268483783482232,0.010428117433006423
airFoil2D_SST_56.177_2.108_1.208_3.592_0.0_14.763,train,56.177,2.108,4.443664,1.208,3.592,0.0,14.763,0.30760216059748835,0.00955633631275151
airFoil2D_SST_56.306_2.803_2.171_6.701_6.909,train,56.306,2.803,7.856808999999999,2.171,6.701,6.909,0.0,0.6218893948613535,0.008680899735797182
airFoil2D_SST_56.324_2.155_3.505_7.749_0.0_12.702,train,56.324,2.155,4.644024999999999,3.505,7.749,0.0,12.702,0.6247401836860238,0.009954519793535644
airFoil2D_SST_56.353_10.069_1.42_5.408_1.0_19.742,train,56.353,10.069,101.38476100000001,1.42,5.408,1.0,19.742,1.0766820954936827,0.016706161348107332
airFoil2D_SST_56.3_12.327_1.959_6.913_0.0_15.094,train,56.3,12.327,151.954929,1.959,6.913,0.0,15.094,1.4017767098919574,0.019393970888578606
airFoil2D_SST_56.452_0.864_3.8_7.348_0.0_19.123,train,56.452,0.864,0.7464959999999999,3.8,7.348,0.0,19.123,0.4590743086346173,0.011309909388790878
airFoil2D_SST_56.563_-2.421_0.315_6.918_12.589,train,56.563,-2.421,5.861240999999999,0.315,6.918,12.589,0.0,-0.2188393404042227,0.00895949287549124
airFoil2D_SST_56.617_14.528_4.873_2.075_15.499,train,56.617,14.528,211.06278400000002,4.873,2.075,15.499,0.0,1.6917936255842223,0.03372050215222701
airFoil2D_SST_56.749_1.468_1.967_7.293_1.0_8.866,train,56.749,1.468,2.155024,1.967,7.293,1.0,8.866,0.37552232029194277,0.008414806669163563
airFoil2D_SST_56.749_11.537_2.348_3.444_0.0_7.026,train,56.749,11.537,133.102369,2.348,3.444,0.0,7.026,1.3656167933928542,0.016386362415763148
airFoil2D_SST_56.878_-0.901_1.896_4.81_0.0_18.072,train,56.878,-0.901,0.811801,1.896,4.81,0.0,18.072,0.05594305606709517,0.01006547118689282
airFoil2D_SST_56.975_0.059_1.658_6.404_0.0_5.369,train,56.975,0.059,0.0034809999999999997,1.658,6.404,0.0,5.369,0.16901806971579494,0.00755985812611153
airFoil2D_SST_57.035_2.225_3.665_3.815_1.0_12.525,train,57.035,2.225,4.9506250000000005,3.665,3.815,1.0,12.525,0.504785604746266,0.009572499204237698
airFoil2D_SST_57.038_12.407_1.425_7.876_0.0_18.742,train,57.038,12.407,153.933649,1.425,7.876,0.0,18.742,1.297250106254032,0.021116052902807873
airFoil2D_SST_57.118_2.399_0.609_1.728_11.939,train,57.118,2.399,5.7552010000000005,0.609,1.728,11.939,0.0,0.31975150860856155,0.008926153189143344
airFoil2D_SST_57.178_13.397_0.444_6.145_1.0_18.142,train,57.178,13.397,179.479609,0.444,6.145,1.0,18.142,1.302275667785467,0.020947870013946386
airFoil2D_SST_57.305_-2.402_6.717_5.391_10.161,train,57.305,-2.402,5.769604000000001,6.717,5.391,10.161,0.0,0.5402892107465722,0.009695944195369226
airFoil2D_SST_57.395_6.878_2.995_4.987_0.0_7.482,train,57.395,6.878,47.306884000000004,2.995,4.987,0.0,7.482,0.99553082467077,0.010747942463295756
airFoil2D_SST_57.426_2.871_2.054_4.117_1.0_13.653,train,57.426,2.871,8.242641,2.054,4.117,1.0,13.653,0.46241224765720074,0.009639297775201484
airFoil2D_SST_57.759_-0.542_1.264_2.0_10.633,train,57.759,-0.542,0.293764,1.264,2.0,10.633,0.0,0.06437269901837804,0.008387077445339407
airFoil2D_SST_57.861_12.67_1.489_5.729_0.0_7.279,train,57.861,12.67,160.5289,1.489,5.729,0.0,7.279,1.4296420218559809,0.01976280590062303
airFoil2D_SST_57.872_7.314_5.454_3.799_13.179,train,57.872,7.314,53.494596,5.454,3.799,13.179,0.0,1.3089108788269177,0.014654962930464255
airFoil2D_SST_57.887_0.567_3.475_3.252_0.0_19.801,train,57.887,0.567,0.32148899999999997,3.475,3.252,0.0,19.801,0.2687736328583915,0.0107644674846789
airFoil2D_SST_57.892_3.999_3.335_7.558_1.0_9.976,train,57.892,3.999,15.992001,3.335,7.558,1.0,9.976,0.8054454645901492,0.009951389356079126
airFoil2D_SST_58.037_5.758_3.217_4.484_1.0_14.116,train,58.037,5.758,33.154564,3.217,4.484,1.0,14.116,0.8625872879340545,0.011527355347096372
airFoil2D_SST_58.112_10.293_1.458_6.434_9.626,train,58.112,10.293,105.94584899999998,1.458,6.434,9.626,0.0,1.2746952765694712,0.014688431065111394
airFoil2D_SST_58.154_-3.419_3.778_4.845_1.0_17.348,train,58.154,-3.419,11.689561,3.778,4.845,1.0,17.348,-0.052566091809937904,0.010064372735698063
airFoil2D_SST_58.234_2.816_0.31_7.672_1.0_13.007,train,58.234,2.816,7.929855999999999,0.31,7.672,1.0,13.007,0.3387670183535311,0.009168553659847768
airFoil2D_SST_58.253_4.47_1.554_4.779_1.0_9.828,train,58.253,4.47,19.9809,1.554,4.779,1.0,9.828,0.6165916490449342,0.009289874165703602
airFoil2D_SST_58.363_5.802_5.647_2.966_16.926,train,58.363,5.802,33.66320399999999,5.647,2.966,16.926,0.0,1.1161386822707953,0.014615602946117853
airFoil2D_SST_58.417_2.246_2.82_5.584_8.923,train,58.417,2.246,5.044516,2.82,5.584,8.923,0.0,0.600259398443283,0.008893875192226192
airFoil2D_SST_58.582_2.593_0.722_7.034_0.0_16.194,train,58.582,2.593,6.723649,0.722,7.034,0.0,16.194,0.3441432737014571,0.009896959135772848
airFoil2D_SST_58.589_3.413_1.856_0.0_19.944,train,58.589,3.413,11.648568999999998,1.856,0.0,19.944,0.0,0.33542009399835715,0.010922034729449751
airFoil2D_SST_58.626_7.214_2.373_4.092_1.0_11.315,train,58.626,7.214,52.041796000000005,2.373,4.092,1.0,11.315,0.9534126431426159,0.011405595202261521
airFoil2D_SST_58.664_0.452_0.066_6.363_15.709,train,58.664,0.452,0.204304,0.066,6.363,15.709,0.0,0.05526015149244668,0.009409037351225485
airFoil2D_SST_58.723_-1.518_0.079_5.16_0.0_9.824,train,58.723,-1.518,2.3043240000000003,0.079,5.16,0.0,9.824,-0.1602716780009004,0.008264263674229434
airFoil2D_SST_58.831_-3.563_2.815_4.916_10.078,train,58.831,-3.563,12.694969,2.815,4.916,10.078,0.0,-0.061631432377760156,0.008585165659939413
airFoil2D_SST_58.945_14.697_1.795_6.498_0.0_6.526,train,58.945,14.697,216.00180899999998,1.795,6.498,0.0,6.526,1.557471603963953,0.03224097272046045
airFoil2D_SST_59.071_11.893_0.004_7.304_1.0_11.503,train,59.071,11.893,141.44344900000002,0.004,7.304,1.0,11.503,1.2363189086279487,0.016037610036856262
airFoil2D_SST_59.092_3.417_1.138_5.698_6.628,train,59.092,3.417,11.675888999999998,1.138,5.698,6.628,0.0,0.5222404159260505,0.008365468649682765
airFoil2D_SST_59.149_14.475_6.005_0.0_13.559,train,59.149,14.475,209.525625,6.005,0.0,13.559,0.0,1.4302795472558885,0.02164060820863961
airFoil2D_SST_59.227_11.447_1.959_6.729_0.0_16.475,train,59.227,11.447,131.033809,1.959,6.729,0.0,16.475,1.3107612613528072,0.01807200987240899
airFoil2D_SST_59.251_2.558_1.39_5.544_0.0_12.531,train,59.251,2.558,6.5433639999999995,1.39,5.544,0.0,12.531,0.40207804851463835,0.009157798938377868
airFoil2D_SST_59.285_-0.777_3.228_2.16_5.626,train,59.285,-0.777,0.6037290000000001,3.228,2.16,5.626,0.0,0.2338886445163862,0.007740868349145884
airFoil2D_SST_59.46_10.997_2.116_0.0_16.421,train,59.46,10.997,120.934009,2.116,0.0,16.421,0.0,1.1116528527379441,0.015262082472974108
airFoil2D_SST_59.563_7.622_3.247_0.0_6.08,train,59.563,7.622,58.094884,3.247,0.0,6.08,0.0,0.8252330486880612,0.01097409036451502
airFoil2D_SST_59.635_4.507_0.777_6.591_0.0_13.677,train,59.635,4.507,20.313048999999996,0.777,6.591,0.0,13.677,0.5603694342371893,0.009903791409701046
airFoil2D_SST_59.668_2.165_0.146_6.146_1.0_10.665,train,59.668,2.165,4.687225,0.146,6.146,1.0,10.665,0.25154694904964464,0.008506517066934078
airFoil2D_SST_59.978_-1.242_0.023_3.623_13.045,train,59.978,-1.242,1.542564,0.023,3.623,13.045,0.0,-0.13206330006925526,0.008838210473792402
airFoil2D_SST_60.055_2.759_2.22_4.872_16.821,train,60.055,2.759,7.612081,2.22,4.872,16.821,0.0,0.520283304063222,0.010489276070609444
airFoil2D_SST_60.062_-4.722_0.758_2.704_9.164,train,60.062,-4.722,22.297284000000005,0.758,2.704,9.164,0.0,-0.44109435945311337,0.008831962940055567
airFoil2D_SST_60.079_0.644_1.528_6.275_1.0_10.952,train,60.079,0.644,0.41473600000000005,1.528,6.275,1.0,10.952,0.21971921474478678,0.008501728954418263
airFoil2D_SST_60.183_5.861_0.702_0.0_17.666,train,60.183,5.861,34.351321,0.702,0.0,17.666,0.0,0.6001766154975396,0.011196138686901308
airFoil2D_SST_60.23_2.984_6.976_4.303_9.408,train,60.23,2.984,8.904256,6.976,4.303,9.408,0.0,1.0821063430276205,0.011220380956537533
airFoil2D_SST_60.333_1.218_3.932_7.599_1.0_9.745,train,60.333,1.218,1.4835239999999998,3.932,7.599,1.0,9.745,0.5736104877524708,0.009050309632190749
airFoil2D_SST_60.404_0.309_6.318_0.0_16.556,train,60.404,0.309,0.095481,6.318,0.0,16.556,0.0,0.03814925398269185,0.009547887737951304
airFoil2D_SST_60.573_-1.823_6.066_2.446_14.67,train,60.573,-1.823,3.3233289999999998,6.066,2.446,14.67,0.0,0.38693230826198116,0.009954212286562233
airFoil2D_SST_60.574_12.746_4.712_0.0_9.696,train,60.574,12.746,162.460516,4.712,0.0,9.696,0.0,1.3161484503378182,0.01837685860275553
airFoil2D_SST_60.711_3.967_2.64_3.548_0.0_5.376,train,60.711,3.967,15.737089000000001,2.64,3.548,0.0,5.376,0.6143905538674542,0.008409349375042417
airFoil2D_SST_60.772_2.4_1.095_6.986_0.0_15.847,train,60.772,2.4,5.76,1.095,6.986,0.0,15.847,0.3632647177801195,0.009788193610868003
airFoil2D_SST_60.991_-0.053_4.159_1.545_12.053,train,60.991,-0.053,0.002809,4.159,1.545,12.053,0.0,0.39119916257051135,0.009106954595514036
airFoil2D_SST_61.194_4.575_0.316_0.0_6.813,train,61.194,4.575,20.930625000000003,0.316,0.0,6.813,0.0,0.502631841457692,0.008525081777951967
airFoil2D_SST_61.271_3.238_5.916_1.801_11.06,train,61.271,3.238,10.484644,5.916,1.801,11.06,0.0,0.9195517885172623,0.010784006617508037
airFoil2D_SST_61.412_4.232_2.843_5.008_0.0_16.473,train,61.412,4.232,17.909824,2.843,5.008,0.0,16.473,0.6753384134823885,0.011070547730758395
airFoil2D_SST_61.489_13.586_3.556_5.162_1.0_9.389,train,61.489,13.586,184.579396,3.556,5.162,1.0,9.389,1.6551748551357464,0.02149060954720832
airFoil2D_SST_61.494_3.363_1.212_2.183_18.921,train,61.494,3.363,11.309769,1.212,2.183,18.921,0.0,0.44505429407404007,0.010830046522389013
airFoil2D_SST_61.694_-1.803_5.214_5.362_8.433,train,61.694,-1.803,3.250809,5.214,5.362,8.433,0.0,0.44030493264046094,0.008673036925738942
airFoil2D_SST_61.727_5.313_1.226_4.033_1.0_16.116,train,61.727,5.313,28.227968999999998,1.226,4.033,1.0,16.116,0.6453638204101706,0.010850141233919326
airFoil2D_SST_61.838_-0.434_5.558_2.045_17.601,train,61.838,-0.434,0.188356,5.558,2.045,17.601,0.0,0.4593966884886787,0.010694851072128406
airFoil2D_SST_61.863_-0.567_0.289_7.872_0.0_6.693,train,61.863,-0.567,0.32148899999999997,0.289,7.872,0.0,6.693,-0.029082112675703962,0.007580043049809993
airFoil2D_SST_61.921_6.028_3.682_6.54_1.0_11.703,train,61.921,6.028,36.336783999999994,3.682,6.54,1.0,11.703,1.012176229886672,0.011494541088216896
airFoil2D_SST_61.958_-0.428_2.061_7.236_1.0_5.415,train,61.958,-0.428,0.18318399999999999,2.061,7.236,1.0,5.415,0.17441628104806836,0.0075052157002777715
airFoil2D_SST_61.968_3.476_2.799_7.151_1.0_11.612,train,61.968,3.476,12.082576,2.799,7.151,1.0,11.612,0.6752822824372444,0.009688523183128503
airFoil2D_SST_61.997_12.253_0.155_7.019_0.0_15.847,train,61.997,12.253,150.136009,0.155,7.019,0.0,15.847,1.2416590278659119,0.016981616111464787
airFoil2D_SST_62.111_3.502_0.905_5.978_1.0_8.818,train,62.111,3.502,12.264003999999998,0.905,5.978,1.0,8.818,0.47077501054663784,0.008539247437566956
airFoil2D_SST_62.314_11.706_3.483_2.873_19.24,train,62.314,11.706,137.03043599999998,3.483,2.873,19.24,0.0,1.3805791920069321,0.022636955404937667
airFoil2D_SST_62.341_-0.274_0.817_7.586_1.0_9.881,train,62.341,-0.274,0.07507600000000002,0.817,7.586,1.0,9.881,0.06165929750927814,0.008133739152996013
airFoil2D_SST_62.357_4.75_1.794_6.505_0.0_6.123,train,62.357,4.75,22.5625,1.794,6.505,0.0,6.123,0.6977152715503867,0.008808307171156972
airFoil2D_SST_62.369_9.241_2.905_3.859_0.0_14.889,train,62.369,9.241,85.396081,2.905,3.859,0.0,14.889,1.162515533174333,0.014340801738273325
airFoil2D_SST_62.439_0.739_1.117_3.141_0.0_19.989,train,62.439,0.739,0.546121,1.117,3.141,0.0,19.989,0.13868320146619686,0.010428729342630927
airFoil2D_SST_62.504_-2.45_2.919_6.97_0.0_13.421,train,62.504,-2.45,6.002500000000001,2.919,6.97,0.0,13.421,0.03686398405539793,0.009032746690389195
airFoil2D_SST_62.569_11.903_6.746_4.399_6.448,train,62.569,11.903,141.681409,6.746,4.399,6.448,0.0,1.8347644094041902,0.023383161950914038
airFoil2D_SST_62.63_10.845_4.38_2.684_6.747,train,62.63,10.845,117.61402500000001,4.38,2.684,6.747,0.0,1.5539758124752359,0.016443419118123623
airFoil2D_SST_62.676_-1.523_2.471_6.677_0.0_10.086,train,62.676,-1.523,2.3195289999999997,2.471,6.677,0.0,10.086,0.08428738169411018,0.008303970025927346
airFoil2D_SST_62.776_-4.125_2.652_5.747_13.969,train,62.776,-4.125,17.015625,2.652,5.747,13.969,0.0,-0.12953839387035732,0.009342956124100778
airFoil2D_SST_62.798_1.588_3.875_6.663_1.0_7.039,train,62.798,1.588,2.5217440000000004,3.875,6.663,1.0,7.039,0.5668310250361704,0.008448851117922125
airFoil2D_SST_62.825_11.53_0.716_6.453_1.0_14.743,train,62.825,11.53,132.9409,0.716,6.453,1.0,14.743,1.2424422217404862,0.01595834644606847
airFoil2D_SST_62.866_8.143_4.559_2.422_8.17,train,62.866,8.143,66.30844900000001,4.559,2.422,8.17,0.0,1.3166844048176876,0.012835893683539153
airFoil2D_SST_62.893_-0.786_3.167_0.0_17.071,train,62.893,-0.786,0.617796,3.167,0.0,17.071,0.0,-0.07792261699266274,0.009625539062108081
airFoil2D_SST_62.922_8.801_2.248_5.618_1.0_8.267,train,62.922,8.801,77.457601,2.248,5.618,1.0,8.267,1.1463744027290597,0.01219914244956778
airFoil2D_SST_63.049_1.427_1.55_3.449_1.0_11.579,train,63.049,1.427,2.0363290000000003,1.55,3.449,1.0,11.579,0.2621397229980713,0.00861228645380466
airFoil2D_SST_63.407_2.516_0.644_0.0_14.406,train,63.407,2.516,6.330256,0.644,0.0,14.406,0.0,0.26967860611885874,0.009222909702379385
airFoil2D_SST_63.505_0.8_1.394_3.626_0.0_8.41,train,63.505,0.8,0.6400000000000001,1.394,3.626,0.0,8.41,0.18602981945948188,0.007915998609127384
airFoil2D_SST_63.51_9.838_2.281_2.512_15.309,train,63.51,9.838,96.78624399999998,2.281,2.512,15.309,0.0,1.2220452547636371,0.014997957980520733
airFoil2D_SST_63.737_3.34_2.078_5.056_1.0_9.117,train,63.737,3.34,11.1556,2.078,5.056,1.0,9.117,0.5438998327209715,0.008728546746854457
airFoil2D_SST_63.952_9.03_0.666_3.739_0.0_15.525,train,63.952,9.03,81.5409,0.666,3.739,0.0,15.525,0.982912766395716,0.012991271365956847
airFoil2D_SST_63.972_0.897_2.419_6.034_9.308,train,63.972,0.897,0.804609,2.419,6.034,9.308,0.0,0.4183135834071953,0.008403624840947713
airFoil2D_SST_64.058_3.66_3.321_6.342_1.0_8.022,train,64.058,3.66,13.395600000000002,3.321,6.342,1.0,8.022,0.7266792549491308,0.009085939404202851
airFoil2D_SST_64.092_6.223_1.57_2.902_6.044,train,64.092,6.223,38.725729,1.57,2.902,6.044,0.0,0.8381524329032448,0.009655846306584769
airFoil2D_SST_64.126_1.489_4.038_3.979_7.921,train,64.126,1.489,2.217121,4.038,3.979,7.921,0.0,0.6085115614944921,0.008596187168551908
airFoil2D_SST_64.234_-1.395_4.011_1.646_14.651,train,64.234,-1.395,1.9460250000000001,4.011,1.646,14.651,0.0,0.22589369908491486,0.009329986955158685
airFoil2D_SST_64.301_2.204_2.602_3.568_1.0_8.759,train,64.301,2.204,4.857616000000001,2.602,3.568,1.0,8.759,0.4236284179052206,0.008363715011562533
airFoil2D_SST_64.392_1.344_3.07_6.751_0.0_5.123,train,64.392,1.344,1.8063360000000002,3.07,6.751,0.0,5.123,0.4595902278284495,0.007789710945363336
airFoil2D_SST_64.436_12.422_3.096_0.0_19.389,train,64.436,12.422,154.30608400000003,3.096,0.0,19.389,0.0,1.1845324899247984,0.0183288097172385
airFoil2D_SST_64.523_7.395_4.969_5.732_6.743,train,64.523,7.395,54.686024999999994,4.969,5.732,6.743,0.0,1.3897937535772702,0.01326960014789409
airFoil2D_SST_64.541_-1.194_0.524_2.116_5.877,train,64.541,-1.194,1.425636,0.524,2.116,5.877,0.0,-0.07986984574350334,0.007431935926910661
airFoil2D_SST_64.695_-2.753_1.08_5.748_1.0_15.779,train,64.695,-2.753,7.579009000000001,1.08,5.748,1.0,15.779,-0.19317107279803936,0.00943550374914394
airFoil2D_SST_64.711_14.35_0.189_3.829_0.0_9.846,train,64.711,14.35,205.92249999999999,0.189,3.829,0.0,9.846,1.450103519328636,0.022606333977405354
airFoil2D_SST_64.825_12.62_2.925_4.496_6.121,train,64.825,12.62,159.26439999999997,2.925,4.496,6.121,0.0,1.5590843912866414,0.02385821863287351
airFoil2D_SST_65.015_12.286_0.694_3.033_1.0_17.525,train,65.015,12.286,150.945796,0.694,3.033,1.0,17.525,1.2433847219200849,0.017800416680378017
airFoil2D_SST_65.06_-3.318_2.843_6.991_1.0_16.477,train,65.06,-3.318,11.009124,2.843,6.991,1.0,16.477,-0.06297482637375229,0.009676535546567744
airFoil2D_SST_65.09_10.083_5.395_3.519_6.591,train,65.09,10.083,101.666889,5.395,3.519,6.591,0.0,1.593172069992892,0.016125286249931363
airFoil2D_SST_65.162_-0.97_2.814_4.126_1.0_10.627,train,65.162,-0.97,0.9409,2.814,4.126,1.0,10.627,0.10613345329593632,0.008324009311776188
airFoil2D_SST_65.302_11.737_2.598_0.0_10.583,train,65.302,11.737,137.757169,2.598,0.0,10.583,0.0,1.2296335849343303,0.015632216598257732
airFoil2D_SST_65.405_0.524_6.607_4.121_9.888,train,65.405,0.524,0.27457600000000004,6.607,4.121,9.888,0.0,0.7783173980771845,0.009753376942015782
airFoil2D_SST_65.41_1.556_0.844_5.048_0.0_11.641,train,65.41,1.556,2.421136,0.844,5.048,0.0,11.641,0.24207046381272834,0.008533610993737992
airFoil2D_SST_65.558_-4.521_1.33_4.53_1.0_5.632,train,65.558,-4.521,20.439441,1.33,4.53,1.0,5.632,-0.39193596905275424,0.008442195061633647
airFoil2D_SST_65.688_8.82_3.725_5.081_16.231,train,65.688,8.82,77.7924,3.725,5.081,16.231,0.0,1.2773966745199306,0.015900984903732755
airFoil2D_SST_65.691_6.814_6.038_0.0_16.892,train,65.691,6.814,46.430596,6.038,0.0,16.892,0.0,0.7122345503541325,0.011356405800262735
airFoil2D_SST_65.808_6.849_5.27_0.0_13.499,train,65.808,6.849,46.908801000000004,5.27,0.0,13.499,0.0,0.7367023124521902,0.010627639213804002
airFoil2D_SST_65.898_13.848_2.833_4.75_1.0_6.545,train,65.898,13.848,191.76710400000002,2.833,4.75,1.0,6.545,1.610033447629455,0.023178194833225144
airFoil2D_SST_65.935_11.113_1.297_2.503_15.395,train,65.935,11.113,123.498769,1.297,2.503,15.395,0.0,1.250463494730885,0.015794636908919843
airFoil2D_SST_66.028_3.694_1.787_7.157_1.0_8.637,train,66.028,3.694,13.645636,1.787,7.157,1.0,8.637,0.5974807426494801,0.008722346196896665
airFoil2D_SST_66.114_8.17_6.33_4.273_10.506,train,66.114,8.17,66.74889999999999,6.33,4.273,10.506,0.0,1.5077904509000506,0.015471069410152732
airFoil2D_SST_66.121_1.702_0.224_5.809_0.0_18.499,train,66.121,1.702,2.896804,0.224,5.809,0.0,18.499,0.1909366343812219,0.009997496819813843
airFoil2D_SST_66.236_6.719_2.539_7.308_1.0_5.608,train,66.236,6.719,45.144961,2.539,7.308,1.0,5.608,0.9998930846793155,0.010271989474436
airFoil2D_SST_66.371_-1.102_0.251_6.841_18.936,train,66.371,-1.102,1.2144040000000003,0.251,6.841,18.936,0.0,-0.08348620778030977,0.010006401834613578
airFoil2D_SST_66.429_-4.065_2.746_2.152_12.616,train,66.429,-4.065,16.524225000000005,2.746,2.152,12.616,0.0,-0.17407851925052376,0.008947194981902782
airFoil2D_SST_66.517_-4.79_1.812_6.503_0.0_6.067,train,66.517,-4.79,22.9441,1.812,6.503,0.0,6.067,-0.34638027025644796,0.008525205396273135
airFoil2D_SST_66.588_7.008_2.371_0.0_11.333,train,66.588,7.008,49.112064,2.371,0.0,11.333,0.0,0.7597372805622699,0.010319883934521507
airFoil2D_SST_66.603_8.606_0.322_4.251_10.73,train,66.603,8.606,74.063236,0.322,4.251,10.73,0.0,0.9601126390593802,0.01159923313795869
airFoil2D_SST_66.607_-1.676_0.67_4.75_1.0_13.554,train,66.607,-1.676,2.808976,0.67,4.75,1.0,13.554,-0.12632499805070346,0.008798073361725878
airFoil2D_SST_66.608_2.079_2.844_2.579_9.286,train,66.608,2.079,4.322241000000001,2.844,2.579,9.286,0.0,0.5168413631715651,0.008554536402891758
airFoil2D_SST_66.619_3.394_0.982_6.895_1.0_8.254,train,66.619,3.394,11.519236000000001,0.982,6.895,1.0,8.254,0.4762896620094224,0.008339798086881898
airFoil2D_SST_66.62_-0.743_0.839_4.397_14.875,train,66.62,-0.743,0.552049,0.839,4.397,14.875,0.0,0.008986443750814593,0.009033868421823455
airFoil2D_SST_66.662_11.605_0.01_0.0_7.326,train,66.662,11.605,134.676025,0.01,0.0,7.326,0.0,1.211444175401672,0.017489569380018475
airFoil2D_SST_66.772_14.214_1.156_6.53_0.0_13.206,train,66.772,14.214,202.03779600000001,1.156,6.53,0.0,13.206,1.509093997364396,0.02140615622845063
airFoil2D_SST_66.777_9.138_0.298_0.0_16.376,train,66.777,9.138,83.503044,0.298,0.0,16.376,0.0,0.9408204602932103,0.012902753032872066
airFoil2D_SST_66.825_9.175_3.74_6.502_1.0_6.829,train,66.825,9.175,84.180625,3.74,6.502,1.0,6.829,1.3418054033798994,0.013224041291915832
airFoil2D_SST_66.849_-1.731_2.793_1.573_13.884,train,66.849,-1.731,2.9963610000000003,2.793,1.573,13.884,0.0,0.0766684840086163,0.008914357209892402
airFoil2D_SST_67.008_13.306_3.272_4.7_1.0_9.313,train,67.008,13.306,177.04963599999996,3.272,4.7,1.0,9.313,1.6099772395043124,0.019914980034822893
airFoil2D_SST_67.031_-3.114_4.457_3.72_13.339,train,67.031,-3.114,9.696995999999999,4.457,3.72,13.339,0.0,0.12666143832058227,0.009115951620237792
airFoil2D_SST_67.058_-0.715_0.759_5.647_1.0_10.337,train,67.058,-0.715,0.5112249999999999,0.759,5.647,1.0,10.337,-0.009365993845299413,0.008109116916591833
airFoil2D_SST_67.131_14.535_2.797_5.227_0.0_13.938,train,67.131,14.535,211.266225,2.797,5.227,0.0,13.938,1.61107618169496,0.02505061241497547
airFoil2D_SST_67.148_7.787_1.038_6.816_8.317,train,67.148,7.787,60.637369,1.038,6.816,8.317,0.0,0.9910825524536031,0.011140533731046749
airFoil2D_SST_67.163_1.039_3.194_3.045_0.0_19.293,train,67.163,1.039,1.0795209999999997,3.194,3.045,0.0,19.293,0.29638663481596755,0.010392040221886733
airFoil2D_SST_67.163_10.587_0.788_5.665_0.0_11.027,train,67.163,10.587,112.08456899999999,0.788,5.665,0.0,11.027,1.1894610759846955,0.013912500790725599
airFoil2D_SST_67.222_-0.312_2.432_5.294_0.0_6.535,train,67.222,-0.312,0.097344,2.432,5.294,0.0,6.535,0.17681079612514367,0.007600866818671141
airFoil2D_SST_67.2_1.74_0.558_5.716_0.0_11.005,train,67.2,1.74,3.0276,0.558,5.716,0.0,11.005,0.24234910720911101,0.008373126813743779
airFoil2D_SST_67.316_-3.017_6.793_2.558_11.687,train,67.316,-3.017,9.102288999999999,6.793,2.558,11.687,0.0,0.34465239701790423,0.009413476457660969
airFoil2D_SST_67.376_-1.324_5.74_0.0_16.099,train,67.376,-1.324,1.752976,5.74,0.0,16.099,0.0,-0.13365877657656883,0.009323760791470065
airFoil2D_SST_67.389_11.293_1.764_7.661_1.0_6.584,train,67.389,11.293,127.53184899999998,1.764,7.661,1.0,6.584,1.3683363799081232,0.01680849446959742
airFoil2D_SST_67.405_9.678_1.974_4.156_1.0_7.641,train,67.405,9.678,93.66368400000002,1.974,4.156,1.0,7.641,1.1836707436190275,0.012814395829849647
airFoil2D_SST_67.481_-1.259_5.136_2.438_18.882,train,67.481,-1.259,1.5850809999999997,5.136,2.438,18.882,0.0,0.3310451152478896,0.010561799281560591
airFoil2D_SST_67.498_14.643_0.841_7.067_0.0_13.214,train,67.498,14.643,214.41744900000003,0.841,7.067,0.0,13.214,1.5158391427403493,0.022323033566089702
airFoil2D_SST_67.657_3.764_3.705_7.106_1.0_19.87,train,67.657,3.764,14.167695999999998,3.705,7.106,1.0,19.87,0.7273634138941633,0.01247770830934581
airFoil2D_SST_67.701_0.938_6.996_0.0_15.872,train,67.701,0.938,0.8798439999999998,6.996,0.0,15.872,0.0,0.10551259361871528,0.009234377489294848
airFoil2D_SST_67.845_3.378_1.238_3.471_1.0_13.688,train,67.845,3.378,11.410884000000001,1.238,3.471,1.0,13.688,0.448603526072176,0.009346104029877842
airFoil2D_SST_67.921_-0.21_2.687_6.722_0.0_12.823,train,67.921,-0.21,0.04409999999999999,2.687,6.722,0.0,12.823,0.25003067644785504,0.008807438453278886
airFoil2D_SST_67.938_2.983_3.492_2.963_17.061,train,67.938,2.983,8.898289,3.492,2.963,17.061,0.0,0.6439910580875056,0.010820819331275433
airFoil2D_SST_67.96_0.485_3.956_6.288_0.0_8.778,train,67.96,0.485,0.235225,3.956,6.288,0.0,8.778,0.4401549980903295,0.008409754639567182
airFoil2D_SST_68.014_-2.892_1.441_4.122_0.0_9.246,train,68.014,-2.892,8.363664,1.441,4.122,0.0,9.246,-0.2101548124187406,0.008130041116936387
airFoil2D_SST_68.102_12.531_1.296_5.073_1.0_8.782,train,68.102,12.531,157.02596100000002,1.296,5.073,1.0,8.782,1.4064197537964926,0.017576867732039637
airFoil2D_SST_68.271_3.882_0.371_6.932_1.0_19.956,train,68.271,3.882,15.069924,0.371,6.932,1.0,19.956,0.4172617977298708,0.010866367389010699
airFoil2D_SST_68.375_1.214_3.685_3.817_1.0_16.511,train,68.375,1.214,1.4737959999999999,3.685,3.817,1.0,16.511,0.38782000746814693,0.009885428362935801
airFoil2D_SST_68.546_13.064_0.074_6.34_14.575,train,68.546,13.064,170.668096,0.074,6.34,14.575,0.0,1.324311846346862,0.01778615646199122
airFoil2D_SST_68.625_4.559_6.408_2.501_14.72,train,68.625,4.559,20.784481000000003,6.408,2.501,14.72,0.0,1.0923924413087231,0.012801513261039715
airFoil2D_SST_68.639_-1.768_1.619_3.151_13.57,train,68.639,-1.768,3.125824,1.619,3.151,13.57,0.0,-0.027912756340330372,0.008762065502978113
airFoil2D_SST_68.688_3.796_0.591_4.997_0.0_15.899,train,68.688,3.796,14.409615999999998,0.591,4.997,0.0,15.899,0.4491091007368968,0.009847952595312816
airFoil2D_SST_68.694_0.249_1.032_7.908_1.0_16.486,train,68.694,0.249,0.062001,1.032,7.908,1.0,16.486,0.13807918489780233,0.00939549576863271
airFoil2D_SST_68.698_11.271_1.041_4.528_18.668,train,68.698,11.271,127.03544100000002,1.041,4.528,18.668,0.0,1.1960808418953426,0.01697141950815872
airFoil2D_SST_68.744_2.706_2.562_3.657_1.0_16.125,train,68.744,2.706,7.322436,2.562,3.657,1.0,16.125,0.4629275168403248,0.009948454831661083
airFoil2D_SST_68.954_3.0_3.331_3.23_1.0_17.924,train,68.954,3.0,9.0,3.331,3.23,1.0,17.924,0.5211554059370094,0.010640788127301173
airFoil2D_SST_68.978_11.308_6.34_0.0_12.743,train,68.978,11.308,127.870864,6.34,0.0,12.743,0.0,1.1855363718736478,0.014694785683261425
airFoil2D_SST_68.986_13.466_0.899_4.541_1.0_16.072,train,68.986,13.466,181.33315599999997,0.899,4.541,1.0,16.072,1.3856817563689252,0.019687400906834032
airFoil2D_SST_69.018_12.321_4.554_0.0_11.287,train,69.018,12.321,151.807041,4.554,0.0,11.287,0.0,1.2820942682486876,0.01641030552137959
airFoil2D_SST_69.046_-2.243_1.74_3.862_1.0_5.974,train,69.046,-2.243,5.031048999999999,1.74,3.862,1.0,5.974,-0.12295966744570762,0.007565527218362658
airFoil2D_SST_69.059_10.987_0.938_3.504_1.0_15.069,train,69.059,10.987,120.714169,0.938,3.504,1.0,15.069,1.1902569169399773,0.015001082672589053
airFoil2D_SST_69.102_-4.625_3.128_4.279_1.0_8.06,train,69.102,-4.625,21.390625,3.128,4.279,1.0,8.06,-0.26855521505773233,0.00882826550379799
airFoil2D_SST_69.141_2.369_6.248_5.688_17.163,train,69.141,2.369,5.612161000000001,6.248,5.688,17.163,0.0,0.9183078399751085,0.013364384588652651
airFoil2D_SST_69.469_11.351_3.624_6.267_1.0_8.846,train,69.469,11.351,128.84520100000003,3.624,6.267,1.0,8.846,1.5224571055524536,0.016414291833710033
airFoil2D_SST_69.713_9.747_1.403_7.35_0.0_12.377,train,69.713,9.747,95.004009,1.403,7.35,0.0,12.377,1.1770304726264273,0.013384841830637175
airFoil2D_SST_69.822_4.266_0.371_4.348_5.486,train,69.822,4.266,18.198756,0.371,4.348,5.486,0.0,0.5106143084491349,0.008133181853219092
airFoil2D_SST_69.898_4.93_3.946_7.033_1.0_17.851,train,69.898,4.93,24.304899999999996,3.946,7.033,1.0,17.851,0.8918676724346738,0.012643468646529722
airFoil2D_SST_70.007_7.955_1.374_2.575_15.795,train,70.007,7.955,63.282025000000004,1.374,2.575,15.795,0.0,0.9594442631632945,0.01235705897971412
airFoil2D_SST_70.112_1.787_3.13_2.567_17.877,train,70.112,1.787,3.1933689999999997,3.13,2.567,17.877,0.0,0.47390164969703347,0.010379515686499117
airFoil2D_SST_70.154_3.317_3.688_6.75_0.0_18.429,train,70.154,3.317,11.002489,3.688,6.75,0.0,18.429,0.6916453090194051,0.01156143493462892
airFoil2D_SST_70.176_3.422_1.033_4.854_16.158,train,70.176,3.422,11.710084,1.033,4.854,16.158,0.0,0.4709387419725292,0.009886461172573609
airFoil2D_SST_70.363_10.191_0.565_5.235_12.884,train,70.363,10.191,103.85648100000002,0.565,5.235,12.884,0.0,1.136401353978356,0.013514150893368108
airFoil2D_SST_70.495_-4.107_0.853_1.987_13.259,train,70.495,-4.107,16.867449,0.853,1.987,13.259,0.0,-0.36154019070698507,0.009083582732452324
airFoil2D_SST_70.549_13.375_5.216_6.246_9.248,train,70.549,13.375,178.890625,5.216,6.246,9.248,0.0,1.8501111532331644,0.026862982190101175
airFoil2D_SST_70.657_-4.057_4.525_0.0_13.307,train,70.657,-4.057,16.459249000000003,4.525,0.0,13.307,0.0,-0.43502124718326096,0.009201309817197363
airFoil2D_SST_70.666_5.642_3.479_5.344_12.979,train,70.666,5.642,31.832164000000002,3.479,5.344,12.979,0.0,1.008572551328283,0.011381312287183101
airFoil2D_SST_70.752_9.473_6.262_0.0_6.588,train,70.752,9.473,89.73772900000002,6.262,0.0,6.588,0.0,1.0144185173813203,0.013137065474842578
airFoil2D_SST_70.882_8.348_0.485_5.504_0.0_14.481,train,70.882,8.348,69.68910400000001,0.485,5.504,0.0,14.481,0.9229180107888889,0.011887518174171071
airFoil2D_SST_71.139_-4.429_2.189_4.398_0.0_9.674,train,71.139,-4.429,19.616041000000003,2.189,4.398,0.0,9.674,-0.3152264229212671,0.008574114860961593
airFoil2D_SST_71.221_-3.6_3.181_4.506_0.0_15.109,train,71.221,-3.6,12.96,3.181,4.506,0.0,15.109,-0.13365280743295713,0.009247747672737722
airFoil2D_SST_71.339_1.374_3.815_3.862_0.0_5.505,train,71.339,1.374,1.8878760000000003,3.815,3.862,0.0,5.505,0.423797019444541,0.007753879538000654
airFoil2D_SST_71.355_-1.42_1.674_3.729_0.0_5.713,train,71.355,-1.42,2.0164,1.674,3.729,0.0,5.713,-0.039421025577170095,0.007355513699368099
airFoil2D_SST_71.41_-4.21_6.341_3.332_13.452,train,71.41,-4.21,17.7241,6.341,3.332,13.452,0.0,0.1887361273418061,0.009514903035474313
airFoil2D_SST_71.532_4.936_3.327_3.104_0.0_12.435,train,71.532,4.936,24.364096,3.327,3.104,0.0,12.435,0.7488123120836161,0.010119133189607003
airFoil2D_SST_71.537_3.727_0.431_7.207_1.0_16.228,train,71.537,3.727,13.890528999999999,0.431,7.207,1.0,16.228,0.436272205025847,0.009813025287728247
airFoil2D_SST_71.675_1.743_0.955_4.968_15.595,train,71.675,1.743,3.0380490000000004,0.955,4.968,15.595,0.0,0.2888338088516893,0.009293440565937465
airFoil2D_SST_71.701_6.987_0.974_7.918_0.0_8.579,train,71.701,6.987,48.818169000000005,0.974,7.918,0.0,8.579,0.8730857865965358,0.010112940627209268
airFoil2D_SST_71.85_7.865_2.88_6.646_0.0_18.137,train,71.85,7.865,61.858225000000004,2.88,6.646,0.0,18.137,1.0602606702187813,0.014250881611513042
airFoil2D_SST_72.125_2.782_2.247_1.804_9.089,train,72.125,2.782,7.739524,2.247,1.804,9.089,0.0,0.5266672798390435,0.00845660732021299
airFoil2D_SST_72.178_2.723_1.882_7.797_0.0_16.455,train,72.178,2.723,7.4147289999999995,1.882,7.797,0.0,16.455,0.49082030409064853,0.009980824718551565
airFoil2D_SST_72.263_6.816_6.715_4.608_6.101,train,72.263,6.816,46.457856,6.715,4.608,6.101,0.0,1.4641238690641858,0.013038609854257976
airFoil2D_SST_72.29_3.521_1.995_6.673_1.0_9.514,train,72.29,3.521,12.397440999999999,1.995,6.673,1.0,9.514,0.5906064012246235,0.008726604394256859
airFoil2D_SST_72.411_-3.127_0.637_0.0_9.894,train,72.411,-3.127,9.778128999999998,0.637,0.0,9.894,0.0,-0.3440615804905944,0.008272815381319208
airFoil2D_SST_72.412_-3.963_1.951_3.133_0.0_18.479,train,72.412,-3.963,15.705369000000001,1.951,3.133,0.0,18.479,-0.2804224533510089,0.010019277759069453
airFoil2D_SST_72.428_5.146_1.969_3.044_1.0_11.375,train,72.428,5.146,26.481316,1.969,3.044,1.0,11.375,0.6864412272737349,0.009590624151348825
airFoil2D_SST_72.479_0.714_1.541_6.943_0.0_5.203,train,72.479,0.714,0.5097959999999999,1.541,6.943,0.0,5.203,0.23928871453969316,0.007273687800478605
airFoil2D_SST_72.4_10.237_1.802_5.182_16.934,train,72.4,10.237,104.796169,1.802,5.182,16.934,0.0,1.219145818471057,0.01546237169417334
airFoil2D_SST_72.522_-1.898_1.79_5.467_0.0_18.926,train,72.522,-1.898,3.6024039999999995,1.79,5.467,0.0,18.926,-0.04180587831419852,0.009876952228778907
airFoil2D_SST_72.613_12.433_2.241_2.265_17.027,train,72.613,12.433,154.579489,2.241,2.265,17.027,0.0,1.4082678118726075,0.01954450725847308
airFoil2D_SST_72.639_13.978_3.689_7.041_0.0_9.686,train,72.639,13.978,195.384484,3.689,7.041,0.0,9.686,1.7285249380949224,0.023528273828878257
airFoil2D_SST_72.738_7.245_0.92_4.818_9.397,train,72.738,7.245,52.490025,0.92,4.818,9.397,0.0,0.8936501874891678,0.010389601849865954
airFoil2D_SST_72.837_-2.511_3.539_2.687_13.716,train,72.837,-2.511,6.305121000000001,3.539,2.687,13.716,0.0,0.07760337465585135,0.00886819286497718
airFoil2D_SST_72.844_3.105_2.426_4.619_19.695,train,72.844,3.105,9.641024999999999,2.426,4.619,19.695,0.0,0.5451084078021007,0.011113450017640488
airFoil2D_SST_72.981_0.671_2.926_6.76_15.634,train,72.981,0.671,0.45024100000000006,2.926,6.76,15.634,0.0,0.44811607806832576,0.009747109034092177
airFoil2D_SST_72.995_8.341_6.013_0.0_14.449,train,72.995,8.341,69.57228099999999,6.013,0.0,14.449,0.0,0.8871568887467618,0.011645044064216832
airFoil2D_SST_73.156_-0.569_3.148_5.505_5.408,train,73.156,-0.569,0.32376099999999997,3.148,5.505,5.408,0.0,0.33799646249053855,0.007485219766154452
airFoil2D_SST_73.526_7.674_0.195_7.627_1.0_18.144,train,73.526,7.674,58.89027600000001,0.195,7.627,1.0,18.144,0.8003933766184889,0.0120772911106584
airFoil2D_SST_73.562_9.666_5.064_6.447_11.081,train,73.562,9.666,93.431556,5.064,6.447,11.081,0.0,1.5924288863681049,0.017761612647418507
airFoil2D_SST_73.593_-2.09_1.959_3.59_0.0_14.704,train,73.593,-2.09,4.368099999999999,1.959,3.59,0.0,14.704,-0.0877874310254846,0.008893017739554171
airFoil2D_SST_73.628_-0.613_5.801_0.0_12.665,train,73.628,-0.613,0.37576899999999996,5.801,0.0,12.665,0.0,-0.06277390649736626,0.008414363657619271
airFoil2D_SST_73.661_-3.779_0.123_6.621_1.0_9.039,train,73.661,-3.779,14.280840999999999,0.123,6.621,1.0,9.039,-0.40400209067719683,0.008267995844890647
airFoil2D_SST_73.782_8.79_1.673_0.0_16.831,train,73.782,8.79,77.26409999999998,1.673,0.0,16.831,0.0,0.9066448738876965,0.012492199264848881
airFoil2D_SST_73.831_12.535_2.316_4.806_0.0_15.905,train,73.831,12.535,157.126225,2.316,4.806,0.0,15.905,1.4184272790831112,0.01900051299763714
airFoil2D_SST_73.851_3.988_0.256_1.626_15.014,train,73.851,3.988,15.904144,0.256,1.626,15.014,0.0,0.4490581240832019,0.00952464856454817
airFoil2D_SST_73.976_-2.934_2.212_6.681_0.0_13.706,train,73.976,-2.934,8.608356,2.212,6.681,0.0,13.706,-0.0942623563211703,0.008814764495664151
airFoil2D_SST_74.033_2.434_2.543_5.322_1.0_6.622,train,74.033,2.434,5.924356,2.543,5.322,1.0,6.622,0.4902503342447235,0.007914631476337645
airFoil2D_SST_74.035_7.245_0.344_6.241_1.0_17.792,train,74.035,7.245,52.490025,0.344,6.241,1.0,17.792,0.7734522245423414,0.011734637305498008
airFoil2D_SST_74.079_1.854_1.714_5.782_1.0_16.555,train,74.079,1.854,3.4373160000000005,1.714,5.782,1.0,16.555,0.34838193563834075,0.009604393223761656
airFoil2D_SST_74.085_2.679_6.672_5.488_16.753,train,74.085,2.679,7.177040999999999,6.672,5.488,16.753,0.0,0.9908620825393496,0.013601927875477943
airFoil2D_SST_74.162_6.504_2.479_0.0_14.146,train,74.162,6.504,42.302015999999995,2.479,0.0,14.146,0.0,0.6967460014056261,0.010335552662223541
airFoil2D_SST_74.165_1.138_4.452_3.087_12.674,train,74.165,1.138,1.2950439999999999,4.452,3.087,12.674,0.0,0.5780652807358505,0.009318497177643237
airFoil2D_SST_74.259_-3.09_2.43_4.486_7.835,train,74.259,-3.09,9.5481,2.43,4.486,7.835,0.0,-0.06083699950108287,0.0078028662187106385
airFoil2D_SST_74.299_14.375_3.721_2.151_11.098,train,74.299,14.375,206.640625,3.721,2.151,11.098,0.0,1.743604848557524,0.023703123239093488
airFoil2D_SST_74.402_0.358_0.843_4.361_0.0_16.099,train,74.402,0.358,0.128164,0.843,4.361,0.0,16.099,0.10203225486485948,0.009142415981628906
airFoil2D_SST_74.512_-3.081_1.627_0.0_10.847,train,74.512,-3.081,9.492561,1.627,0.0,10.847,0.0,-0.3375137370731509,0.008389324754085999
airFoil2D_SST_74.539_-1.677_1.68_5.819_1.0_12.084,train,74.539,-1.677,2.812329,1.68,5.819,1.0,12.084,-0.027243938400336846,0.008351887619249319
airFoil2D_SST_74.577_10.798_1.552_6.403_0.0_9.246,train,74.577,10.798,116.596804,1.552,6.403,0.0,9.246,1.2928276479021372,0.014235135925106755
airFoil2D_SST_75.03_3.282_5.553_1.947_9.749,train,75.03,3.282,10.771524,5.553,1.947,9.749,0.0,0.9006314413284496,0.00993990536550301
airFoil2D_SST_75.091_9.682_2.985_5.899_0.0_11.11,train,75.091,9.682,93.74112400000001,2.985,5.899,0.0,11.11,1.299721784564769,0.013692391628015497
airFoil2D_SST_75.235_-0.236_2.204_6.684_13.159,train,75.235,-0.236,0.055695999999999996,2.204,6.684,13.159,0.0,0.2728649508347165,0.008741346983626889
airFoil2D_SST_75.304_14.015_0.408_7.275_1.0_11.623,train,75.304,14.015,196.42022500000002,0.408,7.275,1.0,11.623,1.456891870667949,0.01988645608639282
airFoil2D_SST_75.46_3.063_1.919_6.519_1.0_13.632,train,75.46,3.063,9.381969000000002,1.919,6.519,1.0,13.632,0.5213841297034095,0.00931892289095188
airFoil2D_SST_75.499_6.002_1.282_3.521_1.0_11.092,train,75.499,6.002,36.024004,1.282,3.521,1.0,11.092,0.7421936095789397,0.009741669599250902
airFoil2D_SST_75.517_-3.634_1.762_7.071_1.0_17.343,train,75.517,-3.634,13.205955999999999,1.762,7.071,1.0,17.343,-0.19971165090170084,0.009647756511058442
airFoil2D_SST_75.572_5.602_3.822_5.38_1.0_5.135,train,75.572,5.602,31.382404000000005,3.822,5.38,1.0,5.135,0.94172028118865,0.009353764926672364
airFoil2D_SST_75.666_12.028_0.718_5.597_0.0_17.667,train,75.666,12.028,144.672784,0.718,5.597,0.0,17.667,1.2446444524305231,0.01704083659752249
airFoil2D_SST_75.716_10.614_3.207_6.214_1.0_15.508,train,75.716,10.614,112.65699600000002,3.207,6.214,1.0,15.508,1.3640649451777722,0.016761020743034608
airFoil2D_SST_75.764_6.918_2.801_0.0_5.71,train,75.764,6.918,47.858724,2.801,0.0,5.71,0.0,0.7532564931368303,0.009818844256660849
airFoil2D_SST_75.768_7.534_3.432_4.875_19.568,train,75.768,7.534,56.761156,3.432,4.875,19.568,0.0,1.076626695960605,0.01506097712445381
airFoil2D_SST_75.802_5.209_1.446_5.183_0.0_11.243,train,75.802,5.209,27.133680999999996,1.446,5.183,0.0,11.243,0.6931411796284449,0.009460426866492233
airFoil2D_SST_75.854_8.667_1.688_7.032_1.0_12.494,train,75.854,8.667,75.116889,1.688,7.032,1.0,12.494,1.0972736411465114,0.012253440815051784
airFoil2D_SST_75.905_-4.83_0.564_0.0_13.817,train,75.905,-4.83,23.3289,0.564,0.0,13.817,0.0,-0.5192640431848233,0.009462028207050678
airFoil2D_SST_75.912_-0.078_3.859_1.842_9.58,train,75.912,-0.078,0.006084,3.859,1.842,9.58,0.0,0.36990324297995864,0.008233035337344019
airFoil2D_SST_75.993_6.792_4.581_6.945_9.388,train,75.993,6.792,46.131263999999994,4.581,6.945,9.388,0.0,1.3487341823150332,0.013173703856548764
airFoil2D_SST_76.033_5.756_5.518_1.673_19.188,train,76.033,5.756,33.131536000000004,5.518,1.673,19.188,0.0,1.0580246210472377,0.014518384761168453
airFoil2D_SST_76.326_4.848_6.47_5.914_13.755,train,76.326,4.848,23.503104,6.47,5.914,13.755,0.0,1.2457117399800708,0.01430640774255135
airFoil2D_SST_76.383_3.684_4.72_2.452_9.924,train,76.383,3.684,13.571856,4.72,2.452,9.924,0.0,0.8747113299271965,0.009738336253256756
airFoil2D_SST_76.531_12.251_2.306_5.797_16.565,train,76.531,12.251,150.087001,2.306,5.797,16.565,0.0,1.4473758131858259,0.019231573209178978
airFoil2D_SST_76.582_-4.258_0.93_4.137_0.0_7.316,train,76.582,-4.258,18.130564,0.93,4.137,0.0,7.316,-0.39952070357638525,0.00810656918712954
airFoil2D_SST_76.649_-1.002_0.565_6.903_0.0_17.102,train,76.649,-1.002,1.004004,0.565,6.903,0.0,17.102,-0.04831100253478302,0.009309285684163752
airFoil2D_SST_76.656_14.794_2.878_4.67_13.867,train,76.656,14.794,218.862436,2.878,4.67,13.867,0.0,1.6809444555782893,0.025696784493916214
airFoil2D_SST_76.672_4.848_3.899_6.613_1.0_19.765,train,76.672,4.848,23.503104,3.899,6.613,1.0,19.765,0.8426608801911285,0.01292085145873495
airFoil2D_SST_76.701_3.568_1.2_3.496_1.0_16.791,train,76.701,3.568,12.730624,1.2,3.496,1.0,16.791,0.4545263208514203,0.009893795345539046
airFoil2D_SST_76.841_1.435_1.557_3.806_1.0_13.553,train,76.841,1.435,2.059225,1.557,3.806,1.0,13.553,0.26788763100375085,0.008726194824056033
airFoil2D_SST_76.857_-1.481_2.184_7.102_0.0_7.491,train,76.857,-1.481,2.1933610000000003,2.184,7.102,0.0,7.491,0.0695758732323659,0.007569669376601514
airFoil2D_SST_76.883_2.58_3.196_3.198_1.0_5.065,train,76.883,2.58,6.6564000000000005,3.196,3.198,1.0,5.065,0.48875833932560103,0.007674157947854441
airFoil2D_SST_76.997_13.224_0.35_6.594_0.0_10.035,train,76.997,13.224,174.874176,0.35,6.594,0.0,10.035,1.3939702493051855,0.018430060613884584
airFoil2D_SST_77.015_1.968_2.01_5.652_1.0_7.285,train,77.015,1.968,3.873024,2.01,5.652,1.0,7.285,0.40045470839208563,0.007769837842530291
airFoil2D_SST_77.117_6.408_1.603_6.213_1.0_9.714,train,77.117,6.408,41.062464000000006,1.603,6.213,1.0,9.714,0.8538697280344866,0.00988193673866774
airFoil2D_SST_77.218_-3.36_3.906_6.244_0.0_16.651,train,77.218,-3.36,11.289599999999998,3.906,6.244,0.0,16.651,0.01244835185490441,0.009520210572920195
airFoil2D_SST_77.223_11.118_4.464_0.0_6.756,train,77.223,11.118,123.609924,4.464,0.0,6.756,0.0,1.1687944203419698,0.016592762554649317
airFoil2D_SST_77.296_14.133_2.822_1.625_5.329,train,77.296,14.133,199.74168899999998,2.822,1.625,5.329,0.0,1.6378939742714742,0.02779419163834066
airFoil2D_SST_77.333_-1.93_1.954_6.462_0.0_16.514,train,77.333,-1.93,3.7249,1.954,6.462,0.0,16.514,-0.01573202595911693,0.0092305829065202
airFoil2D_SST_77.351_-0.529_2.892_5.291_0.0_17.634,train,77.351,-0.529,0.279841,2.892,5.291,0.0,17.634,0.18753025109461283,0.009590453003972982
airFoil2D_SST_77.362_11.678_4.986_6.817_10.94,train,77.362,11.678,136.375684,4.986,6.817,10.94,0.0,1.748952608175943,0.022047896032852274
airFoil2D_SST_77.642_4.961_5.538_3.255_19.513,train,77.642,4.961,24.611521000000003,5.538,3.255,19.513,0.0,1.0007576099384277,0.014161704016447094
airFoil2D_SST_77.67_2.842_3.701_3.081_5.108,train,77.67,2.842,8.076964,3.701,3.081,5.108,0.0,0.6963964686756539,0.008085686339172228
airFoil2D_SST_77.732_10.669_2.989_4.52_0.0_13.654,train,77.732,10.669,113.82756100000002,2.989,4.52,0.0,13.654,1.338591205551681,0.015299992057579974
airFoil2D_SST_77.747_9.369_5.967_0.0_14.955,train,77.747,9.369,87.778161,5.967,0.0,14.955,0.0,0.9873332022687178,0.012480887975079829
airFoil2D_SST_77.761_9.759_0.265_4.39_0.0_19.764,train,77.761,9.759,95.23808100000001,0.265,4.39,0.0,19.764,0.9760957774870219,0.014289987862277358
airFoil2D_SST_77.868_-3.245_2.401_5.584_14.959,train,77.868,-3.245,10.530025,2.401,5.584,14.959,0.0,-0.07020719337206859,0.009056979089401136
airFoil2D_SST_77.949_1.081_1.711_0.0_14.699,train,77.949,1.081,1.168561,1.711,0.0,14.699,0.0,0.11735331178057935,0.00877686363905048
airFoil2D_SST_78.079_9.32_4.225_3.07_14.673,train,78.079,9.32,86.86240000000001,4.225,3.07,14.673,0.0,1.3652743201237003,0.015380622283259508
airFoil2D_SST_78.101_6.186_0.788_6.718_0.0_18.961,train,78.101,6.186,38.266596,0.788,6.718,0.0,18.961,0.6999994435083465,0.0115112837707327
airFoil2D_SST_78.144_0.598_5.386_5.0_19.683,train,78.144,0.598,0.357604,5.386,5.0,19.683,0.0,0.5944360765940462,0.011715816634709612
airFoil2D_SST_78.157_9.869_0.317_7.858_1.0_11.996,train,78.157,9.869,97.397161,0.317,7.858,1.0,11.996,1.084833550881885,0.012654474981544515
airFoil2D_SST_78.21_11.15_1.758_3.985_0.0_17.985,train,78.21,11.15,124.3225,1.758,3.985,0.0,17.985,1.2248255863128243,0.016482216275062217
airFoil2D_SST_78.333_-1.115_5.593_4.208_16.049,train,78.333,-1.115,1.243225,5.593,4.208,16.049,0.0,0.4612354209693127,0.009989214919780089
airFoil2D_SST_78.338_-4.8_1.48_3.787_9.914,train,78.338,-4.8,23.04,1.48,3.787,9.914,0.0,-0.366991026341158,0.008497574861960932
airFoil2D_SST_78.34_6.378_3.54_7.969_1.0_16.4,train,78.34,6.378,40.678884000000004,3.54,7.969,1.0,16.4,1.0456192919293383,0.012874781257708877
airFoil2D_SST_78.374_-1.964_3.817_6.838_11.44,train,78.374,-1.964,3.857296,3.817,6.838,11.44,0.0,0.3247288095190204,0.00868767958095126
airFoil2D_SST_78.465_-2.113_3.461_4.125_0.0_14.354,train,78.465,-2.113,4.4647689999999995,3.461,4.125,0.0,14.354,0.03236560607385808,0.008817664768877125
airFoil2D_SST_78.532_2.95_3.563_6.242_1.0_17.015,train,78.532,2.95,8.7025,3.563,6.242,1.0,17.015,0.642714641969619,0.010609720595754473
airFoil2D_SST_78.545_-2.454_3.406_6.14_0.0_5.302,train,78.545,-2.454,6.0221160000000005,3.406,6.14,0.0,5.302,0.05338198248358136,0.007658800293895525
airFoil2D_SST_78.775_6.707_3.096_0.0_14.402,train,78.775,6.707,44.983849,3.096,0.0,14.402,0.0,0.7180921795728095,0.010391872424305146
airFoil2D_SST_78.897_0.911_0.977_3.527_1.0_17.536,train,78.897,0.911,0.829921,0.977,3.527,1.0,17.536,0.15962521770369842,0.009424879442905916
airFoil2D_SST_79.103_9.448_2.568_4.486_1.0_15.39,train,79.103,9.448,89.26470400000001,2.568,4.486,1.0,15.39,1.1770608120873722,0.0139869335769985
airFoil2D_SST_79.12_-4.598_3.639_5.917_1.0_11.209,train,79.12,-4.598,21.141603999999997,3.639,5.917,1.0,11.209,-0.16171608734410073,0.00877653670063819
airFoil2D_SST_79.363_-2.891_4.248_5.445_5.234,train,79.363,-2.891,8.357881,4.248,5.445,5.234,0.0,0.21723676254136523,0.00755460774173795
airFoil2D_SST_79.684_1.762_0.85_4.146_14.581,train,79.684,1.762,3.104644,0.85,4.146,14.581,0.0,0.27920912164634665,0.008887782018620068
airFoil2D_SST_79.772_4.995_1.474_5.989_1.0_19.22,train,79.772,4.995,24.950025,1.474,5.989,1.0,19.22,0.6350084377333235,0.011187806572803154
airFoil2D_SST_79.843_1.376_1.227_4.272_5.471,train,79.843,1.376,1.8933759999999997,1.227,4.272,5.471,0.0,0.2920036914111822,0.007250803345162059
airFoil2D_SST_79.844_5.144_0.947_7.443_0.0_12.405,train,79.844,5.144,26.460736,0.947,7.443,0.0,12.405,0.6621780667091026,0.009490471708185823
airFoil2D_SST_80.158_1.623_3.126_1.612_10.011,train,80.158,1.623,2.634129,3.126,1.612,10.011,0.0,0.4831006573648645,0.008389285090638349
airFoil2D_SST_80.1_10.905_3.705_2.479_18.371,train,80.1,10.905,118.91902499999999,3.705,2.479,18.371,0.0,1.3801694808413354,0.01914951198347411
airFoil2D_SST_80.393_8.386_1.422_6.966_0.0_12.002,train,80.393,8.386,70.32499599999998,1.422,6.966,0.0,12.002,1.0457830856150991,0.011637179991044504
airFoil2D_SST_80.803_-4.91_1.694_6.653_18.254,train,80.803,-4.91,24.1081,1.694,6.653,18.254,0.0,-0.3121270393975016,0.010090719172708955
airFoil2D_SST_80.805_3.674_1.118_2.162_11.884,train,80.805,3.674,13.498275999999999,1.118,2.162,11.884,0.0,0.5117863152294946,0.008825804525541246
airFoil2D_SST_80.912_10.945_6.726_0.0_15.792,train,80.912,10.945,119.793025,6.726,0.0,15.792,0.0,1.1322131978088366,0.014223837639809937
airFoil2D_SST_80.927_8.164_0.55_5.471_5.476,train,80.927,8.164,66.65089599999999,0.55,5.471,5.476,0.0,0.9470445638910411,0.011593304953471037
airFoil2D_SST_80.941_8.137_0.436_5.558_0.0_6.37,train,80.941,8.137,66.21076900000001,0.436,5.558,0.0,6.37,0.9199702911999602,0.010797412989270581
airFoil2D_SST_80.975_5.011_0.813_3.06_1.0_10.426,train,80.975,5.011,25.110121,0.813,3.06,1.0,10.426,0.6015093495346352,0.008928615649017336
airFoil2D_SST_80.983_9.263_2.708_5.882_1.0_15.224,train,80.983,9.263,85.803169,2.708,5.882,1.0,15.224,1.2045902169016571,0.014007236402859488
airFoil2D_SST_80.985_6.877_2.735_4.998_9.345,train,80.985,6.877,47.293129,2.735,4.998,9.345,0.0,1.0658240328617523,0.010748015620519677
airFoil2D_SST_81.092_14.391_2.15_1.586_6.867,train,81.092,14.391,207.100881,2.15,1.586,6.867,0.0,1.629171640826004,0.02443889497144278
airFoil2D_SST_81.1_-3.152_4.53_2.464_15.089,train,81.1,-3.152,9.935104,4.53,2.464,15.089,0.0,0.09878363966740732,0.009130896690335087
airFoil2D_SST_81.312_8.457_5.339_5.618_8.243,train,81.312,8.457,71.52084900000001,5.339,5.618,8.243,0.0,1.5196485587640942,0.014450586221596881
airFoil2D_SST_81.514_-0.659_2.706_2.211_12.109,train,81.514,-0.659,0.43428100000000003,2.706,2.211,12.109,0.0,0.1949825505059392,0.00831096478833768
airFoil2D_SST_81.578_11.408_1.805_4.789_16.271,train,81.578,11.408,130.142464,1.805,4.789,16.271,0.0,1.3313810997801636,0.016498969132768923
airFoil2D_SST_81.593_1.477_4.456_6.219_9.635,train,81.593,1.477,2.1815290000000003,4.456,6.219,9.635,0.0,0.7556493171665297,0.009122869891692323
airFoil2D_SST_81.725_12.451_3.565_6.577_8.962,train,81.725,12.451,155.02740100000003,3.565,6.577,8.962,0.0,1.6949035111333133,0.02050826584611185
airFoil2D_SST_81.781_2.334_3.114_3.469_10.511,train,81.781,2.334,5.4475560000000005,3.114,3.469,10.511,0.0,0.5875125624263032,0.00866086242041065
airFoil2D_SST_81.815_5.996_3.881_4.12_0.0_9.071,train,81.815,5.996,35.95201600000001,3.881,4.12,0.0,9.071,0.9468383769400143,0.010080644495479761
airFoil2D_SST_81.846_10.688_0.402_4.721_0.0_11.955,train,81.846,10.688,114.23334400000002,0.402,4.721,0.0,11.955,1.1629716658121976,0.0134703022566626
airFoil2D_SST_81.945_0.589_4.464_2.158_17.344,train,81.945,0.589,0.346921,4.464,2.158,17.344,0.0,0.47632632513847517,0.010028390250188438
airFoil2D_SST_82.06_1.675_2.527_5.92_0.0_9.052,train,82.06,1.675,2.805625,2.527,5.92,0.0,9.052,0.4235095799607144,0.008045102474006206
airFoil2D_SST_82.155_0.025_2.708_3.4_1.0_7.728,train,82.155,0.025,0.0006250000000000001,2.708,3.4,1.0,7.728,0.18543789961850535,0.00753156692957027
airFoil2D_SST_82.182_-1.399_1.493_3.187_0.0_10.789,train,82.182,-1.399,1.957201,1.493,3.187,0.0,10.789,-0.05607796349900819,0.007938007943696866
airFoil2D_SST_82.258_8.716_1.254_6.814_0.0_15.773,train,82.258,8.716,75.96865599999998,1.254,6.814,0.0,15.773,1.0317747428961637,0.012626379959587958
airFoil2D_SST_82.329_9.489_3.252_5.065_1.0_9.749,train,82.329,9.489,90.04112100000002,3.252,5.065,1.0,9.749,1.2877166550356698,0.012973152557576952
airFoil2D_SST_82.347_-2.636_3.96_7.529_1.0_16.424,train,82.347,-2.636,6.9484960000000004,3.96,7.529,1.0,16.424,0.14202962131833158,0.009424534392388441
airFoil2D_SST_82.41_11.265_1.422_4.945_15.788,train,82.41,11.265,126.900225,1.422,4.945,15.788,0.0,1.2940377267307113,0.01569307815981875
airFoil2D_SST_82.556_12.657_2.173_0.0_9.256,train,82.556,12.657,160.199649,2.173,0.0,9.256,0.0,1.3166858877326209,0.0174111299985876
airFoil2D_SST_82.661_14.383_6.242_0.0_18.337,train,82.661,14.383,206.87068899999997,6.242,0.0,18.337,0.0,1.3701632483702122,0.02114497445523411
airFoil2D_SST_82.69_13.821_0.975_6.331_1.0_16.192,train,82.69,13.821,191.020041,0.975,6.331,1.0,16.192,1.4351449632681903,0.020128149714223498
airFoil2D_SST_82.753_1.8_0.372_3.563_0.0_9.275,train,82.753,1.8,3.24,0.372,3.563,0.0,9.275,0.22508759807957673,0.007758465736530266
airFoil2D_SST_82.842_2.654_1.098_2.53_10.606,train,82.842,2.654,7.043716,1.098,2.53,10.606,0.0,0.4033012910948711,0.008259038861719453
airFoil2D_SST_82.973_6.189_1.656_4.591_1.0_15.958,train,82.973,6.189,38.303721,1.656,4.591,1.0,15.958,0.7831227906753396,0.010888998675901323
airFoil2D_SST_82.994_-4.284_3.687_6.637_16.903,train,82.994,-4.284,18.352656,3.687,6.637,16.903,0.0,-0.007012898877135528,0.00976156255495715
airFoil2D_SST_83.028_1.664_0.408_5.845_0.0_12.429,train,83.028,1.664,2.768896,0.408,5.845,0.0,12.429,0.2200307914892423,0.008318882883591599
airFoil2D_SST_83.053_10.95_1.506_3.323_9.429,train,83.053,10.95,119.90249999999999,1.506,3.323,9.429,0.0,1.3114545658016583,0.01433255319059933
airFoil2D_SST_83.061_-2.365_3.764_5.776_1.0_15.89,train,83.061,-2.365,5.593225000000001,3.764,5.776,1.0,15.89,0.08856471848932763,0.009159242539944597
airFoil2D_SST_83.156_-1.003_5.827_2.226_19.185,train,83.156,-1.003,1.0060089999999997,5.827,2.226,19.185,0.0,0.41990345389196126,0.010519634052790838
airFoil2D_SST_83.396_4.292_0.529_5.971_0.0_17.366,train,83.396,4.292,18.421263999999997,0.529,5.971,0.0,17.366,0.4946066451187206,0.010011821065857969
airFoil2D_SST_83.453_5.16_0.476_3.817_1.0_17.328,train,83.453,5.16,26.625600000000002,0.476,3.817,1.0,17.328,0.5702091950225299,0.010298569939240993
airFoil2D_SST_83.526_0.275_3.114_4.789_1.0_12.835,train,83.526,0.275,0.07562500000000001,3.114,4.789,1.0,12.835,0.2870956520967359,0.008551366358982087
airFoil2D_SST_83.554_-0.206_0.388_5.757_0.0_16.951,train,83.554,-0.206,0.042435999999999995,0.388,5.757,0.0,16.951,0.01292519317977437,0.009119202665451303
airFoil2D_SST_83.563_8.784_1.675_3.334_11.353,train,83.563,8.784,77.15865600000001,1.675,3.334,11.353,0.0,1.1139566014711368,0.011913474774401633
airFoil2D_SST_83.649_2.991_6.783_5.285_15.185,train,83.649,2.991,8.946081000000001,6.783,5.285,15.185,0.0,1.0574848861886843,0.012809237083736434
airFoil2D_SST_83.668_-0.154_1.841_7.055_1.0_10.304,train,83.668,-0.154,0.023716,1.841,7.055,1.0,10.304,0.17945751127395737,0.00790343796541127
airFoil2D_SST_83.805_-2.368_3.288_0.0_14.429,train,83.805,-2.368,5.607423999999999,3.288,0.0,14.429,0.0,-0.25203020224323003,0.008764923928941752
airFoil2D_SST_83.866_7.072_4.812_4.939_11.56,train,83.866,7.072,50.013184,4.812,4.939,11.56,0.0,1.2924309907899563,0.012718283704519166
airFoil2D_SST_83.887_11.098_3.317_2.112_7.259,train,83.887,11.098,123.16560400000002,3.317,2.112,7.259,0.0,1.485632462938304,0.015215571780122015
airFoil2D_SST_83.993_10.542_3.978_6.293_1.0_14.147,train,83.993,10.542,111.133764,3.978,6.293,1.0,14.147,1.4462672478789356,0.0166437459096914
airFoil2D_SST_84.006_-2.159_1.866_4.683_17.988,train,84.006,-2.159,4.661280999999999,1.866,4.683,17.988,0.0,-0.03724907752295683,0.009462338124068107
airFoil2D_SST_84.045_2.614_1.08_2.75_12.161,train,84.045,2.614,6.832996,1.08,2.75,12.161,0.0,0.3953100174387158,0.008517095525419396
airFoil2D_SST_84.129_6.313_2.832_5.727_1.0_9.564,train,84.129,6.313,39.853969,2.832,5.727,1.0,9.564,0.9482683300039471,0.010074058483390293
airFoil2D_SST_84.367_14.837_0.843_4.812_12.138,train,84.367,14.837,220.13656899999998,0.843,4.812,12.138,0.0,1.5576073223721685,0.02196028032331838
airFoil2D_SST_84.527_4.391_3.033_7.465_0.0_7.103,train,84.527,4.391,19.280881,3.033,7.465,0.0,7.103,0.8168177620299965,0.008811850022793163
airFoil2D_SST_84.572_-2.053_5.842_6.436_6.457,train,84.572,-2.053,4.214809,5.842,6.436,6.457,0.0,0.5827141883103741,0.008365725856853589
airFoil2D_SST_84.774_14.053_3.28_5.002_1.0_12.931,train,84.774,14.053,197.48680900000002,3.28,5.002,1.0,12.931,1.6460818509875221,0.02205375451752635
airFoil2D_SST_84.888_4.369_0.795_6.876_0.0_16.81,train,84.888,4.369,19.088161,0.795,6.876,0.0,16.81,0.5376674810041869,0.009966778231514302
airFoil2D_SST_84.896_14.926_3.517_6.921_0.0_11.998,train,84.896,14.926,222.78547600000002,3.517,6.921,0.0,11.998,1.7411250814485846,0.02727479599003671
airFoil2D_SST_84.89_-2.91_3.76_7.573_1.0_16.205,train,84.89,-2.91,8.468100000000002,3.76,7.573,1.0,16.205,0.09417838678075538,0.009292991237241937
airFoil2D_SST_84.992_0.829_4.757_0.0_19.245,train,84.992,0.829,0.6872409999999999,4.757,0.0,19.245,0.0,0.08790266133915503,0.009647272974215018
airFoil2D_SST_85.062_9.693_0.727_6.947_0.0_17.293,train,85.062,9.693,93.95424899999999,0.727,6.947,0.0,17.293,1.059142222648621,0.013559512646873273
airFoil2D_SST_85.115_-4.81_3.676_7.354_0.0_15.329,train,85.115,-4.81,23.136099999999995,3.676,7.354,0.0,15.329,-0.12316849170482178,0.009316410097551681
airFoil2D_SST_85.127_5.859_1.916_4.91_7.26,train,85.127,5.859,34.327881,1.916,4.91,7.26,0.0,0.8677450539204783,0.009311616766421015
airFoil2D_SST_85.129_1.736_1.952_3.253_1.0_17.464,train,85.129,1.736,3.013696,1.952,3.253,1.0,17.464,0.30682560679534,0.00951006668633343
airFoil2D_SST_85.264_-1.334_2.364_0.0_18.665,train,85.264,-1.334,1.7795560000000001,2.364,0.0,18.665,0.0,-0.13237492393256226,0.009541020356268002
airFoil2D_SST_85.373_7.196_3.707_1.763_17.931,train,85.373,7.196,51.782416,3.707,1.763,17.931,0.0,1.0686188812766297,0.013500218901171448
airFoil2D_SST_85.488_6.826_3.112_3.445_1.0_17.471,train,85.488,6.826,46.594275999999994,3.112,3.445,1.0,17.471,0.9120275724517781,0.012170256632323323
airFoil2D_SST_85.519_7.963_6.333_5.46_6.878,train,85.519,7.963,63.409369,6.333,5.46,6.878,0.0,1.5725352388079195,0.01445806587165142
airFoil2D_SST_85.587_9.118_2.643_0.0_7.612,train,85.587,9.118,83.13792400000001,2.643,0.0,7.612,0.0,0.9844539326539522,0.011681333266925121
airFoil2D_SST_85.691_1.344_0.994_4.15_0.0_5.785,train,85.691,1.344,1.8063360000000002,0.994,4.15,0.0,5.785,0.2230950287980398,0.007135238259486452
airFoil2D_SST_85.763_11.065_1.74_5.104_0.0_19.742,train,85.763,11.065,122.43422499999998,1.74,5.104,0.0,19.742,1.2015197232139976,0.017113780240611033
airFoil2D_SST_85.797_6.201_5.364_5.552_19.21,train,85.797,6.201,38.452400999999995,5.364,5.552,19.21,0.0,1.1595638090739655,0.01613003156623722
airFoil2D_SST_85.84_10.702_0.466_4.088_14.066,train,85.84,10.702,114.532804,0.466,4.088,14.066,0.0,1.1667585684551514,0.013704971409576886
airFoil2D_SST_85.861_6.295_2.129_7.839_1.0_13.532,train,85.861,6.295,39.627024999999996,2.129,7.839,1.0,13.532,0.9152505876780395,0.010740153441834925
airFoil2D_SST_85.907_12.326_3.865_5.533_1.0_15.136,train,85.907,12.326,151.93027600000002,3.865,5.533,1.0,15.136,1.5410453984549308,0.020094040415421396
airFoil2D_SST_85.932_7.572_5.082_4.563_7.109,train,85.932,7.572,57.335184,5.082,4.563,7.109,0.0,1.376752512712672,0.0122959832489829
airFoil2D_SST_86.027_-3.133_3.068_6.365_14.244,train,86.027,-3.133,9.815689,3.068,6.365,14.244,0.0,0.052306990725386124,0.0088514413519953
airFoil2D_SST_86.05_8.94_1.499_7.799_1.0_13.797,train,86.05,8.94,79.9236,1.499,7.799,1.0,13.797,1.1107292723712003,0.012466842162989664
airFoil2D_SST_86.098_11.107_2.762_7.22_1.0_15.677,train,86.098,11.107,123.36544899999998,2.762,7.22,1.0,15.677,1.3912815528589215,0.01698703179868039
airFoil2D_SST_86.207_1.627_2.492_4.557_9.268,train,86.207,1.627,2.647129,2.492,4.557,9.268,0.0,0.46841633219879386,0.008056226302640208
airFoil2D_SST_86.252_2.683_3.137_6.051_1.0_11.465,train,86.252,2.683,7.1984889999999995,3.137,6.051,1.0,11.465,0.5940910843388297,0.00887731950290109
airFoil2D_SST_86.375_5.649_5.559_3.348_12.866,train,86.375,5.649,31.911201000000002,5.559,3.348,12.866,0.0,1.1691611096881043,0.01200187388697458
airFoil2D_SST_86.419_5.574_3.194_3.726_0.0_12.775,train,86.419,5.574,31.069475999999998,3.194,3.726,0.0,12.775,0.8313287503897822,0.010225094003859717
airFoil2D_SST_86.433_2.254_1.565_5.09_1.0_9.397,train,86.433,2.254,5.080516,1.565,5.09,1.0,9.397,0.38362876647369637,0.00794863219152043
airFoil2D_SST_86.438_13.799_4.104_0.0_19.913,train,86.438,13.799,190.412401,4.104,0.0,19.913,0.0,1.294393117976062,0.020348300407501567
airFoil2D_SST_86.4_10.844_2.181_3.867_0.0_10.9,train,86.4,10.844,117.59233599999999,2.181,3.867,0.0,10.9,1.3051622922321515,0.014022134552206312
airFoil2D_SST_86.505_5.929_0.471_6.492_18.111,train,86.505,5.929,35.153041,0.471,6.492,18.111,0.0,0.6658521459617693,0.010818992864715809
airFoil2D_SST_86.777_8.541_0.272_7.23_1.0_11.102,train,86.777,8.541,72.94868100000001,0.272,7.23,1.0,11.102,0.9506379904509044,0.01103321710378196
airFoil2D_SST_86.895_10.755_1.229_3.979_1.0_9.331,train,86.895,10.755,115.67002500000002,1.229,3.979,1.0,9.331,1.2355227226787286,0.013505237712788234
airFoil2D_SST_86.957_-1.263_0.866_3.895_1.0_15.644,train,86.957,-1.263,1.5951689999999998,0.866,3.895,1.0,15.644,-0.07150882132453076,0.008790306757138416
airFoil2D_SST_86.973_-0.403_3.801_4.751_17.273,train,86.973,-0.403,0.16240900000000003,3.801,4.751,17.273,0.0,0.35646294203848294,0.009677814138658869
airFoil2D_SST_87.016_6.764_2.499_0.0_9.618,train,87.016,6.764,45.751696,2.499,0.0,9.618,0.0,0.7405794479184593,0.009480154546999233
airFoil2D_SST_87.052_-2.338_6.683_0.0_6.744,train,87.052,-2.338,5.4662440000000005,6.683,0.0,6.744,0.0,-0.25730714717984315,0.007352130524029902
airFoil2D_SST_87.082_3.251_2.193_5.735_13.962,train,87.082,3.251,10.569001,2.193,5.735,13.962,0.0,0.6182593897731206,0.009400592702443528
airFoil2D_SST_87.093_-1.433_1.804_6.633_1.0_13.212,train,87.093,-1.433,2.0534890000000003,1.804,6.633,1.0,13.212,0.02622172312533985,0.008348316002517057
airFoil2D_SST_87.14_5.626_5.045_3.272_6.19,train,87.14,5.626,31.651876000000005,5.045,3.272,6.19,0.0,1.1359684136540678,0.010070324025873198
airFoil2D_SST_87.258_13.279_1.949_4.042_0.0_17.866,train,87.258,13.279,176.331841,1.949,4.042,0.0,17.866,1.4093466050322263,0.020412665748537402
airFoil2D_SST_87.355_8.758_3.42_7.406_1.0_10.329,train,87.355,8.758,76.70256399999998,3.42,7.406,1.0,10.329,1.3027414141674019,0.012741880120563511
airFoil2D_SST_87.422_2.992_1.895_3.128_1.0_10.656,train,87.422,2.992,8.952064,1.895,3.128,1.0,10.656,0.4529027115407465,0.008344893717300808
airFoil2D_SST_87.437_11.028_1.7_7.91_0.0_12.584,train,87.437,11.028,121.61678400000001,1.7,7.91,0.0,12.584,1.3394873834253322,0.014717822251925965
airFoil2D_SST_87.491_11.397_2.605_5.288_1.0_15.864,train,87.491,11.397,129.89160900000002,2.605,5.288,1.0,15.864,1.3673347105457354,0.016683224042346213
airFoil2D_SST_87.67_10.55_1.612_7.225_1.0_13.709,train,87.67,10.55,111.30250000000001,1.612,7.225,1.0,13.709,1.2676296113611885,0.014171013348198275
airFoil2D_SST_87.75_14.191_0.722_3.837_1.0_6.198,train,87.75,14.191,201.38448100000002,0.722,3.837,1.0,6.198,1.4223622265626417,0.03169086769994365
airFoil2D_SST_87.852_6.4_0.285_6.858_0.0_17.93,train,87.852,6.4,40.96000000000001,0.285,6.858,0.0,17.93,0.6875248039540904,0.010902720948985593
airFoil2D_SST_87.961_9.704_3.518_0.0_19.349,train,87.961,9.704,94.16761600000001,3.518,0.0,19.349,0.0,0.9695513438544112,0.013605979133275704
airFoil2D_SST_88.008_5.801_2.352_5.419_0.0_19.531,train,88.008,5.801,33.651601,2.352,5.419,0.0,19.531,0.7808882743385115,0.011909011365647485
airFoil2D_SST_88.052_-0.854_1.625_0.0_12.894,train,88.052,-0.854,0.729316,1.625,0.0,12.894,0.0,-0.09203078694010892,0.008217802704479122
airFoil2D_SST_88.17_-0.293_2.876_3.63_1.0_18.584,train,88.17,-0.293,0.085849,2.876,3.63,1.0,18.584,0.16380502176488274,0.00952215384332204
airFoil2D_SST_88.215_8.564_1.182_7.768_1.0_17.941,train,88.215,8.564,73.342096,1.182,7.768,1.0,17.941,0.9958139176425932,0.012959965978809487
airFoil2D_SST_88.377_11.031_2.891_2.555_14.289,train,88.377,11.031,121.682961,2.891,2.555,14.289,0.0,1.407325604224051,0.01583569277066274
airFoil2D_SST_88.56_10.656_1.649_4.18_0.0_5.627,train,88.56,10.656,113.55033600000002,1.649,4.18,0.0,5.627,1.2513748729155336,0.014542381388661086
airFoil2D_SST_88.702_6.716_5.926_1.947_10.282,train,88.702,6.716,45.104656000000006,5.926,1.947,10.282,0.0,1.2937107115149693,0.012251461044202584
airFoil2D_SST_88.706_-0.311_0.57_4.716_19.84,train,88.706,-0.311,0.096721,0.57,4.716,19.84,0.0,0.02080945378045301,0.009710888882250869
airFoil2D_SST_88.708_-1.362_0.781_3.831_13.726,train,88.708,-1.362,1.8550440000000004,0.781,3.831,13.726,0.0,-0.06544126098960479,0.008387690042184431
airFoil2D_SST_88.719_12.609_5.172_0.0_11.439,train,88.719,12.609,158.986881,5.172,0.0,11.439,0.0,1.3154532628932878,0.016149323127131042
airFoil2D_SST_88.721_-0.368_2.219_6.297_0.0_19.967,train,88.721,-0.368,0.135424,2.219,6.297,0.0,19.967,0.16019245201281843,0.00988053980696976
airFoil2D_SST_88.789_2.992_5.46_0.0_11.327,train,88.789,2.992,8.952064,5.46,0.0,11.327,0.0,0.3322943164493379,0.008209951155560911
airFoil2D_SST_88.797_-4.375_5.779_4.583_5.896,train,88.797,-4.375,19.140625,5.779,4.583,5.896,0.0,0.18646844613407046,0.008087650477916958
airFoil2D_SST_88.956_2.33_3.01_4.063_16.768,train,88.956,2.33,5.4289000000000005,3.01,4.063,16.768,0.0,0.5540898646008461,0.009879922999902938
airFoil2D_SST_89.151_4.462_0.974_4.094_1.0_19.856,train,89.151,4.462,19.909443999999997,0.974,4.094,1.0,19.856,0.5162795765578647,0.010660026167452326
airFoil2D_SST_89.255_9.525_1.912_5.137_1.0_13.035,train,89.255,9.525,90.72562500000001,1.912,5.137,1.0,13.035,1.1718048929789264,0.012803892933517746
airFoil2D_SST_89.256_5.252_2.579_6.809_1.0_13.748,train,89.256,5.252,27.583503999999998,2.579,6.809,1.0,13.748,0.8286078720724861,0.010255563372408164
airFoil2D_SST_89.418_-1.793_1.729_0.0_7.047,train,89.418,-1.793,3.2148489999999996,1.729,0.0,7.047,0.0,-0.1982556735131454,0.007279313095998624
airFoil2D_SST_89.479_-2.819_1.109_6.283_0.0_13.67,train,89.479,-2.819,7.9467609999999995,1.109,6.283,0.0,13.67,-0.1977228063459291,0.008510485185572897
airFoil2D_SST_89.485_5.95_1.332_4.634_1.0_18.665,train,89.485,5.95,35.4025,1.332,4.634,1.0,18.665,0.7113724748801769,0.011174509491357065
airFoil2D_SST_89.829_-0.442_0.995_5.61_15.75,train,89.829,-0.442,0.195364,0.995,5.61,15.75,0.0,0.06655373919679348,0.00877900201372202
airFoil2D_SST_89.868_-1.296_1.937_3.867_5.329,train,89.868,-1.296,1.679616,1.937,3.867,5.329,0.0,0.07155303635024872,0.006994533151481873
airFoil2D_SST_90.132_8.708_2.582_5.97_0.0_13.083,train,90.132,8.708,75.82926400000001,2.582,5.97,0.0,13.083,1.1656075889144715,0.012470942585976865
airFoil2D_SST_90.188_13.394_3.579_5.456_1.0_15.563,train,90.188,13.394,179.399236,3.579,5.456,1.0,15.563,1.5849369949463288,0.022555860251734103
airFoil2D_SST_90.26_10.644_0.076_3.962_1.0_18.874,train,90.26,10.644,113.294736,0.076,3.962,1.0,18.874,1.0634135755816698,0.014395978213081527
airFoil2D_SST_90.277_-2.776_6.739_5.51_14.548,train,90.277,-2.776,7.706175999999999,6.739,5.51,14.548,0.0,0.4835770826072407,0.009935253583135049
airFoil2D_SST_90.336_8.035_3.08_4.535_1.0_17.494,train,90.336,8.035,64.56122500000001,3.08,4.535,1.0,17.494,1.0613781531136013,0.013257727353205007
airFoil2D_SST_90.417_-4.392_3.599_3.758_1.0_19.217,train,90.417,-4.392,19.289664000000002,3.599,3.758,1.0,19.217,-0.19671345131230702,0.009770256888597843
airFoil2D_SST_90.417_11.946_0.395_4.203_0.0_8.257,train,90.417,11.946,142.706916,0.395,4.203,0.0,8.257,1.2851965485193027,0.015944326417406795
airFoil2D_SST_90.627_-1.805_2.542_3.971_8.661,train,90.627,-1.805,3.258025,2.542,3.971,8.661,0.0,0.08309121225382127,0.0075489620240576675
airFoil2D_SST_90.707_2.809_6.433_1.535_12.588,train,90.707,2.809,7.890481000000001,6.433,1.535,12.588,0.0,0.9186613083771396,0.01050346196714078
airFoil2D_SST_90.743_14.221_1.897_3.274_8.669,train,90.743,14.221,202.236841,1.897,3.274,8.669,0.0,1.611027186706278,0.022076057372184477
airFoil2D_SST_90.865_3.18_2.939_4.06_6.175,train,90.865,3.18,10.112400000000001,2.939,4.06,6.175,0.0,0.6780309830442173,0.00800660800612978
airFoil2D_SST_90.905_0.06_4.871_4.99_10.86,train,90.905,0.06,0.0036,4.871,4.99,10.86,0.0,0.5819544175085919,0.008699939629817346
airFoil2D_SST_90.998_-3.877_2.671_5.121_9.828,train,90.998,-3.877,15.031128999999998,2.671,5.121,9.828,0.0,-0.10484897880725806,0.007972954995594372
airFoil2D_SST_91.19_-3.322_0.977_3.547_6.125,train,91.19,-3.322,11.035684,0.977,3.547,6.125,0.0,-0.26128439962440664,0.007372477115552719
airFoil2D_SST_91.246_7.65_1.621_4.118_0.0_16.778,train,91.246,7.65,58.52250000000001,1.621,4.118,0.0,16.778,0.9160504416176927,0.011822238710801552
airFoil2D_SST_91.329_0.464_6.288_0.0_14.809,train,91.329,0.464,0.21529600000000002,6.288,0.0,14.809,0.0,0.05552145137137728,0.008524333448754124
airFoil2D_SST_91.343_8.134_5.467_2.067_18.633,train,91.343,8.134,66.161956,5.467,2.067,18.633,0.0,1.2908515505322677,0.016607301608478394
airFoil2D_SST_91.462_10.058_4.636_6.91_9.747,train,91.462,10.058,101.163364,4.636,6.91,9.747,0.0,1.6334122705568455,0.01723958324428694
airFoil2D_SST_91.707_-1.557_3.933_4.731_0.0_12.944,train,91.707,-1.557,2.4242489999999997,3.933,4.731,0.0,12.944,0.15240359469123704,0.008422051298998083
airFoil2D_SST_91.762_5.449_2.35_3.632_1.0_13.283,train,91.762,5.449,29.691601,2.35,3.632,1.0,13.283,0.7549505101806525,0.009870229464932814
airFoil2D_SST_91.765_1.166_5.421_6.392_17.218,train,91.765,1.166,1.3595559999999998,5.421,6.392,17.218,0.0,0.7610553551899867,0.011586294457172658
airFoil2D_SST_91.891_-1.915_3.784_0.0_8.045,train,91.891,-1.915,3.667225,3.784,0.0,8.045,0.0,-0.2111060164100662,0.0074143536701217275
airFoil2D_SST_92.111_0.894_0.329_4.506_1.0_5.33,train,92.111,0.894,0.7992360000000001,0.329,4.506,1.0,5.33,0.12469542063067232,0.006904633690609809
airFoil2D_SST_92.121_3.155_1.986_5.337_10.487,train,92.121,3.155,9.954024999999998,1.986,5.337,10.487,0.0,0.5913759330419748,0.008501297513370937
airFoil2D_SST_92.148_0.643_0.967_2.814_13.614,train,92.148,0.643,0.413449,0.967,2.814,13.614,0.0,0.16692398161775082,0.008338261300147065
airFoil2D_SST_92.18_9.107_2.377_7.874_1.0_6.764,train,92.18,9.107,82.93744899999999,2.377,7.874,1.0,6.764,1.2460372383438552,0.012171768574623185
airFoil2D_SST_92.257_1.382_2.101_4.398_11.912,train,92.257,1.382,1.9099239999999997,2.101,4.398,11.912,0.0,0.38797908138194886,0.008299971681003502
airFoil2D_SST_92.334_-1.287_2.578_6.551_6.572,train,92.334,-1.287,1.6563689999999998,2.578,6.551,6.572,0.0,0.2311536192886934,0.00728120924760151
airFoil2D_SST_92.369_8.861_2.409_3.533_0.0_16.73,train,92.369,8.861,78.51732100000001,2.409,3.533,0.0,16.73,1.0777603139772818,0.013157057285884507
airFoil2D_SST_92.377_11.959_2.396_7.21_1.0_10.526,train,92.377,11.959,143.01768099999998,2.396,7.21,1.0,10.526,1.4906063048219096,0.016125855666866817
airFoil2D_SST_92.418_-2.561_3.694_3.098_0.0_17.74,train,92.418,-2.561,6.558720999999999,3.694,3.098,0.0,17.74,-0.034042053990460404,0.009210697516394618
airFoil2D_SST_92.577_13.046_6.41_5.316_13.081,train,92.577,13.046,170.19811599999997,6.41,5.316,13.081,0.0,1.8441060825231188,0.028395078922641415
airFoil2D_SST_92.774_-4.444_3.376_3.813_5.69,train,92.774,-4.444,19.749136,3.376,3.813,5.69,0.0,-0.11907579710811922,0.007753290748711653
airFoil2D_SST_92.84_7.917_1.802_5.915_1.0_15.949,train,92.84,7.917,62.678889,1.802,5.915,1.0,15.949,0.9938445221545612,0.011994462842469723
airFoil2D_SST_92.923_8.147_2.34_7.191_1.0_15.373,train,92.923,8.147,66.373609,2.34,7.191,1.0,15.373,1.0955629802621158,0.012511997086055424
airFoil2D_SST_93.054_8.73_0.006_4.623_10.747,train,93.054,8.73,76.2129,0.006,4.623,10.747,0.0,0.9441756071660504,0.010954604444658383
airFoil2D_SST_93.089_12.908_2.088_0.0_19.906,train,93.089,12.908,166.61646399999998,2.088,0.0,19.906,0.0,1.2319760699071982,0.018061458265693688
airFoil2D_SST_93.428_9.657_5.381_0.0_11.758,train,93.428,9.657,93.257649,5.381,0.0,11.758,0.0,1.03783701349486,0.01191340729371887
airFoil2D_SST_93.592_3.879_1.967_6.29_0.0_16.582,train,93.592,3.879,15.046641,1.967,6.29,0.0,16.582,0.5968937477413371,0.009921878177094633
airFoil2D_SST_93.5_4.825_2.941_5.156_14.251,train,93.5,4.825,23.280625,2.941,5.156,14.251,0.0,0.8565649733126757,0.010314926130509928
airFoil2D_SST_31.812_1.334_0.371_3.287_0.0_19.548,test,31.812,1.334,1.7795560000000001,0.371,3.287,0.0,19.548,0.1494156787984069,0.011564133355940446
airFoil2D_SST_39.741_14.642_3.175_3.316_1.0_10.583,test,39.741,14.642,214.388164,3.175,3.316,1.0,10.583,1.6186524132539946,0.026431262279151685
airFoil2D_SST_85.752_6.341_0.382_6.715_8.448,test,85.752,6.341,40.208281,0.382,6.715,8.448,0.0,0.7496516019553526,0.00925830459724149
airFoil2D_SST_80.247_1.078_1.298_5.983_0.0_5.593,test,80.247,1.078,1.1620840000000001,1.298,5.983,0.0,5.593,0.2409861503382526,0.007204130562793494
airFoil2D_SST_61.728_9.994_3.311_7.957_1.0_7.685,test,61.728,9.994,99.88003599999999,3.311,7.957,1.0,7.685,1.4224708153245817,0.01481728779134631
airFoil2D_SST_65.202_-3.411_1.499_5.063_12.467,test,65.202,-3.411,11.634921,1.499,5.063,12.467,0.0,-0.19764248529296866,0.00883371503692448
airFoil2D_SST_58.451_-4.262_3.372_4.615_1.0_19.965,test,58.451,-4.262,18.164643999999996,3.372,4.615,1.0,19.965,-0.16590688797902234,0.010745641129402532
airFoil2D_SST_86.75_14.13_0.471_5.71_17.904,test,86.75,14.13,199.65690000000004,0.471,5.71,17.904,0.0,1.3993187689825302,0.020656410886078443
airFoil2D_SST_37.251_6.299_1.193_5.155_17.506,test,37.251,6.299,39.677401,1.193,5.155,17.506,0.0,0.7558131633021261,0.012954485086559782
airFoil2D_SST_43.677_-1.764_0.243_7.109_0.0_19.17,test,43.677,-1.764,3.1116960000000002,0.243,7.109,0.0,19.17,-0.1496569290277555,0.010874588781604338
airFoil2D_SST_90.574_8.095_5.69_1.526_10.267,test,90.574,8.095,65.529025,5.69,1.526,10.267,0.0,1.4012297543786,0.01340030530952317
airFoil2D_SST_90.102_0.155_4.394_4.125_19.322,test,90.102,0.155,0.024025,4.394,4.125,19.322,0.0,0.43999831737737727,0.010402279341104185
airFoil2D_SST_40.676_-2.366_6.027_6.14_15.943,test,40.676,-2.366,5.597956000000001,6.027,6.14,15.943,0.0,0.4300821165320653,0.0118875797875857
airFoil2D_SST_57.682_-2.023_5.676_5.094_12.787,test,57.682,-2.023,4.092529000000001,5.676,5.094,12.787,0.0,0.4292279153761092,0.009779248005350143
airFoil2D_SST_60.295_-0.953_1.701_6.885_1.0_6.221,test,60.295,-0.953,0.9082089999999999,1.701,6.885,1.0,6.221,0.07130143891234894,0.007619856188272073
airFoil2D_SST_82.537_6.598_2.148_5.703_1.0_12.892,test,82.537,6.598,43.533604,2.148,5.703,1.0,12.892,0.9060407768271816,0.010699975023481193
airFoil2D_SST_61.676_0.83_2.7_0.0_12.742,test,61.676,0.83,0.6889,2.7,0.0,12.742,0.0,0.0920343838516516,0.008703624959895132
airFoil2D_SST_37.191_5.448_2.812_0.0_12.933,test,37.191,5.448,29.680704000000006,2.812,0.0,12.933,0.0,0.5829787220239679,0.010755679863999694
airFoil2D_SST_62.644_9.845_4.588_0.0_7.441,test,62.644,9.845,96.92402500000001,4.588,0.0,7.441,0.0,1.0512952548167875,0.013521271292458389
airFoil2D_SST_86.326_9.572_2.09_6.863_0.0_12.995,test,86.326,9.572,91.62318399999998,2.09,6.863,0.0,12.995,1.2217628625457166,0.013212924670398786
airFoil2D_SST_79.502_3.387_4.058_0.0_17.153,test,79.502,3.387,11.471769,4.058,0.0,17.153,0.0,0.35723068039141304,0.009664679828102133
airFoil2D_SST_33.33_14.375_1.036_3.451_12.655,test,33.33,14.375,206.640625,1.036,3.451,12.655,0.0,1.4776413535658712,0.024938597485328028
airFoil2D_SST_88.307_-4.328_3.461_7.533_0.0_15.226,test,88.307,-4.328,18.731584,3.461,7.533,0.0,15.226,-0.08846656845944618,0.009127264805587218
airFoil2D_SST_39.019_-2.224_0.696_4.875_13.154,test,39.019,-2.224,4.946176000000001,0.696,4.875,13.154,0.0,-0.16190520790754667,0.00960053281851441
airFoil2D_SST_65.717_9.69_2.928_3.947_15.912,test,65.717,9.69,93.89609999999999,2.928,3.947,15.912,0.0,1.2698894120465523,0.015679993137887413
airFoil2D_SST_73.967_-1.295_1.592_4.266_1.0_16.148,test,73.967,-1.295,1.6770249999999998,1.592,4.266,1.0,16.148,-0.016220315109143946,0.009155053056806564
airFoil2D_SST_93.213_3.79_0.418_0.0_9.665,test,93.213,3.79,14.3641,0.418,0.0,9.665,0.0,0.4185880666293249,0.008057542382971907
airFoil2D_SST_68.096_11.613_1.485_4.441_1.0_11.892,test,68.096,11.613,134.86176899999998,1.485,4.441,1.0,11.892,1.3231881837900779,0.015649383433837132
airFoil2D_SST_55.312_11.209_2.831_6.36_12.435,test,55.312,11.209,125.64168099999999,2.831,6.36,12.435,0.0,1.4770314032424123,0.017880120178252766
airFoil2D_SST_50.26_6.348_0.664_2.664_6.806,test,50.26,6.348,40.297104,0.664,2.664,6.806,0.0,0.7576741166510117,0.009997754129939468
airFoil2D_SST_56.549_-4.731_1.476_6.357_0.0_17.547,test,56.549,-4.731,22.382361,1.476,6.357,0.0,17.547,-0.34684877244209344,0.010488057997805191
airFoil2D_SST_56.39_-3.195_4.964_2.726_18.605,test,56.39,-3.195,10.208025,4.964,2.726,18.605,0.0,0.11744619717115572,0.01061574981191761
airFoil2D_SST_90.415_14.684_4.356_6.209_11.299,test,90.415,14.684,215.61985599999997,4.356,6.209,11.299,0.0,1.8630516751649697,0.02771674890542262
airFoil2D_SST_50.859_8.157_3.691_6.731_14.438,test,50.859,8.157,66.536649,3.691,6.731,14.438,0.0,1.28415023285099,0.015786670492986016
airFoil2D_SST_52.403_3.314_3.418_5.667_0.0_10.515,test,52.403,3.314,10.982596000000001,3.418,5.667,0.0,10.515,0.6717963249661786,0.009767536675800527
airFoil2D_SST_42.852_2.968_4.36_4.68_15.63,test,42.852,2.968,8.809023999999999,4.36,4.68,15.63,0.0,0.7634469495521926,0.01198183276726801
airFoil2D_SST_44.995_5.582_0.618_7.104_1.0_16.596,test,44.995,5.582,31.158724,0.618,7.104,1.0,16.596,0.6363906356619458,0.01158216077072358
airFoil2D_SST_78.164_-1.095_4.121_3.479_6.946,test,78.164,-1.095,1.199025,4.121,3.479,6.946,0.0,0.3209726683527745,0.007705892054892259
airFoil2D_SST_39.31_8.883_4.707_0.0_12.552,test,39.31,8.883,78.90768899999999,4.707,0.0,12.552,0.0,0.9390661000794016,0.013066566609409035
airFoil2D_SST_54.238_7.911_2.123_3.832_1.0_9.902,test,54.238,7.911,62.583921,2.123,3.832,1.0,9.902,1.0041999461305866,0.011712816017710776
airFoil2D_SST_64.173_1.751_1.546_7.336_1.0_18.982,test,64.173,1.751,3.0660009999999995,1.546,7.336,1.0,18.982,0.3279300839767305,0.010445759811581665
airFoil2D_SST_47.569_6.831_5.929_1.976_17.811,test,47.569,6.831,46.662561000000004,5.929,1.976,17.811,0.0,1.1912931806075535,0.01709332184973906
airFoil2D_SST_74.924_10.466_3.207_0.0_15.011,test,74.924,10.466,109.53715599999998,3.207,0.0,15.011,0.0,1.088305748617897,0.013693075368982694
airFoil2D_SST_53.794_-1.06_0.949_6.535_1.0_18.71,test,53.794,-1.06,1.1236000000000002,0.949,6.535,1.0,18.71,-0.019738985074580138,0.010304262708199848
airFoil2D_SST_64.341_8.316_0.545_6.883_1.0_16.251,test,64.341,8.316,69.15585600000001,0.545,6.883,1.0,16.251,0.9131746890880333,0.012543557947345348
airFoil2D_SST_59.266_-3.994_5.206_2.719_14.894,test,59.266,-3.994,15.952036000000001,5.206,2.719,14.894,0.0,0.07556307640893335,0.009789436976781236
airFoil2D_SST_52.195_-1.473_3.503_3.753_13.675,test,52.195,-1.473,2.1697290000000002,3.503,3.753,13.675,0.0,0.20237476029975626,0.009415259218319769
airFoil2D_SST_62.723_-1.384_2.243_6.46_0.0_8.85,test,62.723,-1.384,1.9154559999999998,2.243,6.46,0.0,8.85,0.07084120963599261,0.008056271191024103
airFoil2D_SST_35.49_10.54_0.884_6.154_1.0_10.173,test,35.49,10.54,111.09159999999999,0.884,6.154,1.0,10.173,1.1846613641826331,0.015460595146958706
airFoil2D_SST_65.137_-0.857_1.659_4.203_1.0_7.197,test,65.137,-0.857,0.734449,1.659,4.203,1.0,7.197,0.03097825102838002,0.007645603055803921
airFoil2D_SST_51.101_7.597_0.458_3.077_0.0_14.85,test,51.101,7.597,57.714409,0.458,3.077,0.0,14.85,0.8241274747331632,0.012026696514219535
airFoil2D_SST_32.137_12.122_4.854_5.202_9.247,test,32.137,12.122,146.942884,4.854,5.202,9.247,0.0,1.6749779698309808,0.024231877365745794
airFoil2D_SST_43.705_13.408_1.172_7.422_1.0_10.039,test,43.705,13.408,179.774464,1.172,7.422,1.0,10.039,1.4647353566222605,0.02127373205058098
airFoil2D_SST_87.291_7.541_4.057_0.0_17.571,test,87.291,7.541,56.86668100000001,4.057,0.0,17.571,0.0,0.7832477786930864,0.011394032668685517
airFoil2D_SST_70.983_-3.536_6.368_0.0_7.157,test,70.983,-3.536,12.503296,6.368,0.0,7.157,0.0,-0.3885173571525196,0.007968847084915536
airFoil2D_SST_38.731_9.437_2.626_6.388_1.0_14.922,test,38.731,9.437,89.056969,2.626,6.388,1.0,14.922,1.1979596749265415,0.01623897435519321
airFoil2D_SST_62.607_8.578_0.875_0.0_8.812,test,62.607,8.578,73.582084,0.875,0.0,8.812,0.0,0.925839299788215,0.011507520806071241
airFoil2D_SST_78.105_-0.517_5.9_0.0_15.034,test,78.105,-0.517,0.267289,5.9,0.0,15.034,0.0,-0.049981871931223096,0.008807360142680836
airFoil2D_SST_40.386_12.852_6.446_2.175_5.908,test,40.386,12.852,165.17390400000002,6.446,2.175,5.908,0.0,1.8354005379760252,0.02533341174555002
airFoil2D_SST_61.301_0.196_6.046_2.274_10.855,test,61.301,0.196,0.038416000000000006,6.046,2.274,10.855,0.0,0.616610692518909,0.00954264813736037
airFoil2D_SST_62.562_4.388_6.255_0.0_6.292,test,62.562,4.388,19.254544,6.255,0.0,6.292,0.0,0.48342461624915023,0.00835654632117528
airFoil2D_SST_59.75_10.766_1.309_0.0_13.674,test,59.75,10.766,115.906756,1.309,0.0,13.674,0.0,1.1196972749360747,0.014402663118339638
airFoil2D_SST_63.402_0.697_0.552_4.569_0.0_19.052,test,63.402,0.697,0.48580899999999994,0.552,4.569,0.0,19.052,0.11016170287320334,0.01012554120045334
airFoil2D_SST_34.806_8.99_2.295_5.593_1.0_19.795,test,34.806,8.99,80.82010000000001,2.295,5.593,1.0,19.795,1.0255098094765522,0.017894973420372173
airFoil2D_SST_64.144_0.932_1.956_3.115_0.0_17.336,test,64.144,0.932,0.8686240000000001,1.956,3.115,0.0,17.336,0.21855337442301795,0.009805364198052453
airFoil2D_SST_38.268_-1.682_6.363_5.449_13.343,test,38.268,-1.682,2.8291239999999998,6.363,5.449,13.343,0.0,0.5399146830419318,0.011203053215263355
airFoil2D_SST_32.432_14.036_6.578_2.722_5.928,test,32.432,14.036,197.00929599999998,6.578,2.722,5.928,0.0,1.846978116628546,0.0354101252643948
airFoil2D_SST_32.892_-0.128_5.528_3.635_15.155,test,32.892,-0.128,0.016384,5.528,3.635,15.155,0.0,0.5279270459805271,0.011480227997247064
airFoil2D_SST_57.812_8.479_2.45_0.0_13.247,test,57.812,8.479,71.89344099999998,2.45,0.0,13.247,0.0,0.9003548113313274,0.012000829252167285
airFoil2D_SST_63.433_6.161_3.278_0.0_6.358,test,63.433,6.161,37.95792099999999,3.278,0.0,6.358,0.0,0.6734968646404277,0.009377392616312555
airFoil2D_SST_92.85_-3.031_6.083_2.008_9.267,test,92.85,-3.031,9.186961,6.083,2.008,9.267,0.0,0.2651654958810041,0.0086081117660479
airFoil2D_SST_89.976_-1.312_3.994_6.617_15.428,test,89.976,-1.312,1.7213440000000002,3.994,6.617,15.428,0.0,0.371245428931812,0.00942168292642219
airFoil2D_SST_81.645_7.57_2.408_5.987_11.876,test,81.645,7.57,57.3049,2.408,5.987,11.876,0.0,1.11343634269715,0.011690395037583238
airFoil2D_SST_65.002_11.743_1.823_7.599_1.0_15.595,test,65.002,11.743,137.89804900000001,1.823,7.599,1.0,15.595,1.3545168096014577,0.017832176843868813
airFoil2D_SST_74.272_3.789_5.009_2.87_14.319,test,74.272,3.789,14.356521,5.009,2.87,14.319,0.0,0.8996994233694786,0.011072401069292116
airFoil2D_SST_78.068_-2.258_1.532_4.616_1.0_18.367,test,78.068,-2.258,5.098564,1.532,4.616,1.0,18.367,-0.11163729710534573,0.009631406809662795
airFoil2D_SST_74.044_-0.131_0.701_3.971_0.0_15.683,test,74.044,-0.131,0.017161000000000003,0.701,3.971,0.0,15.683,0.03713565550987407,0.009031193446015627
airFoil2D_SST_64.163_5.971_3.082_0.0_19.379,test,64.163,5.971,35.652841,3.082,0.0,19.379,0.0,0.5985001660108591,0.011587085589051579
airFoil2D_SST_36.155_8.69_3.296_7.636_1.0_8.571,test,36.155,8.69,75.5161,3.296,7.636,1.0,8.571,1.2734258091534665,0.014370438360150454
airFoil2D_SST_64.12_14.249_1.383_3.978_16.037,test,64.12,14.249,203.03400100000002,1.383,3.978,16.037,0.0,1.4850138629920893,0.023012690408487513
airFoil2D_SST_39.204_6.325_3.319_3.611_8.695,test,39.204,6.325,40.005625,3.319,3.611,8.695,0.0,1.0269144250318207,0.01168775395252146
airFoil2D_SST_92.722_-0.765_4.96_2.747_19.409,test,92.722,-0.765,0.585225,4.96,2.747,19.409,0.0,0.37360143757550257,0.010189203771451275
airFoil2D_SST_86.166_13.513_6.09_3.38_7.324,test,86.166,13.513,182.601169,6.09,3.38,7.324,0.0,1.8932697073300548,0.02422608925555221
airFoil2D_SST_76.324_13.23_3.356_4.179_0.0_6.321,test,76.324,13.23,175.0329,3.356,4.179,0.0,6.321,1.60000075168773,0.020107101181189947
airFoil2D_SST_59.682_-3.433_2.583_6.336_0.0_19.86,test,59.682,-3.433,11.785488999999998,2.583,6.336,0.0,19.86,-0.10940840457134549,0.010618621449551604
airFoil2D_SST_41.044_-0.773_1.334_6.785_1.0_16.207,test,41.044,-0.773,0.597529,1.334,6.785,1.0,16.207,0.048658934781038464,0.010145982633057882
airFoil2D_SST_89.338_1.322_3.719_4.337_14.632,test,89.338,1.322,1.7476840000000002,3.719,4.337,14.632,0.0,0.544200414691462,0.00934287061842134
airFoil2D_SST_74.904_11.928_3.13_4.428_0.0_10.283,test,74.904,11.928,142.27718400000003,3.13,4.428,0.0,10.283,1.4816077609337017,0.016554536521055735
airFoil2D_SST_55.077_8.22_6.909_2.893_8.962,test,55.077,8.22,67.56840000000001,6.909,2.893,8.962,0.0,1.5322319299992586,0.015480002142159822
airFoil2D_SST_81.138_14.286_2.69_1.944_10.511,test,81.138,14.286,204.08979599999998,2.69,1.944,10.511,0.0,1.6735371890849742,0.02166150873608061
airFoil2D_SST_43.22_2.151_0.231_7.553_1.0_8.814,test,43.22,2.151,4.6268009999999995,0.231,7.553,1.0,8.814,0.26198522805269775,0.008633697193675606
airFoil2D_SST_82.474_-3.457_1.866_7.496_0.0_16.213,test,82.474,-3.457,11.950849,1.866,7.496,0.0,16.213,-0.16635929000831523,0.009225795515521698
airFoil2D_SST_60.845_6.456_1.199_7.473_0.0_6.09,test,60.845,6.456,41.679936000000005,1.199,7.473,0.0,6.09,0.8334223306178785,0.009861398400041885
airFoil2D_SST_76.343_0.584_1.898_5.246_0.0_18.069,test,76.343,0.584,0.34105599999999997,1.898,5.246,0.0,18.069,0.217116023879486,0.00969925183081622
airFoil2D_SST_89.324_10.448_2.949_4.158_1.0_10.198,test,89.324,10.448,109.16070400000001,2.949,4.158,1.0,10.198,1.3321920443504518,0.013700047046687182
airFoil2D_SST_48.233_10.709_5.735_0.0_13.559,test,48.233,10.709,114.68268099999999,5.735,0.0,13.559,0.0,1.113187843151437,0.014875184562283787
airFoil2D_SST_42.34_1.874_0.761_3.136_1.0_10.022,test,42.34,1.874,3.5118760000000004,0.761,3.136,1.0,10.022,0.25422159946709644,0.008876411645582482
airFoil2D_SST_53.943_5.835_1.916_4.258_1.0_17.602,test,53.943,5.835,34.047225,1.916,4.258,1.0,17.602,0.7364593847094187,0.012086592813395237
airFoil2D_SST_59.225_-4.585_3.966_4.454_18.289,test,59.225,-4.585,21.022225,3.966,4.454,18.289,0.0,-0.08822781182057336,0.010564327134046887
airFoil2D_SST_80.611_-1.934_4.377_0.0_7.627,test,80.611,-1.934,3.740356,4.377,0.0,7.627,0.0,-0.21289683501059867,0.007519544200390827
airFoil2D_SST_89.398_3.144_2.383_4.897_1.0_14.52,test,89.398,3.144,9.884736,2.383,4.897,1.0,14.52,0.5369107159529193,0.00931723541357072
airFoil2D_SST_61.642_14.277_1.498_5.176_0.0_16.386,test,61.642,14.277,203.83272899999997,1.498,5.176,0.0,16.386,1.4643556864828562,0.023744364846893573
airFoil2D_SST_59.921_-3.747_1.144_3.005_1.0_6.322,test,59.921,-3.747,14.040009,1.144,3.005,1.0,6.322,-0.3410087959935817,0.008200578578148113
airFoil2D_SST_66.817_3.963_6.749_0.0_5.301,test,66.817,3.963,15.705369000000001,6.749,0.0,5.301,0.0,0.4363902436350689,0.007990139018596916
airFoil2D_SST_45.238_3.827_0.257_4.609_15.737,test,45.238,3.827,14.645928999999999,0.257,4.609,15.737,0.0,0.4263869348399469,0.010472674456296129
airFoil2D_SST_89.65_8.631_3.032_3.437_0.0_6.8,test,89.65,8.631,74.494161,3.032,3.437,0.0,6.8,1.1376163077118027,0.01116534424638484
airFoil2D_SST_46.385_3.538_4.58_2.02_19.22,test,46.385,3.538,12.517444,4.58,2.02,19.22,0.0,0.7484013640886062,0.013164004147114224
airFoil2D_SST_55.308_7.17_6.477_0.0_18.743,test,55.308,7.17,51.408899999999996,6.477,0.0,18.743,0.0,0.7254413011162432,0.012440102683534867
airFoil2D_SST_86.999_4.281_3.703_4.242_1.0_7.47,test,86.999,4.281,18.326960999999997,3.703,4.242,1.0,7.47,0.7535591304630986,0.008714859392820126
airFoil2D_SST_48.999_7.352_4.239_5.813_7.804,test,48.999,7.352,54.05190400000001,4.239,5.813,7.804,0.0,1.2993568809144076,0.013304349060461792
airFoil2D_SST_84.137_13.126_3.096_3.725_0.0_14.021,test,84.137,13.126,172.29187599999997,3.096,3.725,0.0,14.021,1.5275542542105662,0.01937986482136153
airFoil2D_SST_71.226_3.333_2.424_2.411_10.928,test,71.226,3.333,11.108889000000001,2.424,2.411,10.928,0.0,0.60703074258592,0.00905193419665504
airFoil2D_SST_81.349_2.289_1.592_3.425_10.894,test,81.349,2.289,5.239521000000001,1.592,3.425,10.894,0.0,0.42037555759985534,0.008352278943092028
airFoil2D_SST_47.789_3.639_3.974_7.872_1.0_16.005,test,47.789,3.639,13.242320999999999,3.974,7.872,1.0,16.005,0.8049531757741694,0.012203044837921489
airFoil2D_SST_75.101_-3.321_6.728_6.938_17.749,test,75.101,-3.321,11.029041000000001,6.728,6.938,17.749,0.0,0.43269135618280047,0.012586596849565855
airFoil2D_SST_89.523_6.267_4.381_6.934_14.085,test,89.523,6.267,39.27528900000001,4.381,6.934,14.085,0.0,1.2280542245921429,0.013359695256588783
airFoil2D_SST_39.45_1.609_0.12_5.114_1.0_18.279,test,39.45,1.609,2.5888809999999998,0.12,5.114,1.0,18.279,0.16941901334156706,0.010826969005304738
airFoil2D_SST_91.532_9.129_2.77_4.013_1.0_17.265,test,91.532,9.129,83.338641,2.77,4.013,1.0,17.265,1.1320127372809785,0.013928974906301076
airFoil2D_SST_79.552_4.065_0.184_6.952_14.205,test,79.552,4.065,16.524225000000005,0.184,6.952,14.205,0.0,0.46235166176352954,0.009251008459304724
airFoil2D_SST_86.061_2.445_0.422_5.645_19.256,test,86.061,2.445,5.978024999999999,0.422,5.645,19.256,0.0,0.28928340905999816,0.00988929765359971
airFoil2D_SST_63.757_8.194_0.641_6.49_16.591,test,63.757,8.194,67.14163600000002,0.641,6.49,16.591,0.0,0.9213352110367119,0.012641064257094606
airFoil2D_SST_67.706_-0.1_1.95_5.358_10.058,test,67.706,-0.1,0.010000000000000002,1.95,5.358,10.058,0.0,0.228629654811278,0.008187281650325885
airFoil2D_SST_43.007_1.079_3.697_3.071_1.0_12.272,test,43.007,1.079,1.1642409999999999,3.697,3.071,1.0,12.272,0.35153212121307054,0.00959370391586642
airFoil2D_SST_39.497_-4.94_0.473_3.219_1.0_16.447,test,39.497,-4.94,24.403600000000004,0.473,3.219,1.0,16.447,-0.4783183629814425,0.011147155550386034
airFoil2D_SST_81.115_-3.901_4.771_2.338_11.129,test,81.115,-3.901,15.217800999999998,4.771,2.338,11.129,0.0,0.04609203074438224,0.008619277966200182
airFoil2D_SST_50.206_7.207_3.049_5.713_11.406,test,50.206,7.207,51.940849,3.049,5.713,11.406,0.0,1.1307886657882804,0.012698206064262994
airFoil2D_SST_65.163_5.647_2.202_2.997_5.159,test,65.163,5.647,31.888609000000002,2.202,2.997,5.159,0.0,0.840914766713904,0.00933738562825863
airFoil2D_SST_78.501_14.686_1.641_0.0_17.637,test,78.501,14.686,215.678596,1.641,0.0,17.637,0.0,1.3936157025459666,0.02183047387671669
airFoil2D_SST_31.863_-1.58_1.567_6.956_10.028,test,31.863,-1.58,2.4964000000000004,1.567,6.956,10.028,0.0,0.05126406334904857,0.00922594904181221
airFoil2D_SST_58.859_13.222_0.658_5.498_17.478,test,58.859,13.222,174.821284,0.658,5.498,17.478,0.0,1.3337519434546852,0.02027285396153184
airFoil2D_SST_45.931_0.03_3.709_7.593_0.0_14.706,test,45.931,0.03,0.0009,3.709,7.593,0.0,14.706,0.4012238177704919,0.01023853109703723
airFoil2D_SST_90.197_2.112_1.988_6.662_0.0_16.247,test,90.197,2.112,4.4605440000000005,1.988,6.662,0.0,16.247,0.4206335376441055,0.009363320965814987
airFoil2D_SST_59.086_9.398_0.12_7.508_1.0_17.704,test,59.086,9.398,88.32240399999999,0.12,7.508,1.0,17.704,0.9568809963530176,0.013882844118614535
airFoil2D_SST_46.153_14.283_2.481_0.0_17.366,test,46.153,14.283,204.004089,2.481,0.0,17.366,0.0,1.3355848556621455,0.02327572459991871
airFoil2D_SST_58.936_8.84_0.236_5.883_5.629,test,58.936,8.84,78.1456,0.236,5.883,5.629,0.0,0.9729027853466802,0.013470454831345405
airFoil2D_SST_90.036_-0.06_6.959_5.619_10.438,test,90.036,-0.06,0.0036,6.959,5.619,10.438,0.0,0.8443572303229051,0.009857813907241894
airFoil2D_SST_87.86_9.36_4.554_3.608_8.92,test,87.86,9.36,87.60959999999999,4.554,3.608,8.92,0.0,1.461963146663,0.013799368652993409
airFoil2D_SST_52.518_12.114_1.135_6.268_0.0_5.676,test,52.518,12.114,146.748996,1.135,6.268,0.0,5.676,1.324682924694822,0.023746272546008248
airFoil2D_SST_47.017_-4.369_4.85_6.296_6.401,test,47.017,-4.369,19.088161,4.85,6.296,6.401,0.0,0.17723704844491692,0.008862344414862682
airFoil2D_SST_63.019_8.632_2.096_5.269_0.0_11.982,test,63.019,8.632,74.51142399999999,2.096,5.269,0.0,11.982,1.0990456888844962,0.012577041866030057
airFoil2D_SST_91.602_10.45_2.763_4.44_0.0_16.132,test,91.602,10.45,109.20249999999999,2.763,4.44,0.0,16.132,1.2779232400385625,0.015179508956324963
airFoil2D_SST_73.068_7.205_1.715_4.528_1.0_18.018,test,73.068,7.205,51.912025,1.715,4.528,1.0,18.018,0.8654137857756512,0.012407727963902493
airFoil2D_SST_87.122_9.543_1.939_7.623_0.0_18.823,test,87.122,9.543,91.06884899999999,1.939,7.623,0.0,18.823,1.1398696888150726,0.015166176620308117
airFoil2D_SST_35.507_5.777_1.428_6.645_0.0_10.474,test,35.507,5.777,33.373729000000004,1.428,6.645,0.0,10.474,0.7651582233816999,0.010964344126498056
airFoil2D_SST_37.291_-2.407_6.767_0.0_6.039,test,37.291,-2.407,5.793649,6.767,0.0,6.039,0.0,-0.2631423137380427,0.008393038304799996
airFoil2D_SST_68.256_7.603_0.268_7.095_0.0_11.801,test,68.256,7.603,57.805609,0.268,7.095,0.0,11.801,0.8468399182972531,0.0108339207774608
airFoil2D_SST_81.551_-0.327_1.68_2.563_19.333,test,81.551,-0.327,0.10692900000000001,1.68,2.563,19.333,0.0,0.11404913129309215,0.009787777931485836
airFoil2D_SST_45.331_8.408_0.677_4.87_1.0_6.642,test,45.331,8.408,70.694464,0.677,4.87,1.0,6.642,0.9582077065766412,0.012216934981450552
airFoil2D_SST_69.687_7.38_3.55_0.0_14.415,test,69.687,7.38,54.4644,3.55,0.0,14.415,0.0,0.7859376275251588,0.011032920499434367
airFoil2D_SST_35.44_14.039_5.196_1.691_9.27,test,35.44,14.039,197.09352099999998,5.196,1.691,9.27,0.0,1.787724243203866,0.02860809160186418
airFoil2D_SST_69.059_3.724_3.171_4.629_1.0_6.078,test,69.059,3.724,13.868176000000002,3.171,4.629,1.0,6.078,0.6616873314941527,0.00844753108643557
airFoil2D_SST_72.141_12.23_1.127_4.281_1.0_10.461,test,72.141,12.23,149.5729,1.127,4.281,1.0,10.461,1.359027419219056,0.016318207655760718
airFoil2D_SST_43.071_6.024_6.914_5.245_8.861,test,43.071,6.024,36.288576,6.914,5.245,8.861,0.0,1.3991727284194706,0.014915162769742328
airFoil2D_SST_58.57_-1.369_3.793_3.749_1.0_19.086,test,58.57,-1.369,1.874161,3.793,3.749,1.0,19.086,0.11637226570824721,0.01036042855609927
airFoil2D_SST_83.38_-2.726_5.005_0.0_14.408,test,83.38,-2.726,7.431076,5.005,0.0,14.408,0.0,-0.2891747545875893,0.008830967274284132
airFoil2D_SST_40.889_1.007_0.351_5.275_0.0_13.936,test,40.889,1.007,1.0140489999999998,0.351,5.275,0.0,13.936,0.13729092494062092,0.009625558878157367
airFoil2D_SST_32.66_1.2_3.249_6.689_1.0_18.317,test,32.66,1.2,1.44,3.249,6.689,1.0,18.317,0.4176615834186798,0.011924945235440262
airFoil2D_SST_89.947_11.582_0.254_1.859_14.641,test,89.947,11.582,134.14272400000002,0.254,1.859,14.641,0.0,1.2211987166681988,0.01464796006463772
airFoil2D_SST_43.485_4.923_6.434_0.0_16.699,test,43.485,4.923,24.235929,6.434,0.0,16.699,0.0,0.5136647362863429,0.011145935344345914
airFoil2D_SST_64.171_10.66_1.42_3.551_11.686,test,64.171,10.66,113.6356,1.42,3.551,11.686,0.0,1.261736743614591,0.014595173402643952
airFoil2D_SST_44.227_-4.876_2.759_4.844_17.236,test,44.227,-4.876,23.775376000000005,2.759,4.844,17.236,0.0,-0.22707977658210715,0.010850476193810197
airFoil2D_SST_82.21_13.462_0.176_6.355_0.0_12.645,test,82.21,13.462,181.22544399999998,0.176,6.355,0.0,12.645,1.3898379999683868,0.017931094504369305
airFoil2D_SST_73.692_11.215_3.983_6.074_12.055,test,73.692,11.215,125.776225,3.983,6.074,12.055,0.0,1.5932571891617102,0.018480937448350814
airFoil2D_SST_33.012_6.968_1.841_4.84_5.618,test,33.012,6.968,48.553024,1.841,4.84,5.618,0.0,0.95670727072973,0.012276458840496444
airFoil2D_SST_80.715_4.776_3.703_6.357_1.0_11.797,test,80.715,4.776,22.810176,3.703,6.357,1.0,11.797,0.8818433607600419,0.010221366064114529
airFoil2D_SST_35.516_-1.874_3.784_5.907_1.0_18.714,test,35.516,-1.874,3.5118760000000004,3.784,5.907,1.0,18.714,0.13341293255183762,0.011325058285436687
airFoil2D_SST_59.789_11.839_4.032_0.0_6.722,test,59.789,11.839,140.161921,4.032,0.0,6.722,0.0,1.220717923896614,0.02015297861367528
airFoil2D_SST_45.059_0.002_4.332_6.389_8.438,test,45.059,0.002,4e-06,4.332,6.389,8.438,0.0,0.5848790161135647,0.009353652665765691
airFoil2D_SST_41.987_6.655_3.211_6.639_1.0_12.572,test,41.987,6.655,44.289025,3.211,6.639,1.0,12.572,1.0200696142660635,0.012745214393875442
airFoil2D_SST_40.539_-2.945_3.79_7.613_1.0_16.903,test,40.539,-2.945,8.673024999999999,3.79,7.613,1.0,16.903,0.08598602810691515,0.010720389980243845
airFoil2D_SST_41.46_9.803_3.08_4.075_9.069,test,41.46,9.803,96.09880900000002,3.08,4.075,9.069,0.0,1.3473030615297286,0.01539843533423289
airFoil2D_SST_58.038_-4.278_2.807_7.062_1.0_8.833,test,58.038,-4.278,18.301283999999995,2.807,7.062,1.0,8.833,-0.17306727236969188,0.00870426785446182
airFoil2D_SST_55.738_5.776_4.948_4.671_16.637,test,55.738,5.776,33.362176,4.948,4.671,16.637,0.0,1.0882468271542265,0.014410509761136694
airFoil2D_SST_59.54_7.06_1.755_5.581_0.0_16.764,test,59.54,7.06,49.843599999999995,1.755,5.581,0.0,16.764,0.8787247518250005,0.01249154552043827
airFoil2D_SST_86.745_2.442_0.921_0.0_6.854,test,86.745,2.442,5.963364000000001,0.921,0.0,6.854,0.0,0.27050606655311954,0.007395055608859028
airFoil2D_SST_44.638_-2.059_2.312_4.328_1.0_17.415,test,44.638,-2.059,4.2394810000000005,2.312,4.328,1.0,17.415,-0.039350660072445656,0.01033164094621717
airFoil2D_SST_60.541_2.401_0.081_0.0_16.295,test,60.541,2.401,5.764800999999999,0.081,0.0,16.295,0.0,0.25090282586510765,0.009701867071299494
airFoil2D_SST_70.349_11.188_2.899_4.134_1.0_13.659,test,70.349,11.188,125.17134400000002,2.899,4.134,1.0,13.659,1.3642645012644894,0.01621282337572017
airFoil2D_SST_72.611_-2.163_0.02_6.478_0.0_14.131,test,72.611,-2.163,4.6785689999999995,0.02,6.478,0.0,14.131,-0.23074747378211455,0.008891040705158905
airFoil2D_SST_71.208_7.824_6.959_4.175_15.338,test,71.208,7.824,61.214976,6.959,4.175,15.338,0.0,1.453756297537588,0.018379363068702685
airFoil2D_SST_54.799_-2.718_5.872_6.096_7.675,test,54.799,-2.718,7.387524,5.872,6.096,7.675,0.0,0.4703285894713772,0.009060563808597774
airFoil2D_SST_87.005_2.047_1.955_5.456_13.769,test,87.005,2.047,4.190209,1.955,5.456,13.769,0.0,0.45466328110548593,0.008904849969642444
airFoil2D_SST_82.708_1.905_2.307_5.28_1.0_16.618,test,82.708,1.905,3.629025,2.307,5.28,1.0,16.618,0.3975940715023544,0.009558410394963697
airFoil2D_SST_88.059_8.244_0.417_6.024_1.0_14.488,test,88.059,8.244,67.96353599999999,0.417,6.024,1.0,14.488,0.9133285511369776,0.011340873814980447
airFoil2D_SST_49.099_14.068_3.006_4.916_1.0_11.985,test,49.099,14.068,197.908624,3.006,4.916,1.0,11.985,1.6042141695852656,0.024112162651181768
airFoil2D_SST_59.56_-4.362_1.048_5.664_1.0_18.157,test,59.56,-4.362,19.027044,1.048,5.664,1.0,18.157,-0.35197946374057953,0.010497531918079566
airFoil2D_SST_70.291_2.396_6.998_5.692_7.274,test,70.291,2.396,5.740816,6.998,5.692,7.274,0.0,1.1193682836121042,0.010764294938804108
airFoil2D_SST_73.459_-1.971_2.825_4.417_0.0_16.891,test,73.459,-1.971,3.884841,2.825,4.417,0.0,16.891,0.00973778436057066,0.009399061095855
airFoil2D_SST_63.558_0.533_2.903_5.904_14.47,test,63.558,0.533,0.28408900000000004,2.903,5.904,14.47,0.0,0.4065590206132929,0.009542677289468377
airFoil2D_SST_80.801_6.115_3.214_4.553_1.0_8.054,test,80.801,6.115,37.393225,3.214,4.553,1.0,8.054,0.9239784172203622,0.009761856096447193
airFoil2D_SST_39.01_8.67_0.874_3.693_1.0_16.259,test,39.01,8.67,75.1689,0.874,3.693,1.0,16.259,0.9394221353436464,0.01412782806597931
airFoil2D_SST_33.984_-1.17_6.811_0.0_14.338,test,33.984,-1.17,1.3688999999999998,6.811,0.0,14.338,0.0,-0.11851603626195296,0.009997952678747727
airFoil2D_SST_60.182_1.471_0.846_5.446_1.0_5.533,test,60.182,1.471,2.163841,0.846,5.446,1.0,5.533,0.23662155353995543,0.0075577643721225045
airFoil2D_SST_59.245_2.515_1.376_6.044_17.151,test,59.245,2.515,6.3252250000000005,1.376,6.044,17.151,0.0,0.41569153731079683,0.010282671217418814
airFoil2D_SST_70.228_11.772_6.988_2.903_7.517,test,70.228,11.772,138.579984,6.988,2.903,7.517,0.0,1.8409817146577105,0.020574735085633133
airFoil2D_SST_74.033_-0.601_1.517_3.622_0.0_10.34,test,74.033,-0.601,0.361201,1.517,3.622,0.0,10.34,0.04058269029424194,0.007984304612433886
airFoil2D_SST_88.876_8.65_5.651_2.009_12.21,test,88.876,8.65,74.8225,5.651,2.009,12.21,0.0,1.4447174038952932,0.014554938454577365
airFoil2D_SST_53.509_6.273_1.063_0.0_7.271,test,53.509,6.273,39.350528999999995,1.063,0.0,7.271,0.0,0.6844260831160869,0.009751516787142069
airFoil2D_SST_64.598_8.654_3.566_5.34_7.491,test,64.598,8.654,74.891716,3.566,5.34,7.491,0.0,1.339356316875421,0.01348392031921794
airFoil2D_SST_67.783_-2.041_4.431_3.865_18.25,test,67.783,-2.041,4.165680999999999,4.431,3.865,18.25,0.0,0.2128403098210276,0.010234571180954832
